  0
SECTION
  2
HEADER
  9
$ACADVER
  1
AC1024
  9
$ACADMAINTVER
 70
6
  9
$DWGCODEPAGE
  3
ANSI_1252
  9
$LASTSAVEDBY
  1
ezdxf
  9
$INSBASE
 10
0.0
 20
0.0
 30
0.0
  9
$EXTMIN
 10
1e+20
 20
1e+20
 30
1e+20
  9
$EXTMAX
 10
-1e+20
 20
-1e+20
 30
-1e+20
  9
$LIMMIN
 10
0.0
 20
0.0
  9
$LIMMAX
 10
420.0
 20
297.0
  9
$ORTHOMODE
 70
0
  9
$REGENMODE
 70
1
  9
$FILLMODE
 70
1
  9
$QTEXTMODE
 70
0
  9
$MIRRTEXT
 70
1
  9
$LTSCALE
 40
1.0
  9
$ATTMODE
 70
1
  9
$TEXTSIZE
 40
2.5
  9
$TRACEWID
 40
1.0
  9
$TEXTSTYLE
  7
Standard
  9
$CLAYER
  8
0
  9
$CELTYPE
  6
ByLayer
  9
$CECOLOR
 62
256
  9
$CELTSCALE
 40
1.0
  9
$DISPSILH
 70
0
  9
$DIMSCALE
 40
1.0
  9
$DIMASZ
 40
2.5
  9
$DIMEXO
 40
0.625
  9
$DIMDLI
 40
3.75
  9
$DIMRND
 40
0.0
  9
$DIMDLE
 40
0.0
  9
$DIMEXE
 40
1.25
  9
$DIMTP
 40
0.0
  9
$DIMTM
 40
0.0
  9
$DIMTXT
 40
2.5
  9
$DIMCEN
 40
2.5
  9
$DIMTSZ
 40
0.0
  9
$DIMTOL
 70
0
  9
$DIMLIM
 70
0
  9
$DIMTIH
 70
0
  9
$DIMTOH
 70
0
  9
$DIMSE1
 70
0
  9
$DIMSE2
 70
0
  9
$DIMTAD
 70
1
  9
$DIMZIN
 70
8
  9
$DIMBLK
  1

  9
$DIMASO
 70
1
  9
$DIMSHO
 70
1
  9
$DIMPOST
  1

  9
$DIMAPOST
  1

  9
$DIMALT
 70
0
  9
$DIMALTD
 70
3
  9
$DIMALTF
 40
0.03937007874
  9
$DIMLFAC
 40
1.0
  9
$DIMTOFL
 70
1
  9
$DIMTVP
 40
0.0
  9
$DIMTIX
 70
0
  9
$DIMSOXD
 70
0
  9
$DIMSAH
 70
0
  9
$DIMBLK1
  1

  9
$DIMBLK2
  1

  9
$DIMSTYLE
  2
ISO-25
  9
$DIMCLRD
 70
0
  9
$DIMCLRE
 70
0
  9
$DIMCLRT
 70
0
  9
$DIMTFAC
 40
1.0
  9
$DIMGAP
 40
0.625
  9
$DIMJUST
 70
0
  9
$DIMSD1
 70
0
  9
$DIMSD2
 70
0
  9
$DIMTOLJ
 70
0
  9
$DIMTZIN
 70
8
  9
$DIMALTZ
 70
0
  9
$DIMALTTZ
 70
0
  9
$DIMUPT
 70
0
  9
$DIMDEC
 70
2
  9
$DIMTDEC
 70
2
  9
$DIMALTU
 70
2
  9
$DIMALTTD
 70
3
  9
$DIMTXSTY
  7
Standard
  9
$DIMAUNIT
 70
0
  9
$DIMADEC
 70
0
  9
$DIMALTRND
 40
0.0
  9
$DIMAZIN
 70
0
  9
$DIMDSEP
 70
44
  9
$DIMATFIT
 70
3
  9
$DIMFRAC
 70
0
  9
$DIMLDRBLK
  1

  9
$DIMLUNIT
 70
2
  9
$DIMLWD
 70
-2
  9
$DIMLWE
 70
-2
  9
$DIMTMOVE
 70
0
  9
$DIMFXL
 40
1.0
  9
$DIMFXLON
 70
0
  9
$DIMJOGANG
 40
0.785398163397
  9
$DIMTFILL
 70
0
  9
$DIMTFILLCLR
 70
0
  9
$DIMARCSYM
 70
0
  9
$DIMLTYPE
  6

  9
$DIMLTEX1
  6

  9
$DIMLTEX2
  6

  9
$DIMTXTDIRECTION
 70
0
  9
$LUNITS
 70
2
  9
$LUPREC
 70
4
  9
$SKETCHINC
 40
1.0
  9
$FILLETRAD
 40
10.0
  9
$AUNITS
 70
0
  9
$AUPREC
 70
2
  9
$MENU
  1
.
  9
$ELEVATION
 40
0.0
  9
$PELEVATION
 40
0.0
  9
$THICKNESS
 40
0.0
  9
$LIMCHECK
 70
0
  9
$CHAMFERA
 40
0.0
  9
$CHAMFERB
 40
0.0
  9
$CHAMFERC
 40
0.0
  9
$CHAMFERD
 40
0.0
  9
$SKPOLY
 70
0
  9
$TDCREATE
 40
2461296.888171296
  9
$TDUCREATE
 40
2458532.153996898
  9
$TDUPDATE
 40
2461296.8881828706
  9
$TDUUPDATE
 40
2458532.1544311
  9
$TDINDWG
 40
0.0
  9
$TDUSRTIMER
 40
0.0
  9
$USRTIMER
 70
1
  9
$ANGBASE
 50
0.0
  9
$ANGDIR
 70
0
  9
$PDMODE
 70
0
  9
$PDSIZE
 40
0.0
  9
$PLINEWID
 40
0.0
  9
$SPLFRAME
 70
0
  9
$SPLINETYPE
 70
6
  9
$SPLINESEGS
 70
8
  9
$HANDSEED
  5
3D0
  9
$SURFTAB1
 70
6
  9
$SURFTAB2
 70
6
  9
$SURFTYPE
 70
6
  9
$SURFU
 70
6
  9
$SURFV
 70
6
  9
$UCSBASE
  2

  9
$UCSNAME
  2

  9
$UCSORG
 10
0.0
 20
0.0
 30
0.0
  9
$UCSXDIR
 10
1.0
 20
0.0
 30
0.0
  9
$UCSYDIR
 10
0.0
 20
1.0
 30
0.0
  9
$UCSORTHOREF
  2

  9
$UCSORTHOVIEW
 70
0
  9
$UCSORGTOP
 10
0.0
 20
0.0
 30
0.0
  9
$UCSORGBOTTOM
 10
0.0
 20
0.0
 30
0.0
  9
$UCSORGLEFT
 10
0.0
 20
0.0
 30
0.0
  9
$UCSORGRIGHT
 10
0.0
 20
0.0
 30
0.0
  9
$UCSORGFRONT
 10
0.0
 20
0.0
 30
0.0
  9
$UCSORGBACK
 10
0.0
 20
0.0
 30
0.0
  9
$PUCSBASE
  2

  9
$PUCSNAME
  2

  9
$PUCSORG
 10
0.0
 20
0.0
 30
0.0
  9
$PUCSXDIR
 10
1.0
 20
0.0
 30
0.0
  9
$PUCSYDIR
 10
0.0
 20
1.0
 30
0.0
  9
$PUCSORTHOREF
  2

  9
$PUCSORTHOVIEW
 70
0
  9
$PUCSORGTOP
 10
0.0
 20
0.0
 30
0.0
  9
$PUCSORGBOTTOM
 10
0.0
 20
0.0
 30
0.0
  9
$PUCSORGLEFT
 10
0.0
 20
0.0
 30
0.0
  9
$PUCSORGRIGHT
 10
0.0
 20
0.0
 30
0.0
  9
$PUCSORGFRONT
 10
0.0
 20
0.0
 30
0.0
  9
$PUCSORGBACK
 10
0.0
 20
0.0
 30
0.0
  9
$USERI1
 70
0
  9
$USERI2
 70
0
  9
$USERI3
 70
0
  9
$USERI4
 70
0
  9
$USERI5
 70
0
  9
$USERR1
 40
0.0
  9
$USERR2
 40
0.0
  9
$USERR3
 40
0.0
  9
$USERR4
 40
0.0
  9
$USERR5
 40
0.0
  9
$WORLDVIEW
 70
1
  9
$SHADEDGE
 70
3
  9
$SHADEDIF
 70
70
  9
$TILEMODE
 70
1
  9
$MAXACTVP
 70
64
  9
$PINSBASE
 10
0.0
 20
0.0
 30
0.0
  9
$PLIMCHECK
 70
0
  9
$PEXTMIN
 10
1e+20
 20
1e+20
 30
1e+20
  9
$PEXTMAX
 10
-1e+20
 20
-1e+20
 30
-1e+20
  9
$PLIMMIN
 10
0.0
 20
0.0
  9
$PLIMMAX
 10
420.0
 20
297.0
  9
$UNITMODE
 70
0
  9
$VISRETAIN
 70
1
  9
$PLINEGEN
 70
0
  9
$PSLTSCALE
 70
1
  9
$TREEDEPTH
 70
3020
  9
$CMLSTYLE
  2
Standard
  9
$CMLJUST
 70
0
  9
$CMLSCALE
 40
20.0
  9
$PROXYGRAPHICS
 70
1
  9
$MEASUREMENT
 70
1
  9
$CELWEIGHT
370
-1
  9
$ENDCAPS
280
0
  9
$JOINSTYLE
280
0
  9
$LWDISPLAY
290
0
  9
$INSUNITS
 70
4
  9
$HYPERLINKBASE
  1

  9
$STYLESHEET
  1

  9
$XEDIT
290
1
  9
$CEPSNTYPE
380
0
  9
$PSTYLEMODE
290
1
  9
$FINGERPRINTGUID
  2
{1410E023-3EFB-4D5F-B54D-1B88CFA5D3AE}
  9
$VERSIONGUID
  2
{434DF37E-4C02-4991-90D0-5FE966A242F6}
  9
$EXTNAMES
290
1
  9
$PSVPSCALE
 40
0.0
  9
$OLESTARTUP
290
0
  9
$SORTENTS
280
127
  9
$INDEXCTL
280
0
  9
$HIDETEXT
280
1
  9
$XCLIPFRAME
280
1
  9
$HALOGAP
280
0
  9
$OBSCOLOR
 70
257
  9
$OBSLTYPE
280
0
  9
$INTERSECTIONDISPLAY
280
0
  9
$INTERSECTIONCOLOR
 70
257
  9
$DIMASSOC
280
2
  9
$PROJECTNAME
  1

  9
$CAMERADISPLAY
290
0
  9
$LENSLENGTH
 40
50.0
  9
$CAMERAHEIGHT
 40
0.0
  9
$STEPSPERSEC
 40
24.0
  9
$STEPSIZE
 40
100.0
  9
$3DDWFPREC
 40
2.0
  9
$PSOLWIDTH
 40
0.005
  9
$PSOLHEIGHT
 40
0.08
  9
$LOFTANG1
 40
1.570796326795
  9
$LOFTANG2
 40
1.570796326795
  9
$LOFTMAG1
 40
0.0
  9
$LOFTMAG2
 40
0.0
  9
$LOFTPARAM
 70
7
  9
$LOFTNORMALS
280
1
  9
$LATITUDE
 40
37.795
  9
$LONGITUDE
 40
-122.394
  9
$NORTHDIRECTION
 40
0.0
  9
$TIMEZONE
 70
-8000
  9
$LIGHTGLYPHDISPLAY
280
1
  9
$TILEMODELIGHTSYNCH
280
1
  9
$CMATERIAL
347
20
  9
$SOLIDHIST
280
0
  9
$SHOWHIST
280
1
  9
$DWFFRAME
280
2
  9
$DGNFRAME
280
2
  9
$REALWORLDSCALE
290
1
  9
$INTERFERECOLOR
 62
256
  9
$CSHADOW
280
0
  9
$SHADOWPLANELOCATION
 40
0.0
  0
ENDSEC
  0
SECTION
  2
CLASSES
  0
CLASS
  1
ACDBDICTIONARYWDFLT
  2
AcDbDictionaryWithDefault
  3
ObjectDBX Classes
 90
0
 91
0
280
0
281
0
  0
CLASS
  1
SUN
  2
AcDbSun
  3
SCENEOE
 90
1153
 91
0
280
0
281
0
  0
CLASS
  1
VISUALSTYLE
  2
AcDbVisualStyle
  3
ObjectDBX Classes
 90
4095
 91
0
280
0
281
0
  0
CLASS
  1
MATERIAL
  2
AcDbMaterial
  3
ObjectDBX Classes
 90
1153
 91
0
280
0
281
0
  0
CLASS
  1
SCALE
  2
AcDbScale
  3
ObjectDBX Classes
 90
1153
 91
0
280
0
281
0
  0
CLASS
  1
TABLESTYLE
  2
AcDbTableStyle
  3
ObjectDBX Classes
 90
4095
 91
0
280
0
281
0
  0
CLASS
  1
MLEADERSTYLE
  2
AcDbMLeaderStyle
  3
ACDB_MLEADERSTYLE_CLASS
 90
4095
 91
0
280
0
281
0
  0
CLASS
  1
DICTIONARYVAR
  2
AcDbDictionaryVar
  3
ObjectDBX Classes
 90
0
 91
0
280
0
281
0
  0
CLASS
  1
CELLSTYLEMAP
  2
AcDbCellStyleMap
  3
ObjectDBX Classes
 90
1152
 91
0
280
0
281
0
  0
CLASS
  1
MENTALRAYRENDERSETTINGS
  2
AcDbMentalRayRenderSettings
  3
SCENEOE
 90
1024
 91
0
280
0
281
0
  0
CLASS
  1
ACDBDETAILVIEWSTYLE
  2
AcDbDetailViewStyle
  3
ObjectDBX Classes
 90
1025
 91
0
280
0
281
0
  0
CLASS
  1
ACDBSECTIONVIEWSTYLE
  2
AcDbSectionViewStyle
  3
ObjectDBX Classes
 90
1025
 91
0
280
0
281
0
  0
CLASS
  1
RASTERVARIABLES
  2
AcDbRasterVariables
  3
ISM
 90
0
 91
0
280
0
281
0
  0
CLASS
  1
LAYOUT
  2
AcDbLayout
  3
ObjectDBX Classes
 90
0
 91
0
280
0
281
0
  0
CLASS
  1
ACDBPLACEHOLDER
  2
AcDbPlaceHolder
  3
ObjectDBX Classes
 90
0
 91
0
280
0
281
0
  0
ENDSEC
  0
SECTION
  2
TABLES
  0
TABLE
  2
VPORT
  5
8
330
0
100
AcDbSymbolTable
 70
1
  0
VPORT
  5
23
330
8
100
AcDbSymbolTableRecord
100
AcDbViewportTableRecord
  2
*Active
 70
0
 10
0.0
 20
0.0
 11
1.0
 21
1.0
 12
0.0
 22
0.0
 13
0.0
 23
0.0
 14
0.5
 24
0.5
 15
0.5
 25
0.5
 16
0.0
 26
0.0
 36
1.0
 17
0.0
 27
0.0
 37
0.0
 40
1000.0
 41
1.34
 42
50.0
 43
0.0
 44
0.0
 50
0.0
 51
0.0
 71
0
 72
1000
 73
1
 74
3
 75
0
 76
0
 77
0
 78
0
281
0
 65
0
146
0.0
  0
ENDTAB
  0
TABLE
  2
LTYPE
  5
2
330
0
100
AcDbSymbolTable
 70
4
  0
LTYPE
  5
24
330
2
100
AcDbSymbolTableRecord
100
AcDbLinetypeTableRecord
  2
ByBlock
 70
0
  3

 72
65
 73
0
 40
0.0
  0
LTYPE
  5
25
330
2
100
AcDbSymbolTableRecord
100
AcDbLinetypeTableRecord
  2
ByLayer
 70
0
  3

 72
65
 73
0
 40
0.0
  0
LTYPE
  5
26
330
2
100
AcDbSymbolTableRecord
100
AcDbLinetypeTableRecord
  2
Continuous
 70
0
  3

 72
65
 73
0
 40
0.0
  0
LTYPE
  5
2F
330
2
100
AcDbSymbolTableRecord
100
AcDbLinetypeTableRecord
  2
CAD_HIDDEN
 70
0
  3
Hidden edges
 72
65
 73
2
 40
3.0
 49
2.0
 74
0
 49
-1.0
 74
0
  0
ENDTAB
  0
TABLE
  2
LAYER
  5
1
330
0
100
AcDbSymbolTable
 70
7
  0
LAYER
  5
27
330
1
100
AcDbSymbolTableRecord
100
AcDbLayerTableRecord
  2
0
 70
0
 62
7
  6
Continuous
370
-3
390
13
347
21
  0
LAYER
  5
28
330
1
100
AcDbSymbolTableRecord
100
AcDbLayerTableRecord
  2
Defpoints
 70
0
 62
7
  6
Continuous
290
0
370
-3
390
13
347
21
  0
LAYER
  5
30
330
1
100
AcDbSymbolTableRecord
100
AcDbLayerTableRecord
  2
VISIBLE
 70
0
 62
7
  6
CONTINUOUS
370
-3
390
13
347
21
  0
LAYER
  5
31
330
1
100
AcDbSymbolTableRecord
100
AcDbLayerTableRecord
  2
HIDDEN
 70
0
 62
8
  6
CAD_HIDDEN
370
-3
390
13
347
21
  0
LAYER
  5
32
330
1
100
AcDbSymbolTableRecord
100
AcDbLayerTableRecord
  2
SECTION
 70
0
 62
8
  6
CONTINUOUS
370
-3
390
13
347
21
  0
LAYER
  5
33
330
1
100
AcDbSymbolTableRecord
100
AcDbLayerTableRecord
  2
DIM
 70
0
 62
2
  6
CONTINUOUS
370
-3
390
13
347
21
  0
LAYER
  5
34
330
1
100
AcDbSymbolTableRecord
100
AcDbLayerTableRecord
  2
TEXT
 70
0
 62
7
  6
CONTINUOUS
370
-3
390
13
347
21
  0
ENDTAB
  0
TABLE
  2
STYLE
  5
5
330
0
100
AcDbSymbolTable
 70
1
  0
STYLE
  5
29
330
5
100
AcDbSymbolTableRecord
100
AcDbTextStyleTableRecord
  2
Standard
 70
0
 40
0.0
 41
1.0
 50
0.0
 71
0
 42
2.5
  3
txt
  4

  0
ENDTAB
  0
TABLE
  2
VIEW
  5
7
330
0
100
AcDbSymbolTable
 70
0
  0
ENDTAB
  0
TABLE
  2
UCS
  5
6
330
0
100
AcDbSymbolTable
 70
0
  0
ENDTAB
  0
TABLE
  2
APPID
  5
3
330
0
100
AcDbSymbolTable
 70
3
  0
APPID
  5
2A
330
3
100
AcDbSymbolTableRecord
100
AcDbRegAppTableRecord
  2
ACAD
 70
0
  0
APPID
  5
3CD
330
3
100
AcDbSymbolTableRecord
100
AcDbRegAppTableRecord
  2
HATCHBACKGROUNDCOLOR
 70
0
  0
APPID
  5
3CE
330
3
100
AcDbSymbolTableRecord
100
AcDbRegAppTableRecord
  2
EZDXF
 70
0
  0
ENDTAB
  0
TABLE
  2
DIMSTYLE
  5
4
330
0
100
AcDbSymbolTable
 70
1
100
AcDbDimStyleTable
  0
DIMSTYLE
105
2B
330
4
100
AcDbSymbolTableRecord
100
AcDbDimStyleTableRecord
  2
Standard
 70
0
 40
1.0
 41
2.5
 42
0.625
 43
3.75
 44
1.25
 45
0.0
 46
0.0
 47
0.0
 48
0.0
 49
2.5
140
2.5
141
2.5
142
0.0
143
0.03937007874
144
1.0
145
0.0
146
1.0
147
0.625
148
0.0
 69
0
 70
0
 71
0
 72
0
 73
0
 74
0
 75
0
 76
0
 77
1
 78
8
 79
3
170
0
171
3
172
1
173
0
174
0
175
0
176
0
177
0
178
0
179
2
271
2
272
2
273
2
274
3
275
0
276
0
277
2
278
44
279
0
280
0
281
0
282
0
283
0
284
8
285
0
286
0
288
0
289
3
290
0
371
-2
372
-2
  0
ENDTAB
  0
TABLE
  2
BLOCK_RECORD
  5
9
330
0
100
AcDbSymbolTable
 70
4
  0
BLOCK_RECORD
  5
17
330
9
100
AcDbSymbolTableRecord
100
AcDbBlockTableRecord
  2
*Model_Space
340
1A
 70
0
280
1
281
0
  0
BLOCK_RECORD
  5
1B
330
9
100
AcDbSymbolTableRecord
100
AcDbBlockTableRecord
  2
*Paper_Space
340
1E
 70
0
280
1
281
0
  0
BLOCK_RECORD
  5
3B5
330
9
100
AcDbSymbolTableRecord
100
AcDbBlockTableRecord
  2
*D1
340
0
 70
0
280
1
281
0
  0
BLOCK_RECORD
  5
3BA
330
9
100
AcDbSymbolTableRecord
100
AcDbBlockTableRecord
  2
_CLOSEDFILLED
340
0
 70
0
280
1
281
0
  0
ENDTAB
  0
ENDSEC
  0
SECTION
  2
BLOCKS
  0
BLOCK
  5
18
330
17
100
AcDbEntity
  8
0
100
AcDbBlockBegin
  2
*Model_Space
 70
0
 10
0.0
 20
0.0
 30
0.0
  3
*Model_Space
  1

  0
ENDBLK
  5
19
330
17
100
AcDbEntity
  8
0
100
AcDbBlockEnd
  0
BLOCK
  5
1C
330
1B
100
AcDbEntity
  8
0
100
AcDbBlockBegin
  2
*Paper_Space
 70
0
 10
0.0
 20
0.0
 30
0.0
  3
*Paper_Space
  1

  0
ENDBLK
  5
1D
330
1B
100
AcDbEntity
  8
0
100
AcDbBlockEnd
  0
BLOCK
  5
3B6
330
3B5
100
AcDbEntity
  8
0
100
AcDbBlockBegin
  2
*D1
 70
1
 10
0.0
 20
0.0
 30
0.0
  3
*D1
  1

  0
LINE
  5
3B8
330
3B5
100
AcDbEntity
  8
0
100
AcDbLine
 10
306.49999999999926
 20
147.0
 30
0.0
 11
316.49999999999926
 21
147.0
 31
0.0
  0
LINE
  5
3B9
330
3B5
100
AcDbEntity
  8
0
100
AcDbLine
 10
306.49999999999926
 20
162.0
 30
0.0
 11
316.49999999999926
 21
162.0
 31
0.0
  0
INSERT
  5
3BE
330
3B5
100
AcDbEntity
  8
DIM
 62
7
100
AcDbBlockReference
  2
_CLOSEDFILLED
 10
316.49999999999926
 20
147.0
 30
0.0
 41
1.5
 42
1.5
 50
270.0
  0
INSERT
  5
3C0
330
3B5
100
AcDbEntity
  8
DIM
 62
7
100
AcDbBlockReference
  2
_CLOSEDFILLED
 10
316.49999999999926
 20
162.0
 30
0.0
 41
1.5
 42
1.5
 50
90.0
  0
LINE
  5
3C2
330
3B5
100
AcDbEntity
  8
0
 62
7
100
AcDbLine
 10
316.49999999999926
 20
148.5
 30
0.0
 11
316.49999999999926
 21
160.5
 31
0.0
  0
MTEXT
  5
3C3
330
3B5
100
AcDbEntity
  8
DIM
100
AcDbMText
 10
314.62499999999926
 20
154.5
 30
0.0
 40
2.5
 71
5
  1
15
 50
90.0
  0
POINT
  5
3C4
330
3B5
100
AcDbEntity
  8
Defpoints
100
AcDbPoint
 10
316.49999999999926
 20
147.0
 30
0.0
  0
POINT
  5
3C5
330
3B5
100
AcDbEntity
  8
Defpoints
100
AcDbPoint
 10
306.49999999999926
 20
147.0
 30
0.0
  0
POINT
  5
3C6
330
3B5
100
AcDbEntity
  8
Defpoints
100
AcDbPoint
 10
306.49999999999926
 20
162.0
 30
0.0
  0
ENDBLK
  5
3B7
330
3B5
100
AcDbEntity
  8
0
100
AcDbBlockEnd
  0
BLOCK
  5
3BB
330
3BA
100
AcDbEntity
  8
0
100
AcDbBlockBegin
  2
_CLOSEDFILLED
 70
0
 10
0.0
 20
0.0
 30
0.0
  3
_CLOSEDFILLED
  1

  0
SOLID
  5
3BD
330
3BA
100
AcDbEntity
  8
0
  6
BYBLOCK
 62
0
100
AcDbTrace
 10
-1.0
 20
0.16439898372402537
 30
0.0
 11
0.0
 21
0.0
 31
0.0
 12
-1.0
 22
-0.16439898372402537
 32
0.0
 13
-1.0
 23
-0.16439898372402537
 33
0.0
  0
ENDBLK
  5
3BC
330
3BA
100
AcDbEntity
  8
0
100
AcDbBlockEnd
  0
ENDSEC
  0
SECTION
  2
ENTITIES
  0
LWPOLYLINE
  5
35
330
17
100
AcDbEntity
  8
VISIBLE
100
AcDbPolyline
 90
5
 70
0
 10
8.0
 20
8.0
 10
412.0
 20
8.0
 10
412.0
 20
289.0
 10
8.0
 20
289.0
 10
8.0
 20
8.0
  0
TEXT
  5
36
330
17
100
AcDbEntity
  8
TEXT
100
AcDbText
 10
14.0
 20
14.0
 30
0.0
 40
4.0
  1
gear-model.step
100
AcDbText
  0
TEXT
  5
37
330
17
100
AcDbEntity
  8
TEXT
100
AcDbText
 10
265.0
 20
14.0
 30
0.0
 40
2.7
  1
单位 mm · OCCT 实体投影 · 曲线离散 0.05 mm
100
AcDbText
  0
LWPOLYLINE
  5
38
330
17
100
AcDbEntity
  8
VISIBLE
100
AcDbPolyline
 90
2
 70
0
 10
140.789735900939
 20
162.0
 10
141.49015422872
 20
162.0
  0
LWPOLYLINE
  5
39
330
17
100
AcDbEntity
  8
VISIBLE
100
AcDbPolyline
 90
2
 70
0
 10
141.49015422872
 20
147.0
 10
141.49015422872
 20
162.0
  0
LWPOLYLINE
  5
3A
330
17
100
AcDbEntity
  8
VISIBLE
100
AcDbPolyline
 90
2
 70
0
 10
140.789735900939
 20
147.0
 10
141.49015422872
 20
147.0
  0
LWPOLYLINE
  5
3B
330
17
100
AcDbEntity
  8
VISIBLE
100
AcDbPolyline
 90
15
 70
0
 10
141.49015422871975
 20
147.0
 10
141.49151046013165
 20
147.0
 10
141.49276625098713
 20
147.0
 10
141.4939215964334
 20
147.0
 10
141.49497649200578
 20
147.0
 10
141.49593093362773
 20
147.0
 10
141.49678491761102
 20
147.0
 10
141.4975384406555
 20
147.0
 10
141.4981914998493
 20
147.0
 10
141.49874409266874
 20
147.0
 10
141.49919621697842
 20
147.0
 10
141.49954787103118
 20
147.0
 10
141.4997990534681
 20
147.0
 10
141.4999497633185
 20
147.0
 10
141.5
 20
147.0
  0
LWPOLYLINE
  5
3C
330
17
100
AcDbEntity
  8
VISIBLE
100
AcDbPolyline
 90
15
 70
0
 10
89.5
 20
147.0
 10
89.50005023668155
 20
147.0
 10
89.50020094653198
 20
147.0
 10
89.50045212896892
 20
147.0
 10
89.5008037830217
 20
147.0
 10
89.5012559073314
 20
147.0
 10
89.50180850015086
 20
147.0
 10
89.50246155934465
 20
147.0
 10
89.50321508238912
 20
147.0
 10
89.50406906637238
 20
147.0
 10
89.50502350799434
 20
147.0
 10
89.50607840356669
 20
147.0
 10
89.50723374901293
 20
147.0
 10
89.50848953986838
 20
147.0
 10
89.50984577128024
 20
147.0
  0
LWPOLYLINE
  5
3D
330
17
100
AcDbEntity
  8
VISIBLE
100
AcDbPolyline
 90
2
 70
0
 10
89.50984577128
 20
147.0
 10
90.21026409907
 20
147.0
  0
LWPOLYLINE
  5
3E
330
17
100
AcDbEntity
  8
VISIBLE
100
AcDbPolyline
 90
15
 70
0
 10
90.21026409906156
 20
147.0
 10
90.23418929210429
 20
147.0
 10
90.25850502953459
 20
147.0
 10
90.28321093549376
 20
147.0
 10
90.30830662809207
 20
147.0
 10
90.33379171941475
 20
147.0
 10
90.35966581552789
 20
147.0
 10
90.38592851648457
 20
147.0
 10
90.41257941633106
 20
147.0
 10
90.43961810311305
 20
147.0
 10
90.46704415888203
 20
147.0
 10
90.49485715970184
 20
147.0
 10
90.52305667565504
 20
147.0
 10
90.55164227084974
 20
147.0
 10
90.58061350342622
 20
147.0
  0
LWPOLYLINE
  5
3F
330
17
100
AcDbEntity
  8
VISIBLE
100
AcDbPolyline
 90
2
 70
0
 10
90.58061350343
 20
147.0
 10
92.63413613523001
 20
147.0
  0
LWPOLYLINE
  5
40
330
17
100
AcDbEntity
  8
VISIBLE
100
AcDbPolyline
 90
15
 70
0
 10
92.63413613522931
 20
147.0
 10
92.6829680812143
 20
147.0
 10
92.73215271977105
 20
147.0
 10
92.7816892906317
 20
147.0
 10
92.83157702808838
 20
147.0
 10
92.88181516100511
 20
147.0
 10
92.93240291282967
 20
147.0
 10
92.9833395016057
 20
147.0
 10
93.03462413998463
 20
147.0
 10
93.086256035238
 20
147.0
 10
93.13823438926963
 20
147.0
 10
93.19055839862799
 20
147.0
 10
93.24322725451857
 20
147.0
 10
93.2962401428165
 20
147.0
 10
93.34959624407898
 20
147.0
  0
LWPOLYLINE
  5
41
330
17
100
AcDbEntity
  8
VISIBLE
100
AcDbPolyline
 90
2
 70
0
 10
93.34959624408
 20
147.0
 10
96.61627900615
 20
147.0
  0
LWPOLYLINE
  5
42
330
17
100
AcDbEntity
  8
VISIBLE
100
AcDbPolyline
 90
15
 70
0
 10
96.61627900614384
 20
147.0
 10
96.68668988865171
 20
147.0
 10
96.75739157649969
 20
147.0
 10
96.82838297682166
 20
147.0
 10
96.89966299227336
 20
147.0
 10
96.97123052104928
 20
147.0
 10
97.04308445689963
 20
147.0
 10
97.11522368914758
 20
147.0
 10
97.18764710270632
 20
147.0
 10
97.26035357809631
 20
147.0
 10
97.33334199146263
 20
147.0
 10
97.40661121459232
 20
147.0
 10
97.4801601149318
 20
147.0
 10
97.55398755560444
 20
147.0
 10
97.62809239542807
 20
147.0
  0
LWPOLYLINE
  5
43
330
17
100
AcDbEntity
  8
VISIBLE
100
AcDbPolyline
 90
3
 70
0
 10
97.62809239543
 20
147.0
 10
99.35507516427361
 20
147.0
 10
100.88438283003
 20
147.0
  0
LWPOLYLINE
  5
44
330
17
100
AcDbEntity
  8
VISIBLE
100
AcDbPolyline
 90
2
 70
0
 10
100.88438283003
 20
147.0
 10
101.56655329787512
 20
147.0
  0
LWPOLYLINE
  5
45
330
17
100
AcDbEntity
  8
VISIBLE
100
AcDbPolyline
 90
15
 70
0
 10
101.56655329787611
 20
147.0
 10
101.5891511821857
 20
147.0
 10
101.61177553127715
 20
147.0
 10
101.63442630210864
 20
147.0
 10
101.65710345158806
 20
147.0
 10
101.67980693657312
 20
147.0
 10
101.70253671387142
 20
147.0
 10
101.72529274024058
 20
147.0
 10
101.74807497238824
 20
147.0
 10
101.7708833669722
 20
147.0
 10
101.79371788060048
 20
147.0
 10
101.81657846983144
 20
147.0
 10
101.83946509117378
 20
147.0
 10
101.86237770108671
 20
147.0
 10
101.88531625598
 20
147.0
  0
LWPOLYLINE
  5
46
330
17
100
AcDbEntity
  8
VISIBLE
100
AcDbPolyline
 90
15
 70
0
 10
101.88531625598581
 20
147.0
 10
101.97250768973187
 20
147.0
 10
102.05990822368297
 20
147.0
 10
102.14751650685186
 20
147.0
 10
102.23533118504004
 20
147.0
 10
102.32335090085864
 20
147.0
 10
102.41157429374948
 20
147.0
 10
102.50000000000604
 20
147.0
 10
102.58862665279452
 20
147.0
 10
102.67745288217505
 20
147.0
 10
102.7664773151228
 20
147.0
 10
102.85569857554924
 20
147.0
 10
102.94511528432336
 20
147.0
 10
103.03472605929306
 20
147.0
 10
103.12452951530646
 20
147.0
  0
LWPOLYLINE
  5
47
330
17
100
AcDbEntity
  8
VISIBLE
100
AcDbPolyline
 90
4
 70
0
 10
103.12452951531
 20
147.0
 10
104.61863391222145
 20
147.0
 10
105.27912979359182
 20
147.0
 10
105.827795155665
 20
147.0
  0
LWPOLYLINE
  5
48
330
17
100
AcDbEntity
  8
VISIBLE
100
AcDbPolyline
 90
2
 70
0
 10
105.827795155665
 20
147.0
 10
106.2792364069648
 20
147.0
  0
LWPOLYLINE
  5
49
330
17
100
AcDbEntity
  8
VISIBLE
100
AcDbPolyline
 90
15
 70
0
 10
106.27923640697367
 20
147.0
 10
106.38501579918156
 20
147.0
 10
106.49106486418852
 20
147.0
 10
106.59738046446321
 20
147.0
 10
106.70395945458876
 20
147.0
 10
106.81079868135564
 20
147.0
 10
106.91789498385513
 20
147.0
 10
107.02524519357273
 20
147.0
 10
107.13284613448191
 20
147.0
 10
107.2406946231381
 20
147.0
 10
107.34878746877288
 20
147.0
 10
107.45712147338836
 20
147.0
 10
107.56569343185178
 20
147.0
 10
107.67450013199043
 20
147.0
 10
107.78353835468653
 20
147.0
  0
LWPOLYLINE
  5
4A
330
17
100
AcDbEntity
  8
VISIBLE
100
AcDbPolyline
 90
3
 70
0
 10
107.78353835468653
 20
147.0
 10
107.86535611482516
 20
147.0
 10
108.082171703635
 20
147.0
  0
LWPOLYLINE
  5
4B
330
17
100
AcDbEntity
  8
VISIBLE
100
AcDbPolyline
 90
15
 70
0
 10
108.08217170362896
 20
147.0
 10
108.18020173649502
 20
147.0
 10
108.27834491459767
 20
147.0
 10
108.37659972089602
 20
147.0
 10
108.47496463662374
 20
147.0
 10
108.57343814131245
 20
147.0
 10
108.6720187128153
 20
147.0
 10
108.77070482733045
 20
147.0
 10
108.86949495942461
 20
147.0
 10
108.9683875820567
 20
147.0
 10
109.06738116660135
 20
147.0
 10
109.1664741828726
 20
147.0
 10
109.26566509914754
 20
147.0
 10
109.36495238218995
 20
147.0
 10
109.46433449727407
 20
147.0
  0
LWPOLYLINE
  5
4C
330
17
100
AcDbEntity
  8
VISIBLE
100
AcDbPolyline
 90
4
 70
0
 10
109.464334497276
 20
147.0
 10
110.62373977673766
 20
147.0
 10
111.09331876948869
 20
147.0
 10
111.43035225737
 20
147.0
  0
LWPOLYLINE
  5
4D
330
17
100
AcDbEntity
  8
VISIBLE
100
AcDbPolyline
 90
2
 70
0
 10
111.43035225737
 20
147.0
 10
111.6202993168955
 20
147.0
  0
LWPOLYLINE
  5
4E
330
17
100
AcDbEntity
  8
VISIBLE
100
AcDbPolyline
 90
15
 70
0
 10
111.62029931689526
 20
147.0
 10
111.766995788788
 20
147.0
 10
111.9138716725051
 20
147.0
 10
112.06091990904827
 20
147.0
 10
112.20813343113582
 20
147.0
 10
112.35550516354225
 20
147.0
 10
112.50302802343832
 20
147.0
 10
112.65069492073147
 20
147.0
 10
112.79849875840654
 20
147.0
 10
112.9464324328669
 20
147.0
 10
113.09448883427582
 20
147.0
 10
113.2426608468982
 20
147.0
 10
113.39094134944258
 20
147.0
 10
113.53932321540331
 20
147.0
 10
113.68779931340318
 20
147.0
  0
LWPOLYLINE
  5
4F
330
17
100
AcDbEntity
  8
VISIBLE
100
AcDbPolyline
 90
2
 70
0
 10
113.689750872677
 20
147.0
 10
113.68779931340318
 20
147.0
  0
LWPOLYLINE
  5
50
330
17
100
AcDbEntity
  8
VISIBLE
100
AcDbPolyline
 90
4
 70
0
 10
113.68779931340318
 20
147.0
 10
113.80361994510136
 20
147.0
 10
114.05056550355253
 20
147.0
 10
114.784539891147
 20
147.0
  0
LWPOLYLINE
  5
51
330
17
100
AcDbEntity
  8
VISIBLE
100
AcDbPolyline
 90
15
 70
0
 10
114.78453989114611
 20
147.0
 10
114.8867279383941
 20
147.0
 10
114.98892546524932
 20
147.0
 10
115.0911308920011
 20
147.0
 10
115.19334263881667
 20
147.0
 10
115.29555912576556
 20
147.0
 10
115.39777877284405
 20
147.0
 10
115.49999999999955
 20
147.0
 10
115.60222122715504
 20
147.0
 10
115.70444087423353
 20
147.0
 10
115.80665736118243
 20
147.0
 10
115.908869107998
 20
147.0
 10
116.01107453474978
 20
147.0
 10
116.113272061605
 20
147.0
 10
116.215460108853
 20
147.0
  0
LWPOLYLINE
  5
52
330
17
100
AcDbEntity
  8
VISIBLE
100
AcDbPolyline
 90
4
 70
0
 10
116.215460108853
 20
147.0
 10
116.94943449644751
 20
147.0
 10
117.19638005489865
 20
147.0
 10
117.31220068659682
 20
147.0
  0
LWPOLYLINE
  5
53
330
17
100
AcDbEntity
  8
VISIBLE
100
AcDbPolyline
 90
15
 70
0
 10
117.31220068659682
 20
147.0
 10
117.46067678459688
 20
147.0
 10
117.60905865055781
 20
147.0
 10
117.75733915310238
 20
147.0
 10
117.90551116572497
 20
147.0
 10
118.05356756713408
 20
147.0
 10
118.20150124159464
 20
147.0
 10
118.3493050792699
 20
147.0
 10
118.49697197656324
 20
147.0
 10
118.64449483645951
 20
147.0
 10
118.79186656886614
 20
147.0
 10
118.93908009095388
 20
147.0
 10
119.08612832749725
 20
147.0
 10
119.23300421121453
 20
147.0
 10
119.37970068310747
 20
147.0
  0
LWPOLYLINE
  5
54
330
17
100
AcDbEntity
  8
VISIBLE
100
AcDbPolyline
 90
2
 70
0
 10
119.379700683106
 20
147.0
 10
119.5696477426315
 20
147.0
  0
LWPOLYLINE
  5
55
330
17
100
AcDbEntity
  8
VISIBLE
100
AcDbPolyline
 90
4
 70
0
 10
119.56964774263
 20
147.0
 10
119.90668123051128
 20
147.0
 10
120.37626022326234
 20
147.0
 10
121.535665502724
 20
147.0
  0
LWPOLYLINE
  5
56
330
17
100
AcDbEntity
  8
VISIBLE
100
AcDbPolyline
 90
15
 70
0
 10
121.53566550272461
 20
147.0
 10
121.63504761780847
 20
147.0
 10
121.73433490085064
 20
147.0
 10
121.83352581712532
 20
147.0
 10
121.93261883339632
 20
147.0
 10
122.03161241794072
 20
147.0
 10
122.13050504057256
 20
147.0
 10
122.22929517266648
 20
147.0
 10
122.32798128718139
 20
147.0
 10
122.42656185868398
 20
147.0
 10
122.52503536337245
 20
147.0
 10
122.62340027909993
 20
147.0
 10
122.72165508539804
 20
147.0
 10
122.81979826350045
 20
147.0
 10
122.91782829636627
 20
147.0
  0
LWPOLYLINE
  5
57
330
17
100
AcDbEntity
  8
VISIBLE
100
AcDbPolyline
 90
3
 70
0
 10
122.917828296365
 20
147.0
 10
123.13464388517487
 20
147.0
 10
123.21646164531347
 20
147.0
  0
LWPOLYLINE
  5
58
330
17
100
AcDbEntity
  8
VISIBLE
100
AcDbPolyline
 90
15
 70
0
 10
123.21646164531347
 20
147.0
 10
123.32549986801001
 20
147.0
 10
123.43430656814908
 20
147.0
 10
123.54287852661295
 20
147.0
 10
123.65121253122886
 20
147.0
 10
123.75930537686408
 20
147.0
 10
123.86715386552069
 20
147.0
 10
123.9747548064303
 20
147.0
 10
124.08210501614832
 20
147.0
 10
124.18920131864823
 20
147.0
 10
124.29604054541555
 20
147.0
 10
124.4026195355415
 20
147.0
 10
124.50893513581661
 20
147.0
 10
124.61498420082398
 20
147.0
 10
124.72076359303229
 20
147.0
  0
LWPOLYLINE
  5
59
330
17
100
AcDbEntity
  8
VISIBLE
100
AcDbPolyline
 90
2
 70
0
 10
124.720763593032
 20
147.0
 10
125.1722048443318
 20
147.0
  0
LWPOLYLINE
  5
5A
330
17
100
AcDbEntity
  8
VISIBLE
100
AcDbPolyline
 90
4
 70
0
 10
125.172204844335
 20
147.0
 10
125.7208702064126
 20
147.0
 10
126.38136608778458
 20
147.0
 10
127.875470484699
 20
147.0
  0
LWPOLYLINE
  5
5B
330
17
100
AcDbEntity
  8
VISIBLE
100
AcDbPolyline
 90
15
 70
0
 10
127.87547048470452
 20
147.0
 10
127.96527394071764
 20
147.0
 10
128.05488471568705
 20
147.0
 10
128.14430142446088
 20
147.0
 10
128.23352268488702
 20
147.0
 10
128.3225471178345
 20
147.0
 10
128.41137334721475
 20
147.0
 10
128.50000000000293
 20
147.0
 10
128.5884257062592
 20
147.0
 10
128.67664909914976
 20
147.0
 10
128.76466881496808
 20
147.0
 10
128.85248349315597
 20
147.0
 10
128.9400917763246
 20
147.0
 10
129.02749231027542
 20
147.0
 10
129.1146837440212
 20
147.0
  0
LWPOLYLINE
  5
5C
330
17
100
AcDbEntity
  8
VISIBLE
100
AcDbPolyline
 90
15
 70
0
 10
129.114683744021
 20
147.0
 10
129.13762229891424
 20
147.0
 10
129.16053490882712
 20
147.0
 10
129.1834215301694
 20
147.0
 10
129.20628211940027
 20
147.0
 10
129.2291166330285
 20
147.0
 10
129.2519250276124
 20
147.0
 10
129.27470725976002
 20
147.0
 10
129.2974632861291
 20
147.0
 10
129.32019306342738
 20
147.0
 10
129.34289654841237
 20
147.0
 10
129.36557369789173
 20
147.0
 10
129.38822446872317
 20
147.0
 10
129.41084881781455
 20
147.0
 10
129.4334467021241
 20
147.0
  0
LWPOLYLINE
  5
5D
330
17
100
AcDbEntity
  8
VISIBLE
100
AcDbPolyline
 90
2
 70
0
 10
129.433446702124
 20
147.0
 10
130.1156171699683
 20
147.0
  0
LWPOLYLINE
  5
5E
330
17
100
AcDbEntity
  8
VISIBLE
100
AcDbPolyline
 90
3
 70
0
 10
130.115617169972
 20
147.0
 10
131.64492483573252
 20
147.0
 10
133.371907604573
 20
147.0
  0
LWPOLYLINE
  5
5F
330
17
100
AcDbEntity
  8
VISIBLE
100
AcDbPolyline
 90
15
 70
0
 10
133.37190760456772
 20
147.0
 10
133.44601244439136
 20
147.0
 10
133.51983988506402
 20
147.0
 10
133.5933887854035
 20
147.0
 10
133.6666580085332
 20
147.0
 10
133.73964642189955
 20
147.0
 10
133.81235289728954
 20
147.0
 10
133.88477631084828
 20
147.0
 10
133.95691554309624
 20
147.0
 10
134.02876947894663
 20
147.0
 10
134.10033700772254
 20
147.0
 10
134.17161702317426
 20
147.0
 10
134.24260842349625
 20
147.0
 10
134.31331011134424
 20
147.0
 10
134.38372099385214
 20
147.0
  0
LWPOLYLINE
  5
60
330
17
100
AcDbEntity
  8
VISIBLE
100
AcDbPolyline
 90
2
 70
0
 10
134.38372099385
 20
147.0
 10
137.65040375592
 20
147.0
  0
LWPOLYLINE
  5
61
330
17
100
AcDbEntity
  8
VISIBLE
100
AcDbPolyline
 90
15
 70
0
 10
137.65040375592494
 20
147.0
 10
137.7037598571876
 20
147.0
 10
137.75677274548573
 20
147.0
 10
137.80944160137653
 20
147.0
 10
137.8617656107351
 20
147.0
 10
137.91374396476692
 20
147.0
 10
137.9653758600205
 20
147.0
 10
138.0166604983996
 20
147.0
 10
138.0675970871758
 20
147.0
 10
138.11818483900058
 20
147.0
 10
138.1684229719175
 20
147.0
 10
138.21831070937435
 20
147.0
 10
138.26784728023517
 20
147.0
 10
138.31703191879208
 20
147.0
 10
138.36586386477722
 20
147.0
  0
LWPOLYLINE
  5
62
330
17
100
AcDbEntity
  8
VISIBLE
100
AcDbPolyline
 90
2
 70
0
 10
138.365863864773
 20
147.0
 10
140.419386496574
 20
147.0
  0
LWPOLYLINE
  5
63
330
17
100
AcDbEntity
  8
VISIBLE
100
AcDbPolyline
 90
15
 70
0
 10
140.41938649657214
 20
147.0
 10
140.44835772914877
 20
147.0
 10
140.4769433243436
 20
147.0
 10
140.50514284029694
 20
147.0
 10
140.53295584111686
 20
147.0
 10
140.56038189688599
 20
147.0
 10
140.5874205836681
 20
147.0
 10
140.6140714835147
 20
147.0
 10
140.6403341844715
 20
147.0
 10
140.66620828058473
 20
147.0
 10
140.69169337190752
 20
147.0
 10
140.71678906450595
 20
147.0
 10
140.7414949704652
 20
147.0
 10
140.7658107078956
 20
147.0
 10
140.78973590093844
 20
147.0
  0
LWPOLYLINE
  5
64
330
17
100
AcDbEntity
  8
VISIBLE
100
AcDbPolyline
 90
15
 70
0
 10
141.49015422871975
 20
162.0
 10
141.49151046013165
 20
162.0
 10
141.49276625098713
 20
162.0
 10
141.4939215964334
 20
162.0
 10
141.49497649200578
 20
162.0
 10
141.49593093362773
 20
162.0
 10
141.49678491761102
 20
162.0
 10
141.4975384406555
 20
162.0
 10
141.4981914998493
 20
162.0
 10
141.49874409266874
 20
162.0
 10
141.49919621697842
 20
162.0
 10
141.49954787103118
 20
162.0
 10
141.4997990534681
 20
162.0
 10
141.4999497633185
 20
162.0
 10
141.5
 20
162.0
  0
LWPOLYLINE
  5
65
330
17
100
AcDbEntity
  8
VISIBLE
100
AcDbPolyline
 90
15
 70
0
 10
89.5
 20
162.0
 10
89.50005023668155
 20
162.0
 10
89.50020094653198
 20
162.0
 10
89.50045212896892
 20
162.0
 10
89.5008037830217
 20
162.0
 10
89.5012559073314
 20
162.0
 10
89.50180850015086
 20
162.0
 10
89.50246155934465
 20
162.0
 10
89.50321508238912
 20
162.0
 10
89.50406906637238
 20
162.0
 10
89.50502350799434
 20
162.0
 10
89.50607840356669
 20
162.0
 10
89.50723374901293
 20
162.0
 10
89.50848953986838
 20
162.0
 10
89.50984577128024
 20
162.0
  0
LWPOLYLINE
  5
66
330
17
100
AcDbEntity
  8
VISIBLE
100
AcDbPolyline
 90
2
 70
0
 10
89.50984577128
 20
162.0
 10
90.21026409907
 20
162.0
  0
LWPOLYLINE
  5
67
330
17
100
AcDbEntity
  8
VISIBLE
100
AcDbPolyline
 90
15
 70
0
 10
90.21026409906156
 20
162.0
 10
90.23418929210429
 20
162.0
 10
90.25850502953459
 20
162.0
 10
90.28321093549376
 20
162.0
 10
90.30830662809207
 20
162.0
 10
90.33379171941475
 20
162.0
 10
90.35966581552789
 20
162.0
 10
90.38592851648457
 20
162.0
 10
90.41257941633106
 20
162.0
 10
90.43961810311305
 20
162.0
 10
90.46704415888203
 20
162.0
 10
90.49485715970184
 20
162.0
 10
90.52305667565504
 20
162.0
 10
90.55164227084974
 20
162.0
 10
90.58061350342622
 20
162.0
  0
LWPOLYLINE
  5
68
330
17
100
AcDbEntity
  8
VISIBLE
100
AcDbPolyline
 90
2
 70
0
 10
90.58061350343
 20
162.0
 10
92.63413613523001
 20
162.0
  0
LWPOLYLINE
  5
69
330
17
100
AcDbEntity
  8
VISIBLE
100
AcDbPolyline
 90
15
 70
0
 10
92.63413613522931
 20
162.0
 10
92.6829680812143
 20
162.0
 10
92.73215271977105
 20
162.0
 10
92.7816892906317
 20
162.0
 10
92.83157702808838
 20
162.0
 10
92.88181516100511
 20
162.0
 10
92.93240291282967
 20
162.0
 10
92.9833395016057
 20
162.0
 10
93.03462413998463
 20
162.0
 10
93.086256035238
 20
162.0
 10
93.13823438926963
 20
162.0
 10
93.19055839862799
 20
162.0
 10
93.24322725451857
 20
162.0
 10
93.2962401428165
 20
162.0
 10
93.34959624407898
 20
162.0
  0
LWPOLYLINE
  5
6A
330
17
100
AcDbEntity
  8
VISIBLE
100
AcDbPolyline
 90
2
 70
0
 10
93.34959624408
 20
162.0
 10
96.61627900615
 20
162.0
  0
LWPOLYLINE
  5
6B
330
17
100
AcDbEntity
  8
VISIBLE
100
AcDbPolyline
 90
15
 70
0
 10
96.61627900614384
 20
162.0
 10
96.68668988865171
 20
162.0
 10
96.75739157649969
 20
162.0
 10
96.82838297682166
 20
162.0
 10
96.89966299227336
 20
162.0
 10
96.97123052104928
 20
162.0
 10
97.04308445689963
 20
162.0
 10
97.11522368914758
 20
162.0
 10
97.18764710270632
 20
162.0
 10
97.26035357809631
 20
162.0
 10
97.33334199146263
 20
162.0
 10
97.40661121459232
 20
162.0
 10
97.4801601149318
 20
162.0
 10
97.55398755560444
 20
162.0
 10
97.62809239542807
 20
162.0
  0
LWPOLYLINE
  5
6C
330
17
100
AcDbEntity
  8
VISIBLE
100
AcDbPolyline
 90
3
 70
0
 10
97.62809239543
 20
162.0
 10
99.35507516427361
 20
162.0
 10
100.88438283003
 20
162.0
  0
LWPOLYLINE
  5
6D
330
17
100
AcDbEntity
  8
VISIBLE
100
AcDbPolyline
 90
2
 70
0
 10
100.88438283003
 20
162.0
 10
101.56655329787512
 20
162.0
  0
LWPOLYLINE
  5
6E
330
17
100
AcDbEntity
  8
VISIBLE
100
AcDbPolyline
 90
15
 70
0
 10
101.56655329787611
 20
162.0
 10
101.5891511821857
 20
162.0
 10
101.61177553127715
 20
162.0
 10
101.63442630210864
 20
162.0
 10
101.65710345158806
 20
162.0
 10
101.67980693657312
 20
162.0
 10
101.70253671387142
 20
162.0
 10
101.72529274024058
 20
162.0
 10
101.74807497238824
 20
162.0
 10
101.7708833669722
 20
162.0
 10
101.79371788060048
 20
162.0
 10
101.81657846983144
 20
162.0
 10
101.83946509117378
 20
162.0
 10
101.86237770108671
 20
162.0
 10
101.88531625598
 20
162.0
  0
LWPOLYLINE
  5
6F
330
17
100
AcDbEntity
  8
VISIBLE
100
AcDbPolyline
 90
15
 70
0
 10
101.88531625598581
 20
162.0
 10
101.97250768973187
 20
162.0
 10
102.05990822368297
 20
162.0
 10
102.14751650685186
 20
162.0
 10
102.23533118504004
 20
162.0
 10
102.32335090085864
 20
162.0
 10
102.41157429374948
 20
162.0
 10
102.50000000000604
 20
162.0
 10
102.58862665279452
 20
162.0
 10
102.67745288217505
 20
162.0
 10
102.7664773151228
 20
162.0
 10
102.85569857554924
 20
162.0
 10
102.94511528432336
 20
162.0
 10
103.03472605929306
 20
162.0
 10
103.12452951530646
 20
162.0
  0
LWPOLYLINE
  5
70
330
17
100
AcDbEntity
  8
VISIBLE
100
AcDbPolyline
 90
4
 70
0
 10
103.12452951531
 20
162.0
 10
104.61863391222145
 20
162.0
 10
105.27912979359182
 20
162.0
 10
105.827795155665
 20
162.0
  0
LWPOLYLINE
  5
71
330
17
100
AcDbEntity
  8
VISIBLE
100
AcDbPolyline
 90
2
 70
0
 10
105.827795155665
 20
162.0
 10
106.2792364069648
 20
162.0
  0
LWPOLYLINE
  5
72
330
17
100
AcDbEntity
  8
VISIBLE
100
AcDbPolyline
 90
15
 70
0
 10
106.27923640697367
 20
162.0
 10
106.38501579918156
 20
162.0
 10
106.49106486418852
 20
162.0
 10
106.59738046446321
 20
162.0
 10
106.70395945458876
 20
162.0
 10
106.81079868135564
 20
162.0
 10
106.91789498385513
 20
162.0
 10
107.02524519357273
 20
162.0
 10
107.13284613448191
 20
162.0
 10
107.2406946231381
 20
162.0
 10
107.34878746877288
 20
162.0
 10
107.45712147338836
 20
162.0
 10
107.56569343185178
 20
162.0
 10
107.67450013199043
 20
162.0
 10
107.78353835468653
 20
162.0
  0
LWPOLYLINE
  5
73
330
17
100
AcDbEntity
  8
VISIBLE
100
AcDbPolyline
 90
3
 70
0
 10
107.78353835468653
 20
162.0
 10
107.86535611482516
 20
162.0
 10
108.082171703635
 20
162.0
  0
LWPOLYLINE
  5
74
330
17
100
AcDbEntity
  8
VISIBLE
100
AcDbPolyline
 90
15
 70
0
 10
108.08217170362896
 20
162.0
 10
108.18020173649502
 20
162.0
 10
108.27834491459767
 20
162.0
 10
108.37659972089602
 20
162.0
 10
108.47496463662374
 20
162.0
 10
108.57343814131245
 20
162.0
 10
108.6720187128153
 20
162.0
 10
108.77070482733045
 20
162.0
 10
108.86949495942461
 20
162.0
 10
108.9683875820567
 20
162.0
 10
109.06738116660135
 20
162.0
 10
109.1664741828726
 20
162.0
 10
109.26566509914754
 20
162.0
 10
109.36495238218995
 20
162.0
 10
109.46433449727407
 20
162.0
  0
LWPOLYLINE
  5
75
330
17
100
AcDbEntity
  8
VISIBLE
100
AcDbPolyline
 90
4
 70
0
 10
109.464334497276
 20
162.0
 10
110.62373977673766
 20
162.0
 10
111.09331876948869
 20
162.0
 10
111.43035225737
 20
162.0
  0
LWPOLYLINE
  5
76
330
17
100
AcDbEntity
  8
VISIBLE
100
AcDbPolyline
 90
2
 70
0
 10
111.43035225737
 20
162.0
 10
111.6202993168955
 20
162.0
  0
LWPOLYLINE
  5
77
330
17
100
AcDbEntity
  8
VISIBLE
100
AcDbPolyline
 90
15
 70
0
 10
111.62029931689526
 20
162.0
 10
111.766995788788
 20
162.0
 10
111.9138716725051
 20
162.0
 10
112.06091990904827
 20
162.0
 10
112.20813343113582
 20
162.0
 10
112.35550516354225
 20
162.0
 10
112.50302802343832
 20
162.0
 10
112.65069492073147
 20
162.0
 10
112.79849875840654
 20
162.0
 10
112.9464324328669
 20
162.0
 10
113.09448883427582
 20
162.0
 10
113.2426608468982
 20
162.0
 10
113.39094134944258
 20
162.0
 10
113.53932321540331
 20
162.0
 10
113.68779931340318
 20
162.0
  0
LWPOLYLINE
  5
78
330
17
100
AcDbEntity
  8
VISIBLE
100
AcDbPolyline
 90
2
 70
0
 10
113.689750872677
 20
162.0
 10
113.68779931340318
 20
162.0
  0
LWPOLYLINE
  5
79
330
17
100
AcDbEntity
  8
VISIBLE
100
AcDbPolyline
 90
4
 70
0
 10
113.68779931340318
 20
162.0
 10
113.80361994510136
 20
162.0
 10
114.05056550355253
 20
162.0
 10
114.784539891147
 20
162.0
  0
LWPOLYLINE
  5
7A
330
17
100
AcDbEntity
  8
VISIBLE
100
AcDbPolyline
 90
15
 70
0
 10
114.78453989114611
 20
162.0
 10
114.8867279383941
 20
162.0
 10
114.98892546524932
 20
162.0
 10
115.0911308920011
 20
162.0
 10
115.19334263881667
 20
162.0
 10
115.29555912576556
 20
162.0
 10
115.39777877284405
 20
162.0
 10
115.49999999999955
 20
162.0
 10
115.60222122715504
 20
162.0
 10
115.70444087423353
 20
162.0
 10
115.80665736118243
 20
162.0
 10
115.908869107998
 20
162.0
 10
116.01107453474978
 20
162.0
 10
116.113272061605
 20
162.0
 10
116.215460108853
 20
162.0
  0
LWPOLYLINE
  5
7B
330
17
100
AcDbEntity
  8
VISIBLE
100
AcDbPolyline
 90
4
 70
0
 10
116.215460108853
 20
162.0
 10
116.94943449644751
 20
162.0
 10
117.19638005489865
 20
162.0
 10
117.31220068659682
 20
162.0
  0
LWPOLYLINE
  5
7C
330
17
100
AcDbEntity
  8
VISIBLE
100
AcDbPolyline
 90
15
 70
0
 10
117.31220068659682
 20
162.0
 10
117.46067678459688
 20
162.0
 10
117.60905865055781
 20
162.0
 10
117.75733915310238
 20
162.0
 10
117.90551116572497
 20
162.0
 10
118.05356756713408
 20
162.0
 10
118.20150124159464
 20
162.0
 10
118.3493050792699
 20
162.0
 10
118.49697197656324
 20
162.0
 10
118.64449483645951
 20
162.0
 10
118.79186656886614
 20
162.0
 10
118.93908009095388
 20
162.0
 10
119.08612832749725
 20
162.0
 10
119.23300421121453
 20
162.0
 10
119.37970068310747
 20
162.0
  0
LWPOLYLINE
  5
7D
330
17
100
AcDbEntity
  8
VISIBLE
100
AcDbPolyline
 90
2
 70
0
 10
119.379700683106
 20
162.0
 10
119.5696477426315
 20
162.0
  0
LWPOLYLINE
  5
7E
330
17
100
AcDbEntity
  8
VISIBLE
100
AcDbPolyline
 90
4
 70
0
 10
119.56964774263
 20
162.0
 10
119.90668123051128
 20
162.0
 10
120.37626022326234
 20
162.0
 10
121.535665502724
 20
162.0
  0
LWPOLYLINE
  5
7F
330
17
100
AcDbEntity
  8
VISIBLE
100
AcDbPolyline
 90
15
 70
0
 10
121.53566550272461
 20
162.0
 10
121.63504761780847
 20
162.0
 10
121.73433490085064
 20
162.0
 10
121.83352581712532
 20
162.0
 10
121.93261883339632
 20
162.0
 10
122.03161241794072
 20
162.0
 10
122.13050504057256
 20
162.0
 10
122.22929517266648
 20
162.0
 10
122.32798128718139
 20
162.0
 10
122.42656185868398
 20
162.0
 10
122.52503536337245
 20
162.0
 10
122.62340027909993
 20
162.0
 10
122.72165508539804
 20
162.0
 10
122.81979826350045
 20
162.0
 10
122.91782829636627
 20
162.0
  0
LWPOLYLINE
  5
80
330
17
100
AcDbEntity
  8
VISIBLE
100
AcDbPolyline
 90
3
 70
0
 10
122.917828296365
 20
162.0
 10
123.13464388517487
 20
162.0
 10
123.21646164531347
 20
162.0
  0
LWPOLYLINE
  5
81
330
17
100
AcDbEntity
  8
VISIBLE
100
AcDbPolyline
 90
15
 70
0
 10
123.21646164531347
 20
162.0
 10
123.32549986801001
 20
162.0
 10
123.43430656814908
 20
162.0
 10
123.54287852661295
 20
162.0
 10
123.65121253122886
 20
162.0
 10
123.75930537686408
 20
162.0
 10
123.86715386552069
 20
162.0
 10
123.9747548064303
 20
162.0
 10
124.08210501614832
 20
162.0
 10
124.18920131864823
 20
162.0
 10
124.29604054541555
 20
162.0
 10
124.4026195355415
 20
162.0
 10
124.50893513581661
 20
162.0
 10
124.61498420082398
 20
162.0
 10
124.72076359303229
 20
162.0
  0
LWPOLYLINE
  5
82
330
17
100
AcDbEntity
  8
VISIBLE
100
AcDbPolyline
 90
2
 70
0
 10
124.720763593032
 20
162.0
 10
125.1722048443318
 20
162.0
  0
LWPOLYLINE
  5
83
330
17
100
AcDbEntity
  8
VISIBLE
100
AcDbPolyline
 90
4
 70
0
 10
125.172204844335
 20
162.0
 10
125.7208702064126
 20
162.0
 10
126.38136608778458
 20
162.0
 10
127.875470484699
 20
162.0
  0
LWPOLYLINE
  5
84
330
17
100
AcDbEntity
  8
VISIBLE
100
AcDbPolyline
 90
15
 70
0
 10
127.87547048470452
 20
162.0
 10
127.96527394071764
 20
162.0
 10
128.05488471568705
 20
162.0
 10
128.14430142446088
 20
162.0
 10
128.23352268488702
 20
162.0
 10
128.3225471178345
 20
162.0
 10
128.41137334721475
 20
162.0
 10
128.50000000000293
 20
162.0
 10
128.5884257062592
 20
162.0
 10
128.67664909914976
 20
162.0
 10
128.76466881496808
 20
162.0
 10
128.85248349315597
 20
162.0
 10
128.9400917763246
 20
162.0
 10
129.02749231027542
 20
162.0
 10
129.1146837440212
 20
162.0
  0
LWPOLYLINE
  5
85
330
17
100
AcDbEntity
  8
VISIBLE
100
AcDbPolyline
 90
15
 70
0
 10
129.114683744021
 20
162.0
 10
129.13762229891424
 20
162.0
 10
129.16053490882712
 20
162.0
 10
129.1834215301694
 20
162.0
 10
129.20628211940027
 20
162.0
 10
129.2291166330285
 20
162.0
 10
129.2519250276124
 20
162.0
 10
129.27470725976002
 20
162.0
 10
129.2974632861291
 20
162.0
 10
129.32019306342738
 20
162.0
 10
129.34289654841237
 20
162.0
 10
129.36557369789173
 20
162.0
 10
129.38822446872317
 20
162.0
 10
129.41084881781455
 20
162.0
 10
129.4334467021241
 20
162.0
  0
LWPOLYLINE
  5
86
330
17
100
AcDbEntity
  8
VISIBLE
100
AcDbPolyline
 90
2
 70
0
 10
129.433446702124
 20
162.0
 10
130.1156171699683
 20
162.0
  0
LWPOLYLINE
  5
87
330
17
100
AcDbEntity
  8
VISIBLE
100
AcDbPolyline
 90
3
 70
0
 10
130.115617169972
 20
162.0
 10
131.64492483573252
 20
162.0
 10
133.371907604573
 20
162.0
  0
LWPOLYLINE
  5
88
330
17
100
AcDbEntity
  8
VISIBLE
100
AcDbPolyline
 90
15
 70
0
 10
133.37190760456772
 20
162.0
 10
133.44601244439136
 20
162.0
 10
133.51983988506402
 20
162.0
 10
133.5933887854035
 20
162.0
 10
133.6666580085332
 20
162.0
 10
133.73964642189955
 20
162.0
 10
133.81235289728954
 20
162.0
 10
133.88477631084828
 20
162.0
 10
133.95691554309624
 20
162.0
 10
134.02876947894663
 20
162.0
 10
134.10033700772254
 20
162.0
 10
134.17161702317426
 20
162.0
 10
134.24260842349625
 20
162.0
 10
134.31331011134424
 20
162.0
 10
134.38372099385214
 20
162.0
  0
LWPOLYLINE
  5
89
330
17
100
AcDbEntity
  8
VISIBLE
100
AcDbPolyline
 90
2
 70
0
 10
134.38372099385
 20
162.0
 10
137.65040375592
 20
162.0
  0
LWPOLYLINE
  5
8A
330
17
100
AcDbEntity
  8
VISIBLE
100
AcDbPolyline
 90
15
 70
0
 10
137.65040375592494
 20
162.0
 10
137.7037598571876
 20
162.0
 10
137.75677274548573
 20
162.0
 10
137.80944160137653
 20
162.0
 10
137.8617656107351
 20
162.0
 10
137.91374396476692
 20
162.0
 10
137.9653758600205
 20
162.0
 10
138.0166604983996
 20
162.0
 10
138.0675970871758
 20
162.0
 10
138.11818483900058
 20
162.0
 10
138.1684229719175
 20
162.0
 10
138.21831070937435
 20
162.0
 10
138.26784728023517
 20
162.0
 10
138.31703191879208
 20
162.0
 10
138.36586386477722
 20
162.0
  0
LWPOLYLINE
  5
8B
330
17
100
AcDbEntity
  8
VISIBLE
100
AcDbPolyline
 90
2
 70
0
 10
138.365863864773
 20
162.0
 10
140.419386496574
 20
162.0
  0
LWPOLYLINE
  5
8C
330
17
100
AcDbEntity
  8
VISIBLE
100
AcDbPolyline
 90
15
 70
0
 10
140.41938649657214
 20
162.0
 10
140.44835772914877
 20
162.0
 10
140.4769433243436
 20
162.0
 10
140.50514284029694
 20
162.0
 10
140.53295584111686
 20
162.0
 10
140.56038189688599
 20
162.0
 10
140.5874205836681
 20
162.0
 10
140.6140714835147
 20
162.0
 10
140.6403341844715
 20
162.0
 10
140.66620828058473
 20
162.0
 10
140.69169337190752
 20
162.0
 10
140.71678906450595
 20
162.0
 10
140.7414949704652
 20
162.0
 10
140.7658107078956
 20
162.0
 10
140.78973590093844
 20
162.0
  0
LWPOLYLINE
  5
8D
330
17
100
AcDbEntity
  8
VISIBLE
100
AcDbPolyline
 90
2
 70
0
 10
140.789735900939
 20
147.0
 10
140.789735900939
 20
162.0
  0
LWPOLYLINE
  5
8E
330
17
100
AcDbEntity
  8
VISIBLE
100
AcDbPolyline
 90
2
 70
0
 10
140.419386496574
 20
147.0
 10
140.419386496574
 20
162.0
  0
LWPOLYLINE
  5
8F
330
17
100
AcDbEntity
  8
VISIBLE
100
AcDbPolyline
 90
2
 70
0
 10
138.365863864773
 20
147.0
 10
138.365863864773
 20
162.0
  0
LWPOLYLINE
  5
90
330
17
100
AcDbEntity
  8
VISIBLE
100
AcDbPolyline
 90
2
 70
0
 10
137.65040375592
 20
147.0
 10
137.65040375592
 20
162.0
  0
LWPOLYLINE
  5
91
330
17
100
AcDbEntity
  8
VISIBLE
100
AcDbPolyline
 90
2
 70
0
 10
134.38372099385
 20
147.0
 10
134.38372099385
 20
162.0
  0
LWPOLYLINE
  5
92
330
17
100
AcDbEntity
  8
VISIBLE
100
AcDbPolyline
 90
2
 70
0
 10
133.371907604573
 20
147.0
 10
133.371907604573
 20
162.0
  0
LWPOLYLINE
  5
93
330
17
100
AcDbEntity
  8
VISIBLE
100
AcDbPolyline
 90
2
 70
0
 10
129.433446702124
 20
147.0
 10
129.433446702124
 20
162.0
  0
LWPOLYLINE
  5
94
330
17
100
AcDbEntity
  8
VISIBLE
100
AcDbPolyline
 90
2
 70
0
 10
129.114683744021
 20
147.0
 10
129.114683744021
 20
162.0
  0
LWPOLYLINE
  5
95
330
17
100
AcDbEntity
  8
VISIBLE
100
AcDbPolyline
 90
2
 70
0
 10
127.875470484699
 20
147.0
 10
127.875470484699
 20
162.0
  0
LWPOLYLINE
  5
96
330
17
100
AcDbEntity
  8
VISIBLE
100
AcDbPolyline
 90
2
 70
0
 10
124.720763593032
 20
147.0
 10
124.720763593032
 20
162.0
  0
LWPOLYLINE
  5
97
330
17
100
AcDbEntity
  8
VISIBLE
100
AcDbPolyline
 90
2
 70
0
 10
122.917828296365
 20
147.0
 10
122.917828296365
 20
162.0
  0
LWPOLYLINE
  5
98
330
17
100
AcDbEntity
  8
VISIBLE
100
AcDbPolyline
 90
2
 70
0
 10
121.535665502724
 20
147.0
 10
121.535665502724
 20
162.0
  0
LWPOLYLINE
  5
99
330
17
100
AcDbEntity
  8
VISIBLE
100
AcDbPolyline
 90
2
 70
0
 10
119.379700683106
 20
147.0
 10
119.379700683106
 20
162.0
  0
LWPOLYLINE
  5
9A
330
17
100
AcDbEntity
  8
VISIBLE
100
AcDbPolyline
 90
2
 70
0
 10
116.215460108853
 20
147.0
 10
116.215460108853
 20
162.0
  0
LWPOLYLINE
  5
9B
330
17
100
AcDbEntity
  8
VISIBLE
100
AcDbPolyline
 90
2
 70
0
 10
114.784539891147
 20
147.0
 10
114.784539891147
 20
162.0
  0
LWPOLYLINE
  5
9C
330
17
100
AcDbEntity
  8
VISIBLE
100
AcDbPolyline
 90
2
 70
0
 10
111.620299316894
 20
147.0
 10
111.620299316894
 20
162.0
  0
LWPOLYLINE
  5
9D
330
17
100
AcDbEntity
  8
VISIBLE
100
AcDbPolyline
 90
2
 70
0
 10
109.464334497276
 20
147.0
 10
109.464334497276
 20
162.0
  0
LWPOLYLINE
  5
9E
330
17
100
AcDbEntity
  8
VISIBLE
100
AcDbPolyline
 90
2
 70
0
 10
108.082171703635
 20
147.0
 10
108.082171703635
 20
162.0
  0
LWPOLYLINE
  5
9F
330
17
100
AcDbEntity
  8
VISIBLE
100
AcDbPolyline
 90
2
 70
0
 10
106.279236406968
 20
147.0
 10
106.279236406968
 20
162.0
  0
LWPOLYLINE
  5
A0
330
17
100
AcDbEntity
  8
VISIBLE
100
AcDbPolyline
 90
2
 70
0
 10
103.12452951531
 20
147.0
 10
103.12452951531
 20
162.0
  0
LWPOLYLINE
  5
A1
330
17
100
AcDbEntity
  8
VISIBLE
100
AcDbPolyline
 90
2
 70
0
 10
101.88531625598
 20
147.0
 10
101.88531625598
 20
162.0
  0
LWPOLYLINE
  5
A2
330
17
100
AcDbEntity
  8
VISIBLE
100
AcDbPolyline
 90
2
 70
0
 10
101.56655329788
 20
147.0
 10
101.56655329788
 20
162.0
  0
LWPOLYLINE
  5
A3
330
17
100
AcDbEntity
  8
VISIBLE
100
AcDbPolyline
 90
2
 70
0
 10
97.62809239543
 20
147.0
 10
97.62809239543
 20
162.0
  0
LWPOLYLINE
  5
A4
330
17
100
AcDbEntity
  8
VISIBLE
100
AcDbPolyline
 90
2
 70
0
 10
96.61627900615
 20
147.0
 10
96.61627900615
 20
162.0
  0
LWPOLYLINE
  5
A5
330
17
100
AcDbEntity
  8
VISIBLE
100
AcDbPolyline
 90
2
 70
0
 10
93.34959624408
 20
147.0
 10
93.34959624408
 20
162.0
  0
LWPOLYLINE
  5
A6
330
17
100
AcDbEntity
  8
VISIBLE
100
AcDbPolyline
 90
2
 70
0
 10
92.63413613523
 20
147.0
 10
92.63413613523
 20
162.0
  0
LWPOLYLINE
  5
A7
330
17
100
AcDbEntity
  8
VISIBLE
100
AcDbPolyline
 90
2
 70
0
 10
90.58061350343
 20
147.0
 10
90.58061350343
 20
162.0
  0
LWPOLYLINE
  5
A8
330
17
100
AcDbEntity
  8
VISIBLE
100
AcDbPolyline
 90
2
 70
0
 10
90.21026409907
 20
147.0
 10
90.21026409907
 20
162.0
  0
LWPOLYLINE
  5
A9
330
17
100
AcDbEntity
  8
VISIBLE
100
AcDbPolyline
 90
2
 70
0
 10
89.50984577128
 20
147.0
 10
89.50984577128
 20
162.0
  0
LWPOLYLINE
  5
AA
330
17
100
AcDbEntity
  8
VISIBLE
100
AcDbPolyline
 90
2
 70
0
 10
141.5
 20
162.0
 10
141.5
 20
147.0
  0
LWPOLYLINE
  5
AB
330
17
100
AcDbEntity
  8
VISIBLE
100
AcDbPolyline
 90
2
 70
0
 10
123.21646164531347
 20
162.0
 10
123.21646164531347
 20
147.0
  0
LWPOLYLINE
  5
AC
330
17
100
AcDbEntity
  8
VISIBLE
100
AcDbPolyline
 90
2
 70
0
 10
117.31220068659682
 20
162.0
 10
117.31220068659682
 20
147.0
  0
LWPOLYLINE
  5
AD
330
17
100
AcDbEntity
  8
VISIBLE
100
AcDbPolyline
 90
2
 70
0
 10
113.68779931340318
 20
162.0
 10
113.68779931340318
 20
147.0
  0
LWPOLYLINE
  5
AE
330
17
100
AcDbEntity
  8
VISIBLE
100
AcDbPolyline
 90
2
 70
0
 10
107.78353835468653
 20
162.0
 10
107.78353835468653
 20
147.0
  0
LWPOLYLINE
  5
AF
330
17
100
AcDbEntity
  8
VISIBLE
100
AcDbPolyline
 90
2
 70
0
 10
89.5
 20
162.0
 10
89.5
 20
147.0
  0
LWPOLYLINE
  5
B0
330
17
100
AcDbEntity
  8
HIDDEN
100
AcDbPolyline
 90
2
 70
0
 10
136.930626713611
 20
147.0
 10
136.930626713611
 20
162.0
  0
LWPOLYLINE
  5
B1
330
17
100
AcDbEntity
  8
HIDDEN
100
AcDbPolyline
 90
2
 70
0
 10
136.930626713611
 20
162.0
 10
137.979853151551
 20
162.0
  0
LWPOLYLINE
  5
B2
330
17
100
AcDbEntity
  8
HIDDEN
100
AcDbPolyline
 90
2
 70
0
 10
136.930626713611
 20
147.0
 10
137.979853151551
 20
147.0
  0
LWPOLYLINE
  5
B3
330
17
100
AcDbEntity
  8
HIDDEN
100
AcDbPolyline
 90
15
 70
0
 10
136.64705470294854
 20
147.0
 10
136.67451762847872
 20
147.0
 10
136.70087652644077
 20
147.0
 10
136.72613002249642
 20
147.0
 10
136.75027679994244
 20
147.0
 10
136.7733155997793
 20
147.0
 10
136.79524522077676
 20
147.0
 10
136.8160645195366
 20
147.0
 10
136.83577241055218
 20
147.0
 10
136.854367866265
 20
147.0
 10
136.87184991711837
 20
147.0
 10
136.88821765160785
 20
147.0
 10
136.9034702163289
 20
147.0
 10
136.9176068160213
 20
147.0
 10
136.9306267136106
 20
147.0
  0
LWPOLYLINE
  5
B4
330
17
100
AcDbEntity
  8
HIDDEN
100
AcDbPolyline
 90
15
 70
0
 10
136.64705470294854
 20
162.0
 10
136.67451762847872
 20
162.0
 10
136.70087652644077
 20
162.0
 10
136.72613002249642
 20
162.0
 10
136.75027679994244
 20
162.0
 10
136.7733155997793
 20
162.0
 10
136.79524522077676
 20
162.0
 10
136.8160645195366
 20
162.0
 10
136.83577241055218
 20
162.0
 10
136.854367866265
 20
162.0
 10
136.87184991711837
 20
162.0
 10
136.88821765160785
 20
162.0
 10
136.9034702163289
 20
162.0
 10
136.9176068160213
 20
162.0
 10
136.9306267136106
 20
162.0
  0
LWPOLYLINE
  5
B5
330
17
100
AcDbEntity
  8
HIDDEN
100
AcDbPolyline
 90
2
 70
0
 10
136.647054702949
 20
147.0
 10
136.647054702949
 20
162.0
  0
LWPOLYLINE
  5
B6
330
17
100
AcDbEntity
  8
HIDDEN
100
AcDbPolyline
 90
2
 70
0
 10
137.979853151551
 20
162.0
 10
140.789735900939
 20
162.0
  0
LWPOLYLINE
  5
B7
330
17
100
AcDbEntity
  8
HIDDEN
100
AcDbPolyline
 90
2
 70
0
 10
137.979853151551
 20
147.0
 10
140.789735900939
 20
147.0
  0
LWPOLYLINE
  5
B8
330
17
100
AcDbEntity
  8
HIDDEN
100
AcDbPolyline
 90
15
 70
0
 10
141.5
 20
147.0
 10
141.49994976331845
 20
147.0
 10
141.49979905346802
 20
147.0
 10
141.4995478710311
 20
147.0
 10
141.4991962169783
 20
147.0
 10
141.4987440926686
 20
147.0
 10
141.49819149984916
 20
147.0
 10
141.49753844065535
 20
147.0
 10
141.49678491761088
 20
147.0
 10
141.49593093362762
 20
147.0
 10
141.49497649200566
 20
147.0
 10
141.49392159643332
 20
147.0
 10
141.49276625098707
 20
147.0
 10
141.49151046013162
 20
147.0
 10
141.49015422871977
 20
147.0
  0
LWPOLYLINE
  5
B9
330
17
100
AcDbEntity
  8
HIDDEN
100
AcDbPolyline
 90
3
 70
0
 10
141.49015422872
 20
147.0
 10
139.79352638326134
 20
147.0
 10
137.979853151551
 20
147.0
  0
LWPOLYLINE
  5
BA
330
17
100
AcDbEntity
  8
HIDDEN
100
AcDbPolyline
 90
2
 70
0
 10
137.979853151551
 20
147.0
 10
136.93062671361102
 20
147.0
  0
LWPOLYLINE
  5
BB
330
17
100
AcDbEntity
  8
HIDDEN
100
AcDbPolyline
 90
15
 70
0
 10
136.9306267136107
 20
147.0
 10
136.91760681602142
 20
147.0
 10
136.90347021632903
 20
147.0
 10
136.88821765160793
 20
147.0
 10
136.87184991711842
 20
147.0
 10
136.85436786626505
 20
147.0
 10
136.8357724105522
 20
147.0
 10
136.8160645195366
 20
147.0
 10
136.79524522077674
 20
147.0
 10
136.77331559977927
 20
147.0
 10
136.75027679994238
 20
147.0
 10
136.72613002249633
 20
147.0
 10
136.70087652644065
 20
147.0
 10
136.67451762847855
 20
147.0
 10
136.64705470294834
 20
147.0
  0
LWPOLYLINE
  5
BC
330
17
100
AcDbEntity
  8
HIDDEN
100
AcDbPolyline
 90
2
 70
0
 10
136.647054702949
 20
147.0
 10
137.68239768080002
 20
147.0
  0
LWPOLYLINE
  5
BD
330
17
100
AcDbEntity
  8
HIDDEN
100
AcDbPolyline
 90
3
 70
0
 10
137.6823976808
 20
147.0
 10
139.34391921384776
 20
147.0
 10
140.789735900939
 20
147.0
  0
LWPOLYLINE
  5
BE
330
17
100
AcDbEntity
  8
HIDDEN
100
AcDbPolyline
 90
15
 70
0
 10
140.78973590093864
 20
147.0
 10
140.76581070789592
 20
147.0
 10
140.74149497046565
 20
147.0
 10
140.71678906450651
 20
147.0
 10
140.6916933719082
 20
147.0
 10
140.66620828058555
 20
147.0
 10
140.64033418447244
 20
147.0
 10
140.61407148351577
 20
147.0
 10
140.5874205836693
 20
147.0
 10
140.56038189688735
 20
147.0
 10
140.5329558411184
 20
147.0
 10
140.50514284029862
 20
147.0
 10
140.47694332434543
 20
147.0
 10
140.44835772915076
 20
147.0
 10
140.4193864965743
 20
147.0
  0
LWPOLYLINE
  5
BF
330
17
100
AcDbEntity
  8
HIDDEN
100
AcDbPolyline
 90
2
 70
0
 10
140.419386496574
 20
147.0
 10
136.745343779737
 20
147.0
  0
LWPOLYLINE
  5
C0
330
17
100
AcDbEntity
  8
HIDDEN
100
AcDbPolyline
 90
2
 70
0
 10
136.745343779737
 20
147.0
 10
135.75373692952584
 20
147.0
  0
LWPOLYLINE
  5
C1
330
17
100
AcDbEntity
  8
HIDDEN
100
AcDbPolyline
 90
15
 70
0
 10
135.75373692952698
 20
147.0
 10
135.70112149332243
 20
147.0
 10
135.6474527818827
 20
147.0
 10
135.59273359346446
 20
147.0
 10
135.5369667810958
 20
147.0
 10
135.4801552524273
 20
147.0
 10
135.42230196958042
 20
147.0
 10
135.3634099489932
 20
147.0
 10
135.30348226126273
 20
147.0
 10
135.2425220309854
 20
147.0
 10
135.18053243659367
 20
147.0
 10
135.11751671019047
 20
147.0
 10
135.05347813738075
 20
147.0
 10
134.98842005710003
 20
147.0
 10
134.92234586144048
 20
147.0
  0
LWPOLYLINE
  5
C2
330
17
100
AcDbEntity
  8
HIDDEN
100
AcDbPolyline
 90
2
 70
0
 10
134.922345861441
 20
147.0
 10
135.87324846624824
 20
147.0
  0
LWPOLYLINE
  5
C3
330
17
100
AcDbEntity
  8
HIDDEN
100
AcDbPolyline
 90
3
 70
0
 10
135.87324846624801
 20
147.0
 10
137.2693883539493
 20
147.0
 10
138.365863864773
 20
147.0
  0
LWPOLYLINE
  5
C4
330
17
100
AcDbEntity
  8
HIDDEN
100
AcDbPolyline
 90
15
 70
0
 10
138.36586386477038
 20
147.0
 10
138.31703191878537
 20
147.0
 10
138.2678472802286
 20
147.0
 10
138.21831070936793
 20
147.0
 10
138.1684229719112
 20
147.0
 10
138.11818483899447
 20
147.0
 10
138.06759708716987
 20
147.0
 10
138.01666049839383
 20
147.0
 10
137.96537586001486
 20
147.0
 10
137.91374396476147
 20
147.0
 10
137.8617656107298
 20
147.0
 10
137.80944160137142
 20
147.0
 10
137.7567727454808
 20
147.0
 10
137.70375985718283
 20
147.0
 10
137.65040375592034
 20
147.0
  0
LWPOLYLINE
  5
C5
330
17
100
AcDbEntity
  8
HIDDEN
100
AcDbPolyline
 90
2
 70
0
 10
137.65040375592
 20
147.0
 10
134.062999338925
 20
147.0
  0
LWPOLYLINE
  5
C6
330
17
100
AcDbEntity
  8
HIDDEN
100
AcDbPolyline
 90
2
 70
0
 10
134.062999338925
 20
147.0
 10
133.19658844457626
 20
147.0
  0
LWPOLYLINE
  5
C7
330
17
100
AcDbEntity
  8
HIDDEN
100
AcDbPolyline
 90
15
 70
0
 10
133.19658844457115
 20
147.0
 10
133.10796312477805
 20
147.0
 10
133.0184197355843
 20
147.0
 10
132.9279629457324
 20
147.0
 10
132.83659747158902
 20
147.0
 10
132.7443280768992
 20
147.0
 10
132.65115957253778
 20
147.0
 10
132.5570968162588
 20
147.0
 10
132.46214471244198
 20
147.0
 10
132.36630821183724
 20
147.0
 10
132.26959231130638
 20
147.0
 10
132.1720020535626
 20
147.0
 10
132.07354252690772
 20
147.0
 10
131.97421886496662
 20
147.0
 10
131.87403624641976
 20
147.0
  0
LWPOLYLINE
  5
C8
330
17
100
AcDbEntity
  8
HIDDEN
100
AcDbPolyline
 90
2
 70
0
 10
131.87403624642
 20
147.0
 10
132.67569603710723
 20
147.0
  0
LWPOLYLINE
  5
C9
330
17
100
AcDbEntity
  8
HIDDEN
100
AcDbPolyline
 90
4
 70
0
 10
132.675696037107
 20
147.0
 10
133.25374001918172
 20
147.0
 10
133.71130965334436
 20
147.0
 10
134.38372099385
 20
147.0
  0
LWPOLYLINE
  5
CA
330
17
100
AcDbEntity
  8
HIDDEN
100
AcDbPolyline
 90
15
 70
0
 10
134.3837209938557
 20
147.0
 10
134.31331011134796
 20
147.0
 10
134.24260842350012
 20
147.0
 10
134.17161702317827
 20
147.0
 10
134.1003370077267
 20
147.0
 10
134.02876947895092
 20
147.0
 10
133.95691554310068
 20
147.0
 10
133.88477631085286
 20
147.0
 10
133.81235289729426
 20
147.0
 10
133.7396464219044
 20
147.0
 10
133.66665800853823
 20
147.0
 10
133.59338878540868
 20
147.0
 10
133.51983988506933
 20
147.0
 10
133.44601244439684
 20
147.0
 10
133.37190760457335
 20
147.0
  0
LWPOLYLINE
  5
CB
330
17
100
AcDbEntity
  8
HIDDEN
100
AcDbPolyline
 90
3
 70
0
 10
133.371907604573
 20
147.0
 10
131.64492483573252
 20
147.0
 10
130.115617169972
 20
147.0
  0
LWPOLYLINE
  5
CC
330
17
100
AcDbEntity
  8
HIDDEN
100
AcDbPolyline
 90
2
 70
0
 10
130.115617169972
 20
147.0
 10
129.4334467021243
 20
147.0
  0
LWPOLYLINE
  5
CD
330
17
100
AcDbEntity
  8
HIDDEN
100
AcDbPolyline
 90
15
 70
0
 10
129.43344670212358
 20
147.0
 10
129.31485116782486
 20
147.0
 10
129.19553533487252
 20
147.0
 10
129.0755054243277
 20
147.0
 10
128.95476769448317
 20
147.0
 10
128.83332844053695
 20
147.0
 10
128.71119399426422
 20
147.0
 10
128.58837072368704
 20
147.0
 10
128.4648650327424
 20
147.0
 10
128.3406833609483
 20
147.0
 10
128.21583218306804
 20
147.0
 10
128.09031800877256
 20
147.0
 10
127.96414738230105
 20
147.0
 10
127.83732688211981
 20
147.0
 10
127.70986312057913
 20
147.0
  0
LWPOLYLINE
  5
CE
330
17
100
AcDbEntity
  8
HIDDEN
100
AcDbPolyline
 90
2
 70
0
 10
127.709863120579
 20
147.0
 10
128.3076483072164
 20
147.0
  0
LWPOLYLINE
  5
CF
330
17
100
AcDbEntity
  8
HIDDEN
100
AcDbPolyline
 90
4
 70
0
 10
128.307648307216
 20
147.0
 10
128.67889392269552
 20
147.0
 10
128.9121602954769
 20
147.0
 10
129.114683744021
 20
147.0
  0
LWPOLYLINE
  5
D0
330
17
100
AcDbEntity
  8
HIDDEN
100
AcDbPolyline
 90
15
 70
0
 10
129.1146837440138
 20
147.0
 10
129.0274923102682
 20
147.0
 10
128.94009177631753
 20
147.0
 10
128.85248349314907
 20
147.0
 10
128.7646688149613
 20
147.0
 10
128.67664909914313
 20
147.0
 10
128.58842570625274
 20
147.0
 10
128.49999999999665
 20
147.0
 10
128.4113733472086
 20
147.0
 10
128.3225471178285
 20
147.0
 10
128.2335226848812
 20
147.0
 10
128.14430142445522
 20
147.0
 10
128.05488471568154
 20
147.0
 10
127.96527394071228
 20
147.0
 10
127.87547048469933
 20
147.0
  0
LWPOLYLINE
  5
D1
330
17
100
AcDbEntity
  8
HIDDEN
100
AcDbPolyline
 90
4
 70
0
 10
127.875470484699
 20
147.0
 10
126.38136608778458
 20
147.0
 10
125.72087020641263
 20
147.0
 10
125.172204844335
 20
147.0
  0
LWPOLYLINE
  5
D2
330
17
100
AcDbEntity
  8
HIDDEN
100
AcDbPolyline
 90
2
 70
0
 10
125.172204844335
 20
147.0
 10
124.72076359303249
 20
147.0
  0
LWPOLYLINE
  5
D3
330
17
100
AcDbEntity
  8
HIDDEN
100
AcDbPolyline
 90
15
 70
0
 10
124.72076359302645
 20
147.0
 10
124.58027993389679
 20
147.0
 10
124.43932283402344
 20
147.0
 10
124.29789964283117
 20
147.0
 10
124.15601773404647
 20
147.0
 10
124.01368450531314
 20
147.0
 10
123.8709073778065
 20
147.0
 10
123.72769379584659
 20
147.0
 10
123.58405122650987
 20
147.0
 10
123.43998715923998
 20
147.0
 10
123.29550910545724
 20
147.0
 10
123.15062459816698
 20
147.0
 10
123.00534119156681
 20
147.0
 10
122.85966646065272
 20
147.0
 10
122.71360800082412
 20
147.0
  0
LWPOLYLINE
  5
D4
330
17
100
AcDbEntity
  8
HIDDEN
100
AcDbPolyline
 90
2
 70
0
 10
122.713608000824
 20
147.0
 10
123.06678051082753
 20
147.0
  0
LWPOLYLINE
  5
D5
330
17
100
AcDbEntity
  8
HIDDEN
100
AcDbPolyline
 90
2
 70
0
 10
123.066780510828
 20
147.0
 10
123.21646164531347
 20
147.0
  0
LWPOLYLINE
  5
D6
330
17
100
AcDbEntity
  8
HIDDEN
100
AcDbPolyline
 90
3
 70
0
 10
123.21646164531347
 20
147.0
 10
123.13464388517484
 20
147.0
 10
122.917828296365
 20
147.0
  0
LWPOLYLINE
  5
D7
330
17
100
AcDbEntity
  8
HIDDEN
100
AcDbPolyline
 90
15
 70
0
 10
122.91782829637124
 20
147.0
 10
122.81979826350502
 20
147.0
 10
122.72165508540223
 20
147.0
 10
122.62340027910372
 20
147.0
 10
122.52503536337586
 20
147.0
 10
122.426561858687
 20
147.0
 10
122.32798128718399
 20
147.0
 10
122.22929517266869
 20
147.0
 10
122.13050504057438
 20
147.0
 10
122.03161241794214
 20
147.0
 10
121.93261883339733
 20
147.0
 10
121.83352581712593
 20
147.0
 10
121.73433490085084
 20
147.0
 10
121.63504761780827
 20
147.0
 10
121.535665502724
 20
147.0
  0
LWPOLYLINE
  5
D8
330
17
100
AcDbEntity
  8
HIDDEN
100
AcDbPolyline
 90
4
 70
0
 10
121.535665502724
 20
147.0
 10
120.37626022326234
 20
147.0
 10
119.90668123051131
 20
147.0
 10
119.56964774263
 20
147.0
  0
LWPOLYLINE
  5
D9
330
17
100
AcDbEntity
  8
HIDDEN
100
AcDbPolyline
 90
2
 70
0
 10
119.56964774263
 20
147.0
 10
119.3797006831061
 20
147.0
  0
LWPOLYLINE
  5
DA
330
17
100
AcDbEntity
  8
HIDDEN
100
AcDbPolyline
 90
15
 70
0
 10
119.37970068310462
 20
147.0
 10
119.22690262835297
 20
147.0
 10
119.07391025497185
 20
147.0
 10
118.92073153989848
 20
147.0
 10
118.76737446978584
 20
147.0
 10
118.61384704058624
 20
147.0
 10
118.4601572571344
 20
147.0
 10
118.30631313273015
 20
147.0
 10
118.15232268872053
 20
147.0
 10
117.99819395408161
 20
147.0
 10
117.84393496499986
 20
147.0
 10
117.68955376445315
 20
147.0
 10
117.53505840179137
 20
147.0
 10
117.3804569323168
 20
147.0
 10
117.22575741686401
 20
147.0
  0
LWPOLYLINE
  5
DB
330
17
100
AcDbEntity
  8
HIDDEN
100
AcDbPolyline
 90
2
 70
0
 10
117.225757416864
 20
147.0
 10
117.31024912732312
 20
147.0
  0
LWPOLYLINE
  5
DC
330
17
100
AcDbEntity
  8
HIDDEN
100
AcDbPolyline
 90
2
 70
0
 10
117.310249127323
 20
147.0
 10
117.31220068659682
 20
147.0
  0
LWPOLYLINE
  5
DD
330
17
100
AcDbEntity
  8
HIDDEN
100
AcDbPolyline
 90
4
 70
0
 10
117.31220068659682
 20
147.0
 10
117.19638005489864
 20
147.0
 10
116.94943449644747
 20
147.0
 10
116.215460108853
 20
147.0
  0
LWPOLYLINE
  5
DE
330
17
100
AcDbEntity
  8
HIDDEN
100
AcDbPolyline
 90
15
 70
0
 10
116.21546010885378
 20
147.0
 10
116.1132720616058
 20
147.0
 10
116.01107453475058
 20
147.0
 10
115.90886910799881
 20
147.0
 10
115.80665736118324
 20
147.0
 10
115.70444087423435
 20
147.0
 10
115.60222122715588
 20
147.0
 10
115.5000000000004
 20
147.0
 10
115.3977787728449
 20
147.0
 10
115.29555912576643
 20
147.0
 10
115.19334263881754
 20
147.0
 10
115.09113089200198
 20
147.0
 10
114.9889254652502
 20
147.0
 10
114.886727938395
 20
147.0
 10
114.784539891147
 20
147.0
  0
LWPOLYLINE
  5
DF
330
17
100
AcDbEntity
  8
HIDDEN
100
AcDbPolyline
 90
4
 70
0
 10
114.784539891147
 20
147.0
 10
114.05056550355249
 20
147.0
 10
113.80361994510135
 20
147.0
 10
113.68779931340318
 20
147.0
  0
LWPOLYLINE
  5
E0
330
17
100
AcDbEntity
  8
HIDDEN
100
AcDbPolyline
 90
2
 70
0
 10
113.68779931340318
 20
147.0
 10
113.689750872677
 20
147.0
  0
LWPOLYLINE
  5
E1
330
17
100
AcDbEntity
  8
HIDDEN
100
AcDbPolyline
 90
2
 70
0
 10
113.689750872677
 20
147.0
 10
113.77424258313611
 20
147.0
  0
LWPOLYLINE
  5
E2
330
17
100
AcDbEntity
  8
HIDDEN
100
AcDbPolyline
 90
15
 70
0
 10
113.77424258313688
 20
147.0
 10
113.61954306768394
 20
147.0
 10
113.46494159820921
 20
147.0
 10
113.31044623554727
 20
147.0
 10
113.15606503500041
 20
147.0
 10
113.0018060459185
 20
147.0
 10
112.84767731127943
 20
147.0
 10
112.69368686726965
 20
147.0
 10
112.53984274286525
 20
147.0
 10
112.38615295941325
 20
147.0
 10
112.2326255302135
 20
147.0
 10
112.07926846010069
 20
147.0
 10
111.92608974502717
 20
147.0
 10
111.77309737164589
 20
147.0
 10
111.6202993168941
 20
147.0
  0
LWPOLYLINE
  5
E3
330
17
100
AcDbEntity
  8
HIDDEN
100
AcDbPolyline
 90
2
 70
0
 10
111.620299316894
 20
147.0
 10
111.4303522573701
 20
147.0
  0
LWPOLYLINE
  5
E4
330
17
100
AcDbEntity
  8
HIDDEN
100
AcDbPolyline
 90
4
 70
0
 10
111.43035225737
 20
147.0
 10
111.09331876948872
 20
147.0
 10
110.62373977673766
 20
147.0
 10
109.464334497276
 20
147.0
  0
LWPOLYLINE
  5
E5
330
17
100
AcDbEntity
  8
HIDDEN
100
AcDbPolyline
 90
15
 70
0
 10
109.46433449727567
 20
147.0
 10
109.36495238219187
 20
147.0
 10
109.26566509914976
 20
147.0
 10
109.16647418287513
 20
147.0
 10
109.06738116660419
 20
147.0
 10
108.96838758205985
 20
147.0
 10
108.86949495942807
 20
147.0
 10
108.77070482733421
 20
147.0
 10
108.67201871281937
 20
147.0
 10
108.57343814131681
 20
147.0
 10
108.47496463662841
 20
147.0
 10
108.376599720901
 20
147.0
 10
108.27834491460294
 20
147.0
 10
108.18020173650059
 20
147.0
 10
108.08217170363483
 20
147.0
  0
LWPOLYLINE
  5
E6
330
17
100
AcDbEntity
  8
HIDDEN
100
AcDbPolyline
 90
3
 70
0
 10
108.082171703635
 20
147.0
 10
107.86535611482513
 20
147.0
 10
107.78353835468653
 20
147.0
  0
LWPOLYLINE
  5
E7
330
17
100
AcDbEntity
  8
HIDDEN
100
AcDbPolyline
 90
2
 70
0
 10
107.78353835468653
 20
147.0
 10
107.933219489172
 20
147.0
  0
LWPOLYLINE
  5
E8
330
17
100
AcDbEntity
  8
HIDDEN
100
AcDbPolyline
 90
2
 70
0
 10
107.933219489172
 20
147.0
 10
108.28639199917554
 20
147.0
  0
LWPOLYLINE
  5
E9
330
17
100
AcDbEntity
  8
HIDDEN
100
AcDbPolyline
 90
15
 70
0
 10
108.28639199917855
 20
147.0
 10
108.14033353934934
 20
147.0
 10
107.99465880843464
 20
147.0
 10
107.84937540183387
 20
147.0
 10
107.70449089454301
 20
147.0
 10
107.56001284075967
 20
147.0
 10
107.41594877348919
 20
147.0
 10
107.27230620415187
 20
147.0
 10
107.12909262219137
 20
147.0
 10
106.98631549468416
 20
147.0
 10
106.84398226595025
 20
147.0
 10
106.70210035716497
 20
147.0
 10
106.56067716597212
 20
147.0
 10
106.41972006609821
 20
147.0
 10
106.279236406968
 20
147.0
  0
LWPOLYLINE
  5
EA
330
17
100
AcDbEntity
  8
HIDDEN
100
AcDbPolyline
 90
2
 70
0
 10
106.279236406968
 20
147.0
 10
105.82779515566548
 20
147.0
  0
LWPOLYLINE
  5
EB
330
17
100
AcDbEntity
  8
HIDDEN
100
AcDbPolyline
 90
4
 70
0
 10
105.827795155665
 20
147.0
 10
105.27912979359186
 20
147.0
 10
104.61863391222145
 20
147.0
 10
103.12452951531
 20
147.0
  0
LWPOLYLINE
  5
EC
330
17
100
AcDbEntity
  8
HIDDEN
100
AcDbPolyline
 90
15
 70
0
 10
103.12452951529582
 20
147.0
 10
103.03472605928273
 20
147.0
 10
102.94511528431333
 20
147.0
 10
102.85569857553952
 20
147.0
 10
102.76647731511339
 20
147.0
 10
102.67745288216594
 20
147.0
 10
102.5886266527857
 20
147.0
 10
102.49999999999753
 20
147.0
 10
102.41157429374128
 20
147.0
 10
102.32335090085073
 20
147.0
 10
102.23533118503242
 20
147.0
 10
102.14751650684454
 20
147.0
 10
102.05990822367595
 20
147.0
 10
101.97250768972513
 20
147.0
 10
101.88531625597938
 20
147.0
  0
LWPOLYLINE
  5
ED
330
17
100
AcDbEntity
  8
HIDDEN
100
AcDbPolyline
 90
4
 70
0
 10
101.88531625598
 20
147.0
 10
102.08783970452563
 20
147.0
 10
102.32110607731056
 20
147.0
 10
102.69235169279
 20
147.0
  0
LWPOLYLINE
  5
EE
330
17
100
AcDbEntity
  8
HIDDEN
100
AcDbPolyline
 90
2
 70
0
 10
102.69235169279
 20
147.0
 10
103.29013687942837
 20
147.0
  0
LWPOLYLINE
  5
EF
330
17
100
AcDbEntity
  8
HIDDEN
100
AcDbPolyline
 90
15
 70
0
 10
103.29013687941331
 20
147.0
 10
103.1626731178734
 20
147.0
 10
103.03585261769288
 20
147.0
 10
102.90968199122212
 20
147.0
 10
102.78416781692735
 20
147.0
 10
102.65931663904782
 20
147.0
 10
102.53513496725444
 20
147.0
 10
102.41162927631049
 20
147.0
 10
102.28880600573402
 20
147.0
 10
102.16667155946197
 20
147.0
 10
102.04523230551646
 20
147.0
 10
101.9244945756726
 20
147.0
 10
101.80446466512845
 20
147.0
 10
101.68514883217676
 20
147.0
 10
101.5665532978787
 20
147.0
  0
LWPOLYLINE
  5
F0
330
17
100
AcDbEntity
  8
HIDDEN
100
AcDbPolyline
 90
2
 70
0
 10
101.56655329788
 20
147.0
 10
100.88438283003143
 20
147.0
  0
LWPOLYLINE
  5
F1
330
17
100
AcDbEntity
  8
HIDDEN
100
AcDbPolyline
 90
3
 70
0
 10
100.88438283003
 20
147.0
 10
99.35507516427361
 20
147.0
 10
97.62809239543
 20
147.0
  0
LWPOLYLINE
  5
F2
330
17
100
AcDbEntity
  8
HIDDEN
100
AcDbPolyline
 90
15
 70
0
 10
97.6280923954324
 20
147.0
 10
97.55398755560887
 20
147.0
 10
97.48016011493634
 20
147.0
 10
97.40661121459695
 20
147.0
 10
97.33334199146736
 20
147.0
 10
97.26035357810115
 20
147.0
 10
97.18764710271125
 20
147.0
 10
97.11522368915261
 20
147.0
 10
97.04308445690475
 20
147.0
 10
96.9712305210545
 20
147.0
 10
96.89966299227868
 20
147.0
 10
96.82838297682706
 20
147.0
 10
96.75739157650517
 20
147.0
 10
96.6866898886573
 20
147.0
 10
96.61627900614951
 20
147.0
  0
LWPOLYLINE
  5
F3
330
17
100
AcDbEntity
  8
HIDDEN
100
AcDbPolyline
 90
4
 70
0
 10
96.61627900615
 20
147.0
 10
97.28869034666138
 20
147.0
 10
97.74625998082477
 20
147.0
 10
98.3243039629
 20
147.0
  0
LWPOLYLINE
  5
F4
330
17
100
AcDbEntity
  8
HIDDEN
100
AcDbPolyline
 90
2
 70
0
 10
98.3243039629
 20
147.0
 10
99.12596375358316
 20
147.0
  0
LWPOLYLINE
  5
F5
330
17
100
AcDbEntity
  8
HIDDEN
100
AcDbPolyline
 90
15
 70
0
 10
99.12596375357978
 20
147.0
 10
99.0257811350327
 20
147.0
 10
98.92645747309135
 20
147.0
 10
98.82799794643621
 20
147.0
 10
98.73040768869221
 20
147.0
 10
98.6336917881611
 20
147.0
 10
98.53785528755611
 20
147.0
 10
98.44290318373909
 20
147.0
 10
98.34884042745988
 20
147.0
 10
98.25567192309826
 20
147.0
 10
98.16340252840821
 20
147.0
 10
98.07203705426464
 20
147.0
 10
97.98158026441253
 20
147.0
 10
97.8920368752186
 20
147.0
 10
97.8034115554253
 20
147.0
  0
LWPOLYLINE
  5
F6
330
17
100
AcDbEntity
  8
HIDDEN
100
AcDbPolyline
 90
2
 70
0
 10
97.80341155543
 20
147.0
 10
96.9370006610806
 20
147.0
  0
LWPOLYLINE
  5
F7
330
17
100
AcDbEntity
  8
HIDDEN
100
AcDbPolyline
 90
2
 70
0
 10
96.93700066107999
 20
147.0
 10
93.34959624408
 20
147.0
  0
LWPOLYLINE
  5
F8
330
17
100
AcDbEntity
  8
HIDDEN
100
AcDbPolyline
 90
15
 70
0
 10
93.3495962440748
 20
147.0
 10
93.29624014281247
 20
147.0
 10
93.2432272545147
 20
147.0
 10
93.19055839862423
 20
147.0
 10
93.13823438926603
 20
147.0
 10
93.08625603523454
 20
147.0
 10
93.03462413998132
 20
147.0
 10
92.98333950160252
 20
147.0
 10
92.93240291282663
 20
147.0
 10
92.8818151610022
 20
147.0
 10
92.8315770280856
 20
147.0
 10
92.78168929062906
 20
147.0
 10
92.73215271976854
 20
147.0
 10
92.68296808121191
 20
147.0
 10
92.63413613522707
 20
147.0
  0
LWPOLYLINE
  5
F9
330
17
100
AcDbEntity
  8
HIDDEN
100
AcDbPolyline
 90
3
 70
0
 10
92.63413613523
 20
147.0
 10
93.73061164605676
 20
147.0
 10
95.12675153376
 20
147.0
  0
LWPOLYLINE
  5
FA
330
17
100
AcDbEntity
  8
HIDDEN
100
AcDbPolyline
 90
2
 70
0
 10
95.12675153376
 20
147.0
 10
96.07765413856151
 20
147.0
  0
LWPOLYLINE
  5
FB
330
17
100
AcDbEntity
  8
HIDDEN
100
AcDbPolyline
 90
15
 70
0
 10
96.07765413855655
 20
147.0
 10
96.01157994289737
 20
147.0
 10
95.94652186261703
 20
147.0
 10
95.88248328980767
 20
147.0
 10
95.81946756340483
 20
147.0
 10
95.75747796901342
 20
147.0
 10
95.6965177387364
 20
147.0
 10
95.63659005100628
 20
147.0
 10
95.57769803041934
 20
147.0
 10
95.51984474757276
 20
147.0
 10
95.46303321890454
 20
147.0
 10
95.40726640653617
 20
147.0
 10
95.35254721811822
 20
147.0
 10
95.2988785066787
 20
147.0
 10
95.24626307047441
 20
147.0
  0
LWPOLYLINE
  5
FC
330
17
100
AcDbEntity
  8
HIDDEN
100
AcDbPolyline
 90
2
 70
0
 10
95.24626307048
 20
147.0
 10
94.25465622026972
 20
147.0
  0
LWPOLYLINE
  5
FD
330
17
100
AcDbEntity
  8
HIDDEN
100
AcDbPolyline
 90
2
 70
0
 10
94.25465622027
 20
147.0
 10
90.58061350343
 20
147.0
  0
LWPOLYLINE
  5
FE
330
17
100
AcDbEntity
  8
HIDDEN
100
AcDbPolyline
 90
15
 70
0
 10
90.58061350342746
 20
147.0
 10
90.55164227085089
 20
147.0
 10
90.5230566756561
 20
147.0
 10
90.4948571597028
 20
147.0
 10
90.46704415888291
 20
147.0
 10
90.43961810311382
 20
147.0
 10
90.41257941633175
 20
147.0
 10
90.38592851648518
 20
147.0
 10
90.35966581552842
 20
147.0
 10
90.33379171941519
 20
147.0
 10
90.30830662809244
 20
147.0
 10
90.28321093549404
 20
147.0
 10
90.2585050295348
 20
147.0
 10
90.23418929210443
 20
147.0
 10
90.21026409906162
 20
147.0
  0
LWPOLYLINE
  5
FF
330
17
100
AcDbEntity
  8
HIDDEN
100
AcDbPolyline
 90
3
 70
0
 10
90.21026409907
 20
147.0
 10
91.65608078615682
 20
147.0
 10
93.3176023192
 20
147.0
  0
LWPOLYLINE
  5
100
330
17
100
AcDbEntity
  8
HIDDEN
100
AcDbPolyline
 90
2
 70
0
 10
93.3176023192
 20
147.0
 10
94.35294529705973
 20
147.0
  0
LWPOLYLINE
  5
101
330
17
100
AcDbEntity
  8
HIDDEN
100
AcDbPolyline
 90
15
 70
0
 10
94.35294529705101
 20
147.0
 10
94.32548237152082
 20
147.0
 10
94.29912347355878
 20
147.0
 10
94.27386997750313
 20
147.0
 10
94.2497232000571
 20
147.0
 10
94.22668440022025
 20
147.0
 10
94.2047547792228
 20
147.0
 10
94.18393548046295
 20
147.0
 10
94.16422758944738
 20
147.0
 10
94.14563213373455
 20
147.0
 10
94.12815008288119
 20
147.0
 10
94.11178234839169
 20
147.0
 10
94.09652978367063
 20
147.0
 10
94.08239318397824
 20
147.0
 10
94.06937328638895
 20
147.0
  0
LWPOLYLINE
  5
102
330
17
100
AcDbEntity
  8
HIDDEN
100
AcDbPolyline
 90
2
 70
0
 10
94.06937328639
 20
147.0
 10
93.02014684845001
 20
147.0
  0
LWPOLYLINE
  5
103
330
17
100
AcDbEntity
  8
HIDDEN
100
AcDbPolyline
 90
3
 70
0
 10
93.02014684845
 20
147.0
 10
91.20647361674047
 20
147.0
 10
89.50984577128
 20
147.0
  0
LWPOLYLINE
  5
104
330
17
100
AcDbEntity
  8
HIDDEN
100
AcDbPolyline
 90
15
 70
0
 10
89.50984577128025
 20
147.0
 10
89.50848953986836
 20
147.0
 10
89.50723374901287
 20
147.0
 10
89.5060784035666
 20
147.0
 10
89.50502350799424
 20
147.0
 10
89.50406906637225
 20
147.0
 10
89.50321508238898
 20
147.0
 10
89.5024615593445
 20
147.0
 10
89.5018085001507
 20
147.0
 10
89.50125590733126
 20
147.0
 10
89.50080378302158
 20
147.0
 10
89.50045212896882
 20
147.0
 10
89.5002009465319
 20
147.0
 10
89.5000502366815
 20
147.0
 10
89.5
 20
147.0
  0
LWPOLYLINE
  5
105
330
17
100
AcDbEntity
  8
HIDDEN
100
AcDbPolyline
 90
2
 70
0
 10
90.21026409907
 20
147.0
 10
93.02014684845
 20
147.0
  0
LWPOLYLINE
  5
106
330
17
100
AcDbEntity
  8
HIDDEN
100
AcDbPolyline
 90
2
 70
0
 10
93.02014684845
 20
147.0
 10
94.06937328638999
 20
147.0
  0
LWPOLYLINE
  5
107
330
17
100
AcDbEntity
  8
HIDDEN
100
AcDbPolyline
 90
15
 70
0
 10
94.06937328638911
 20
147.0
 10
94.0823931839784
 20
147.0
 10
94.0965297836708
 20
147.0
 10
94.1117823483919
 20
147.0
 10
94.12815008288143
 20
147.0
 10
94.14563213373482
 20
147.0
 10
94.16422758944768
 20
147.0
 10
94.18393548046329
 20
147.0
 10
94.20475477922318
 20
147.0
 10
94.2266844002207
 20
147.0
 10
94.24972320005759
 20
147.0
 10
94.27386997750367
 20
147.0
 10
94.29912347355938
 20
147.0
 10
94.3254823715215
 20
147.0
 10
94.35294529705175
 20
147.0
  0
LWPOLYLINE
  5
108
330
17
100
AcDbEntity
  8
HIDDEN
100
AcDbPolyline
 90
2
 70
0
 10
94.35294529706
 20
147.0
 10
93.31760231920028
 20
147.0
  0
LWPOLYLINE
  5
109
330
17
100
AcDbEntity
  8
HIDDEN
100
AcDbPolyline
 90
3
 70
0
 10
93.3176023192
 20
147.0
 10
91.65608078615682
 20
147.0
 10
90.21026409907
 20
147.0
  0
LWPOLYLINE
  5
10A
330
17
100
AcDbEntity
  8
HIDDEN
100
AcDbPolyline
 90
2
 70
0
 10
92.63413613523001
 20
147.0
 10
94.25465622027
 20
147.0
  0
LWPOLYLINE
  5
10B
330
17
100
AcDbEntity
  8
HIDDEN
100
AcDbPolyline
 90
2
 70
0
 10
94.25465622027
 20
147.0
 10
95.24626307048028
 20
147.0
  0
LWPOLYLINE
  5
10C
330
17
100
AcDbEntity
  8
HIDDEN
100
AcDbPolyline
 90
15
 70
0
 10
95.24626307047284
 20
147.0
 10
95.2988785066774
 20
147.0
 10
95.35254721811717
 20
147.0
 10
95.4072664065354
 20
147.0
 10
95.46303321890406
 20
147.0
 10
95.51984474757259
 20
147.0
 10
95.57769803041947
 20
147.0
 10
95.63659005100673
 20
147.0
 10
95.69651773873719
 20
147.0
 10
95.75747796901454
 20
147.0
 10
95.8194675634063
 20
147.0
 10
95.88248328980953
 20
147.0
 10
95.94652186261926
 20
147.0
 10
96.01157994289998
 20
147.0
 10
96.07765413855957
 20
147.0
  0
LWPOLYLINE
  5
10D
330
17
100
AcDbEntity
  8
HIDDEN
100
AcDbPolyline
 90
2
 70
0
 10
96.07765413856
 20
147.0
 10
95.12675153375848
 20
147.0
  0
LWPOLYLINE
  5
10E
330
17
100
AcDbEntity
  8
HIDDEN
100
AcDbPolyline
 90
3
 70
0
 10
95.12675153376
 20
147.0
 10
93.73061164605674
 20
147.0
 10
92.63413613523
 20
147.0
  0
LWPOLYLINE
  5
10F
330
17
100
AcDbEntity
  8
HIDDEN
100
AcDbPolyline
 90
2
 70
0
 10
96.61627900615
 20
147.0
 10
96.93700066107999
 20
147.0
  0
LWPOLYLINE
  5
110
330
17
100
AcDbEntity
  8
HIDDEN
100
AcDbPolyline
 90
2
 70
0
 10
96.93700066107999
 20
147.0
 10
97.8034115554308
 20
147.0
  0
LWPOLYLINE
  5
111
330
17
100
AcDbEntity
  8
HIDDEN
100
AcDbPolyline
 90
15
 70
0
 10
97.80341155542891
 20
147.0
 10
97.89203687522189
 20
147.0
 10
97.9815802644155
 20
147.0
 10
98.07203705426727
 20
147.0
 10
98.16340252841049
 20
147.0
 10
98.25567192310018
 20
147.0
 10
98.34884042746144
 20
147.0
 10
98.44290318374027
 20
147.0
 10
98.53785528755694
 20
147.0
 10
98.63369178816153
 20
147.0
 10
98.73040768869225
 20
147.0
 10
98.82799794643584
 20
147.0
 10
98.92645747309058
 20
147.0
 10
99.02578113503152
 20
147.0
 10
99.12596375357819
 20
147.0
  0
LWPOLYLINE
  5
112
330
17
100
AcDbEntity
  8
HIDDEN
100
AcDbPolyline
 90
2
 70
0
 10
99.12596375358
 20
147.0
 10
98.32430396289584
 20
147.0
  0
LWPOLYLINE
  5
113
330
17
100
AcDbEntity
  8
HIDDEN
100
AcDbPolyline
 90
4
 70
0
 10
98.3243039629
 20
147.0
 10
97.7462599808248
 20
147.0
 10
97.2886903466614
 20
147.0
 10
96.61627900615
 20
147.0
  0
LWPOLYLINE
  5
114
330
17
100
AcDbEntity
  8
HIDDEN
100
AcDbPolyline
 90
15
 70
0
 10
101.88531625598
 20
147.0
 10
101.98275043340581
 20
147.0
 10
102.08064585787162
 20
147.0
 10
102.17899918890677
 20
147.0
 10
102.27780707041563
 20
147.0
 10
102.37706613079196
 20
147.0
 10
102.47677298303401
 20
147.0
 10
102.57692422486012
 20
147.0
 10
102.67751643882478
 20
147.0
 10
102.77854619243524
 20
147.0
 10
102.88001003826868
 20
147.0
 10
102.98190451408979
 20
147.0
 10
103.08422614296897
 20
147.0
 10
103.18697143340091
 20
147.0
 10
103.2901368794238
 20
147.0
  0
LWPOLYLINE
  5
115
330
17
100
AcDbEntity
  8
HIDDEN
100
AcDbPolyline
 90
2
 70
0
 10
103.29013687943
 20
147.0
 10
102.69235169279116
 20
147.0
  0
LWPOLYLINE
  5
116
330
17
100
AcDbEntity
  8
HIDDEN
100
AcDbPolyline
 90
4
 70
0
 10
102.69235169279
 20
147.0
 10
102.32110607731059
 20
147.0
 10
102.08783970452563
 20
147.0
 10
101.88531625598
 20
147.0
  0
LWPOLYLINE
  5
117
330
17
100
AcDbEntity
  8
HIDDEN
100
AcDbPolyline
 90
15
 70
0
 10
107.78353835468653
 20
147.0
 10
107.81930098239376
 20
147.0
 10
107.85508798675777
 20
147.0
 10
107.8908992541994
 20
147.0
 10
107.92673467106245
 20
147.0
 10
107.96259412361408
 20
147.0
 10
107.9984774980452
 20
147.0
 10
108.03438468047075
 20
147.0
 10
108.07031555693013
 20
147.0
 10
108.10627001338756
 20
147.0
 10
108.14224793573237
 20
147.0
 10
108.17824920977948
 20
147.0
 10
108.21427372126966
 20
147.0
 10
108.25032135586994
 20
147.0
 10
108.28639199917396
 20
147.0
  0
LWPOLYLINE
  5
118
330
17
100
AcDbEntity
  8
HIDDEN
100
AcDbPolyline
 90
2
 70
0
 10
108.286391999176
 20
147.0
 10
107.93321948917279
 20
147.0
  0
LWPOLYLINE
  5
119
330
17
100
AcDbEntity
  8
HIDDEN
100
AcDbPolyline
 90
2
 70
0
 10
107.933219489172
 20
147.0
 10
107.78353835468653
 20
147.0
  0
LWPOLYLINE
  5
11A
330
17
100
AcDbEntity
  8
HIDDEN
100
AcDbPolyline
 90
15
 70
0
 10
113.68779931340318
 20
147.0
 10
113.69397287119499
 20
147.0
 10
113.70014657895676
 20
147.0
 10
113.70632043617584
 20
147.0
 10
113.71249444233956
 20
147.0
 10
113.71866859693523
 20
147.0
 10
113.72484289945017
 20
147.0
 10
113.73101734937167
 20
147.0
 10
113.737191946187
 20
147.0
 10
113.74336668938345
 20
147.0
 10
113.74954157844826
 20
147.0
 10
113.7557166128687
 20
147.0
 10
113.76189179213198
 20
147.0
 10
113.76806711572532
 20
147.0
 10
113.77424258313594
 20
147.0
  0
LWPOLYLINE
  5
11B
330
17
100
AcDbEntity
  8
HIDDEN
100
AcDbPolyline
 90
2
 70
0
 10
113.774242583136
 20
147.0
 10
113.68975087267688
 20
147.0
  0
LWPOLYLINE
  5
11C
330
17
100
AcDbEntity
  8
HIDDEN
100
AcDbPolyline
 90
2
 70
0
 10
117.31220068659682
 20
147.0
 10
117.310249127323
 20
147.0
  0
LWPOLYLINE
  5
11D
330
17
100
AcDbEntity
  8
HIDDEN
100
AcDbPolyline
 90
2
 70
0
 10
117.310249127323
 20
147.0
 10
117.2257574168639
 20
147.0
  0
LWPOLYLINE
  5
11E
330
17
100
AcDbEntity
  8
HIDDEN
100
AcDbPolyline
 90
15
 70
0
 10
117.225757416863
 20
147.0
 10
117.2319328842737
 20
147.0
 10
117.23810820786713
 20
147.0
 10
117.24428338713048
 20
147.0
 10
117.25045842155099
 20
147.0
 10
117.25663331061588
 20
147.0
 10
117.2628080538124
 20
147.0
 10
117.26898265062782
 20
147.0
 10
117.27515710054938
 20
147.0
 10
117.2813314030644
 20
147.0
 10
117.28750555766014
 20
147.0
 10
117.29367956382393
 20
147.0
 10
117.29985342104308
 20
147.0
 10
117.30602712880494
 20
147.0
 10
117.31220068659682
 20
147.0
  0
LWPOLYLINE
  5
11F
330
17
100
AcDbEntity
  8
HIDDEN
100
AcDbPolyline
 90
2
 70
0
 10
123.21646164531347
 20
147.0
 10
123.066780510828
 20
147.0
  0
LWPOLYLINE
  5
120
330
17
100
AcDbEntity
  8
HIDDEN
100
AcDbPolyline
 90
2
 70
0
 10
123.066780510828
 20
147.0
 10
122.71360800082478
 20
147.0
  0
LWPOLYLINE
  5
121
330
17
100
AcDbEntity
  8
HIDDEN
100
AcDbPolyline
 90
15
 70
0
 10
122.71360800082113
 20
147.0
 10
122.74967864412548
 20
147.0
 10
122.78572627872612
 20
147.0
 10
122.82175079021665
 20
147.0
 10
122.85775206426412
 20
147.0
 10
122.89372998660929
 20
147.0
 10
122.92968444306706
 20
147.0
 10
122.9656153195268
 20
147.0
 10
123.0015225019527
 20
147.0
 10
123.03740587638417
 20
147.0
 10
123.07326532893616
 20
147.0
 10
123.10910074579955
 20
147.0
 10
123.14491201324154
 20
147.0
 10
123.1806990176059
 20
147.0
 10
123.21646164531347
 20
147.0
  0
LWPOLYLINE
  5
122
330
17
100
AcDbEntity
  8
HIDDEN
100
AcDbPolyline
 90
4
 70
0
 10
129.114683744021
 20
147.0
 10
128.91216029547675
 20
147.0
 10
128.67889392269552
 20
147.0
 10
128.307648307216
 20
147.0
  0
LWPOLYLINE
  5
123
330
17
100
AcDbEntity
  8
HIDDEN
100
AcDbPolyline
 90
2
 70
0
 10
128.307648307216
 20
147.0
 10
127.70986312057813
 20
147.0
  0
LWPOLYLINE
  5
124
330
17
100
AcDbEntity
  8
HIDDEN
100
AcDbPolyline
 90
15
 70
0
 10
127.70986312058709
 20
147.0
 10
127.81302856660922
 20
147.0
 10
127.91577385704043
 20
147.0
 10
128.01809548591888
 20
147.0
 10
128.11998996173926
 20
147.0
 10
128.22145380757198
 20
147.0
 10
128.32248356118174
 20
147.0
 10
128.42307577514566
 20
147.0
 10
128.52322701697108
 20
147.0
 10
128.62293386921243
 20
147.0
 10
128.72219292958806
 20
147.0
 10
128.82100081109624
 20
147.0
 10
128.91935414213074
 20
147.0
 10
129.01724956659584
 20
147.0
 10
129.114683744021
 20
147.0
  0
LWPOLYLINE
  5
125
330
17
100
AcDbEntity
  8
HIDDEN
100
AcDbPolyline
 90
4
 70
0
 10
134.38372099385
 20
147.0
 10
133.71130965334436
 20
147.0
 10
133.25374001918175
 20
147.0
 10
132.675696037107
 20
147.0
  0
LWPOLYLINE
  5
126
330
17
100
AcDbEntity
  8
HIDDEN
100
AcDbPolyline
 90
2
 70
0
 10
132.675696037107
 20
147.0
 10
131.87403624641877
 20
147.0
  0
LWPOLYLINE
  5
127
330
17
100
AcDbEntity
  8
HIDDEN
100
AcDbPolyline
 90
15
 70
0
 10
131.87403624641985
 20
147.0
 10
131.9742188649674
 20
147.0
 10
132.07354252690925
 20
147.0
 10
132.17200205356488
 20
147.0
 10
132.26959231130934
 20
147.0
 10
132.36630821184087
 20
147.0
 10
132.4621447124463
 20
147.0
 10
132.55709681626377
 20
147.0
 10
132.6511595725434
 20
147.0
 10
132.74432807690545
 20
147.0
 10
132.8365974715959
 20
147.0
 10
132.92796294573986
 20
147.0
 10
133.01841973559237
 20
147.0
 10
133.1079631247867
 20
147.0
 10
133.19658844458036
 20
147.0
  0
LWPOLYLINE
  5
128
330
17
100
AcDbEntity
  8
HIDDEN
100
AcDbPolyline
 90
2
 70
0
 10
133.196588444576
 20
147.0
 10
134.06299933892612
 20
147.0
  0
LWPOLYLINE
  5
129
330
17
100
AcDbEntity
  8
HIDDEN
100
AcDbPolyline
 90
2
 70
0
 10
134.062999338925
 20
147.0
 10
134.38372099385
 20
147.0
  0
LWPOLYLINE
  5
12A
330
17
100
AcDbEntity
  8
HIDDEN
100
AcDbPolyline
 90
3
 70
0
 10
138.365863864773
 20
147.0
 10
137.2693883539493
 20
147.0
 10
135.87324846624801
 20
147.0
  0
LWPOLYLINE
  5
12B
330
17
100
AcDbEntity
  8
HIDDEN
100
AcDbPolyline
 90
2
 70
0
 10
135.87324846624801
 20
147.0
 10
134.92234586144076
 20
147.0
  0
LWPOLYLINE
  5
12C
330
17
100
AcDbEntity
  8
HIDDEN
100
AcDbPolyline
 90
15
 70
0
 10
134.9223458614429
 20
147.0
 10
134.98842005710213
 20
147.0
 10
135.0534781373825
 20
147.0
 10
135.11751671019192
 20
147.0
 10
135.18053243659483
 20
147.0
 10
135.24252203098627
 20
147.0
 10
135.30348226126335
 20
147.0
 10
135.3634099489935
 20
147.0
 10
135.4223019695805
 20
147.0
 10
135.4801552524271
 20
147.0
 10
135.53696678109537
 20
147.0
 10
135.59273359346378
 20
147.0
 10
135.64745278188178
 20
147.0
 10
135.70112149332132
 20
147.0
 10
135.75373692952564
 20
147.0
  0
LWPOLYLINE
  5
12D
330
17
100
AcDbEntity
  8
HIDDEN
100
AcDbPolyline
 90
2
 70
0
 10
135.75373692952599
 20
147.0
 10
136.74534377973717
 20
147.0
  0
LWPOLYLINE
  5
12E
330
17
100
AcDbEntity
  8
HIDDEN
100
AcDbPolyline
 90
2
 70
0
 10
136.745343779737
 20
147.0
 10
138.365863864773
 20
147.0
  0
LWPOLYLINE
  5
12F
330
17
100
AcDbEntity
  8
HIDDEN
100
AcDbPolyline
 90
3
 70
0
 10
140.789735900939
 20
147.0
 10
139.34391921384776
 20
147.0
 10
137.6823976808
 20
147.0
  0
LWPOLYLINE
  5
130
330
17
100
AcDbEntity
  8
HIDDEN
100
AcDbPolyline
 90
2
 70
0
 10
137.6823976808
 20
147.0
 10
136.647054702949
 20
147.0
  0
LWPOLYLINE
  5
131
330
17
100
AcDbEntity
  8
HIDDEN
100
AcDbPolyline
 90
15
 70
0
 10
121.5
 20
147.0
 10
121.3495674730909
 20
147.0
 10
120.90581320741435
 20
147.0
 10
120.19098889480784
 20
147.0
 10
119.24093881115185
 20
147.0
 10
118.10330243470455
 20
147.0
 10
116.83512560373686
 20
147.0
 10
115.49999999999876
 20
147.0
 10
114.16487439626073
 20
147.0
 10
112.89669756529321
 20
147.0
 10
111.75906118884622
 20
147.0
 10
110.8090111051906
 20
147.0
 10
110.09418679258457
 20
147.0
 10
109.65043252690855
 20
147.0
 10
109.5
 20
147.0
  0
LWPOLYLINE
  5
132
330
17
100
AcDbEntity
  8
HIDDEN
100
AcDbPolyline
 90
15
 70
0
 10
109.5
 20
147.0
 10
109.65043252690957
 20
147.0
 10
110.09418679258641
 20
147.0
 10
110.80901110519304
 20
147.0
 10
111.75906118884897
 20
147.0
 10
112.89669756529608
 20
147.0
 10
114.1648743962635
 20
147.0
 10
115.50000000000124
 20
147.0
 10
116.83512560373893
 20
147.0
 10
118.10330243470615
 20
147.0
 10
119.24093881115296
 20
147.0
 10
120.19098889480851
 20
147.0
 10
120.90581320741467
 20
147.0
 10
121.34956747309099
 20
147.0
 10
121.5
 20
147.0
  0
LWPOLYLINE
  5
133
330
17
100
AcDbEntity
  8
HIDDEN
100
AcDbPolyline
 90
15
 70
0
 10
141.5
 20
162.0
 10
141.49994976331845
 20
162.0
 10
141.49979905346802
 20
162.0
 10
141.4995478710311
 20
162.0
 10
141.4991962169783
 20
162.0
 10
141.4987440926686
 20
162.0
 10
141.49819149984916
 20
162.0
 10
141.49753844065535
 20
162.0
 10
141.49678491761088
 20
162.0
 10
141.49593093362762
 20
162.0
 10
141.49497649200566
 20
162.0
 10
141.49392159643332
 20
162.0
 10
141.49276625098707
 20
162.0
 10
141.49151046013162
 20
162.0
 10
141.49015422871977
 20
162.0
  0
LWPOLYLINE
  5
134
330
17
100
AcDbEntity
  8
HIDDEN
100
AcDbPolyline
 90
3
 70
0
 10
141.49015422872
 20
162.0
 10
139.79352638326134
 20
162.0
 10
137.979853151551
 20
162.0
  0
LWPOLYLINE
  5
135
330
17
100
AcDbEntity
  8
HIDDEN
100
AcDbPolyline
 90
2
 70
0
 10
137.979853151551
 20
162.0
 10
136.93062671361102
 20
162.0
  0
LWPOLYLINE
  5
136
330
17
100
AcDbEntity
  8
HIDDEN
100
AcDbPolyline
 90
15
 70
0
 10
136.9306267136107
 20
162.0
 10
136.91760681602142
 20
162.0
 10
136.90347021632903
 20
162.0
 10
136.88821765160793
 20
162.0
 10
136.87184991711842
 20
162.0
 10
136.85436786626505
 20
162.0
 10
136.8357724105522
 20
162.0
 10
136.8160645195366
 20
162.0
 10
136.79524522077674
 20
162.0
 10
136.77331559977927
 20
162.0
 10
136.75027679994238
 20
162.0
 10
136.72613002249633
 20
162.0
 10
136.70087652644065
 20
162.0
 10
136.67451762847855
 20
162.0
 10
136.64705470294834
 20
162.0
  0
LWPOLYLINE
  5
137
330
17
100
AcDbEntity
  8
HIDDEN
100
AcDbPolyline
 90
2
 70
0
 10
136.647054702949
 20
162.0
 10
137.68239768080002
 20
162.0
  0
LWPOLYLINE
  5
138
330
17
100
AcDbEntity
  8
HIDDEN
100
AcDbPolyline
 90
3
 70
0
 10
137.6823976808
 20
162.0
 10
139.34391921384776
 20
162.0
 10
140.789735900939
 20
162.0
  0
LWPOLYLINE
  5
139
330
17
100
AcDbEntity
  8
HIDDEN
100
AcDbPolyline
 90
15
 70
0
 10
140.78973590093864
 20
162.0
 10
140.76581070789592
 20
162.0
 10
140.74149497046565
 20
162.0
 10
140.71678906450651
 20
162.0
 10
140.6916933719082
 20
162.0
 10
140.66620828058555
 20
162.0
 10
140.64033418447244
 20
162.0
 10
140.61407148351577
 20
162.0
 10
140.5874205836693
 20
162.0
 10
140.56038189688735
 20
162.0
 10
140.5329558411184
 20
162.0
 10
140.50514284029862
 20
162.0
 10
140.47694332434543
 20
162.0
 10
140.44835772915076
 20
162.0
 10
140.4193864965743
 20
162.0
  0
LWPOLYLINE
  5
13A
330
17
100
AcDbEntity
  8
HIDDEN
100
AcDbPolyline
 90
2
 70
0
 10
140.419386496574
 20
162.0
 10
136.745343779737
 20
162.0
  0
LWPOLYLINE
  5
13B
330
17
100
AcDbEntity
  8
HIDDEN
100
AcDbPolyline
 90
2
 70
0
 10
136.745343779737
 20
162.0
 10
135.75373692952584
 20
162.0
  0
LWPOLYLINE
  5
13C
330
17
100
AcDbEntity
  8
HIDDEN
100
AcDbPolyline
 90
15
 70
0
 10
135.75373692952698
 20
162.0
 10
135.70112149332243
 20
162.0
 10
135.6474527818827
 20
162.0
 10
135.59273359346446
 20
162.0
 10
135.5369667810958
 20
162.0
 10
135.4801552524273
 20
162.0
 10
135.42230196958042
 20
162.0
 10
135.3634099489932
 20
162.0
 10
135.30348226126273
 20
162.0
 10
135.2425220309854
 20
162.0
 10
135.18053243659367
 20
162.0
 10
135.11751671019047
 20
162.0
 10
135.05347813738075
 20
162.0
 10
134.98842005710003
 20
162.0
 10
134.92234586144048
 20
162.0
  0
LWPOLYLINE
  5
13D
330
17
100
AcDbEntity
  8
HIDDEN
100
AcDbPolyline
 90
2
 70
0
 10
134.922345861441
 20
162.0
 10
135.87324846624824
 20
162.0
  0
LWPOLYLINE
  5
13E
330
17
100
AcDbEntity
  8
HIDDEN
100
AcDbPolyline
 90
3
 70
0
 10
135.87324846624801
 20
162.0
 10
137.2693883539493
 20
162.0
 10
138.365863864773
 20
162.0
  0
LWPOLYLINE
  5
13F
330
17
100
AcDbEntity
  8
HIDDEN
100
AcDbPolyline
 90
15
 70
0
 10
138.36586386477038
 20
162.0
 10
138.31703191878537
 20
162.0
 10
138.2678472802286
 20
162.0
 10
138.21831070936793
 20
162.0
 10
138.1684229719112
 20
162.0
 10
138.11818483899447
 20
162.0
 10
138.06759708716987
 20
162.0
 10
138.01666049839383
 20
162.0
 10
137.96537586001486
 20
162.0
 10
137.91374396476147
 20
162.0
 10
137.8617656107298
 20
162.0
 10
137.80944160137142
 20
162.0
 10
137.7567727454808
 20
162.0
 10
137.70375985718283
 20
162.0
 10
137.65040375592034
 20
162.0
  0
LWPOLYLINE
  5
140
330
17
100
AcDbEntity
  8
HIDDEN
100
AcDbPolyline
 90
2
 70
0
 10
137.65040375592
 20
162.0
 10
134.062999338925
 20
162.0
  0
LWPOLYLINE
  5
141
330
17
100
AcDbEntity
  8
HIDDEN
100
AcDbPolyline
 90
2
 70
0
 10
134.062999338925
 20
162.0
 10
133.19658844457626
 20
162.0
  0
LWPOLYLINE
  5
142
330
17
100
AcDbEntity
  8
HIDDEN
100
AcDbPolyline
 90
15
 70
0
 10
133.19658844457115
 20
162.0
 10
133.10796312477805
 20
162.0
 10
133.0184197355843
 20
162.0
 10
132.9279629457324
 20
162.0
 10
132.83659747158902
 20
162.0
 10
132.7443280768992
 20
162.0
 10
132.65115957253778
 20
162.0
 10
132.5570968162588
 20
162.0
 10
132.46214471244198
 20
162.0
 10
132.36630821183724
 20
162.0
 10
132.26959231130638
 20
162.0
 10
132.1720020535626
 20
162.0
 10
132.07354252690772
 20
162.0
 10
131.97421886496662
 20
162.0
 10
131.87403624641976
 20
162.0
  0
LWPOLYLINE
  5
143
330
17
100
AcDbEntity
  8
HIDDEN
100
AcDbPolyline
 90
2
 70
0
 10
131.87403624642
 20
162.0
 10
132.67569603710723
 20
162.0
  0
LWPOLYLINE
  5
144
330
17
100
AcDbEntity
  8
HIDDEN
100
AcDbPolyline
 90
4
 70
0
 10
132.675696037107
 20
162.0
 10
133.25374001918172
 20
162.0
 10
133.71130965334436
 20
162.0
 10
134.38372099385
 20
162.0
  0
LWPOLYLINE
  5
145
330
17
100
AcDbEntity
  8
HIDDEN
100
AcDbPolyline
 90
15
 70
0
 10
134.3837209938557
 20
162.0
 10
134.31331011134796
 20
162.0
 10
134.24260842350012
 20
162.0
 10
134.17161702317827
 20
162.0
 10
134.1003370077267
 20
162.0
 10
134.02876947895092
 20
162.0
 10
133.95691554310068
 20
162.0
 10
133.88477631085286
 20
162.0
 10
133.81235289729426
 20
162.0
 10
133.7396464219044
 20
162.0
 10
133.66665800853823
 20
162.0
 10
133.59338878540868
 20
162.0
 10
133.51983988506933
 20
162.0
 10
133.44601244439684
 20
162.0
 10
133.37190760457335
 20
162.0
  0
LWPOLYLINE
  5
146
330
17
100
AcDbEntity
  8
HIDDEN
100
AcDbPolyline
 90
3
 70
0
 10
133.371907604573
 20
162.0
 10
131.64492483573252
 20
162.0
 10
130.115617169972
 20
162.0
  0
LWPOLYLINE
  5
147
330
17
100
AcDbEntity
  8
HIDDEN
100
AcDbPolyline
 90
2
 70
0
 10
130.115617169972
 20
162.0
 10
129.4334467021243
 20
162.0
  0
LWPOLYLINE
  5
148
330
17
100
AcDbEntity
  8
HIDDEN
100
AcDbPolyline
 90
15
 70
0
 10
129.43344670212358
 20
162.0
 10
129.31485116782486
 20
162.0
 10
129.19553533487252
 20
162.0
 10
129.0755054243277
 20
162.0
 10
128.95476769448317
 20
162.0
 10
128.83332844053695
 20
162.0
 10
128.71119399426422
 20
162.0
 10
128.58837072368704
 20
162.0
 10
128.4648650327424
 20
162.0
 10
128.3406833609483
 20
162.0
 10
128.21583218306804
 20
162.0
 10
128.09031800877256
 20
162.0
 10
127.96414738230105
 20
162.0
 10
127.83732688211981
 20
162.0
 10
127.70986312057913
 20
162.0
  0
LWPOLYLINE
  5
149
330
17
100
AcDbEntity
  8
HIDDEN
100
AcDbPolyline
 90
2
 70
0
 10
127.709863120579
 20
162.0
 10
128.3076483072164
 20
162.0
  0
LWPOLYLINE
  5
14A
330
17
100
AcDbEntity
  8
HIDDEN
100
AcDbPolyline
 90
4
 70
0
 10
128.307648307216
 20
162.0
 10
128.67889392269552
 20
162.0
 10
128.9121602954769
 20
162.0
 10
129.114683744021
 20
162.0
  0
LWPOLYLINE
  5
14B
330
17
100
AcDbEntity
  8
HIDDEN
100
AcDbPolyline
 90
15
 70
0
 10
129.1146837440138
 20
162.0
 10
129.0274923102682
 20
162.0
 10
128.94009177631753
 20
162.0
 10
128.85248349314907
 20
162.0
 10
128.7646688149613
 20
162.0
 10
128.67664909914313
 20
162.0
 10
128.58842570625274
 20
162.0
 10
128.49999999999665
 20
162.0
 10
128.4113733472086
 20
162.0
 10
128.3225471178285
 20
162.0
 10
128.2335226848812
 20
162.0
 10
128.14430142445522
 20
162.0
 10
128.05488471568154
 20
162.0
 10
127.96527394071228
 20
162.0
 10
127.87547048469933
 20
162.0
  0
LWPOLYLINE
  5
14C
330
17
100
AcDbEntity
  8
HIDDEN
100
AcDbPolyline
 90
4
 70
0
 10
127.875470484699
 20
162.0
 10
126.38136608778458
 20
162.0
 10
125.72087020641263
 20
162.0
 10
125.172204844335
 20
162.0
  0
LWPOLYLINE
  5
14D
330
17
100
AcDbEntity
  8
HIDDEN
100
AcDbPolyline
 90
2
 70
0
 10
125.172204844335
 20
162.0
 10
124.72076359303249
 20
162.0
  0
LWPOLYLINE
  5
14E
330
17
100
AcDbEntity
  8
HIDDEN
100
AcDbPolyline
 90
15
 70
0
 10
124.72076359302645
 20
162.0
 10
124.58027993389679
 20
162.0
 10
124.43932283402344
 20
162.0
 10
124.29789964283117
 20
162.0
 10
124.15601773404647
 20
162.0
 10
124.01368450531314
 20
162.0
 10
123.8709073778065
 20
162.0
 10
123.72769379584659
 20
162.0
 10
123.58405122650987
 20
162.0
 10
123.43998715923998
 20
162.0
 10
123.29550910545724
 20
162.0
 10
123.15062459816698
 20
162.0
 10
123.00534119156681
 20
162.0
 10
122.85966646065272
 20
162.0
 10
122.71360800082412
 20
162.0
  0
LWPOLYLINE
  5
14F
330
17
100
AcDbEntity
  8
HIDDEN
100
AcDbPolyline
 90
2
 70
0
 10
122.713608000824
 20
162.0
 10
123.06678051082753
 20
162.0
  0
LWPOLYLINE
  5
150
330
17
100
AcDbEntity
  8
HIDDEN
100
AcDbPolyline
 90
2
 70
0
 10
123.066780510828
 20
162.0
 10
123.21646164531347
 20
162.0
  0
LWPOLYLINE
  5
151
330
17
100
AcDbEntity
  8
HIDDEN
100
AcDbPolyline
 90
3
 70
0
 10
123.21646164531347
 20
162.0
 10
123.13464388517484
 20
162.0
 10
122.917828296365
 20
162.0
  0
LWPOLYLINE
  5
152
330
17
100
AcDbEntity
  8
HIDDEN
100
AcDbPolyline
 90
15
 70
0
 10
122.91782829637124
 20
162.0
 10
122.81979826350502
 20
162.0
 10
122.72165508540223
 20
162.0
 10
122.62340027910372
 20
162.0
 10
122.52503536337586
 20
162.0
 10
122.426561858687
 20
162.0
 10
122.32798128718399
 20
162.0
 10
122.22929517266869
 20
162.0
 10
122.13050504057438
 20
162.0
 10
122.03161241794214
 20
162.0
 10
121.93261883339733
 20
162.0
 10
121.83352581712593
 20
162.0
 10
121.73433490085084
 20
162.0
 10
121.63504761780827
 20
162.0
 10
121.535665502724
 20
162.0
  0
LWPOLYLINE
  5
153
330
17
100
AcDbEntity
  8
HIDDEN
100
AcDbPolyline
 90
4
 70
0
 10
121.535665502724
 20
162.0
 10
120.37626022326234
 20
162.0
 10
119.90668123051131
 20
162.0
 10
119.56964774263
 20
162.0
  0
LWPOLYLINE
  5
154
330
17
100
AcDbEntity
  8
HIDDEN
100
AcDbPolyline
 90
2
 70
0
 10
119.56964774263
 20
162.0
 10
119.3797006831061
 20
162.0
  0
LWPOLYLINE
  5
155
330
17
100
AcDbEntity
  8
HIDDEN
100
AcDbPolyline
 90
15
 70
0
 10
119.37970068310462
 20
162.0
 10
119.22690262835297
 20
162.0
 10
119.07391025497185
 20
162.0
 10
118.92073153989848
 20
162.0
 10
118.76737446978584
 20
162.0
 10
118.61384704058624
 20
162.0
 10
118.4601572571344
 20
162.0
 10
118.30631313273015
 20
162.0
 10
118.15232268872053
 20
162.0
 10
117.99819395408161
 20
162.0
 10
117.84393496499986
 20
162.0
 10
117.68955376445315
 20
162.0
 10
117.53505840179137
 20
162.0
 10
117.3804569323168
 20
162.0
 10
117.22575741686401
 20
162.0
  0
LWPOLYLINE
  5
156
330
17
100
AcDbEntity
  8
HIDDEN
100
AcDbPolyline
 90
2
 70
0
 10
117.225757416864
 20
162.0
 10
117.31024912732312
 20
162.0
  0
LWPOLYLINE
  5
157
330
17
100
AcDbEntity
  8
HIDDEN
100
AcDbPolyline
 90
2
 70
0
 10
117.310249127323
 20
162.0
 10
117.31220068659682
 20
162.0
  0
LWPOLYLINE
  5
158
330
17
100
AcDbEntity
  8
HIDDEN
100
AcDbPolyline
 90
4
 70
0
 10
117.31220068659682
 20
162.0
 10
117.19638005489864
 20
162.0
 10
116.94943449644747
 20
162.0
 10
116.215460108853
 20
162.0
  0
LWPOLYLINE
  5
159
330
17
100
AcDbEntity
  8
HIDDEN
100
AcDbPolyline
 90
15
 70
0
 10
116.21546010885378
 20
162.0
 10
116.1132720616058
 20
162.0
 10
116.01107453475058
 20
162.0
 10
115.90886910799881
 20
162.0
 10
115.80665736118324
 20
162.0
 10
115.70444087423435
 20
162.0
 10
115.60222122715588
 20
162.0
 10
115.5000000000004
 20
162.0
 10
115.3977787728449
 20
162.0
 10
115.29555912576643
 20
162.0
 10
115.19334263881754
 20
162.0
 10
115.09113089200198
 20
162.0
 10
114.9889254652502
 20
162.0
 10
114.886727938395
 20
162.0
 10
114.784539891147
 20
162.0
  0
LWPOLYLINE
  5
15A
330
17
100
AcDbEntity
  8
HIDDEN
100
AcDbPolyline
 90
4
 70
0
 10
114.784539891147
 20
162.0
 10
114.05056550355249
 20
162.0
 10
113.80361994510135
 20
162.0
 10
113.68779931340318
 20
162.0
  0
LWPOLYLINE
  5
15B
330
17
100
AcDbEntity
  8
HIDDEN
100
AcDbPolyline
 90
2
 70
0
 10
113.68779931340318
 20
162.0
 10
113.689750872677
 20
162.0
  0
LWPOLYLINE
  5
15C
330
17
100
AcDbEntity
  8
HIDDEN
100
AcDbPolyline
 90
2
 70
0
 10
113.689750872677
 20
162.0
 10
113.77424258313611
 20
162.0
  0
LWPOLYLINE
  5
15D
330
17
100
AcDbEntity
  8
HIDDEN
100
AcDbPolyline
 90
15
 70
0
 10
113.77424258313688
 20
162.0
 10
113.61954306768394
 20
162.0
 10
113.46494159820921
 20
162.0
 10
113.31044623554727
 20
162.0
 10
113.15606503500041
 20
162.0
 10
113.0018060459185
 20
162.0
 10
112.84767731127943
 20
162.0
 10
112.69368686726965
 20
162.0
 10
112.53984274286525
 20
162.0
 10
112.38615295941325
 20
162.0
 10
112.2326255302135
 20
162.0
 10
112.07926846010069
 20
162.0
 10
111.92608974502717
 20
162.0
 10
111.77309737164589
 20
162.0
 10
111.6202993168941
 20
162.0
  0
LWPOLYLINE
  5
15E
330
17
100
AcDbEntity
  8
HIDDEN
100
AcDbPolyline
 90
2
 70
0
 10
111.620299316894
 20
162.0
 10
111.4303522573701
 20
162.0
  0
LWPOLYLINE
  5
15F
330
17
100
AcDbEntity
  8
HIDDEN
100
AcDbPolyline
 90
4
 70
0
 10
111.43035225737
 20
162.0
 10
111.09331876948872
 20
162.0
 10
110.62373977673766
 20
162.0
 10
109.464334497276
 20
162.0
  0
LWPOLYLINE
  5
160
330
17
100
AcDbEntity
  8
HIDDEN
100
AcDbPolyline
 90
15
 70
0
 10
109.46433449727567
 20
162.0
 10
109.36495238219187
 20
162.0
 10
109.26566509914976
 20
162.0
 10
109.16647418287513
 20
162.0
 10
109.06738116660419
 20
162.0
 10
108.96838758205985
 20
162.0
 10
108.86949495942807
 20
162.0
 10
108.77070482733421
 20
162.0
 10
108.67201871281937
 20
162.0
 10
108.57343814131681
 20
162.0
 10
108.47496463662841
 20
162.0
 10
108.376599720901
 20
162.0
 10
108.27834491460294
 20
162.0
 10
108.18020173650059
 20
162.0
 10
108.08217170363483
 20
162.0
  0
LWPOLYLINE
  5
161
330
17
100
AcDbEntity
  8
HIDDEN
100
AcDbPolyline
 90
3
 70
0
 10
108.082171703635
 20
162.0
 10
107.86535611482513
 20
162.0
 10
107.78353835468653
 20
162.0
  0
LWPOLYLINE
  5
162
330
17
100
AcDbEntity
  8
HIDDEN
100
AcDbPolyline
 90
2
 70
0
 10
107.78353835468653
 20
162.0
 10
107.933219489172
 20
162.0
  0
LWPOLYLINE
  5
163
330
17
100
AcDbEntity
  8
HIDDEN
100
AcDbPolyline
 90
2
 70
0
 10
107.933219489172
 20
162.0
 10
108.28639199917554
 20
162.0
  0
LWPOLYLINE
  5
164
330
17
100
AcDbEntity
  8
HIDDEN
100
AcDbPolyline
 90
15
 70
0
 10
108.28639199917855
 20
162.0
 10
108.14033353934934
 20
162.0
 10
107.99465880843464
 20
162.0
 10
107.84937540183387
 20
162.0
 10
107.70449089454301
 20
162.0
 10
107.56001284075967
 20
162.0
 10
107.41594877348919
 20
162.0
 10
107.27230620415187
 20
162.0
 10
107.12909262219137
 20
162.0
 10
106.98631549468416
 20
162.0
 10
106.84398226595025
 20
162.0
 10
106.70210035716497
 20
162.0
 10
106.56067716597212
 20
162.0
 10
106.41972006609821
 20
162.0
 10
106.279236406968
 20
162.0
  0
LWPOLYLINE
  5
165
330
17
100
AcDbEntity
  8
HIDDEN
100
AcDbPolyline
 90
2
 70
0
 10
106.279236406968
 20
162.0
 10
105.82779515566548
 20
162.0
  0
LWPOLYLINE
  5
166
330
17
100
AcDbEntity
  8
HIDDEN
100
AcDbPolyline
 90
4
 70
0
 10
105.827795155665
 20
162.0
 10
105.27912979359186
 20
162.0
 10
104.61863391222145
 20
162.0
 10
103.12452951531
 20
162.0
  0
LWPOLYLINE
  5
167
330
17
100
AcDbEntity
  8
HIDDEN
100
AcDbPolyline
 90
15
 70
0
 10
103.12452951529582
 20
162.0
 10
103.03472605928273
 20
162.0
 10
102.94511528431333
 20
162.0
 10
102.85569857553952
 20
162.0
 10
102.76647731511339
 20
162.0
 10
102.67745288216594
 20
162.0
 10
102.5886266527857
 20
162.0
 10
102.49999999999753
 20
162.0
 10
102.41157429374128
 20
162.0
 10
102.32335090085073
 20
162.0
 10
102.23533118503242
 20
162.0
 10
102.14751650684454
 20
162.0
 10
102.05990822367595
 20
162.0
 10
101.97250768972513
 20
162.0
 10
101.88531625597938
 20
162.0
  0
LWPOLYLINE
  5
168
330
17
100
AcDbEntity
  8
HIDDEN
100
AcDbPolyline
 90
4
 70
0
 10
101.88531625598
 20
162.0
 10
102.08783970452563
 20
162.0
 10
102.32110607731056
 20
162.0
 10
102.69235169279
 20
162.0
  0
LWPOLYLINE
  5
169
330
17
100
AcDbEntity
  8
HIDDEN
100
AcDbPolyline
 90
2
 70
0
 10
102.69235169279
 20
162.0
 10
103.29013687942837
 20
162.0
  0
LWPOLYLINE
  5
16A
330
17
100
AcDbEntity
  8
HIDDEN
100
AcDbPolyline
 90
15
 70
0
 10
103.29013687941331
 20
162.0
 10
103.1626731178734
 20
162.0
 10
103.03585261769288
 20
162.0
 10
102.90968199122212
 20
162.0
 10
102.78416781692735
 20
162.0
 10
102.65931663904782
 20
162.0
 10
102.53513496725444
 20
162.0
 10
102.41162927631049
 20
162.0
 10
102.28880600573402
 20
162.0
 10
102.16667155946197
 20
162.0
 10
102.04523230551646
 20
162.0
 10
101.9244945756726
 20
162.0
 10
101.80446466512845
 20
162.0
 10
101.68514883217676
 20
162.0
 10
101.5665532978787
 20
162.0
  0
LWPOLYLINE
  5
16B
330
17
100
AcDbEntity
  8
HIDDEN
100
AcDbPolyline
 90
2
 70
0
 10
101.56655329788
 20
162.0
 10
100.88438283003143
 20
162.0
  0
LWPOLYLINE
  5
16C
330
17
100
AcDbEntity
  8
HIDDEN
100
AcDbPolyline
 90
3
 70
0
 10
100.88438283003
 20
162.0
 10
99.35507516427361
 20
162.0
 10
97.62809239543
 20
162.0
  0
LWPOLYLINE
  5
16D
330
17
100
AcDbEntity
  8
HIDDEN
100
AcDbPolyline
 90
15
 70
0
 10
97.6280923954324
 20
162.0
 10
97.55398755560887
 20
162.0
 10
97.48016011493634
 20
162.0
 10
97.40661121459695
 20
162.0
 10
97.33334199146736
 20
162.0
 10
97.26035357810115
 20
162.0
 10
97.18764710271125
 20
162.0
 10
97.11522368915261
 20
162.0
 10
97.04308445690475
 20
162.0
 10
96.9712305210545
 20
162.0
 10
96.89966299227868
 20
162.0
 10
96.82838297682706
 20
162.0
 10
96.75739157650517
 20
162.0
 10
96.6866898886573
 20
162.0
 10
96.61627900614951
 20
162.0
  0
LWPOLYLINE
  5
16E
330
17
100
AcDbEntity
  8
HIDDEN
100
AcDbPolyline
 90
4
 70
0
 10
96.61627900615
 20
162.0
 10
97.28869034666138
 20
162.0
 10
97.74625998082477
 20
162.0
 10
98.3243039629
 20
162.0
  0
LWPOLYLINE
  5
16F
330
17
100
AcDbEntity
  8
HIDDEN
100
AcDbPolyline
 90
2
 70
0
 10
98.3243039629
 20
162.0
 10
99.12596375358316
 20
162.0
  0
LWPOLYLINE
  5
170
330
17
100
AcDbEntity
  8
HIDDEN
100
AcDbPolyline
 90
15
 70
0
 10
99.12596375357978
 20
162.0
 10
99.0257811350327
 20
162.0
 10
98.92645747309135
 20
162.0
 10
98.82799794643621
 20
162.0
 10
98.73040768869221
 20
162.0
 10
98.6336917881611
 20
162.0
 10
98.53785528755611
 20
162.0
 10
98.44290318373909
 20
162.0
 10
98.34884042745988
 20
162.0
 10
98.25567192309826
 20
162.0
 10
98.16340252840821
 20
162.0
 10
98.07203705426464
 20
162.0
 10
97.98158026441253
 20
162.0
 10
97.8920368752186
 20
162.0
 10
97.8034115554253
 20
162.0
  0
LWPOLYLINE
  5
171
330
17
100
AcDbEntity
  8
HIDDEN
100
AcDbPolyline
 90
2
 70
0
 10
97.80341155543
 20
162.0
 10
96.9370006610806
 20
162.0
  0
LWPOLYLINE
  5
172
330
17
100
AcDbEntity
  8
HIDDEN
100
AcDbPolyline
 90
2
 70
0
 10
96.93700066107999
 20
162.0
 10
93.34959624408
 20
162.0
  0
LWPOLYLINE
  5
173
330
17
100
AcDbEntity
  8
HIDDEN
100
AcDbPolyline
 90
15
 70
0
 10
93.3495962440748
 20
162.0
 10
93.29624014281247
 20
162.0
 10
93.2432272545147
 20
162.0
 10
93.19055839862423
 20
162.0
 10
93.13823438926603
 20
162.0
 10
93.08625603523454
 20
162.0
 10
93.03462413998132
 20
162.0
 10
92.98333950160252
 20
162.0
 10
92.93240291282663
 20
162.0
 10
92.8818151610022
 20
162.0
 10
92.8315770280856
 20
162.0
 10
92.78168929062906
 20
162.0
 10
92.73215271976854
 20
162.0
 10
92.68296808121191
 20
162.0
 10
92.63413613522707
 20
162.0
  0
LWPOLYLINE
  5
174
330
17
100
AcDbEntity
  8
HIDDEN
100
AcDbPolyline
 90
3
 70
0
 10
92.63413613523
 20
162.0
 10
93.73061164605676
 20
162.0
 10
95.12675153376
 20
162.0
  0
LWPOLYLINE
  5
175
330
17
100
AcDbEntity
  8
HIDDEN
100
AcDbPolyline
 90
2
 70
0
 10
95.12675153376
 20
162.0
 10
96.07765413856151
 20
162.0
  0
LWPOLYLINE
  5
176
330
17
100
AcDbEntity
  8
HIDDEN
100
AcDbPolyline
 90
15
 70
0
 10
96.07765413855655
 20
162.0
 10
96.01157994289737
 20
162.0
 10
95.94652186261703
 20
162.0
 10
95.88248328980767
 20
162.0
 10
95.81946756340483
 20
162.0
 10
95.75747796901342
 20
162.0
 10
95.6965177387364
 20
162.0
 10
95.63659005100628
 20
162.0
 10
95.57769803041934
 20
162.0
 10
95.51984474757276
 20
162.0
 10
95.46303321890454
 20
162.0
 10
95.40726640653617
 20
162.0
 10
95.35254721811822
 20
162.0
 10
95.2988785066787
 20
162.0
 10
95.24626307047441
 20
162.0
  0
LWPOLYLINE
  5
177
330
17
100
AcDbEntity
  8
HIDDEN
100
AcDbPolyline
 90
2
 70
0
 10
95.24626307048
 20
162.0
 10
94.25465622026972
 20
162.0
  0
LWPOLYLINE
  5
178
330
17
100
AcDbEntity
  8
HIDDEN
100
AcDbPolyline
 90
2
 70
0
 10
94.25465622027
 20
162.0
 10
90.58061350343
 20
162.0
  0
LWPOLYLINE
  5
179
330
17
100
AcDbEntity
  8
HIDDEN
100
AcDbPolyline
 90
15
 70
0
 10
90.58061350342746
 20
162.0
 10
90.55164227085089
 20
162.0
 10
90.5230566756561
 20
162.0
 10
90.4948571597028
 20
162.0
 10
90.46704415888291
 20
162.0
 10
90.43961810311382
 20
162.0
 10
90.41257941633175
 20
162.0
 10
90.38592851648518
 20
162.0
 10
90.35966581552842
 20
162.0
 10
90.33379171941519
 20
162.0
 10
90.30830662809244
 20
162.0
 10
90.28321093549404
 20
162.0
 10
90.2585050295348
 20
162.0
 10
90.23418929210443
 20
162.0
 10
90.21026409906162
 20
162.0
  0
LWPOLYLINE
  5
17A
330
17
100
AcDbEntity
  8
HIDDEN
100
AcDbPolyline
 90
3
 70
0
 10
90.21026409907
 20
162.0
 10
91.65608078615682
 20
162.0
 10
93.3176023192
 20
162.0
  0
LWPOLYLINE
  5
17B
330
17
100
AcDbEntity
  8
HIDDEN
100
AcDbPolyline
 90
2
 70
0
 10
93.3176023192
 20
162.0
 10
94.35294529705973
 20
162.0
  0
LWPOLYLINE
  5
17C
330
17
100
AcDbEntity
  8
HIDDEN
100
AcDbPolyline
 90
15
 70
0
 10
94.35294529705101
 20
162.0
 10
94.32548237152082
 20
162.0
 10
94.29912347355878
 20
162.0
 10
94.27386997750313
 20
162.0
 10
94.2497232000571
 20
162.0
 10
94.22668440022025
 20
162.0
 10
94.2047547792228
 20
162.0
 10
94.18393548046295
 20
162.0
 10
94.16422758944738
 20
162.0
 10
94.14563213373455
 20
162.0
 10
94.12815008288119
 20
162.0
 10
94.11178234839169
 20
162.0
 10
94.09652978367063
 20
162.0
 10
94.08239318397824
 20
162.0
 10
94.06937328638895
 20
162.0
  0
LWPOLYLINE
  5
17D
330
17
100
AcDbEntity
  8
HIDDEN
100
AcDbPolyline
 90
2
 70
0
 10
94.06937328639
 20
162.0
 10
93.02014684845001
 20
162.0
  0
LWPOLYLINE
  5
17E
330
17
100
AcDbEntity
  8
HIDDEN
100
AcDbPolyline
 90
3
 70
0
 10
93.02014684845
 20
162.0
 10
91.20647361674047
 20
162.0
 10
89.50984577128
 20
162.0
  0
LWPOLYLINE
  5
17F
330
17
100
AcDbEntity
  8
HIDDEN
100
AcDbPolyline
 90
15
 70
0
 10
89.50984577128025
 20
162.0
 10
89.50848953986836
 20
162.0
 10
89.50723374901287
 20
162.0
 10
89.5060784035666
 20
162.0
 10
89.50502350799424
 20
162.0
 10
89.50406906637225
 20
162.0
 10
89.50321508238898
 20
162.0
 10
89.5024615593445
 20
162.0
 10
89.5018085001507
 20
162.0
 10
89.50125590733126
 20
162.0
 10
89.50080378302158
 20
162.0
 10
89.50045212896882
 20
162.0
 10
89.5002009465319
 20
162.0
 10
89.5000502366815
 20
162.0
 10
89.5
 20
162.0
  0
LWPOLYLINE
  5
180
330
17
100
AcDbEntity
  8
HIDDEN
100
AcDbPolyline
 90
2
 70
0
 10
90.21026409907
 20
162.0
 10
93.02014684845
 20
162.0
  0
LWPOLYLINE
  5
181
330
17
100
AcDbEntity
  8
HIDDEN
100
AcDbPolyline
 90
2
 70
0
 10
93.02014684845
 20
162.0
 10
94.06937328638999
 20
162.0
  0
LWPOLYLINE
  5
182
330
17
100
AcDbEntity
  8
HIDDEN
100
AcDbPolyline
 90
15
 70
0
 10
94.06937328638911
 20
162.0
 10
94.0823931839784
 20
162.0
 10
94.0965297836708
 20
162.0
 10
94.1117823483919
 20
162.0
 10
94.12815008288143
 20
162.0
 10
94.14563213373482
 20
162.0
 10
94.16422758944768
 20
162.0
 10
94.18393548046329
 20
162.0
 10
94.20475477922318
 20
162.0
 10
94.2266844002207
 20
162.0
 10
94.24972320005759
 20
162.0
 10
94.27386997750367
 20
162.0
 10
94.29912347355938
 20
162.0
 10
94.3254823715215
 20
162.0
 10
94.35294529705175
 20
162.0
  0
LWPOLYLINE
  5
183
330
17
100
AcDbEntity
  8
HIDDEN
100
AcDbPolyline
 90
2
 70
0
 10
94.35294529706
 20
162.0
 10
93.31760231920028
 20
162.0
  0
LWPOLYLINE
  5
184
330
17
100
AcDbEntity
  8
HIDDEN
100
AcDbPolyline
 90
3
 70
0
 10
93.3176023192
 20
162.0
 10
91.65608078615682
 20
162.0
 10
90.21026409907
 20
162.0
  0
LWPOLYLINE
  5
185
330
17
100
AcDbEntity
  8
HIDDEN
100
AcDbPolyline
 90
2
 70
0
 10
92.63413613523001
 20
162.0
 10
94.25465622027
 20
162.0
  0
LWPOLYLINE
  5
186
330
17
100
AcDbEntity
  8
HIDDEN
100
AcDbPolyline
 90
2
 70
0
 10
94.25465622027
 20
162.0
 10
95.24626307048028
 20
162.0
  0
LWPOLYLINE
  5
187
330
17
100
AcDbEntity
  8
HIDDEN
100
AcDbPolyline
 90
15
 70
0
 10
95.24626307047284
 20
162.0
 10
95.2988785066774
 20
162.0
 10
95.35254721811717
 20
162.0
 10
95.4072664065354
 20
162.0
 10
95.46303321890406
 20
162.0
 10
95.51984474757259
 20
162.0
 10
95.57769803041947
 20
162.0
 10
95.63659005100673
 20
162.0
 10
95.69651773873719
 20
162.0
 10
95.75747796901454
 20
162.0
 10
95.8194675634063
 20
162.0
 10
95.88248328980953
 20
162.0
 10
95.94652186261926
 20
162.0
 10
96.01157994289998
 20
162.0
 10
96.07765413855957
 20
162.0
  0
LWPOLYLINE
  5
188
330
17
100
AcDbEntity
  8
HIDDEN
100
AcDbPolyline
 90
2
 70
0
 10
96.07765413856
 20
162.0
 10
95.12675153375848
 20
162.0
  0
LWPOLYLINE
  5
189
330
17
100
AcDbEntity
  8
HIDDEN
100
AcDbPolyline
 90
3
 70
0
 10
95.12675153376
 20
162.0
 10
93.73061164605674
 20
162.0
 10
92.63413613523
 20
162.0
  0
LWPOLYLINE
  5
18A
330
17
100
AcDbEntity
  8
HIDDEN
100
AcDbPolyline
 90
2
 70
0
 10
96.61627900615
 20
162.0
 10
96.93700066107999
 20
162.0
  0
LWPOLYLINE
  5
18B
330
17
100
AcDbEntity
  8
HIDDEN
100
AcDbPolyline
 90
2
 70
0
 10
96.93700066107999
 20
162.0
 10
97.8034115554308
 20
162.0
  0
LWPOLYLINE
  5
18C
330
17
100
AcDbEntity
  8
HIDDEN
100
AcDbPolyline
 90
15
 70
0
 10
97.80341155542891
 20
162.0
 10
97.89203687522189
 20
162.0
 10
97.9815802644155
 20
162.0
 10
98.07203705426727
 20
162.0
 10
98.16340252841049
 20
162.0
 10
98.25567192310018
 20
162.0
 10
98.34884042746144
 20
162.0
 10
98.44290318374027
 20
162.0
 10
98.53785528755694
 20
162.0
 10
98.63369178816153
 20
162.0
 10
98.73040768869225
 20
162.0
 10
98.82799794643584
 20
162.0
 10
98.92645747309058
 20
162.0
 10
99.02578113503152
 20
162.0
 10
99.12596375357819
 20
162.0
  0
LWPOLYLINE
  5
18D
330
17
100
AcDbEntity
  8
HIDDEN
100
AcDbPolyline
 90
2
 70
0
 10
99.12596375358
 20
162.0
 10
98.32430396289584
 20
162.0
  0
LWPOLYLINE
  5
18E
330
17
100
AcDbEntity
  8
HIDDEN
100
AcDbPolyline
 90
4
 70
0
 10
98.3243039629
 20
162.0
 10
97.7462599808248
 20
162.0
 10
97.2886903466614
 20
162.0
 10
96.61627900615
 20
162.0
  0
LWPOLYLINE
  5
18F
330
17
100
AcDbEntity
  8
HIDDEN
100
AcDbPolyline
 90
15
 70
0
 10
101.88531625598
 20
162.0
 10
101.98275043340581
 20
162.0
 10
102.08064585787162
 20
162.0
 10
102.17899918890677
 20
162.0
 10
102.27780707041563
 20
162.0
 10
102.37706613079196
 20
162.0
 10
102.47677298303401
 20
162.0
 10
102.57692422486012
 20
162.0
 10
102.67751643882478
 20
162.0
 10
102.77854619243524
 20
162.0
 10
102.88001003826868
 20
162.0
 10
102.98190451408979
 20
162.0
 10
103.08422614296897
 20
162.0
 10
103.18697143340091
 20
162.0
 10
103.2901368794238
 20
162.0
  0
LWPOLYLINE
  5
190
330
17
100
AcDbEntity
  8
HIDDEN
100
AcDbPolyline
 90
2
 70
0
 10
103.29013687943
 20
162.0
 10
102.69235169279116
 20
162.0
  0
LWPOLYLINE
  5
191
330
17
100
AcDbEntity
  8
HIDDEN
100
AcDbPolyline
 90
4
 70
0
 10
102.69235169279
 20
162.0
 10
102.32110607731059
 20
162.0
 10
102.08783970452563
 20
162.0
 10
101.88531625598
 20
162.0
  0
LWPOLYLINE
  5
192
330
17
100
AcDbEntity
  8
HIDDEN
100
AcDbPolyline
 90
15
 70
0
 10
107.78353835468653
 20
162.0
 10
107.81930098239376
 20
162.0
 10
107.85508798675777
 20
162.0
 10
107.8908992541994
 20
162.0
 10
107.92673467106245
 20
162.0
 10
107.96259412361408
 20
162.0
 10
107.9984774980452
 20
162.0
 10
108.03438468047075
 20
162.0
 10
108.07031555693013
 20
162.0
 10
108.10627001338756
 20
162.0
 10
108.14224793573237
 20
162.0
 10
108.17824920977948
 20
162.0
 10
108.21427372126966
 20
162.0
 10
108.25032135586994
 20
162.0
 10
108.28639199917396
 20
162.0
  0
LWPOLYLINE
  5
193
330
17
100
AcDbEntity
  8
HIDDEN
100
AcDbPolyline
 90
2
 70
0
 10
108.286391999176
 20
162.0
 10
107.93321948917279
 20
162.0
  0
LWPOLYLINE
  5
194
330
17
100
AcDbEntity
  8
HIDDEN
100
AcDbPolyline
 90
2
 70
0
 10
107.933219489172
 20
162.0
 10
107.78353835468653
 20
162.0
  0
LWPOLYLINE
  5
195
330
17
100
AcDbEntity
  8
HIDDEN
100
AcDbPolyline
 90
15
 70
0
 10
113.68779931340318
 20
162.0
 10
113.69397287119499
 20
162.0
 10
113.70014657895676
 20
162.0
 10
113.70632043617584
 20
162.0
 10
113.71249444233956
 20
162.0
 10
113.71866859693523
 20
162.0
 10
113.72484289945017
 20
162.0
 10
113.73101734937167
 20
162.0
 10
113.737191946187
 20
162.0
 10
113.74336668938345
 20
162.0
 10
113.74954157844826
 20
162.0
 10
113.7557166128687
 20
162.0
 10
113.76189179213198
 20
162.0
 10
113.76806711572532
 20
162.0
 10
113.77424258313594
 20
162.0
  0
LWPOLYLINE
  5
196
330
17
100
AcDbEntity
  8
HIDDEN
100
AcDbPolyline
 90
2
 70
0
 10
113.774242583136
 20
162.0
 10
113.68975087267688
 20
162.0
  0
LWPOLYLINE
  5
197
330
17
100
AcDbEntity
  8
HIDDEN
100
AcDbPolyline
 90
2
 70
0
 10
117.31220068659682
 20
162.0
 10
117.310249127323
 20
162.0
  0
LWPOLYLINE
  5
198
330
17
100
AcDbEntity
  8
HIDDEN
100
AcDbPolyline
 90
2
 70
0
 10
117.310249127323
 20
162.0
 10
117.2257574168639
 20
162.0
  0
LWPOLYLINE
  5
199
330
17
100
AcDbEntity
  8
HIDDEN
100
AcDbPolyline
 90
15
 70
0
 10
117.225757416863
 20
162.0
 10
117.2319328842737
 20
162.0
 10
117.23810820786713
 20
162.0
 10
117.24428338713048
 20
162.0
 10
117.25045842155099
 20
162.0
 10
117.25663331061588
 20
162.0
 10
117.2628080538124
 20
162.0
 10
117.26898265062782
 20
162.0
 10
117.27515710054938
 20
162.0
 10
117.2813314030644
 20
162.0
 10
117.28750555766014
 20
162.0
 10
117.29367956382393
 20
162.0
 10
117.29985342104308
 20
162.0
 10
117.30602712880494
 20
162.0
 10
117.31220068659682
 20
162.0
  0
LWPOLYLINE
  5
19A
330
17
100
AcDbEntity
  8
HIDDEN
100
AcDbPolyline
 90
2
 70
0
 10
123.21646164531347
 20
162.0
 10
123.066780510828
 20
162.0
  0
LWPOLYLINE
  5
19B
330
17
100
AcDbEntity
  8
HIDDEN
100
AcDbPolyline
 90
2
 70
0
 10
123.066780510828
 20
162.0
 10
122.71360800082478
 20
162.0
  0
LWPOLYLINE
  5
19C
330
17
100
AcDbEntity
  8
HIDDEN
100
AcDbPolyline
 90
15
 70
0
 10
122.71360800082113
 20
162.0
 10
122.74967864412548
 20
162.0
 10
122.78572627872612
 20
162.0
 10
122.82175079021665
 20
162.0
 10
122.85775206426412
 20
162.0
 10
122.89372998660929
 20
162.0
 10
122.92968444306706
 20
162.0
 10
122.9656153195268
 20
162.0
 10
123.0015225019527
 20
162.0
 10
123.03740587638417
 20
162.0
 10
123.07326532893616
 20
162.0
 10
123.10910074579955
 20
162.0
 10
123.14491201324154
 20
162.0
 10
123.1806990176059
 20
162.0
 10
123.21646164531347
 20
162.0
  0
LWPOLYLINE
  5
19D
330
17
100
AcDbEntity
  8
HIDDEN
100
AcDbPolyline
 90
4
 70
0
 10
129.114683744021
 20
162.0
 10
128.91216029547675
 20
162.0
 10
128.67889392269552
 20
162.0
 10
128.307648307216
 20
162.0
  0
LWPOLYLINE
  5
19E
330
17
100
AcDbEntity
  8
HIDDEN
100
AcDbPolyline
 90
2
 70
0
 10
128.307648307216
 20
162.0
 10
127.70986312057813
 20
162.0
  0
LWPOLYLINE
  5
19F
330
17
100
AcDbEntity
  8
HIDDEN
100
AcDbPolyline
 90
15
 70
0
 10
127.70986312058709
 20
162.0
 10
127.81302856660922
 20
162.0
 10
127.91577385704043
 20
162.0
 10
128.01809548591888
 20
162.0
 10
128.11998996173926
 20
162.0
 10
128.22145380757198
 20
162.0
 10
128.32248356118174
 20
162.0
 10
128.42307577514566
 20
162.0
 10
128.52322701697108
 20
162.0
 10
128.62293386921243
 20
162.0
 10
128.72219292958806
 20
162.0
 10
128.82100081109624
 20
162.0
 10
128.91935414213074
 20
162.0
 10
129.01724956659584
 20
162.0
 10
129.114683744021
 20
162.0
  0
LWPOLYLINE
  5
1A0
330
17
100
AcDbEntity
  8
HIDDEN
100
AcDbPolyline
 90
4
 70
0
 10
134.38372099385
 20
162.0
 10
133.71130965334436
 20
162.0
 10
133.25374001918175
 20
162.0
 10
132.675696037107
 20
162.0
  0
LWPOLYLINE
  5
1A1
330
17
100
AcDbEntity
  8
HIDDEN
100
AcDbPolyline
 90
2
 70
0
 10
132.675696037107
 20
162.0
 10
131.87403624641877
 20
162.0
  0
LWPOLYLINE
  5
1A2
330
17
100
AcDbEntity
  8
HIDDEN
100
AcDbPolyline
 90
15
 70
0
 10
131.87403624641985
 20
162.0
 10
131.9742188649674
 20
162.0
 10
132.07354252690925
 20
162.0
 10
132.17200205356488
 20
162.0
 10
132.26959231130934
 20
162.0
 10
132.36630821184087
 20
162.0
 10
132.4621447124463
 20
162.0
 10
132.55709681626377
 20
162.0
 10
132.6511595725434
 20
162.0
 10
132.74432807690545
 20
162.0
 10
132.8365974715959
 20
162.0
 10
132.92796294573986
 20
162.0
 10
133.01841973559237
 20
162.0
 10
133.1079631247867
 20
162.0
 10
133.19658844458036
 20
162.0
  0
LWPOLYLINE
  5
1A3
330
17
100
AcDbEntity
  8
HIDDEN
100
AcDbPolyline
 90
2
 70
0
 10
133.196588444576
 20
162.0
 10
134.06299933892612
 20
162.0
  0
LWPOLYLINE
  5
1A4
330
17
100
AcDbEntity
  8
HIDDEN
100
AcDbPolyline
 90
2
 70
0
 10
134.062999338925
 20
162.0
 10
134.38372099385
 20
162.0
  0
LWPOLYLINE
  5
1A5
330
17
100
AcDbEntity
  8
HIDDEN
100
AcDbPolyline
 90
3
 70
0
 10
138.365863864773
 20
162.0
 10
137.2693883539493
 20
162.0
 10
135.87324846624801
 20
162.0
  0
LWPOLYLINE
  5
1A6
330
17
100
AcDbEntity
  8
HIDDEN
100
AcDbPolyline
 90
2
 70
0
 10
135.87324846624801
 20
162.0
 10
134.92234586144076
 20
162.0
  0
LWPOLYLINE
  5
1A7
330
17
100
AcDbEntity
  8
HIDDEN
100
AcDbPolyline
 90
15
 70
0
 10
134.9223458614429
 20
162.0
 10
134.98842005710213
 20
162.0
 10
135.0534781373825
 20
162.0
 10
135.11751671019192
 20
162.0
 10
135.18053243659483
 20
162.0
 10
135.24252203098627
 20
162.0
 10
135.30348226126335
 20
162.0
 10
135.3634099489935
 20
162.0
 10
135.4223019695805
 20
162.0
 10
135.4801552524271
 20
162.0
 10
135.53696678109537
 20
162.0
 10
135.59273359346378
 20
162.0
 10
135.64745278188178
 20
162.0
 10
135.70112149332132
 20
162.0
 10
135.75373692952564
 20
162.0
  0
LWPOLYLINE
  5
1A8
330
17
100
AcDbEntity
  8
HIDDEN
100
AcDbPolyline
 90
2
 70
0
 10
135.75373692952599
 20
162.0
 10
136.74534377973717
 20
162.0
  0
LWPOLYLINE
  5
1A9
330
17
100
AcDbEntity
  8
HIDDEN
100
AcDbPolyline
 90
2
 70
0
 10
136.745343779737
 20
162.0
 10
138.365863864773
 20
162.0
  0
LWPOLYLINE
  5
1AA
330
17
100
AcDbEntity
  8
HIDDEN
100
AcDbPolyline
 90
3
 70
0
 10
140.789735900939
 20
162.0
 10
139.34391921384776
 20
162.0
 10
137.6823976808
 20
162.0
  0
LWPOLYLINE
  5
1AB
330
17
100
AcDbEntity
  8
HIDDEN
100
AcDbPolyline
 90
2
 70
0
 10
137.6823976808
 20
162.0
 10
136.647054702949
 20
162.0
  0
LWPOLYLINE
  5
1AC
330
17
100
AcDbEntity
  8
HIDDEN
100
AcDbPolyline
 90
15
 70
0
 10
121.5
 20
162.0
 10
121.3495674730909
 20
162.0
 10
120.90581320741435
 20
162.0
 10
120.19098889480784
 20
162.0
 10
119.24093881115185
 20
162.0
 10
118.10330243470455
 20
162.0
 10
116.83512560373686
 20
162.0
 10
115.49999999999876
 20
162.0
 10
114.16487439626073
 20
162.0
 10
112.89669756529321
 20
162.0
 10
111.75906118884622
 20
162.0
 10
110.8090111051906
 20
162.0
 10
110.09418679258457
 20
162.0
 10
109.65043252690855
 20
162.0
 10
109.5
 20
162.0
  0
LWPOLYLINE
  5
1AD
330
17
100
AcDbEntity
  8
HIDDEN
100
AcDbPolyline
 90
15
 70
0
 10
109.5
 20
162.0
 10
109.65043252690957
 20
162.0
 10
110.09418679258641
 20
162.0
 10
110.80901110519304
 20
162.0
 10
111.75906118884897
 20
162.0
 10
112.89669756529608
 20
162.0
 10
114.1648743962635
 20
162.0
 10
115.50000000000124
 20
162.0
 10
116.83512560373893
 20
162.0
 10
118.10330243470615
 20
162.0
 10
119.24093881115296
 20
162.0
 10
120.19098889480851
 20
162.0
 10
120.90581320741467
 20
162.0
 10
121.34956747309099
 20
162.0
 10
121.5
 20
162.0
  0
LWPOLYLINE
  5
1AE
330
17
100
AcDbEntity
  8
HIDDEN
100
AcDbPolyline
 90
2
 70
0
 10
141.49015422872
 20
147.0
 10
141.49015422872
 20
162.0
  0
LWPOLYLINE
  5
1AF
330
17
100
AcDbEntity
  8
HIDDEN
100
AcDbPolyline
 90
2
 70
0
 10
136.930626713611
 20
147.0
 10
136.930626713611
 20
162.0
  0
LWPOLYLINE
  5
1B0
330
17
100
AcDbEntity
  8
HIDDEN
100
AcDbPolyline
 90
2
 70
0
 10
136.647054702949
 20
147.0
 10
136.647054702949
 20
162.0
  0
LWPOLYLINE
  5
1B1
330
17
100
AcDbEntity
  8
HIDDEN
100
AcDbPolyline
 90
2
 70
0
 10
135.75373692952599
 20
147.0
 10
135.75373692952599
 20
162.0
  0
LWPOLYLINE
  5
1B2
330
17
100
AcDbEntity
  8
HIDDEN
100
AcDbPolyline
 90
2
 70
0
 10
134.922345861441
 20
147.0
 10
134.922345861441
 20
162.0
  0
LWPOLYLINE
  5
1B3
330
17
100
AcDbEntity
  8
HIDDEN
100
AcDbPolyline
 90
2
 70
0
 10
140.789735900939
 20
147.0
 10
140.789735900939
 20
162.0
  0
LWPOLYLINE
  5
1B4
330
17
100
AcDbEntity
  8
HIDDEN
100
AcDbPolyline
 90
2
 70
0
 10
140.419386496574
 20
147.0
 10
140.419386496574
 20
162.0
  0
LWPOLYLINE
  5
1B5
330
17
100
AcDbEntity
  8
HIDDEN
100
AcDbPolyline
 90
2
 70
0
 10
135.75373692952599
 20
147.0
 10
135.75373692952599
 20
162.0
  0
LWPOLYLINE
  5
1B6
330
17
100
AcDbEntity
  8
HIDDEN
100
AcDbPolyline
 90
2
 70
0
 10
134.922345861441
 20
147.0
 10
134.922345861441
 20
162.0
  0
LWPOLYLINE
  5
1B7
330
17
100
AcDbEntity
  8
HIDDEN
100
AcDbPolyline
 90
2
 70
0
 10
133.196588444576
 20
147.0
 10
133.196588444576
 20
162.0
  0
LWPOLYLINE
  5
1B8
330
17
100
AcDbEntity
  8
HIDDEN
100
AcDbPolyline
 90
2
 70
0
 10
131.87403624642
 20
147.0
 10
131.87403624642
 20
162.0
  0
LWPOLYLINE
  5
1B9
330
17
100
AcDbEntity
  8
HIDDEN
100
AcDbPolyline
 90
2
 70
0
 10
138.365863864773
 20
147.0
 10
138.365863864773
 20
162.0
  0
LWPOLYLINE
  5
1BA
330
17
100
AcDbEntity
  8
HIDDEN
100
AcDbPolyline
 90
2
 70
0
 10
137.65040375592
 20
147.0
 10
137.65040375592
 20
162.0
  0
LWPOLYLINE
  5
1BB
330
17
100
AcDbEntity
  8
HIDDEN
100
AcDbPolyline
 90
2
 70
0
 10
133.196588444576
 20
147.0
 10
133.196588444576
 20
162.0
  0
LWPOLYLINE
  5
1BC
330
17
100
AcDbEntity
  8
HIDDEN
100
AcDbPolyline
 90
2
 70
0
 10
131.87403624642
 20
147.0
 10
131.87403624642
 20
162.0
  0
LWPOLYLINE
  5
1BD
330
17
100
AcDbEntity
  8
HIDDEN
100
AcDbPolyline
 90
2
 70
0
 10
127.709863120579
 20
147.0
 10
127.709863120579
 20
162.0
  0
LWPOLYLINE
  5
1BE
330
17
100
AcDbEntity
  8
HIDDEN
100
AcDbPolyline
 90
2
 70
0
 10
134.38372099385
 20
147.0
 10
134.38372099385
 20
162.0
  0
LWPOLYLINE
  5
1BF
330
17
100
AcDbEntity
  8
HIDDEN
100
AcDbPolyline
 90
2
 70
0
 10
133.371907604573
 20
147.0
 10
133.371907604573
 20
162.0
  0
LWPOLYLINE
  5
1C0
330
17
100
AcDbEntity
  8
HIDDEN
100
AcDbPolyline
 90
2
 70
0
 10
129.433446702124
 20
147.0
 10
129.433446702124
 20
162.0
  0
LWPOLYLINE
  5
1C1
330
17
100
AcDbEntity
  8
HIDDEN
100
AcDbPolyline
 90
2
 70
0
 10
127.709863120579
 20
147.0
 10
127.709863120579
 20
162.0
  0
LWPOLYLINE
  5
1C2
330
17
100
AcDbEntity
  8
HIDDEN
100
AcDbPolyline
 90
2
 70
0
 10
122.713608000824
 20
147.0
 10
122.713608000824
 20
162.0
  0
LWPOLYLINE
  5
1C3
330
17
100
AcDbEntity
  8
HIDDEN
100
AcDbPolyline
 90
2
 70
0
 10
129.114683744021
 20
147.0
 10
129.114683744021
 20
162.0
  0
LWPOLYLINE
  5
1C4
330
17
100
AcDbEntity
  8
HIDDEN
100
AcDbPolyline
 90
2
 70
0
 10
127.875470484699
 20
147.0
 10
127.875470484699
 20
162.0
  0
LWPOLYLINE
  5
1C5
330
17
100
AcDbEntity
  8
HIDDEN
100
AcDbPolyline
 90
2
 70
0
 10
124.720763593032
 20
147.0
 10
124.720763593032
 20
162.0
  0
LWPOLYLINE
  5
1C6
330
17
100
AcDbEntity
  8
HIDDEN
100
AcDbPolyline
 90
2
 70
0
 10
122.713608000824
 20
147.0
 10
122.713608000824
 20
162.0
  0
LWPOLYLINE
  5
1C7
330
17
100
AcDbEntity
  8
HIDDEN
100
AcDbPolyline
 90
2
 70
0
 10
117.225757416864
 20
147.0
 10
117.225757416864
 20
162.0
  0
LWPOLYLINE
  5
1C8
330
17
100
AcDbEntity
  8
HIDDEN
100
AcDbPolyline
 90
2
 70
0
 10
122.917828296365
 20
147.0
 10
122.917828296365
 20
162.0
  0
LWPOLYLINE
  5
1C9
330
17
100
AcDbEntity
  8
HIDDEN
100
AcDbPolyline
 90
2
 70
0
 10
121.535665502724
 20
147.0
 10
121.535665502724
 20
162.0
  0
LWPOLYLINE
  5
1CA
330
17
100
AcDbEntity
  8
HIDDEN
100
AcDbPolyline
 90
2
 70
0
 10
119.379700683106
 20
147.0
 10
119.379700683106
 20
162.0
  0
LWPOLYLINE
  5
1CB
330
17
100
AcDbEntity
  8
HIDDEN
100
AcDbPolyline
 90
2
 70
0
 10
117.225757416864
 20
147.0
 10
117.225757416864
 20
162.0
  0
LWPOLYLINE
  5
1CC
330
17
100
AcDbEntity
  8
HIDDEN
100
AcDbPolyline
 90
2
 70
0
 10
113.774242583136
 20
147.0
 10
113.774242583136
 20
162.0
  0
LWPOLYLINE
  5
1CD
330
17
100
AcDbEntity
  8
HIDDEN
100
AcDbPolyline
 90
2
 70
0
 10
116.215460108853
 20
147.0
 10
116.215460108853
 20
162.0
  0
LWPOLYLINE
  5
1CE
330
17
100
AcDbEntity
  8
HIDDEN
100
AcDbPolyline
 90
2
 70
0
 10
114.784539891147
 20
147.0
 10
114.784539891147
 20
162.0
  0
LWPOLYLINE
  5
1CF
330
17
100
AcDbEntity
  8
HIDDEN
100
AcDbPolyline
 90
2
 70
0
 10
113.774242583136
 20
147.0
 10
113.774242583136
 20
162.0
  0
LWPOLYLINE
  5
1D0
330
17
100
AcDbEntity
  8
HIDDEN
100
AcDbPolyline
 90
2
 70
0
 10
111.620299316894
 20
147.0
 10
111.620299316894
 20
162.0
  0
LWPOLYLINE
  5
1D1
330
17
100
AcDbEntity
  8
HIDDEN
100
AcDbPolyline
 90
2
 70
0
 10
108.286391999176
 20
147.0
 10
108.286391999176
 20
162.0
  0
LWPOLYLINE
  5
1D2
330
17
100
AcDbEntity
  8
HIDDEN
100
AcDbPolyline
 90
2
 70
0
 10
109.464334497276
 20
147.0
 10
109.464334497276
 20
162.0
  0
LWPOLYLINE
  5
1D3
330
17
100
AcDbEntity
  8
HIDDEN
100
AcDbPolyline
 90
2
 70
0
 10
108.082171703635
 20
147.0
 10
108.082171703635
 20
162.0
  0
LWPOLYLINE
  5
1D4
330
17
100
AcDbEntity
  8
HIDDEN
100
AcDbPolyline
 90
2
 70
0
 10
108.286391999176
 20
147.0
 10
108.286391999176
 20
162.0
  0
LWPOLYLINE
  5
1D5
330
17
100
AcDbEntity
  8
HIDDEN
100
AcDbPolyline
 90
2
 70
0
 10
106.279236406968
 20
147.0
 10
106.279236406968
 20
162.0
  0
LWPOLYLINE
  5
1D6
330
17
100
AcDbEntity
  8
HIDDEN
100
AcDbPolyline
 90
2
 70
0
 10
103.29013687943
 20
147.0
 10
103.29013687943
 20
162.0
  0
LWPOLYLINE
  5
1D7
330
17
100
AcDbEntity
  8
HIDDEN
100
AcDbPolyline
 90
2
 70
0
 10
103.12452951531
 20
147.0
 10
103.12452951531
 20
162.0
  0
LWPOLYLINE
  5
1D8
330
17
100
AcDbEntity
  8
HIDDEN
100
AcDbPolyline
 90
2
 70
0
 10
101.88531625598
 20
147.0
 10
101.88531625598
 20
162.0
  0
LWPOLYLINE
  5
1D9
330
17
100
AcDbEntity
  8
HIDDEN
100
AcDbPolyline
 90
2
 70
0
 10
103.29013687943
 20
147.0
 10
103.29013687943
 20
162.0
  0
LWPOLYLINE
  5
1DA
330
17
100
AcDbEntity
  8
HIDDEN
100
AcDbPolyline
 90
2
 70
0
 10
101.56655329788
 20
147.0
 10
101.56655329788
 20
162.0
  0
LWPOLYLINE
  5
1DB
330
17
100
AcDbEntity
  8
HIDDEN
100
AcDbPolyline
 90
2
 70
0
 10
99.12596375358
 20
147.0
 10
99.12596375358
 20
162.0
  0
LWPOLYLINE
  5
1DC
330
17
100
AcDbEntity
  8
HIDDEN
100
AcDbPolyline
 90
2
 70
0
 10
97.80341155543
 20
147.0
 10
97.80341155543
 20
162.0
  0
LWPOLYLINE
  5
1DD
330
17
100
AcDbEntity
  8
HIDDEN
100
AcDbPolyline
 90
2
 70
0
 10
97.62809239543
 20
147.0
 10
97.62809239543
 20
162.0
  0
LWPOLYLINE
  5
1DE
330
17
100
AcDbEntity
  8
HIDDEN
100
AcDbPolyline
 90
2
 70
0
 10
96.61627900615
 20
147.0
 10
96.61627900615
 20
162.0
  0
LWPOLYLINE
  5
1DF
330
17
100
AcDbEntity
  8
HIDDEN
100
AcDbPolyline
 90
2
 70
0
 10
99.12596375358
 20
147.0
 10
99.12596375358
 20
162.0
  0
LWPOLYLINE
  5
1E0
330
17
100
AcDbEntity
  8
HIDDEN
100
AcDbPolyline
 90
2
 70
0
 10
97.80341155543
 20
147.0
 10
97.80341155543
 20
162.0
  0
LWPOLYLINE
  5
1E1
330
17
100
AcDbEntity
  8
HIDDEN
100
AcDbPolyline
 90
2
 70
0
 10
96.07765413856
 20
147.0
 10
96.07765413856
 20
162.0
  0
LWPOLYLINE
  5
1E2
330
17
100
AcDbEntity
  8
HIDDEN
100
AcDbPolyline
 90
2
 70
0
 10
95.24626307048
 20
147.0
 10
95.24626307048
 20
162.0
  0
LWPOLYLINE
  5
1E3
330
17
100
AcDbEntity
  8
HIDDEN
100
AcDbPolyline
 90
2
 70
0
 10
93.34959624408
 20
147.0
 10
93.34959624408
 20
162.0
  0
LWPOLYLINE
  5
1E4
330
17
100
AcDbEntity
  8
HIDDEN
100
AcDbPolyline
 90
2
 70
0
 10
92.63413613523
 20
147.0
 10
92.63413613523
 20
162.0
  0
LWPOLYLINE
  5
1E5
330
17
100
AcDbEntity
  8
HIDDEN
100
AcDbPolyline
 90
2
 70
0
 10
96.07765413856
 20
147.0
 10
96.07765413856
 20
162.0
  0
LWPOLYLINE
  5
1E6
330
17
100
AcDbEntity
  8
HIDDEN
100
AcDbPolyline
 90
2
 70
0
 10
95.24626307048
 20
147.0
 10
95.24626307048
 20
162.0
  0
LWPOLYLINE
  5
1E7
330
17
100
AcDbEntity
  8
HIDDEN
100
AcDbPolyline
 90
2
 70
0
 10
94.35294529706
 20
147.0
 10
94.35294529706
 20
162.0
  0
LWPOLYLINE
  5
1E8
330
17
100
AcDbEntity
  8
HIDDEN
100
AcDbPolyline
 90
2
 70
0
 10
94.06937328639
 20
147.0
 10
94.06937328639
 20
162.0
  0
LWPOLYLINE
  5
1E9
330
17
100
AcDbEntity
  8
HIDDEN
100
AcDbPolyline
 90
2
 70
0
 10
90.58061350343
 20
147.0
 10
90.58061350343
 20
162.0
  0
LWPOLYLINE
  5
1EA
330
17
100
AcDbEntity
  8
HIDDEN
100
AcDbPolyline
 90
2
 70
0
 10
90.21026409907
 20
147.0
 10
90.21026409907
 20
162.0
  0
LWPOLYLINE
  5
1EB
330
17
100
AcDbEntity
  8
HIDDEN
100
AcDbPolyline
 90
2
 70
0
 10
89.50984577128
 20
147.0
 10
89.50984577128
 20
162.0
  0
LWPOLYLINE
  5
1EC
330
17
100
AcDbEntity
  8
HIDDEN
100
AcDbPolyline
 90
2
 70
0
 10
94.35294529706
 20
147.0
 10
94.35294529706
 20
162.0
  0
LWPOLYLINE
  5
1ED
330
17
100
AcDbEntity
  8
HIDDEN
100
AcDbPolyline
 90
2
 70
0
 10
94.06937328639
 20
147.0
 10
94.06937328639
 20
162.0
  0
LWPOLYLINE
  5
1EE
330
17
100
AcDbEntity
  8
HIDDEN
100
AcDbPolyline
 90
2
 70
0
 10
121.5
 20
147.0
 10
121.5
 20
162.0
  0
LWPOLYLINE
  5
1EF
330
17
100
AcDbEntity
  8
HIDDEN
100
AcDbPolyline
 90
2
 70
0
 10
123.21646164531347
 20
162.0
 10
123.21646164531347
 20
147.0
  0
LWPOLYLINE
  5
1F0
330
17
100
AcDbEntity
  8
HIDDEN
100
AcDbPolyline
 90
2
 70
0
 10
117.31220068659682
 20
162.0
 10
117.31220068659682
 20
147.0
  0
LWPOLYLINE
  5
1F1
330
17
100
AcDbEntity
  8
HIDDEN
100
AcDbPolyline
 90
2
 70
0
 10
113.68779931340318
 20
162.0
 10
113.68779931340318
 20
147.0
  0
LWPOLYLINE
  5
1F2
330
17
100
AcDbEntity
  8
HIDDEN
100
AcDbPolyline
 90
2
 70
0
 10
107.78353835468653
 20
162.0
 10
107.78353835468653
 20
147.0
  0
LWPOLYLINE
  5
1F3
330
17
100
AcDbEntity
  8
HIDDEN
100
AcDbPolyline
 90
2
 70
0
 10
109.5
 20
162.0
 10
109.5
 20
147.0
  0
TEXT
  5
1F4
330
17
100
AcDbEntity
  8
TEXT
100
AcDbText
 10
97.5
 20
140.0
 30
0.0
 40
3.0
  1
FRONT  1:1
100
AcDbText
  0
LWPOLYLINE
  5
1F5
330
17
100
AcDbEntity
  8
VISIBLE
100
AcDbPolyline
 90
15
 70
0
 10
302.6202993168952
 20
147.0
 10
302.76699578878794
 20
147.0
 10
302.913871672505
 20
147.0
 10
303.0609199090482
 20
147.0
 10
303.20813343113576
 20
147.0
 10
303.3555051635422
 20
147.0
 10
303.5030280234383
 20
147.0
 10
303.65069492073144
 20
147.0
 10
303.7984987584065
 20
147.0
 10
303.94643243286686
 20
147.0
 10
304.09448883427575
 20
147.0
 10
304.24266084689816
 20
147.0
 10
304.3909413494425
 20
147.0
 10
304.5393232154033
 20
147.0
 10
304.6877993134031
 20
147.0
  0
LWPOLYLINE
  5
1F6
330
17
100
AcDbEntity
  8
VISIBLE
100
AcDbPolyline
 90
15
 70
0
 10
302.6202993168952
 20
162.0
 10
302.76699578878794
 20
162.0
 10
302.913871672505
 20
162.0
 10
303.0609199090482
 20
162.0
 10
303.20813343113576
 20
162.0
 10
303.3555051635422
 20
162.0
 10
303.5030280234383
 20
162.0
 10
303.65069492073144
 20
162.0
 10
303.7984987584065
 20
162.0
 10
303.94643243286686
 20
162.0
 10
304.09448883427575
 20
162.0
 10
304.24266084689816
 20
162.0
 10
304.3909413494425
 20
162.0
 10
304.5393232154033
 20
162.0
 10
304.6877993134031
 20
162.0
  0
LWPOLYLINE
  5
1F7
330
17
100
AcDbEntity
  8
VISIBLE
100
AcDbPolyline
 90
2
 70
0
 10
302.6202993168939
 20
147.0
 10
302.6202993168939
 20
162.0
  0
LWPOLYLINE
  5
1F8
330
17
100
AcDbEntity
  8
VISIBLE
100
AcDbPolyline
 90
2
 70
0
 10
304.68975087267694
 20
162.0
 10
304.6877993134031
 20
162.0
  0
LWPOLYLINE
  5
1F9
330
17
100
AcDbEntity
  8
VISIBLE
100
AcDbPolyline
 90
4
 70
0
 10
304.6877993134031
 20
162.0
 10
304.80361994510133
 20
162.0
 10
305.0505655035525
 20
162.0
 10
305.78453989114695
 20
162.0
  0
LWPOLYLINE
  5
1FA
330
17
100
AcDbEntity
  8
VISIBLE
100
AcDbPolyline
 90
2
 70
0
 10
305.78453989114695
 20
147.0
 10
305.78453989114695
 20
162.0
  0
LWPOLYLINE
  5
1FB
330
17
100
AcDbEntity
  8
VISIBLE
100
AcDbPolyline
 90
2
 70
0
 10
304.68975087267694
 20
147.0
 10
304.6877993134031
 20
147.0
  0
LWPOLYLINE
  5
1FC
330
17
100
AcDbEntity
  8
VISIBLE
100
AcDbPolyline
 90
4
 70
0
 10
304.6877993134031
 20
147.0
 10
304.80361994510133
 20
147.0
 10
305.0505655035525
 20
147.0
 10
305.78453989114695
 20
147.0
  0
LWPOLYLINE
  5
1FD
330
17
100
AcDbEntity
  8
VISIBLE
100
AcDbPolyline
 90
15
 70
0
 10
305.78453989114615
 20
147.0
 10
305.88672793839413
 20
147.0
 10
305.98892546524934
 20
147.0
 10
306.09113089200116
 20
147.0
 10
306.1933426388167
 20
147.0
 10
306.2955591257656
 20
147.0
 10
306.39777877284405
 20
147.0
 10
306.49999999999955
 20
147.0
 10
306.60222122715504
 20
147.0
 10
306.7044408742335
 20
147.0
 10
306.8066573611824
 20
147.0
 10
306.908869107998
 20
147.0
 10
307.01107453474975
 20
147.0
 10
307.11327206160496
 20
147.0
 10
307.21546010885294
 20
147.0
  0
LWPOLYLINE
  5
1FE
330
17
100
AcDbEntity
  8
VISIBLE
100
AcDbPolyline
 90
4
 70
0
 10
307.21546010885294
 20
147.0
 10
307.94943449644745
 20
147.0
 10
308.1963800548986
 20
147.0
 10
308.3122006865968
 20
147.0
  0
LWPOLYLINE
  5
1FF
330
17
100
AcDbEntity
  8
VISIBLE
100
AcDbPolyline
 90
15
 70
0
 10
308.3122006865968
 20
147.0
 10
308.4606767845967
 20
147.0
 10
308.60905865055753
 20
147.0
 10
308.757339153102
 20
147.0
 10
308.9055111657245
 20
147.0
 10
309.0535675671335
 20
147.0
 10
309.2015012415939
 20
147.0
 10
309.3493050792691
 20
147.0
 10
309.4969719765623
 20
147.0
 10
309.6444948364584
 20
147.0
 10
309.7918665688649
 20
147.0
 10
309.9390800909526
 20
147.0
 10
310.0861283274958
 20
147.0
 10
310.23300421121303
 20
147.0
 10
310.3797006831058
 20
147.0
  0
LWPOLYLINE
  5
200
330
17
100
AcDbEntity
  8
VISIBLE
100
AcDbPolyline
 90
2
 70
0
 10
310.37970068310597
 20
147.0
 10
310.56964774262985
 20
147.0
  0
LWPOLYLINE
  5
201
330
17
100
AcDbEntity
  8
VISIBLE
100
AcDbPolyline
 90
4
 70
0
 10
310.56964774262997
 20
147.0
 10
310.9066812305112
 20
147.0
 10
311.37626022326225
 20
147.0
 10
312.53566550272393
 20
147.0
  0
LWPOLYLINE
  5
202
330
17
100
AcDbEntity
  8
VISIBLE
100
AcDbPolyline
 90
15
 70
0
 10
312.53566550272456
 20
147.0
 10
312.6350476178083
 20
147.0
 10
312.7343349008504
 20
147.0
 10
312.833525817125
 20
147.0
 10
312.9326188333959
 20
147.0
 10
313.0316124179402
 20
147.0
 10
313.13050504057196
 20
147.0
 10
313.22929517266584
 20
147.0
 10
313.32798128718065
 20
147.0
 10
313.42656185868316
 20
147.0
 10
313.52503536337156
 20
147.0
 10
313.6234002790989
 20
147.0
 10
313.72165508539695
 20
147.0
 10
313.8197982634993
 20
147.0
 10
313.91782829636503
 20
147.0
  0
LWPOLYLINE
  5
203
330
17
100
AcDbEntity
  8
VISIBLE
100
AcDbPolyline
 90
3
 70
0
 10
313.9178282963649
 20
147.0
 10
314.1346438851748
 20
147.0
 10
314.2164616453134
 20
147.0
  0
LWPOLYLINE
  5
204
330
17
100
AcDbEntity
  8
VISIBLE
100
AcDbPolyline
 90
15
 70
0
 10
314.2164616453134
 20
147.0
 10
314.3254998680099
 20
147.0
 10
314.43430656814894
 20
147.0
 10
314.54287852661275
 20
147.0
 10
314.6512125312287
 20
147.0
 10
314.75930537686384
 20
147.0
 10
314.8671538655204
 20
147.0
 10
314.97475480643
 20
147.0
 10
315.0821050161479
 20
147.0
 10
315.1892013186478
 20
147.0
 10
315.2960405454151
 20
147.0
 10
315.402619535541
 20
147.0
 10
315.5089351358161
 20
147.0
 10
315.6149842008234
 20
147.0
 10
315.7207635930317
 20
147.0
  0
LWPOLYLINE
  5
205
330
17
100
AcDbEntity
  8
VISIBLE
100
AcDbPolyline
 90
2
 70
0
 10
315.72076359303196
 20
147.0
 10
316.1722048443345
 20
147.0
  0
LWPOLYLINE
  5
206
330
17
100
AcDbEntity
  8
VISIBLE
100
AcDbPolyline
 90
4
 70
0
 10
316.17220484433494
 20
147.0
 10
316.72087020641254
 20
147.0
 10
317.3813660877845
 20
147.0
 10
318.87547048469895
 20
147.0
  0
LWPOLYLINE
  5
207
330
17
100
AcDbEntity
  8
VISIBLE
100
AcDbPolyline
 90
15
 70
0
 10
318.87547048470446
 20
147.0
 10
318.96527394071757
 20
147.0
 10
319.05488471568697
 20
147.0
 10
319.1443014244608
 20
147.0
 10
319.23352268488696
 20
147.0
 10
319.32254711783446
 20
147.0
 10
319.4113733472147
 20
147.0
 10
319.5000000000029
 20
147.0
 10
319.58842570625916
 20
147.0
 10
319.6766490991497
 20
147.0
 10
319.76466881496805
 20
147.0
 10
319.85248349315594
 20
147.0
 10
319.94009177632455
 20
147.0
 10
320.02749231027536
 20
147.0
 10
320.11468374402114
 20
147.0
  0
LWPOLYLINE
  5
208
330
17
100
AcDbEntity
  8
VISIBLE
100
AcDbPolyline
 90
15
 70
0
 10
320.11468374402097
 20
147.0
 10
320.13762229891415
 20
147.0
 10
320.160534908827
 20
147.0
 10
320.18342153016926
 20
147.0
 10
320.20628211940016
 20
147.0
 10
320.22911663302835
 20
147.0
 10
320.25192502761223
 20
147.0
 10
320.2747072597598
 20
147.0
 10
320.2974632861289
 20
147.0
 10
320.32019306342715
 20
147.0
 10
320.3428965484121
 20
147.0
 10
320.3655736978914
 20
147.0
 10
320.38822446872285
 20
147.0
 10
320.4108488178142
 20
147.0
 10
320.4334467021238
 20
147.0
  0
LWPOLYLINE
  5
209
330
17
100
AcDbEntity
  8
VISIBLE
100
AcDbPolyline
 90
2
 70
0
 10
320.43344670212394
 20
147.0
 10
321.11561716997164
 20
147.0
  0
LWPOLYLINE
  5
20A
330
17
100
AcDbEntity
  8
VISIBLE
100
AcDbPolyline
 90
3
 70
0
 10
321.1156171699719
 20
147.0
 10
322.64492483573247
 20
147.0
 10
324.3719076045729
 20
147.0
  0
LWPOLYLINE
  5
20B
330
17
100
AcDbEntity
  8
VISIBLE
100
AcDbPolyline
 90
15
 70
0
 10
324.37190760456764
 20
147.0
 10
324.44601244439116
 20
147.0
 10
324.5198398850637
 20
147.0
 10
324.5933887854031
 20
147.0
 10
324.66665800853264
 20
147.0
 10
324.73964642189884
 20
147.0
 10
324.8123528972887
 20
147.0
 10
324.8847763108473
 20
147.0
 10
324.9569155430952
 20
147.0
 10
325.02876947894543
 20
147.0
 10
325.10033700772124
 20
147.0
 10
325.1716170231728
 20
147.0
 10
325.2426084234947
 20
147.0
 10
325.31331011134256
 20
147.0
 10
325.3837209938503
 20
147.0
  0
LWPOLYLINE
  5
20C
330
17
100
AcDbEntity
  8
VISIBLE
100
AcDbPolyline
 90
2
 70
0
 10
325.3837209938499
 20
147.0
 10
328.65040375591997
 20
147.0
  0
LWPOLYLINE
  5
20D
330
17
100
AcDbEntity
  8
VISIBLE
100
AcDbPolyline
 90
15
 70
0
 10
328.65040375592525
 20
147.0
 10
328.70375985718766
 20
147.0
 10
328.7567727454855
 20
147.0
 10
328.80944160137597
 20
147.0
 10
328.8617656107342
 20
147.0
 10
328.91374396476573
 20
147.0
 10
328.96537586001904
 20
147.0
 10
329.01666049839787
 20
147.0
 10
329.0675970871738
 20
147.0
 10
329.1181848389983
 20
147.0
 10
329.1684229719149
 20
147.0
 10
329.21831070937145
 20
147.0
 10
329.26784728023205
 20
147.0
 10
329.3170319187887
 20
147.0
 10
329.3658638647736
 20
147.0
  0
LWPOLYLINE
  5
20E
330
17
100
AcDbEntity
  8
VISIBLE
100
AcDbPolyline
 90
2
 70
0
 10
329.36586386477296
 20
147.0
 10
331.41938649657396
 20
147.0
  0
LWPOLYLINE
  5
20F
330
17
100
AcDbEntity
  8
VISIBLE
100
AcDbPolyline
 90
15
 70
0
 10
331.41938649657266
 20
147.0
 10
331.4483577291493
 20
147.0
 10
331.4769433243441
 20
147.0
 10
331.5051428402974
 20
147.0
 10
331.53295584111737
 20
147.0
 10
331.5603818968865
 20
147.0
 10
331.5874205836686
 20
147.0
 10
331.6140714835152
 20
147.0
 10
331.640334184472
 20
147.0
 10
331.66620828058524
 20
147.0
 10
331.691693371908
 20
147.0
 10
331.71678906450643
 20
147.0
 10
331.74149497046574
 20
147.0
 10
331.7658107078961
 20
147.0
 10
331.7897359009389
 20
147.0
  0
LWPOLYLINE
  5
210
330
17
100
AcDbEntity
  8
VISIBLE
100
AcDbPolyline
 90
2
 70
0
 10
331.7897359009389
 20
147.0
 10
332.4901542287199
 20
147.0
  0
LWPOLYLINE
  5
211
330
17
100
AcDbEntity
  8
VISIBLE
100
AcDbPolyline
 90
15
 70
0
 10
332.4901542287197
 20
147.0
 10
332.49151046013156
 20
147.0
 10
332.4927662509871
 20
147.0
 10
332.4939215964333
 20
147.0
 10
332.4949764920057
 20
147.0
 10
332.4959309336277
 20
147.0
 10
332.49678491761097
 20
147.0
 10
332.49753844065543
 20
147.0
 10
332.4981914998492
 20
147.0
 10
332.4987440926687
 20
147.0
 10
332.49919621697836
 20
147.0
 10
332.49954787103115
 20
147.0
 10
332.49979905346805
 20
147.0
 10
332.49994976331845
 20
147.0
 10
332.49999999999994
 20
147.0
  0
LWPOLYLINE
  5
212
330
17
100
AcDbEntity
  8
VISIBLE
100
AcDbPolyline
 90
15
 70
0
 10
280.5
 20
147.0
 10
280.50005023668155
 20
147.0
 10
280.500200946532
 20
147.0
 10
280.5004521289689
 20
147.0
 10
280.5008037830217
 20
147.0
 10
280.50125590733137
 20
147.0
 10
280.50180850015084
 20
147.0
 10
280.5024615593446
 20
147.0
 10
280.50321508238915
 20
147.0
 10
280.5040690663724
 20
147.0
 10
280.50502350799434
 20
147.0
 10
280.5060784035667
 20
147.0
 10
280.5072337490129
 20
147.0
 10
280.5084895398684
 20
147.0
 10
280.50984577128025
 20
147.0
  0
LWPOLYLINE
  5
213
330
17
100
AcDbEntity
  8
VISIBLE
100
AcDbPolyline
 90
2
 70
0
 10
280.50984577127997
 20
147.0
 10
281.21026409906995
 20
147.0
  0
LWPOLYLINE
  5
214
330
17
100
AcDbEntity
  8
VISIBLE
100
AcDbPolyline
 90
15
 70
0
 10
281.210264099061
 20
147.0
 10
281.23418929210374
 20
147.0
 10
281.25850502953404
 20
147.0
 10
281.28321093549323
 20
147.0
 10
281.30830662809154
 20
147.0
 10
281.3337917194142
 20
147.0
 10
281.35966581552736
 20
147.0
 10
281.38592851648406
 20
147.0
 10
281.4125794163305
 20
147.0
 10
281.4396181031125
 20
147.0
 10
281.4670441588815
 20
147.0
 10
281.4948571597013
 20
147.0
 10
281.5230566756545
 20
147.0
 10
281.5516422708492
 20
147.0
 10
281.5806135034257
 20
147.0
  0
LWPOLYLINE
  5
215
330
17
100
AcDbEntity
  8
VISIBLE
100
AcDbPolyline
 90
2
 70
0
 10
281.58061350342996
 20
147.0
 10
283.63413613522994
 20
147.0
  0
LWPOLYLINE
  5
216
330
17
100
AcDbEntity
  8
VISIBLE
100
AcDbPolyline
 90
15
 70
0
 10
283.6341361352296
 20
147.0
 10
283.6829680812146
 20
147.0
 10
283.73215271977136
 20
147.0
 10
283.781689290632
 20
147.0
 10
283.83157702808876
 20
147.0
 10
283.8818151610055
 20
147.0
 10
283.9324029128301
 20
147.0
 10
283.98333950160617
 20
147.0
 10
284.0346241399851
 20
147.0
 10
284.0862560352385
 20
147.0
 10
284.13823438927017
 20
147.0
 10
284.1905583986285
 20
147.0
 10
284.2432272545192
 20
147.0
 10
284.2962401428171
 20
147.0
 10
284.34959624407963
 20
147.0
  0
LWPOLYLINE
  5
217
330
17
100
AcDbEntity
  8
VISIBLE
100
AcDbPolyline
 90
2
 70
0
 10
284.3495962440799
 20
147.0
 10
287.61627900614997
 20
147.0
  0
LWPOLYLINE
  5
218
330
17
100
AcDbEntity
  8
VISIBLE
100
AcDbPolyline
 90
15
 70
0
 10
287.61627900614377
 20
147.0
 10
287.68668988865164
 20
147.0
 10
287.7573915764996
 20
147.0
 10
287.82838297682156
 20
147.0
 10
287.89966299227325
 20
147.0
 10
287.97123052104916
 20
147.0
 10
288.0430844568995
 20
147.0
 10
288.11522368914746
 20
147.0
 10
288.1876471027062
 20
147.0
 10
288.2603535780962
 20
147.0
 10
288.33334199146253
 20
147.0
 10
288.4066112145922
 20
147.0
 10
288.48016011493166
 20
147.0
 10
288.5539875556043
 20
147.0
 10
288.6280923954279
 20
147.0
  0
LWPOLYLINE
  5
219
330
17
100
AcDbEntity
  8
VISIBLE
100
AcDbPolyline
 90
3
 70
0
 10
288.6280923954299
 20
147.0
 10
290.35507516427356
 20
147.0
 10
291.88438283002995
 20
147.0
  0
LWPOLYLINE
  5
21A
330
17
100
AcDbEntity
  8
VISIBLE
100
AcDbPolyline
 90
2
 70
0
 10
291.88438283002995
 20
147.0
 10
292.5665532978785
 20
147.0
  0
LWPOLYLINE
  5
21B
330
17
100
AcDbEntity
  8
VISIBLE
100
AcDbPolyline
 90
15
 70
0
 10
292.56655329787657
 20
147.0
 10
292.58915118218613
 20
147.0
 10
292.61177553127754
 20
147.0
 10
292.634426302109
 20
147.0
 10
292.6571034515884
 20
147.0
 10
292.6798069365734
 20
147.0
 10
292.70253671387167
 20
147.0
 10
292.7252927402408
 20
147.0
 10
292.7480749723884
 20
147.0
 10
292.7708833669723
 20
147.0
 10
292.7937178806006
 20
147.0
 10
292.8165784698315
 20
147.0
 10
292.8394650911738
 20
147.0
 10
292.8623777010867
 20
147.0
 10
292.88531625597994
 20
147.0
  0
LWPOLYLINE
  5
21C
330
17
100
AcDbEntity
  8
VISIBLE
100
AcDbPolyline
 90
15
 70
0
 10
292.88531625598586
 20
147.0
 10
292.97250768973197
 20
147.0
 10
293.0599082236832
 20
147.0
 10
293.1475165068521
 20
147.0
 10
293.2353311850404
 20
147.0
 10
293.3233509008591
 20
147.0
 10
293.41157429375
 20
147.0
 10
293.50000000000665
 20
147.0
 10
293.5886266527952
 20
147.0
 10
293.6774528821758
 20
147.0
 10
293.76647731512367
 20
147.0
 10
293.85569857555015
 20
147.0
 10
293.9451152843244
 20
147.0
 10
294.0347260592942
 20
147.0
 10
294.12452951530764
 20
147.0
  0
LWPOLYLINE
  5
21D
330
17
100
AcDbEntity
  8
VISIBLE
100
AcDbPolyline
 90
4
 70
0
 10
294.1245295153099
 20
147.0
 10
295.6186339122214
 20
147.0
 10
296.2791297935918
 20
147.0
 10
296.82779515566494
 20
147.0
  0
LWPOLYLINE
  5
21E
330
17
100
AcDbEntity
  8
VISIBLE
100
AcDbPolyline
 90
2
 70
0
 10
296.82779515566494
 20
147.0
 10
297.27923640696747
 20
147.0
  0
LWPOLYLINE
  5
21F
330
17
100
AcDbEntity
  8
VISIBLE
100
AcDbPolyline
 90
15
 70
0
 10
297.27923640697395
 20
147.0
 10
297.3850157991818
 20
147.0
 10
297.49106486418873
 20
147.0
 10
297.5973804644634
 20
147.0
 10
297.7039594545889
 20
147.0
 10
297.8107986813558
 20
147.0
 10
297.91789498385526
 20
147.0
 10
298.02524519357286
 20
147.0
 10
298.132846134482
 20
147.0
 10
298.24069462313815
 20
147.0
 10
298.3487874687729
 20
147.0
 10
298.4571214733884
 20
147.0
 10
298.5656934318518
 20
147.0
 10
298.6745001319904
 20
147.0
 10
298.78353835468647
 20
147.0
  0
LWPOLYLINE
  5
220
330
17
100
AcDbEntity
  8
VISIBLE
100
AcDbPolyline
 90
3
 70
0
 10
298.78353835468647
 20
147.0
 10
298.8653561148251
 20
147.0
 10
299.08217170363497
 20
147.0
  0
LWPOLYLINE
  5
221
330
17
100
AcDbEntity
  8
VISIBLE
100
AcDbPolyline
 90
15
 70
0
 10
299.08217170362894
 20
147.0
 10
299.1802017364951
 20
147.0
 10
299.27834491459794
 20
147.0
 10
299.3765997208964
 20
147.0
 10
299.4749646366243
 20
147.0
 10
299.57343814131315
 20
147.0
 10
299.67201871281617
 20
147.0
 10
299.77070482733143
 20
147.0
 10
299.86949495942577
 20
147.0
 10
299.96838758205797
 20
147.0
 10
300.0673811666028
 20
147.0
 10
300.1664741828742
 20
147.0
 10
300.26566509914926
 20
147.0
 10
300.3649523821918
 20
147.0
 10
300.46433449727607
 20
147.0
  0
LWPOLYLINE
  5
222
330
17
100
AcDbEntity
  8
VISIBLE
100
AcDbPolyline
 90
4
 70
0
 10
300.46433449727596
 20
147.0
 10
301.62373977673764
 20
147.0
 10
302.09331876948863
 20
147.0
 10
302.4303522573699
 20
147.0
  0
LWPOLYLINE
  5
223
330
17
100
AcDbEntity
  8
VISIBLE
100
AcDbPolyline
 90
2
 70
0
 10
302.4303522573699
 20
147.0
 10
302.62029931689386
 20
147.0
  0
LWPOLYLINE
  5
224
330
17
100
AcDbEntity
  8
VISIBLE
100
AcDbPolyline
 90
15
 70
0
 10
305.78453989114615
 20
162.0
 10
305.88672793839413
 20
162.0
 10
305.98892546524934
 20
162.0
 10
306.09113089200116
 20
162.0
 10
306.1933426388167
 20
162.0
 10
306.2955591257656
 20
162.0
 10
306.39777877284405
 20
162.0
 10
306.49999999999955
 20
162.0
 10
306.60222122715504
 20
162.0
 10
306.7044408742335
 20
162.0
 10
306.8066573611824
 20
162.0
 10
306.908869107998
 20
162.0
 10
307.01107453474975
 20
162.0
 10
307.11327206160496
 20
162.0
 10
307.21546010885294
 20
162.0
  0
LWPOLYLINE
  5
225
330
17
100
AcDbEntity
  8
VISIBLE
100
AcDbPolyline
 90
4
 70
0
 10
307.21546010885294
 20
162.0
 10
307.94943449644745
 20
162.0
 10
308.1963800548986
 20
162.0
 10
308.3122006865968
 20
162.0
  0
LWPOLYLINE
  5
226
330
17
100
AcDbEntity
  8
VISIBLE
100
AcDbPolyline
 90
15
 70
0
 10
308.3122006865968
 20
162.0
 10
308.4606767845967
 20
162.0
 10
308.60905865055753
 20
162.0
 10
308.757339153102
 20
162.0
 10
308.9055111657245
 20
162.0
 10
309.0535675671335
 20
162.0
 10
309.2015012415939
 20
162.0
 10
309.3493050792691
 20
162.0
 10
309.4969719765623
 20
162.0
 10
309.6444948364584
 20
162.0
 10
309.7918665688649
 20
162.0
 10
309.9390800909526
 20
162.0
 10
310.0861283274958
 20
162.0
 10
310.23300421121303
 20
162.0
 10
310.3797006831058
 20
162.0
  0
LWPOLYLINE
  5
227
330
17
100
AcDbEntity
  8
VISIBLE
100
AcDbPolyline
 90
2
 70
0
 10
310.37970068310597
 20
162.0
 10
310.56964774262985
 20
162.0
  0
LWPOLYLINE
  5
228
330
17
100
AcDbEntity
  8
VISIBLE
100
AcDbPolyline
 90
4
 70
0
 10
310.56964774262997
 20
162.0
 10
310.9066812305112
 20
162.0
 10
311.37626022326225
 20
162.0
 10
312.53566550272393
 20
162.0
  0
LWPOLYLINE
  5
229
330
17
100
AcDbEntity
  8
VISIBLE
100
AcDbPolyline
 90
15
 70
0
 10
312.53566550272456
 20
162.0
 10
312.6350476178083
 20
162.0
 10
312.7343349008504
 20
162.0
 10
312.833525817125
 20
162.0
 10
312.9326188333959
 20
162.0
 10
313.0316124179402
 20
162.0
 10
313.13050504057196
 20
162.0
 10
313.22929517266584
 20
162.0
 10
313.32798128718065
 20
162.0
 10
313.42656185868316
 20
162.0
 10
313.52503536337156
 20
162.0
 10
313.6234002790989
 20
162.0
 10
313.72165508539695
 20
162.0
 10
313.8197982634993
 20
162.0
 10
313.91782829636503
 20
162.0
  0
LWPOLYLINE
  5
22A
330
17
100
AcDbEntity
  8
VISIBLE
100
AcDbPolyline
 90
3
 70
0
 10
313.9178282963649
 20
162.0
 10
314.1346438851748
 20
162.0
 10
314.2164616453134
 20
162.0
  0
LWPOLYLINE
  5
22B
330
17
100
AcDbEntity
  8
VISIBLE
100
AcDbPolyline
 90
15
 70
0
 10
314.2164616453134
 20
162.0
 10
314.3254998680099
 20
162.0
 10
314.43430656814894
 20
162.0
 10
314.54287852661275
 20
162.0
 10
314.6512125312287
 20
162.0
 10
314.75930537686384
 20
162.0
 10
314.8671538655204
 20
162.0
 10
314.97475480643
 20
162.0
 10
315.0821050161479
 20
162.0
 10
315.1892013186478
 20
162.0
 10
315.2960405454151
 20
162.0
 10
315.402619535541
 20
162.0
 10
315.5089351358161
 20
162.0
 10
315.6149842008234
 20
162.0
 10
315.7207635930317
 20
162.0
  0
LWPOLYLINE
  5
22C
330
17
100
AcDbEntity
  8
VISIBLE
100
AcDbPolyline
 90
2
 70
0
 10
315.72076359303196
 20
162.0
 10
316.1722048443345
 20
162.0
  0
LWPOLYLINE
  5
22D
330
17
100
AcDbEntity
  8
VISIBLE
100
AcDbPolyline
 90
4
 70
0
 10
316.17220484433494
 20
162.0
 10
316.72087020641254
 20
162.0
 10
317.3813660877845
 20
162.0
 10
318.87547048469895
 20
162.0
  0
LWPOLYLINE
  5
22E
330
17
100
AcDbEntity
  8
VISIBLE
100
AcDbPolyline
 90
15
 70
0
 10
318.87547048470446
 20
162.0
 10
318.96527394071757
 20
162.0
 10
319.05488471568697
 20
162.0
 10
319.1443014244608
 20
162.0
 10
319.23352268488696
 20
162.0
 10
319.32254711783446
 20
162.0
 10
319.4113733472147
 20
162.0
 10
319.5000000000029
 20
162.0
 10
319.58842570625916
 20
162.0
 10
319.6766490991497
 20
162.0
 10
319.76466881496805
 20
162.0
 10
319.85248349315594
 20
162.0
 10
319.94009177632455
 20
162.0
 10
320.02749231027536
 20
162.0
 10
320.11468374402114
 20
162.0
  0
LWPOLYLINE
  5
22F
330
17
100
AcDbEntity
  8
VISIBLE
100
AcDbPolyline
 90
15
 70
0
 10
320.11468374402097
 20
162.0
 10
320.13762229891415
 20
162.0
 10
320.160534908827
 20
162.0
 10
320.18342153016926
 20
162.0
 10
320.20628211940016
 20
162.0
 10
320.22911663302835
 20
162.0
 10
320.25192502761223
 20
162.0
 10
320.2747072597598
 20
162.0
 10
320.2974632861289
 20
162.0
 10
320.32019306342715
 20
162.0
 10
320.3428965484121
 20
162.0
 10
320.3655736978914
 20
162.0
 10
320.38822446872285
 20
162.0
 10
320.4108488178142
 20
162.0
 10
320.4334467021238
 20
162.0
  0
LWPOLYLINE
  5
230
330
17
100
AcDbEntity
  8
VISIBLE
100
AcDbPolyline
 90
2
 70
0
 10
320.43344670212394
 20
162.0
 10
321.11561716997164
 20
162.0
  0
LWPOLYLINE
  5
231
330
17
100
AcDbEntity
  8
VISIBLE
100
AcDbPolyline
 90
3
 70
0
 10
321.1156171699719
 20
162.0
 10
322.64492483573247
 20
162.0
 10
324.3719076045729
 20
162.0
  0
LWPOLYLINE
  5
232
330
17
100
AcDbEntity
  8
VISIBLE
100
AcDbPolyline
 90
15
 70
0
 10
324.37190760456764
 20
162.0
 10
324.44601244439116
 20
162.0
 10
324.5198398850637
 20
162.0
 10
324.5933887854031
 20
162.0
 10
324.66665800853264
 20
162.0
 10
324.73964642189884
 20
162.0
 10
324.8123528972887
 20
162.0
 10
324.8847763108473
 20
162.0
 10
324.9569155430952
 20
162.0
 10
325.02876947894543
 20
162.0
 10
325.10033700772124
 20
162.0
 10
325.1716170231728
 20
162.0
 10
325.2426084234947
 20
162.0
 10
325.31331011134256
 20
162.0
 10
325.3837209938503
 20
162.0
  0
LWPOLYLINE
  5
233
330
17
100
AcDbEntity
  8
VISIBLE
100
AcDbPolyline
 90
2
 70
0
 10
325.3837209938499
 20
162.0
 10
328.65040375591997
 20
162.0
  0
LWPOLYLINE
  5
234
330
17
100
AcDbEntity
  8
VISIBLE
100
AcDbPolyline
 90
15
 70
0
 10
328.65040375592525
 20
162.0
 10
328.70375985718766
 20
162.0
 10
328.7567727454855
 20
162.0
 10
328.80944160137597
 20
162.0
 10
328.8617656107342
 20
162.0
 10
328.91374396476573
 20
162.0
 10
328.96537586001904
 20
162.0
 10
329.01666049839787
 20
162.0
 10
329.0675970871738
 20
162.0
 10
329.1181848389983
 20
162.0
 10
329.1684229719149
 20
162.0
 10
329.21831070937145
 20
162.0
 10
329.26784728023205
 20
162.0
 10
329.3170319187887
 20
162.0
 10
329.3658638647736
 20
162.0
  0
LWPOLYLINE
  5
235
330
17
100
AcDbEntity
  8
VISIBLE
100
AcDbPolyline
 90
2
 70
0
 10
329.36586386477296
 20
162.0
 10
331.41938649657396
 20
162.0
  0
LWPOLYLINE
  5
236
330
17
100
AcDbEntity
  8
VISIBLE
100
AcDbPolyline
 90
15
 70
0
 10
331.41938649657266
 20
162.0
 10
331.4483577291493
 20
162.0
 10
331.4769433243441
 20
162.0
 10
331.5051428402974
 20
162.0
 10
331.53295584111737
 20
162.0
 10
331.5603818968865
 20
162.0
 10
331.5874205836686
 20
162.0
 10
331.6140714835152
 20
162.0
 10
331.640334184472
 20
162.0
 10
331.66620828058524
 20
162.0
 10
331.691693371908
 20
162.0
 10
331.71678906450643
 20
162.0
 10
331.74149497046574
 20
162.0
 10
331.7658107078961
 20
162.0
 10
331.7897359009389
 20
162.0
  0
LWPOLYLINE
  5
237
330
17
100
AcDbEntity
  8
VISIBLE
100
AcDbPolyline
 90
2
 70
0
 10
331.7897359009389
 20
162.0
 10
332.4901542287199
 20
162.0
  0
LWPOLYLINE
  5
238
330
17
100
AcDbEntity
  8
VISIBLE
100
AcDbPolyline
 90
15
 70
0
 10
332.4901542287197
 20
162.0
 10
332.49151046013156
 20
162.0
 10
332.4927662509871
 20
162.0
 10
332.4939215964333
 20
162.0
 10
332.4949764920057
 20
162.0
 10
332.4959309336277
 20
162.0
 10
332.49678491761097
 20
162.0
 10
332.49753844065543
 20
162.0
 10
332.4981914998492
 20
162.0
 10
332.4987440926687
 20
162.0
 10
332.49919621697836
 20
162.0
 10
332.49954787103115
 20
162.0
 10
332.49979905346805
 20
162.0
 10
332.49994976331845
 20
162.0
 10
332.49999999999994
 20
162.0
  0
LWPOLYLINE
  5
239
330
17
100
AcDbEntity
  8
VISIBLE
100
AcDbPolyline
 90
15
 70
0
 10
280.5
 20
162.0
 10
280.50005023668155
 20
162.0
 10
280.500200946532
 20
162.0
 10
280.5004521289689
 20
162.0
 10
280.5008037830217
 20
162.0
 10
280.50125590733137
 20
162.0
 10
280.50180850015084
 20
162.0
 10
280.5024615593446
 20
162.0
 10
280.50321508238915
 20
162.0
 10
280.5040690663724
 20
162.0
 10
280.50502350799434
 20
162.0
 10
280.5060784035667
 20
162.0
 10
280.5072337490129
 20
162.0
 10
280.5084895398684
 20
162.0
 10
280.50984577128025
 20
162.0
  0
LWPOLYLINE
  5
23A
330
17
100
AcDbEntity
  8
VISIBLE
100
AcDbPolyline
 90
2
 70
0
 10
280.50984577127997
 20
162.0
 10
281.21026409906995
 20
162.0
  0
LWPOLYLINE
  5
23B
330
17
100
AcDbEntity
  8
VISIBLE
100
AcDbPolyline
 90
15
 70
0
 10
281.210264099061
 20
162.0
 10
281.23418929210374
 20
162.0
 10
281.25850502953404
 20
162.0
 10
281.28321093549323
 20
162.0
 10
281.30830662809154
 20
162.0
 10
281.3337917194142
 20
162.0
 10
281.35966581552736
 20
162.0
 10
281.38592851648406
 20
162.0
 10
281.4125794163305
 20
162.0
 10
281.4396181031125
 20
162.0
 10
281.4670441588815
 20
162.0
 10
281.4948571597013
 20
162.0
 10
281.5230566756545
 20
162.0
 10
281.5516422708492
 20
162.0
 10
281.5806135034257
 20
162.0
  0
LWPOLYLINE
  5
23C
330
17
100
AcDbEntity
  8
VISIBLE
100
AcDbPolyline
 90
2
 70
0
 10
281.58061350342996
 20
162.0
 10
283.63413613522994
 20
162.0
  0
LWPOLYLINE
  5
23D
330
17
100
AcDbEntity
  8
VISIBLE
100
AcDbPolyline
 90
15
 70
0
 10
283.6341361352296
 20
162.0
 10
283.6829680812146
 20
162.0
 10
283.73215271977136
 20
162.0
 10
283.781689290632
 20
162.0
 10
283.83157702808876
 20
162.0
 10
283.8818151610055
 20
162.0
 10
283.9324029128301
 20
162.0
 10
283.98333950160617
 20
162.0
 10
284.0346241399851
 20
162.0
 10
284.0862560352385
 20
162.0
 10
284.13823438927017
 20
162.0
 10
284.1905583986285
 20
162.0
 10
284.2432272545192
 20
162.0
 10
284.2962401428171
 20
162.0
 10
284.34959624407963
 20
162.0
  0
LWPOLYLINE
  5
23E
330
17
100
AcDbEntity
  8
VISIBLE
100
AcDbPolyline
 90
2
 70
0
 10
284.3495962440799
 20
162.0
 10
287.61627900614997
 20
162.0
  0
LWPOLYLINE
  5
23F
330
17
100
AcDbEntity
  8
VISIBLE
100
AcDbPolyline
 90
15
 70
0
 10
287.61627900614377
 20
162.0
 10
287.68668988865164
 20
162.0
 10
287.7573915764996
 20
162.0
 10
287.82838297682156
 20
162.0
 10
287.89966299227325
 20
162.0
 10
287.97123052104916
 20
162.0
 10
288.0430844568995
 20
162.0
 10
288.11522368914746
 20
162.0
 10
288.1876471027062
 20
162.0
 10
288.2603535780962
 20
162.0
 10
288.33334199146253
 20
162.0
 10
288.4066112145922
 20
162.0
 10
288.48016011493166
 20
162.0
 10
288.5539875556043
 20
162.0
 10
288.6280923954279
 20
162.0
  0
LWPOLYLINE
  5
240
330
17
100
AcDbEntity
  8
VISIBLE
100
AcDbPolyline
 90
3
 70
0
 10
288.6280923954299
 20
162.0
 10
290.35507516427356
 20
162.0
 10
291.88438283002995
 20
162.0
  0
LWPOLYLINE
  5
241
330
17
100
AcDbEntity
  8
VISIBLE
100
AcDbPolyline
 90
2
 70
0
 10
291.88438283002995
 20
162.0
 10
292.5665532978785
 20
162.0
  0
LWPOLYLINE
  5
242
330
17
100
AcDbEntity
  8
VISIBLE
100
AcDbPolyline
 90
15
 70
0
 10
292.56655329787657
 20
162.0
 10
292.58915118218613
 20
162.0
 10
292.61177553127754
 20
162.0
 10
292.634426302109
 20
162.0
 10
292.6571034515884
 20
162.0
 10
292.6798069365734
 20
162.0
 10
292.70253671387167
 20
162.0
 10
292.7252927402408
 20
162.0
 10
292.7480749723884
 20
162.0
 10
292.7708833669723
 20
162.0
 10
292.7937178806006
 20
162.0
 10
292.8165784698315
 20
162.0
 10
292.8394650911738
 20
162.0
 10
292.8623777010867
 20
162.0
 10
292.88531625597994
 20
162.0
  0
LWPOLYLINE
  5
243
330
17
100
AcDbEntity
  8
VISIBLE
100
AcDbPolyline
 90
15
 70
0
 10
292.88531625598586
 20
162.0
 10
292.97250768973197
 20
162.0
 10
293.0599082236832
 20
162.0
 10
293.1475165068521
 20
162.0
 10
293.2353311850404
 20
162.0
 10
293.3233509008591
 20
162.0
 10
293.41157429375
 20
162.0
 10
293.50000000000665
 20
162.0
 10
293.5886266527952
 20
162.0
 10
293.6774528821758
 20
162.0
 10
293.76647731512367
 20
162.0
 10
293.85569857555015
 20
162.0
 10
293.9451152843244
 20
162.0
 10
294.0347260592942
 20
162.0
 10
294.12452951530764
 20
162.0
  0
LWPOLYLINE
  5
244
330
17
100
AcDbEntity
  8
VISIBLE
100
AcDbPolyline
 90
4
 70
0
 10
294.1245295153099
 20
162.0
 10
295.6186339122214
 20
162.0
 10
296.2791297935918
 20
162.0
 10
296.82779515566494
 20
162.0
  0
LWPOLYLINE
  5
245
330
17
100
AcDbEntity
  8
VISIBLE
100
AcDbPolyline
 90
2
 70
0
 10
296.82779515566494
 20
162.0
 10
297.27923640696747
 20
162.0
  0
LWPOLYLINE
  5
246
330
17
100
AcDbEntity
  8
VISIBLE
100
AcDbPolyline
 90
15
 70
0
 10
297.27923640697395
 20
162.0
 10
297.3850157991818
 20
162.0
 10
297.49106486418873
 20
162.0
 10
297.5973804644634
 20
162.0
 10
297.7039594545889
 20
162.0
 10
297.8107986813558
 20
162.0
 10
297.91789498385526
 20
162.0
 10
298.02524519357286
 20
162.0
 10
298.132846134482
 20
162.0
 10
298.24069462313815
 20
162.0
 10
298.3487874687729
 20
162.0
 10
298.4571214733884
 20
162.0
 10
298.5656934318518
 20
162.0
 10
298.6745001319904
 20
162.0
 10
298.78353835468647
 20
162.0
  0
LWPOLYLINE
  5
247
330
17
100
AcDbEntity
  8
VISIBLE
100
AcDbPolyline
 90
3
 70
0
 10
298.78353835468647
 20
162.0
 10
298.8653561148251
 20
162.0
 10
299.08217170363497
 20
162.0
  0
LWPOLYLINE
  5
248
330
17
100
AcDbEntity
  8
VISIBLE
100
AcDbPolyline
 90
15
 70
0
 10
299.08217170362894
 20
162.0
 10
299.1802017364951
 20
162.0
 10
299.27834491459794
 20
162.0
 10
299.3765997208964
 20
162.0
 10
299.4749646366243
 20
162.0
 10
299.57343814131315
 20
162.0
 10
299.67201871281617
 20
162.0
 10
299.77070482733143
 20
162.0
 10
299.86949495942577
 20
162.0
 10
299.96838758205797
 20
162.0
 10
300.0673811666028
 20
162.0
 10
300.1664741828742
 20
162.0
 10
300.26566509914926
 20
162.0
 10
300.3649523821918
 20
162.0
 10
300.46433449727607
 20
162.0
  0
LWPOLYLINE
  5
249
330
17
100
AcDbEntity
  8
VISIBLE
100
AcDbPolyline
 90
4
 70
0
 10
300.46433449727596
 20
162.0
 10
301.62373977673764
 20
162.0
 10
302.09331876948863
 20
162.0
 10
302.4303522573699
 20
162.0
  0
LWPOLYLINE
  5
24A
330
17
100
AcDbEntity
  8
VISIBLE
100
AcDbPolyline
 90
2
 70
0
 10
302.4303522573699
 20
162.0
 10
302.62029931689386
 20
162.0
  0
LWPOLYLINE
  5
24B
330
17
100
AcDbEntity
  8
VISIBLE
100
AcDbPolyline
 90
2
 70
0
 10
307.21546010885294
 20
147.0
 10
307.21546010885294
 20
162.0
  0
LWPOLYLINE
  5
24C
330
17
100
AcDbEntity
  8
VISIBLE
100
AcDbPolyline
 90
2
 70
0
 10
300.46433449727596
 20
147.0
 10
300.46433449727596
 20
162.0
  0
LWPOLYLINE
  5
24D
330
17
100
AcDbEntity
  8
VISIBLE
100
AcDbPolyline
 90
2
 70
0
 10
299.08217170363497
 20
147.0
 10
299.08217170363497
 20
162.0
  0
LWPOLYLINE
  5
24E
330
17
100
AcDbEntity
  8
VISIBLE
100
AcDbPolyline
 90
2
 70
0
 10
310.37970068310597
 20
147.0
 10
310.37970068310597
 20
162.0
  0
LWPOLYLINE
  5
24F
330
17
100
AcDbEntity
  8
VISIBLE
100
AcDbPolyline
 90
2
 70
0
 10
297.2792364069679
 20
147.0
 10
297.2792364069679
 20
162.0
  0
LWPOLYLINE
  5
250
330
17
100
AcDbEntity
  8
VISIBLE
100
AcDbPolyline
 90
2
 70
0
 10
312.53566550272393
 20
147.0
 10
312.53566550272393
 20
162.0
  0
LWPOLYLINE
  5
251
330
17
100
AcDbEntity
  8
VISIBLE
100
AcDbPolyline
 90
2
 70
0
 10
313.9178282963649
 20
147.0
 10
313.9178282963649
 20
162.0
  0
LWPOLYLINE
  5
252
330
17
100
AcDbEntity
  8
VISIBLE
100
AcDbPolyline
 90
2
 70
0
 10
294.1245295153099
 20
147.0
 10
294.1245295153099
 20
162.0
  0
LWPOLYLINE
  5
253
330
17
100
AcDbEntity
  8
VISIBLE
100
AcDbPolyline
 90
2
 70
0
 10
292.88531625597994
 20
147.0
 10
292.88531625597994
 20
162.0
  0
LWPOLYLINE
  5
254
330
17
100
AcDbEntity
  8
VISIBLE
100
AcDbPolyline
 90
2
 70
0
 10
315.72076359303196
 20
147.0
 10
315.72076359303196
 20
162.0
  0
LWPOLYLINE
  5
255
330
17
100
AcDbEntity
  8
VISIBLE
100
AcDbPolyline
 90
2
 70
0
 10
292.5665532978799
 20
147.0
 10
292.5665532978799
 20
162.0
  0
LWPOLYLINE
  5
256
330
17
100
AcDbEntity
  8
VISIBLE
100
AcDbPolyline
 90
2
 70
0
 10
318.87547048469895
 20
147.0
 10
318.87547048469895
 20
162.0
  0
LWPOLYLINE
  5
257
330
17
100
AcDbEntity
  8
VISIBLE
100
AcDbPolyline
 90
2
 70
0
 10
320.11468374402097
 20
147.0
 10
320.11468374402097
 20
162.0
  0
LWPOLYLINE
  5
258
330
17
100
AcDbEntity
  8
VISIBLE
100
AcDbPolyline
 90
2
 70
0
 10
288.6280923954299
 20
147.0
 10
288.6280923954299
 20
162.0
  0
LWPOLYLINE
  5
259
330
17
100
AcDbEntity
  8
VISIBLE
100
AcDbPolyline
 90
2
 70
0
 10
287.61627900614997
 20
147.0
 10
287.61627900614997
 20
162.0
  0
LWPOLYLINE
  5
25A
330
17
100
AcDbEntity
  8
VISIBLE
100
AcDbPolyline
 90
2
 70
0
 10
320.43344670212394
 20
147.0
 10
320.43344670212394
 20
162.0
  0
LWPOLYLINE
  5
25B
330
17
100
AcDbEntity
  8
VISIBLE
100
AcDbPolyline
 90
2
 70
0
 10
324.3719076045729
 20
147.0
 10
324.3719076045729
 20
162.0
  0
LWPOLYLINE
  5
25C
330
17
100
AcDbEntity
  8
VISIBLE
100
AcDbPolyline
 90
2
 70
0
 10
325.3837209938499
 20
147.0
 10
325.3837209938499
 20
162.0
  0
LWPOLYLINE
  5
25D
330
17
100
AcDbEntity
  8
VISIBLE
100
AcDbPolyline
 90
2
 70
0
 10
284.3495962440799
 20
147.0
 10
284.3495962440799
 20
162.0
  0
LWPOLYLINE
  5
25E
330
17
100
AcDbEntity
  8
VISIBLE
100
AcDbPolyline
 90
2
 70
0
 10
283.63413613522994
 20
147.0
 10
283.63413613522994
 20
162.0
  0
LWPOLYLINE
  5
25F
330
17
100
AcDbEntity
  8
VISIBLE
100
AcDbPolyline
 90
2
 70
0
 10
328.65040375591997
 20
147.0
 10
328.65040375591997
 20
162.0
  0
LWPOLYLINE
  5
260
330
17
100
AcDbEntity
  8
VISIBLE
100
AcDbPolyline
 90
2
 70
0
 10
329.36586386477296
 20
147.0
 10
329.36586386477296
 20
162.0
  0
LWPOLYLINE
  5
261
330
17
100
AcDbEntity
  8
VISIBLE
100
AcDbPolyline
 90
2
 70
0
 10
281.58061350342996
 20
147.0
 10
281.58061350342996
 20
162.0
  0
LWPOLYLINE
  5
262
330
17
100
AcDbEntity
  8
VISIBLE
100
AcDbPolyline
 90
2
 70
0
 10
281.21026409906995
 20
147.0
 10
281.21026409906995
 20
162.0
  0
LWPOLYLINE
  5
263
330
17
100
AcDbEntity
  8
VISIBLE
100
AcDbPolyline
 90
2
 70
0
 10
331.41938649657396
 20
147.0
 10
331.41938649657396
 20
162.0
  0
LWPOLYLINE
  5
264
330
17
100
AcDbEntity
  8
VISIBLE
100
AcDbPolyline
 90
2
 70
0
 10
331.7897359009389
 20
147.0
 10
331.7897359009389
 20
162.0
  0
LWPOLYLINE
  5
265
330
17
100
AcDbEntity
  8
VISIBLE
100
AcDbPolyline
 90
2
 70
0
 10
280.50984577127997
 20
147.0
 10
280.50984577127997
 20
162.0
  0
LWPOLYLINE
  5
266
330
17
100
AcDbEntity
  8
VISIBLE
100
AcDbPolyline
 90
2
 70
0
 10
332.4901542287199
 20
147.0
 10
332.4901542287199
 20
162.0
  0
LWPOLYLINE
  5
267
330
17
100
AcDbEntity
  8
VISIBLE
100
AcDbPolyline
 90
2
 70
0
 10
304.6877993134031
 20
162.0
 10
304.6877993134031
 20
147.0
  0
LWPOLYLINE
  5
268
330
17
100
AcDbEntity
  8
VISIBLE
100
AcDbPolyline
 90
2
 70
0
 10
308.3122006865968
 20
162.0
 10
308.3122006865968
 20
147.0
  0
LWPOLYLINE
  5
269
330
17
100
AcDbEntity
  8
VISIBLE
100
AcDbPolyline
 90
2
 70
0
 10
298.78353835468647
 20
162.0
 10
298.78353835468647
 20
147.0
  0
LWPOLYLINE
  5
26A
330
17
100
AcDbEntity
  8
VISIBLE
100
AcDbPolyline
 90
2
 70
0
 10
314.2164616453134
 20
162.0
 10
314.2164616453134
 20
147.0
  0
LWPOLYLINE
  5
26B
330
17
100
AcDbEntity
  8
VISIBLE
100
AcDbPolyline
 90
2
 70
0
 10
280.5
 20
162.0
 10
280.5
 20
147.0
  0
LWPOLYLINE
  5
26C
330
17
100
AcDbEntity
  8
VISIBLE
100
AcDbPolyline
 90
2
 70
0
 10
332.49999999999994
 20
162.0
 10
332.49999999999994
 20
147.0
  0
LWPOLYLINE
  5
26D
330
17
100
AcDbEntity
  8
HIDDEN
100
AcDbPolyline
 90
2
 70
0
 10
304.77424258313596
 20
147.0
 10
304.77424258313596
 20
162.0
  0
LWPOLYLINE
  5
26E
330
17
100
AcDbEntity
  8
HIDDEN
100
AcDbPolyline
 90
2
 70
0
 10
304.77424258313596
 20
162.0
 10
304.6897508726768
 20
162.0
  0
LWPOLYLINE
  5
26F
330
17
100
AcDbEntity
  8
HIDDEN
100
AcDbPolyline
 90
2
 70
0
 10
304.77424258313596
 20
147.0
 10
304.6897508726768
 20
147.0
  0
LWPOLYLINE
  5
270
330
17
100
AcDbEntity
  8
HIDDEN
100
AcDbPolyline
 90
15
 70
0
 10
304.6877993134031
 20
147.0
 10
304.69397287119494
 20
147.0
 10
304.7001465789567
 20
147.0
 10
304.7063204361758
 20
147.0
 10
304.7124944423395
 20
147.0
 10
304.71866859693523
 20
147.0
 10
304.72484289945015
 20
147.0
 10
304.73101734937165
 20
147.0
 10
304.737191946187
 20
147.0
 10
304.74336668938344
 20
147.0
 10
304.74954157844826
 20
147.0
 10
304.7557166128687
 20
147.0
 10
304.76189179213196
 20
147.0
 10
304.76806711572533
 20
147.0
 10
304.77424258313596
 20
147.0
  0
LWPOLYLINE
  5
271
330
17
100
AcDbEntity
  8
HIDDEN
100
AcDbPolyline
 90
15
 70
0
 10
304.6877993134031
 20
162.0
 10
304.69397287119494
 20
162.0
 10
304.7001465789567
 20
162.0
 10
304.7063204361758
 20
162.0
 10
304.7124944423395
 20
162.0
 10
304.71866859693523
 20
162.0
 10
304.72484289945015
 20
162.0
 10
304.73101734937165
 20
162.0
 10
304.737191946187
 20
162.0
 10
304.74336668938344
 20
162.0
 10
304.74954157844826
 20
162.0
 10
304.7557166128687
 20
162.0
 10
304.76189179213196
 20
162.0
 10
304.76806711572533
 20
162.0
 10
304.77424258313596
 20
162.0
  0
LWPOLYLINE
  5
272
330
17
100
AcDbEntity
  8
HIDDEN
100
AcDbPolyline
 90
2
 70
0
 10
308.3122006865968
 20
147.0
 10
308.31024912732295
 20
147.0
  0
LWPOLYLINE
  5
273
330
17
100
AcDbEntity
  8
HIDDEN
100
AcDbPolyline
 90
2
 70
0
 10
308.31024912732295
 20
147.0
 10
308.2257574168638
 20
147.0
  0
LWPOLYLINE
  5
274
330
17
100
AcDbEntity
  8
HIDDEN
100
AcDbPolyline
 90
15
 70
0
 10
308.2257574168629
 20
147.0
 10
308.2319328842736
 20
147.0
 10
308.238108207867
 20
147.0
 10
308.2442833871304
 20
147.0
 10
308.2504584215509
 20
147.0
 10
308.25663331061577
 20
147.0
 10
308.2628080538123
 20
147.0
 10
308.2689826506277
 20
147.0
 10
308.2751571005493
 20
147.0
 10
308.2813314030643
 20
147.0
 10
308.2875055576601
 20
147.0
 10
308.29367956382384
 20
147.0
 10
308.29985342104305
 20
147.0
 10
308.3060271288049
 20
147.0
 10
308.3122006865968
 20
147.0
  0
LWPOLYLINE
  5
275
330
17
100
AcDbEntity
  8
HIDDEN
100
AcDbPolyline
 90
2
 70
0
 10
314.2164616453134
 20
147.0
 10
314.0667805108279
 20
147.0
  0
LWPOLYLINE
  5
276
330
17
100
AcDbEntity
  8
HIDDEN
100
AcDbPolyline
 90
2
 70
0
 10
314.0667805108279
 20
147.0
 10
313.7136080008244
 20
147.0
  0
LWPOLYLINE
  5
277
330
17
100
AcDbEntity
  8
HIDDEN
100
AcDbPolyline
 90
15
 70
0
 10
313.71360800082095
 20
147.0
 10
313.7496786441253
 20
147.0
 10
313.785726278726
 20
147.0
 10
313.8217507902165
 20
147.0
 10
313.857752064264
 20
147.0
 10
313.8937299866092
 20
147.0
 10
313.92968444306695
 20
147.0
 10
313.9656153195267
 20
147.0
 10
314.0015225019526
 20
147.0
 10
314.03740587638407
 20
147.0
 10
314.0732653289361
 20
147.0
 10
314.1091007457995
 20
147.0
 10
314.1449120132415
 20
147.0
 10
314.18069901760583
 20
147.0
 10
314.2164616453134
 20
147.0
  0
LWPOLYLINE
  5
278
330
17
100
AcDbEntity
  8
HIDDEN
100
AcDbPolyline
 90
4
 70
0
 10
320.11468374402097
 20
147.0
 10
319.91216029547684
 20
147.0
 10
319.67889392269547
 20
147.0
 10
319.30764830721597
 20
147.0
  0
LWPOLYLINE
  5
279
330
17
100
AcDbEntity
  8
HIDDEN
100
AcDbPolyline
 90
2
 70
0
 10
319.30764830721597
 20
147.0
 10
318.7098631205785
 20
147.0
  0
LWPOLYLINE
  5
27A
330
17
100
AcDbEntity
  8
HIDDEN
100
AcDbPolyline
 90
15
 70
0
 10
318.7098631205867
 20
147.0
 10
318.81302856660886
 20
147.0
 10
318.9157738570401
 20
147.0
 10
319.01809548591854
 20
147.0
 10
319.11998996173895
 20
147.0
 10
319.2214538075717
 20
147.0
 10
319.32248356118146
 20
147.0
 10
319.42307577514543
 20
147.0
 10
319.5232270169709
 20
147.0
 10
319.62293386921226
 20
147.0
 10
319.72219292958795
 20
147.0
 10
319.8210008110961
 20
147.0
 10
319.9193541421306
 20
147.0
 10
320.01724956659575
 20
147.0
 10
320.11468374402097
 20
147.0
  0
LWPOLYLINE
  5
27B
330
17
100
AcDbEntity
  8
HIDDEN
100
AcDbPolyline
 90
4
 70
0
 10
325.3837209938499
 20
147.0
 10
324.7113096533443
 20
147.0
 10
324.2537400191817
 20
147.0
 10
323.67569603710695
 20
147.0
  0
LWPOLYLINE
  5
27C
330
17
100
AcDbEntity
  8
HIDDEN
100
AcDbPolyline
 90
2
 70
0
 10
323.67569603710695
 20
147.0
 10
322.87403624641973
 20
147.0
  0
LWPOLYLINE
  5
27D
330
17
100
AcDbEntity
  8
HIDDEN
100
AcDbPolyline
 90
15
 70
0
 10
322.8740362464197
 20
147.0
 10
322.97421886496693
 20
147.0
 10
323.07354252690845
 20
147.0
 10
323.17200205356374
 20
147.0
 10
323.26959231130786
 20
147.0
 10
323.36630821183917
 20
147.0
 10
323.4621447124443
 20
147.0
 10
323.55709681626143
 20
147.0
 10
323.6511595725408
 20
147.0
 10
323.74432807690255
 20
147.0
 10
323.8365974715927
 20
147.0
 10
323.9279629457364
 20
147.0
 10
324.0184197355886
 20
147.0
 10
324.1079631247827
 20
147.0
 10
324.19658844457615
 20
147.0
  0
LWPOLYLINE
  5
27E
330
17
100
AcDbEntity
  8
HIDDEN
100
AcDbPolyline
 90
2
 70
0
 10
324.1965884445759
 20
147.0
 10
325.06299933892467
 20
147.0
  0
LWPOLYLINE
  5
27F
330
17
100
AcDbEntity
  8
HIDDEN
100
AcDbPolyline
 90
2
 70
0
 10
325.06299933892495
 20
147.0
 10
325.3837209938499
 20
147.0
  0
LWPOLYLINE
  5
280
330
17
100
AcDbEntity
  8
HIDDEN
100
AcDbPolyline
 90
3
 70
0
 10
329.36586386477296
 20
147.0
 10
328.26938835394924
 20
147.0
 10
326.87324846624796
 20
147.0
  0
LWPOLYLINE
  5
281
330
17
100
AcDbEntity
  8
HIDDEN
100
AcDbPolyline
 90
2
 70
0
 10
326.87324846624796
 20
147.0
 10
325.9223458614407
 20
147.0
  0
LWPOLYLINE
  5
282
330
17
100
AcDbEntity
  8
HIDDEN
100
AcDbPolyline
 90
15
 70
0
 10
325.92234586144343
 20
147.0
 10
325.98842005710264
 20
147.0
 10
326.0534781373831
 20
147.0
 10
326.1175167101925
 20
147.0
 10
326.1805324365954
 20
147.0
 10
326.24252203098683
 20
147.0
 10
326.3034822612639
 20
147.0
 10
326.3634099489941
 20
147.0
 10
326.4223019695811
 20
147.0
 10
326.4801552524277
 20
147.0
 10
326.536966781096
 20
147.0
 10
326.5927335934644
 20
147.0
 10
326.6474527818824
 20
147.0
 10
326.7011214933219
 20
147.0
 10
326.75373692952627
 20
147.0
  0
LWPOLYLINE
  5
283
330
17
100
AcDbEntity
  8
HIDDEN
100
AcDbPolyline
 90
2
 70
0
 10
326.7537369295259
 20
147.0
 10
327.7453437797371
 20
147.0
  0
LWPOLYLINE
  5
284
330
17
100
AcDbEntity
  8
HIDDEN
100
AcDbPolyline
 90
2
 70
0
 10
327.7453437797369
 20
147.0
 10
329.36586386477296
 20
147.0
  0
LWPOLYLINE
  5
285
330
17
100
AcDbEntity
  8
HIDDEN
100
AcDbPolyline
 90
3
 70
0
 10
331.7897359009389
 20
147.0
 10
330.3439192138477
 20
147.0
 10
328.68239768079997
 20
147.0
  0
LWPOLYLINE
  5
286
330
17
100
AcDbEntity
  8
HIDDEN
100
AcDbPolyline
 90
2
 70
0
 10
328.68239768079997
 20
147.0
 10
327.64705470294894
 20
147.0
  0
LWPOLYLINE
  5
287
330
17
100
AcDbEntity
  8
HIDDEN
100
AcDbPolyline
 90
15
 70
0
 10
327.64705470294905
 20
147.0
 10
327.67451762847924
 20
147.0
 10
327.7008765264413
 20
147.0
 10
327.72613002249693
 20
147.0
 10
327.7502767999429
 20
147.0
 10
327.7733155997798
 20
147.0
 10
327.79524522077725
 20
147.0
 10
327.81606451953706
 20
147.0
 10
327.83577241055264
 20
147.0
 10
327.8543678662655
 20
147.0
 10
327.8718499171188
 20
147.0
 10
327.88821765160833
 20
147.0
 10
327.9034702163294
 20
147.0
 10
327.9176068160218
 20
147.0
 10
327.9306267136111
 20
147.0
  0
LWPOLYLINE
  5
288
330
17
100
AcDbEntity
  8
HIDDEN
100
AcDbPolyline
 90
2
 70
0
 10
327.93062671361093
 20
147.0
 10
328.9798531515509
 20
147.0
  0
LWPOLYLINE
  5
289
330
17
100
AcDbEntity
  8
HIDDEN
100
AcDbPolyline
 90
2
 70
0
 10
328.97985315155097
 20
147.0
 10
331.7897359009389
 20
147.0
  0
LWPOLYLINE
  5
28A
330
17
100
AcDbEntity
  8
HIDDEN
100
AcDbPolyline
 90
15
 70
0
 10
332.49999999999994
 20
147.0
 10
332.4999497633184
 20
147.0
 10
332.499799053468
 20
147.0
 10
332.49954787103104
 20
147.0
 10
332.49919621697825
 20
147.0
 10
332.4987440926686
 20
147.0
 10
332.4981914998491
 20
147.0
 10
332.4975384406553
 20
147.0
 10
332.49678491761085
 20
147.0
 10
332.49593093362756
 20
147.0
 10
332.4949764920056
 20
147.0
 10
332.49392159643327
 20
147.0
 10
332.492766250987
 20
147.0
 10
332.49151046013156
 20
147.0
 10
332.4901542287197
 20
147.0
  0
LWPOLYLINE
  5
28B
330
17
100
AcDbEntity
  8
HIDDEN
100
AcDbPolyline
 90
3
 70
0
 10
332.4901542287199
 20
147.0
 10
330.7935263832613
 20
147.0
 10
328.97985315155097
 20
147.0
  0
LWPOLYLINE
  5
28C
330
17
100
AcDbEntity
  8
HIDDEN
100
AcDbPolyline
 90
2
 70
0
 10
328.97985315155097
 20
147.0
 10
327.93062671361093
 20
147.0
  0
LWPOLYLINE
  5
28D
330
17
100
AcDbEntity
  8
HIDDEN
100
AcDbPolyline
 90
15
 70
0
 10
327.93062671361076
 20
147.0
 10
327.9176068160215
 20
147.0
 10
327.9034702163291
 20
147.0
 10
327.888217651608
 20
147.0
 10
327.8718499171185
 20
147.0
 10
327.8543678662651
 20
147.0
 10
327.83577241055224
 20
147.0
 10
327.81606451953667
 20
147.0
 10
327.7952452207768
 20
147.0
 10
327.7733155997793
 20
147.0
 10
327.7502767999424
 20
147.0
 10
327.72613002249636
 20
147.0
 10
327.7008765264407
 20
147.0
 10
327.6745176284786
 20
147.0
 10
327.64705470294837
 20
147.0
  0
LWPOLYLINE
  5
28E
330
17
100
AcDbEntity
  8
HIDDEN
100
AcDbPolyline
 90
2
 70
0
 10
327.64705470294894
 20
147.0
 10
328.68239768079997
 20
147.0
  0
LWPOLYLINE
  5
28F
330
17
100
AcDbEntity
  8
HIDDEN
100
AcDbPolyline
 90
3
 70
0
 10
328.68239768079997
 20
147.0
 10
330.3439192138477
 20
147.0
 10
331.7897359009389
 20
147.0
  0
LWPOLYLINE
  5
290
330
17
100
AcDbEntity
  8
HIDDEN
100
AcDbPolyline
 90
15
 70
0
 10
331.7897359009389
 20
147.0
 10
331.7658107078962
 20
147.0
 10
331.7414949704659
 20
147.0
 10
331.71678906450677
 20
147.0
 10
331.69169337190846
 20
147.0
 10
331.6662082805858
 20
147.0
 10
331.6403341844727
 20
147.0
 10
331.614071483516
 20
147.0
 10
331.58742058366954
 20
147.0
 10
331.5603818968876
 20
147.0
 10
331.5329558411186
 20
147.0
 10
331.50514284029884
 20
147.0
 10
331.47694332434565
 20
147.0
 10
331.448357729151
 20
147.0
 10
331.41938649657453
 20
147.0
  0
LWPOLYLINE
  5
291
330
17
100
AcDbEntity
  8
HIDDEN
100
AcDbPolyline
 90
2
 70
0
 10
331.41938649657396
 20
147.0
 10
327.7453437797369
 20
147.0
  0
LWPOLYLINE
  5
292
330
17
100
AcDbEntity
  8
HIDDEN
100
AcDbPolyline
 90
2
 70
0
 10
327.7453437797369
 20
147.0
 10
326.75373692952576
 20
147.0
  0
LWPOLYLINE
  5
293
330
17
100
AcDbEntity
  8
HIDDEN
100
AcDbPolyline
 90
15
 70
0
 10
326.7537369295274
 20
147.0
 10
326.7011214933229
 20
147.0
 10
326.6474527818831
 20
147.0
 10
326.5927335934649
 20
147.0
 10
326.5369667810962
 20
147.0
 10
326.4801552524277
 20
147.0
 10
326.4223019695809
 20
147.0
 10
326.36340994899365
 20
147.0
 10
326.3034822612632
 20
147.0
 10
326.24252203098587
 20
147.0
 10
326.18053243659415
 20
147.0
 10
326.11751671019096
 20
147.0
 10
326.0534781373812
 20
147.0
 10
325.98842005710054
 20
147.0
 10
325.92234586144093
 20
147.0
  0
LWPOLYLINE
  5
294
330
17
100
AcDbEntity
  8
HIDDEN
100
AcDbPolyline
 90
2
 70
0
 10
325.92234586144093
 20
147.0
 10
326.8732484662482
 20
147.0
  0
LWPOLYLINE
  5
295
330
17
100
AcDbEntity
  8
HIDDEN
100
AcDbPolyline
 90
3
 70
0
 10
326.87324846624796
 20
147.0
 10
328.26938835394924
 20
147.0
 10
329.36586386477296
 20
147.0
  0
LWPOLYLINE
  5
296
330
17
100
AcDbEntity
  8
HIDDEN
100
AcDbPolyline
 90
15
 70
0
 10
329.36586386477086
 20
147.0
 10
329.31703191878586
 20
147.0
 10
329.2678472802291
 20
147.0
 10
329.21831070936844
 20
147.0
 10
329.1684229719117
 20
147.0
 10
329.118184838995
 20
147.0
 10
329.0675970871704
 20
147.0
 10
329.01666049839434
 20
147.0
 10
328.9653758600154
 20
147.0
 10
328.91374396476203
 20
147.0
 10
328.86176561073034
 20
147.0
 10
328.809441601372
 20
147.0
 10
328.7567727454814
 20
147.0
 10
328.70375985718346
 20
147.0
 10
328.65040375592093
 20
147.0
  0
LWPOLYLINE
  5
297
330
17
100
AcDbEntity
  8
HIDDEN
100
AcDbPolyline
 90
2
 70
0
 10
328.65040375591997
 20
147.0
 10
325.06299933892495
 20
147.0
  0
LWPOLYLINE
  5
298
330
17
100
AcDbEntity
  8
HIDDEN
100
AcDbPolyline
 90
2
 70
0
 10
325.06299933892495
 20
147.0
 10
324.19658844457484
 20
147.0
  0
LWPOLYLINE
  5
299
330
17
100
AcDbEntity
  8
HIDDEN
100
AcDbPolyline
 90
15
 70
0
 10
324.1965884445708
 20
147.0
 10
324.1079631247778
 20
147.0
 10
324.0184197355842
 20
147.0
 10
323.9279629457324
 20
147.0
 10
323.8365974715892
 20
147.0
 10
323.74432807689954
 20
147.0
 10
323.65115957253823
 20
147.0
 10
323.5570968162594
 20
147.0
 10
323.46214471244275
 20
147.0
 10
323.36630821183815
 20
147.0
 10
323.2695923113074
 20
147.0
 10
323.1720020535638
 20
147.0
 10
323.0735425269091
 20
147.0
 10
322.9742188649681
 20
147.0
 10
322.8740362464215
 20
147.0
  0
LWPOLYLINE
  5
29A
330
17
100
AcDbEntity
  8
HIDDEN
100
AcDbPolyline
 90
2
 70
0
 10
322.87403624641996
 20
147.0
 10
323.67569603710814
 20
147.0
  0
LWPOLYLINE
  5
29B
330
17
100
AcDbEntity
  8
HIDDEN
100
AcDbPolyline
 90
4
 70
0
 10
323.67569603710695
 20
147.0
 10
324.2537400191817
 20
147.0
 10
324.7113096533443
 20
147.0
 10
325.3837209938499
 20
147.0
  0
LWPOLYLINE
  5
29C
330
17
100
AcDbEntity
  8
HIDDEN
100
AcDbPolyline
 90
15
 70
0
 10
325.38372099385595
 20
147.0
 10
325.3133101113482
 20
147.0
 10
325.24260842350037
 20
147.0
 10
325.1716170231785
 20
147.0
 10
325.1003370077269
 20
147.0
 10
325.0287694789511
 20
147.0
 10
324.9569155431009
 20
147.0
 10
324.884776310853
 20
147.0
 10
324.81235289729443
 20
147.0
 10
324.7396464219045
 20
147.0
 10
324.6666580085383
 20
147.0
 10
324.59338878540876
 20
147.0
 10
324.5198398850694
 20
147.0
 10
324.4460124443969
 20
147.0
 10
324.3719076045734
 20
147.0
  0
LWPOLYLINE
  5
29D
330
17
100
AcDbEntity
  8
HIDDEN
100
AcDbPolyline
 90
3
 70
0
 10
324.3719076045729
 20
147.0
 10
322.64492483573247
 20
147.0
 10
321.1156171699719
 20
147.0
  0
LWPOLYLINE
  5
29E
330
17
100
AcDbEntity
  8
HIDDEN
100
AcDbPolyline
 90
2
 70
0
 10
321.1156171699719
 20
147.0
 10
320.43344670212764
 20
147.0
  0
LWPOLYLINE
  5
29F
330
17
100
AcDbEntity
  8
HIDDEN
100
AcDbPolyline
 90
15
 70
0
 10
320.43344670212383
 20
147.0
 10
320.3148511678253
 20
147.0
 10
320.1955353348731
 20
147.0
 10
320.0755054243285
 20
147.0
 10
319.95476769448413
 20
147.0
 10
319.83332844053814
 20
147.0
 10
319.7111939942656
 20
147.0
 10
319.5883707236886
 20
147.0
 10
319.4648650327442
 20
147.0
 10
319.3406833609503
 20
147.0
 10
319.21583218307023
 20
147.0
 10
319.09031800877494
 20
147.0
 10
318.9641473823037
 20
147.0
 10
318.8373268821226
 20
147.0
 10
318.7098631205822
 20
147.0
  0
LWPOLYLINE
  5
2A0
330
17
100
AcDbEntity
  8
HIDDEN
100
AcDbPolyline
 90
2
 70
0
 10
318.7098631205789
 20
147.0
 10
319.3076483072168
 20
147.0
  0
LWPOLYLINE
  5
2A1
330
17
100
AcDbEntity
  8
HIDDEN
100
AcDbPolyline
 90
4
 70
0
 10
319.30764830721597
 20
147.0
 10
319.67889392269547
 20
147.0
 10
319.91216029547684
 20
147.0
 10
320.11468374402097
 20
147.0
  0
LWPOLYLINE
  5
2A2
330
17
100
AcDbEntity
  8
HIDDEN
100
AcDbPolyline
 90
15
 70
0
 10
320.1146837440139
 20
147.0
 10
320.02749231026837
 20
147.0
 10
319.9400917763178
 20
147.0
 10
319.8524834931494
 20
147.0
 10
319.76466881496174
 20
147.0
 10
319.6766490991436
 20
147.0
 10
319.5884257062533
 20
147.0
 10
319.49999999999727
 20
147.0
 10
319.4113733472093
 20
147.0
 10
319.3225471178293
 20
147.0
 10
319.2335226848821
 20
147.0
 10
319.14430142445616
 20
147.0
 10
319.0548847156826
 20
147.0
 10
318.9652739407134
 20
147.0
 10
318.87547048470054
 20
147.0
  0
LWPOLYLINE
  5
2A3
330
17
100
AcDbEntity
  8
HIDDEN
100
AcDbPolyline
 90
4
 70
0
 10
318.87547048469895
 20
147.0
 10
317.3813660877845
 20
147.0
 10
316.7208702064126
 20
147.0
 10
316.17220484433494
 20
147.0
  0
LWPOLYLINE
  5
2A4
330
17
100
AcDbEntity
  8
HIDDEN
100
AcDbPolyline
 90
2
 70
0
 10
316.17220484433494
 20
147.0
 10
315.72076359303514
 20
147.0
  0
LWPOLYLINE
  5
2A5
330
17
100
AcDbEntity
  8
HIDDEN
100
AcDbPolyline
 90
15
 70
0
 10
315.7207635930263
 20
147.0
 10
315.58027993389675
 20
147.0
 10
315.4393228340235
 20
147.0
 10
315.2978996428314
 20
147.0
 10
315.1560177340469
 20
147.0
 10
315.0136845053137
 20
147.0
 10
314.87090737780716
 20
147.0
 10
314.7276937958474
 20
147.0
 10
314.58405122651084
 20
147.0
 10
314.43998715924107
 20
147.0
 10
314.29550910545845
 20
147.0
 10
314.15062459816835
 20
147.0
 10
314.00534119156833
 20
147.0
 10
313.8596664606544
 20
147.0
 10
313.71360800082596
 20
147.0
  0
LWPOLYLINE
  5
2A6
330
17
100
AcDbEntity
  8
HIDDEN
100
AcDbPolyline
 90
2
 70
0
 10
313.71360800082397
 20
147.0
 10
314.0667805108272
 20
147.0
  0
LWPOLYLINE
  5
2A7
330
17
100
AcDbEntity
  8
HIDDEN
100
AcDbPolyline
 90
2
 70
0
 10
314.0667805108279
 20
147.0
 10
314.2164616453134
 20
147.0
  0
LWPOLYLINE
  5
2A8
330
17
100
AcDbEntity
  8
HIDDEN
100
AcDbPolyline
 90
3
 70
0
 10
314.2164616453134
 20
147.0
 10
314.1346438851748
 20
147.0
 10
313.9178282963649
 20
147.0
  0
LWPOLYLINE
  5
2A9
330
17
100
AcDbEntity
  8
HIDDEN
100
AcDbPolyline
 90
15
 70
0
 10
313.9178282963712
 20
147.0
 10
313.81979826350516
 20
147.0
 10
313.7216550854025
 20
147.0
 10
313.62340027910415
 20
147.0
 10
313.5250353633764
 20
147.0
 10
313.42656185868765
 20
147.0
 10
313.3279812871848
 20
147.0
 10
313.22929517266965
 20
147.0
 10
313.1305050405755
 20
147.0
 10
313.0316124179434
 20
147.0
 10
312.9326188333987
 20
147.0
 10
312.83352581712745
 20
147.0
 10
312.7343349008525
 20
147.0
 10
312.6350476178101
 20
147.0
 10
312.5356655027259
 20
147.0
  0
LWPOLYLINE
  5
2AA
330
17
100
AcDbEntity
  8
HIDDEN
100
AcDbPolyline
 90
4
 70
0
 10
312.53566550272393
 20
147.0
 10
311.37626022326225
 20
147.0
 10
310.90668123051125
 20
147.0
 10
310.56964774262997
 20
147.0
  0
LWPOLYLINE
  5
2AB
330
17
100
AcDbEntity
  8
HIDDEN
100
AcDbPolyline
 90
2
 70
0
 10
310.56964774262997
 20
147.0
 10
310.37970068310443
 20
147.0
  0
LWPOLYLINE
  5
2AC
330
17
100
AcDbEntity
  8
HIDDEN
100
AcDbPolyline
 90
15
 70
0
 10
310.3797006831047
 20
147.0
 10
310.22690262835306
 20
147.0
 10
310.0739102549719
 20
147.0
 10
309.92073153989855
 20
147.0
 10
309.7673744697859
 20
147.0
 10
309.6138470405863
 20
147.0
 10
309.4601572571345
 20
147.0
 10
309.3063131327302
 20
147.0
 10
309.1523226887206
 20
147.0
 10
308.99819395408167
 20
147.0
 10
308.8439349649999
 20
147.0
 10
308.6895537644532
 20
147.0
 10
308.5350584017914
 20
147.0
 10
308.3804569323168
 20
147.0
 10
308.22575741686404
 20
147.0
  0
LWPOLYLINE
  5
2AD
330
17
100
AcDbEntity
  8
HIDDEN
100
AcDbPolyline
 90
2
 70
0
 10
308.2257574168639
 20
147.0
 10
308.31024912732306
 20
147.0
  0
LWPOLYLINE
  5
2AE
330
17
100
AcDbEntity
  8
HIDDEN
100
AcDbPolyline
 90
2
 70
0
 10
308.31024912732295
 20
147.0
 10
308.3122006865968
 20
147.0
  0
LWPOLYLINE
  5
2AF
330
17
100
AcDbEntity
  8
HIDDEN
100
AcDbPolyline
 90
4
 70
0
 10
308.3122006865968
 20
147.0
 10
308.19638005489855
 20
147.0
 10
307.9494344964474
 20
147.0
 10
307.21546010885294
 20
147.0
  0
LWPOLYLINE
  5
2B0
330
17
100
AcDbEntity
  8
HIDDEN
100
AcDbPolyline
 90
15
 70
0
 10
307.21546010885373
 20
147.0
 10
307.11327206160576
 20
147.0
 10
307.01107453475055
 20
147.0
 10
306.9088691079987
 20
147.0
 10
306.80665736118317
 20
147.0
 10
306.7044408742343
 20
147.0
 10
306.60222122715584
 20
147.0
 10
306.50000000000034
 20
147.0
 10
306.39777877284484
 20
147.0
 10
306.2955591257664
 20
147.0
 10
306.1933426388175
 20
147.0
 10
306.0911308920019
 20
147.0
 10
305.98892546525013
 20
147.0
 10
305.8867279383949
 20
147.0
 10
305.78453989114695
 20
147.0
  0
LWPOLYLINE
  5
2B1
330
17
100
AcDbEntity
  8
HIDDEN
100
AcDbPolyline
 90
4
 70
0
 10
305.78453989114695
 20
147.0
 10
305.05056550355243
 20
147.0
 10
304.8036199451013
 20
147.0
 10
304.6877993134031
 20
147.0
  0
LWPOLYLINE
  5
2B2
330
17
100
AcDbEntity
  8
HIDDEN
100
AcDbPolyline
 90
2
 70
0
 10
304.6877993134031
 20
147.0
 10
304.68975087267694
 20
147.0
  0
LWPOLYLINE
  5
2B3
330
17
100
AcDbEntity
  8
HIDDEN
100
AcDbPolyline
 90
2
 70
0
 10
304.68975087267694
 20
147.0
 10
304.7742425831361
 20
147.0
  0
LWPOLYLINE
  5
2B4
330
17
100
AcDbEntity
  8
HIDDEN
100
AcDbPolyline
 90
15
 70
0
 10
304.7742425831369
 20
147.0
 10
304.6195430676839
 20
147.0
 10
304.464941598209
 20
147.0
 10
304.3104462355469
 20
147.0
 10
304.1560650349999
 20
147.0
 10
304.00180604591793
 20
147.0
 10
303.84767731127874
 20
147.0
 10
303.6936868672688
 20
147.0
 10
303.5398427428643
 20
147.0
 10
303.3861529594122
 20
147.0
 10
303.2326255302123
 20
147.0
 10
303.0792684600994
 20
147.0
 10
302.92608974502576
 20
147.0
 10
302.7730973716443
 20
147.0
 10
302.62029931689244
 20
147.0
  0
LWPOLYLINE
  5
2B5
330
17
100
AcDbEntity
  8
HIDDEN
100
AcDbPolyline
 90
2
 70
0
 10
302.6202993168939
 20
147.0
 10
302.43035225736844
 20
147.0
  0
LWPOLYLINE
  5
2B6
330
17
100
AcDbEntity
  8
HIDDEN
100
AcDbPolyline
 90
4
 70
0
 10
302.4303522573699
 20
147.0
 10
302.0933187694887
 20
147.0
 10
301.62373977673764
 20
147.0
 10
300.46433449727596
 20
147.0
  0
LWPOLYLINE
  5
2B7
330
17
100
AcDbEntity
  8
HIDDEN
100
AcDbPolyline
 90
15
 70
0
 10
300.46433449727544
 20
147.0
 10
300.3649523821916
 20
147.0
 10
300.26566509914943
 20
147.0
 10
300.1664741828747
 20
147.0
 10
300.0673811666037
 20
147.0
 10
299.96838758205934
 20
147.0
 10
299.86949495942747
 20
147.0
 10
299.7707048273336
 20
147.0
 10
299.67201871281867
 20
147.0
 10
299.5734381413161
 20
147.0
 10
299.4749646366276
 20
147.0
 10
299.3765997209001
 20
147.0
 10
299.27834491460203
 20
147.0
 10
299.1802017364996
 20
147.0
 10
299.08217170363383
 20
147.0
  0
LWPOLYLINE
  5
2B8
330
17
100
AcDbEntity
  8
HIDDEN
100
AcDbPolyline
 90
3
 70
0
 10
299.08217170363497
 20
147.0
 10
298.8653561148251
 20
147.0
 10
298.78353835468647
 20
147.0
  0
LWPOLYLINE
  5
2B9
330
17
100
AcDbEntity
  8
HIDDEN
100
AcDbPolyline
 90
2
 70
0
 10
298.78353835468647
 20
147.0
 10
298.93321948917196
 20
147.0
  0
LWPOLYLINE
  5
2BA
330
17
100
AcDbEntity
  8
HIDDEN
100
AcDbPolyline
 90
2
 70
0
 10
298.93321948917196
 20
147.0
 10
299.2863919991752
 20
147.0
  0
LWPOLYLINE
  5
2BB
330
17
100
AcDbEntity
  8
HIDDEN
100
AcDbPolyline
 90
15
 70
0
 10
299.286391999179
 20
147.0
 10
299.1403335393497
 20
147.0
 10
298.99465880843496
 20
147.0
 10
298.84937540183415
 20
147.0
 10
298.70449089454326
 20
147.0
 10
298.56001284075984
 20
147.0
 10
298.41594877348933
 20
147.0
 10
298.27230620415196
 20
147.0
 10
298.1290926221914
 20
147.0
 10
297.98631549468416
 20
147.0
 10
297.84398226595016
 20
147.0
 10
297.70210035716485
 20
147.0
 10
297.560677165972
 20
147.0
 10
297.419720066098
 20
147.0
 10
297.27923640696775
 20
147.0
  0
LWPOLYLINE
  5
2BC
330
17
100
AcDbEntity
  8
HIDDEN
100
AcDbPolyline
 90
2
 70
0
 10
297.2792364069679
 20
147.0
 10
296.8277951556681
 20
147.0
  0
LWPOLYLINE
  5
2BD
330
17
100
AcDbEntity
  8
HIDDEN
100
AcDbPolyline
 90
4
 70
0
 10
296.82779515566494
 20
147.0
 10
296.2791297935918
 20
147.0
 10
295.6186339122214
 20
147.0
 10
294.1245295153099
 20
147.0
  0
LWPOLYLINE
  5
2BE
330
17
100
AcDbEntity
  8
HIDDEN
100
AcDbPolyline
 90
15
 70
0
 10
294.12452951529536
 20
147.0
 10
294.0347260592823
 20
147.0
 10
293.9451152843129
 20
147.0
 10
293.8556985755391
 20
147.0
 10
293.76647731511304
 20
147.0
 10
293.6774528821656
 20
147.0
 10
293.5886266527854
 20
147.0
 10
293.49999999999727
 20
147.0
 10
293.41157429374107
 20
147.0
 10
293.3233509008505
 20
147.0
 10
293.23533118503224
 20
147.0
 10
293.1475165068444
 20
147.0
 10
293.05990822367585
 20
147.0
 10
292.97250768972503
 20
147.0
 10
292.8853162559793
 20
147.0
  0
LWPOLYLINE
  5
2BF
330
17
100
AcDbEntity
  8
HIDDEN
100
AcDbPolyline
 90
4
 70
0
 10
292.88531625597994
 20
147.0
 10
293.0878397045256
 20
147.0
 10
293.3211060773105
 20
147.0
 10
293.69235169278994
 20
147.0
  0
LWPOLYLINE
  5
2C0
330
17
100
AcDbEntity
  8
HIDDEN
100
AcDbPolyline
 90
2
 70
0
 10
293.69235169278994
 20
147.0
 10
294.29013687942876
 20
147.0
  0
LWPOLYLINE
  5
2C1
330
17
100
AcDbEntity
  8
HIDDEN
100
AcDbPolyline
 90
15
 70
0
 10
294.29013687941296
 20
147.0
 10
294.16267311787306
 20
147.0
 10
294.03585261769257
 20
147.0
 10
293.9096819912218
 20
147.0
 10
293.78416781692704
 20
147.0
 10
293.6593166390475
 20
147.0
 10
293.5351349672541
 20
147.0
 10
293.4116292763102
 20
147.0
 10
293.2888060057337
 20
147.0
 10
293.1666715594617
 20
147.0
 10
293.04523230551615
 20
147.0
 10
292.92449457567227
 20
147.0
 10
292.80446466512814
 20
147.0
 10
292.6851488321765
 20
147.0
 10
292.5665532978784
 20
147.0
  0
LWPOLYLINE
  5
2C2
330
17
100
AcDbEntity
  8
HIDDEN
100
AcDbPolyline
 90
2
 70
0
 10
292.5665532978799
 20
147.0
 10
291.88438283003484
 20
147.0
  0
LWPOLYLINE
  5
2C3
330
17
100
AcDbEntity
  8
HIDDEN
100
AcDbPolyline
 90
3
 70
0
 10
291.88438283002995
 20
147.0
 10
290.35507516427356
 20
147.0
 10
288.6280923954299
 20
147.0
  0
LWPOLYLINE
  5
2C4
330
17
100
AcDbEntity
  8
HIDDEN
100
AcDbPolyline
 90
15
 70
0
 10
288.62809239543236
 20
147.0
 10
288.5539875556087
 20
147.0
 10
288.48016011493604
 20
147.0
 10
288.4066112145965
 20
147.0
 10
288.33334199146685
 20
147.0
 10
288.26035357810053
 20
147.0
 10
288.1876471027105
 20
147.0
 10
288.1152236891518
 20
147.0
 10
288.0430844569038
 20
147.0
 10
287.9712305210534
 20
147.0
 10
287.8996629922775
 20
147.0
 10
287.82838297682576
 20
147.0
 10
287.7573915765038
 20
147.0
 10
287.6866898886558
 20
147.0
 10
287.6162790061479
 20
147.0
  0
LWPOLYLINE
  5
2C5
330
17
100
AcDbEntity
  8
HIDDEN
100
AcDbPolyline
 90
4
 70
0
 10
287.61627900614997
 20
147.0
 10
288.2886903466613
 20
147.0
 10
288.74625998082473
 20
147.0
 10
289.32430396289993
 20
147.0
  0
LWPOLYLINE
  5
2C6
330
17
100
AcDbEntity
  8
HIDDEN
100
AcDbPolyline
 90
2
 70
0
 10
289.32430396289993
 20
147.0
 10
290.1259637535841
 20
147.0
  0
LWPOLYLINE
  5
2C7
330
17
100
AcDbEntity
  8
HIDDEN
100
AcDbPolyline
 90
15
 70
0
 10
290.12596375357964
 20
147.0
 10
290.0257811350322
 20
147.0
 10
289.9264574730905
 20
147.0
 10
289.82799794643506
 20
147.0
 10
289.7304076886907
 20
147.0
 10
289.6336917881593
 20
147.0
 10
289.537855287554
 20
147.0
 10
289.4429031837367
 20
147.0
 10
289.34884042745716
 20
147.0
 10
289.2556719230953
 20
147.0
 10
289.16340252840496
 20
147.0
 10
289.0720370542611
 20
147.0
 10
288.9815802644087
 20
147.0
 10
288.8920368752145
 20
147.0
 10
288.80341155542095
 20
147.0
  0
LWPOLYLINE
  5
2C8
330
17
100
AcDbEntity
  8
HIDDEN
100
AcDbPolyline
 90
2
 70
0
 10
288.80341155542993
 20
147.0
 10
287.93700066107914
 20
147.0
  0
LWPOLYLINE
  5
2C9
330
17
100
AcDbEntity
  8
HIDDEN
100
AcDbPolyline
 90
2
 70
0
 10
287.93700066107994
 20
147.0
 10
284.3495962440799
 20
147.0
  0
LWPOLYLINE
  5
2CA
330
17
100
AcDbEntity
  8
HIDDEN
100
AcDbPolyline
 90
15
 70
0
 10
284.3495962440751
 20
147.0
 10
284.29624014281245
 20
147.0
 10
284.24322725451435
 20
147.0
 10
284.1905583986236
 20
147.0
 10
284.1382343892651
 20
147.0
 10
284.0862560352333
 20
147.0
 10
284.0346241399798
 20
147.0
 10
283.9833395016007
 20
147.0
 10
283.93240291282456
 20
147.0
 10
283.88181516099985
 20
147.0
 10
283.83157702808296
 20
147.0
 10
283.78168929062616
 20
147.0
 10
283.7321527197654
 20
147.0
 10
283.6829680812085
 20
147.0
 10
283.6341361352234
 20
147.0
  0
LWPOLYLINE
  5
2CB
330
17
100
AcDbEntity
  8
HIDDEN
100
AcDbPolyline
 90
3
 70
0
 10
283.63413613522994
 20
147.0
 10
284.7306116460567
 20
147.0
 10
286.12675153375994
 20
147.0
  0
LWPOLYLINE
  5
2CC
330
17
100
AcDbEntity
  8
HIDDEN
100
AcDbPolyline
 90
2
 70
0
 10
286.12675153375994
 20
147.0
 10
287.07765413856146
 20
147.0
  0
LWPOLYLINE
  5
2CD
330
17
100
AcDbEntity
  8
HIDDEN
100
AcDbPolyline
 90
15
 70
0
 10
287.07765413855634
 20
147.0
 10
287.01157994289713
 20
147.0
 10
286.9465218626168
 20
147.0
 10
286.88248328980745
 20
147.0
 10
286.8194675634046
 20
147.0
 10
286.7574779690132
 20
147.0
 10
286.6965177387362
 20
147.0
 10
286.63659005100607
 20
147.0
 10
286.5776980304191
 20
147.0
 10
286.51984474757256
 20
147.0
 10
286.46303321890434
 20
147.0
 10
286.407266406536
 20
147.0
 10
286.352547218118
 20
147.0
 10
286.29887850667853
 20
147.0
 10
286.24626307047424
 20
147.0
  0
LWPOLYLINE
  5
2CE
330
17
100
AcDbEntity
  8
HIDDEN
100
AcDbPolyline
 90
2
 70
0
 10
286.2462630704799
 20
147.0
 10
285.2546562202697
 20
147.0
  0
LWPOLYLINE
  5
2CF
330
17
100
AcDbEntity
  8
HIDDEN
100
AcDbPolyline
 90
2
 70
0
 10
285.25465622026996
 20
147.0
 10
281.58061350342996
 20
147.0
  0
LWPOLYLINE
  5
2D0
330
17
100
AcDbEntity
  8
HIDDEN
100
AcDbPolyline
 90
15
 70
0
 10
281.5806135034276
 20
147.0
 10
281.55164227085106
 20
147.0
 10
281.5230566756563
 20
147.0
 10
281.494857159703
 20
147.0
 10
281.46704415888314
 20
147.0
 10
281.439618103114
 20
147.0
 10
281.41257941633194
 20
147.0
 10
281.38592851648536
 20
147.0
 10
281.3596658155286
 20
147.0
 10
281.33379171941544
 20
147.0
 10
281.3083066280927
 20
147.0
 10
281.28321093549425
 20
147.0
 10
281.25850502953506
 20
147.0
 10
281.23418929210465
 20
147.0
 10
281.2102640990619
 20
147.0
  0
LWPOLYLINE
  5
2D1
330
17
100
AcDbEntity
  8
HIDDEN
100
AcDbPolyline
 90
3
 70
0
 10
281.21026409906995
 20
147.0
 10
282.65608078615674
 20
147.0
 10
284.3176023191999
 20
147.0
  0
LWPOLYLINE
  5
2D2
330
17
100
AcDbEntity
  8
HIDDEN
100
AcDbPolyline
 90
2
 70
0
 10
284.3176023191999
 20
147.0
 10
285.35294529705965
 20
147.0
  0
LWPOLYLINE
  5
2D3
330
17
100
AcDbEntity
  8
HIDDEN
100
AcDbPolyline
 90
15
 70
0
 10
285.35294529705135
 20
147.0
 10
285.32548237152116
 20
147.0
 10
285.2991234735591
 20
147.0
 10
285.27386997750347
 20
147.0
 10
285.2497232000575
 20
147.0
 10
285.2266844002206
 20
147.0
 10
285.20475477922315
 20
147.0
 10
285.1839354804633
 20
147.0
 10
285.1642275894477
 20
147.0
 10
285.1456321337349
 20
147.0
 10
285.1281500828815
 20
147.0
 10
285.111782348392
 20
147.0
 10
285.096529783671
 20
147.0
 10
285.0823931839786
 20
147.0
 10
285.0693732863893
 20
147.0
  0
LWPOLYLINE
  5
2D4
330
17
100
AcDbEntity
  8
HIDDEN
100
AcDbPolyline
 90
2
 70
0
 10
285.0693732863899
 20
147.0
 10
284.02014684844994
 20
147.0
  0
LWPOLYLINE
  5
2D5
330
17
100
AcDbEntity
  8
HIDDEN
100
AcDbPolyline
 90
3
 70
0
 10
284.02014684844994
 20
147.0
 10
282.2064736167404
 20
147.0
 10
280.50984577127997
 20
147.0
  0
LWPOLYLINE
  5
2D6
330
17
100
AcDbEntity
  8
HIDDEN
100
AcDbPolyline
 90
15
 70
0
 10
280.50984577128025
 20
147.0
 10
280.5084895398684
 20
147.0
 10
280.50723374901287
 20
147.0
 10
280.5060784035666
 20
147.0
 10
280.5050235079942
 20
147.0
 10
280.50406906637227
 20
147.0
 10
280.503215082389
 20
147.0
 10
280.5024615593445
 20
147.0
 10
280.50180850015073
 20
147.0
 10
280.50125590733126
 20
147.0
 10
280.5008037830216
 20
147.0
 10
280.50045212896885
 20
147.0
 10
280.5002009465319
 20
147.0
 10
280.5000502366815
 20
147.0
 10
280.5
 20
147.0
  0
LWPOLYLINE
  5
2D7
330
17
100
AcDbEntity
  8
HIDDEN
100
AcDbPolyline
 90
2
 70
0
 10
281.21026409906995
 20
147.0
 10
284.02014684844994
 20
147.0
  0
LWPOLYLINE
  5
2D8
330
17
100
AcDbEntity
  8
HIDDEN
100
AcDbPolyline
 90
2
 70
0
 10
284.02014684844994
 20
147.0
 10
285.0693732863899
 20
147.0
  0
LWPOLYLINE
  5
2D9
330
17
100
AcDbEntity
  8
HIDDEN
100
AcDbPolyline
 90
15
 70
0
 10
285.0693732863893
 20
147.0
 10
285.0823931839786
 20
147.0
 10
285.09652978367103
 20
147.0
 10
285.1117823483921
 20
147.0
 10
285.12815008288163
 20
147.0
 10
285.14563213373503
 20
147.0
 10
285.1642275894479
 20
147.0
 10
285.1839354804635
 20
147.0
 10
285.2047547792234
 20
147.0
 10
285.2266844002209
 20
147.0
 10
285.2497232000578
 20
147.0
 10
285.27386997750386
 20
147.0
 10
285.2991234735596
 20
147.0
 10
285.3254823715217
 20
147.0
 10
285.3529452970519
 20
147.0
  0
LWPOLYLINE
  5
2DA
330
17
100
AcDbEntity
  8
HIDDEN
100
AcDbPolyline
 90
2
 70
0
 10
285.35294529705993
 20
147.0
 10
284.3176023192002
 20
147.0
  0
LWPOLYLINE
  5
2DB
330
17
100
AcDbEntity
  8
HIDDEN
100
AcDbPolyline
 90
3
 70
0
 10
284.3176023191999
 20
147.0
 10
282.65608078615674
 20
147.0
 10
281.21026409906995
 20
147.0
  0
LWPOLYLINE
  5
2DC
330
17
100
AcDbEntity
  8
HIDDEN
100
AcDbPolyline
 90
2
 70
0
 10
283.63413613522994
 20
147.0
 10
285.25465622026996
 20
147.0
  0
LWPOLYLINE
  5
2DD
330
17
100
AcDbEntity
  8
HIDDEN
100
AcDbPolyline
 90
2
 70
0
 10
285.25465622026996
 20
147.0
 10
286.2462630704802
 20
147.0
  0
LWPOLYLINE
  5
2DE
330
17
100
AcDbEntity
  8
HIDDEN
100
AcDbPolyline
 90
15
 70
0
 10
286.24626307047265
 20
147.0
 10
286.29887850667717
 20
147.0
 10
286.35254721811697
 20
147.0
 10
286.4072664065352
 20
147.0
 10
286.46303321890383
 20
147.0
 10
286.5198447475724
 20
147.0
 10
286.57769803041924
 20
147.0
 10
286.6365900510065
 20
147.0
 10
286.696517738737
 20
147.0
 10
286.7574779690143
 20
147.0
 10
286.8194675634061
 20
147.0
 10
286.8824832898093
 20
147.0
 10
286.946521862619
 20
147.0
 10
287.01157994289974
 20
147.0
 10
287.07765413855935
 20
147.0
  0
LWPOLYLINE
  5
2DF
330
17
100
AcDbEntity
  8
HIDDEN
100
AcDbPolyline
 90
2
 70
0
 10
287.0776541385599
 20
147.0
 10
286.1267515337584
 20
147.0
  0
LWPOLYLINE
  5
2E0
330
17
100
AcDbEntity
  8
HIDDEN
100
AcDbPolyline
 90
3
 70
0
 10
286.12675153375994
 20
147.0
 10
284.7306116460567
 20
147.0
 10
283.63413613522994
 20
147.0
  0
LWPOLYLINE
  5
2E1
330
17
100
AcDbEntity
  8
HIDDEN
100
AcDbPolyline
 90
2
 70
0
 10
287.61627900614997
 20
147.0
 10
287.93700066107994
 20
147.0
  0
LWPOLYLINE
  5
2E2
330
17
100
AcDbEntity
  8
HIDDEN
100
AcDbPolyline
 90
2
 70
0
 10
287.93700066107994
 20
147.0
 10
288.80341155542936
 20
147.0
  0
LWPOLYLINE
  5
2E3
330
17
100
AcDbEntity
  8
HIDDEN
100
AcDbPolyline
 90
15
 70
0
 10
288.8034115554285
 20
147.0
 10
288.8920368752216
 20
147.0
 10
288.98158026441536
 20
147.0
 10
289.07203705426724
 20
147.0
 10
289.16340252841064
 20
147.0
 10
289.25567192310046
 20
147.0
 10
289.3488404274618
 20
147.0
 10
289.44290318374084
 20
147.0
 10
289.53785528755765
 20
147.0
 10
289.63369178816237
 20
147.0
 10
289.7304076886933
 20
147.0
 10
289.827997946437
 20
147.0
 10
289.9264574730919
 20
147.0
 10
290.025781135033
 20
147.0
 10
290.12596375357987
 20
147.0
  0
LWPOLYLINE
  5
2E4
330
17
100
AcDbEntity
  8
HIDDEN
100
AcDbPolyline
 90
2
 70
0
 10
290.1259637535799
 20
147.0
 10
289.32430396289675
 20
147.0
  0
LWPOLYLINE
  5
2E5
330
17
100
AcDbEntity
  8
HIDDEN
100
AcDbPolyline
 90
4
 70
0
 10
289.32430396289993
 20
147.0
 10
288.74625998082473
 20
147.0
 10
288.2886903466613
 20
147.0
 10
287.61627900614997
 20
147.0
  0
LWPOLYLINE
  5
2E6
330
17
100
AcDbEntity
  8
HIDDEN
100
AcDbPolyline
 90
15
 70
0
 10
292.88531625597994
 20
147.0
 10
292.98275043340595
 20
147.0
 10
293.080645857872
 20
147.0
 10
293.17899918890737
 20
147.0
 10
293.27780707041643
 20
147.0
 10
293.377066130793
 20
147.0
 10
293.4767729830353
 20
147.0
 10
293.5769242248616
 20
147.0
 10
293.6775164388265
 20
147.0
 10
293.7785461924372
 20
147.0
 10
293.8800100382709
 20
147.0
 10
293.9819045140922
 20
147.0
 10
294.08422614297166
 20
147.0
 10
294.1869714334038
 20
147.0
 10
294.29013687942694
 20
147.0
  0
LWPOLYLINE
  5
2E7
330
17
100
AcDbEntity
  8
HIDDEN
100
AcDbPolyline
 90
2
 70
0
 10
294.29013687942995
 20
147.0
 10
293.6923516927916
 20
147.0
  0
LWPOLYLINE
  5
2E8
330
17
100
AcDbEntity
  8
HIDDEN
100
AcDbPolyline
 90
4
 70
0
 10
293.69235169278994
 20
147.0
 10
293.3211060773105
 20
147.0
 10
293.0878397045256
 20
147.0
 10
292.88531625597994
 20
147.0
  0
LWPOLYLINE
  5
2E9
330
17
100
AcDbEntity
  8
HIDDEN
100
AcDbPolyline
 90
15
 70
0
 10
298.78353835468647
 20
147.0
 10
298.8193009823938
 20
147.0
 10
298.855087986758
 20
147.0
 10
298.8908992541998
 20
147.0
 10
298.926734671063
 20
147.0
 10
298.9625941236148
 20
147.0
 10
298.99847749804604
 20
147.0
 10
299.03438468047176
 20
147.0
 10
299.0703155569313
 20
147.0
 10
299.1062700133889
 20
147.0
 10
299.14224793573385
 20
147.0
 10
299.17824920978114
 20
147.0
 10
299.21427372127147
 20
147.0
 10
299.2503213558719
 20
147.0
 10
299.2863919991761
 20
147.0
  0
LWPOLYLINE
  5
2EA
330
17
100
AcDbEntity
  8
HIDDEN
100
AcDbPolyline
 90
2
 70
0
 10
299.2863919991759
 20
147.0
 10
298.9332194891724
 20
147.0
  0
LWPOLYLINE
  5
2EB
330
17
100
AcDbEntity
  8
HIDDEN
100
AcDbPolyline
 90
2
 70
0
 10
298.93321948917196
 20
147.0
 10
298.78353835468647
 20
147.0
  0
LWPOLYLINE
  5
2EC
330
17
100
AcDbEntity
  8
HIDDEN
100
AcDbPolyline
 90
15
 70
0
 10
306.49999999999994
 20
147.0
 10
307.17178685662
 20
147.0
 10
307.83512560373816
 20
147.0
 10
308.48167437173146
 20
147.0
 10
309.10330243470594
 20
147.0
 10
309.6921924590927
 20
147.0
 10
310.24093881115317
 20
147.0
 10
310.7426406871201
 20
147.0
 10
311.190988894809
 20
147.0
 10
311.5803451953705
 20
147.0
 10
311.90581320741524
 20
147.0
 10
312.1632999818508
 20
147.0
 10
312.3495674730914
 20
147.0
 10
312.4622732593597
 20
147.0
 10
312.49999999999994
 20
147.0
  0
LWPOLYLINE
  5
2ED
330
17
100
AcDbEntity
  8
HIDDEN
100
AcDbPolyline
 90
15
 70
0
 10
312.49999999999994
 20
147.0
 10
312.34956747309036
 20
147.0
 10
311.90581320741336
 20
147.0
 10
311.1909888948066
 20
147.0
 10
310.2409388111504
 20
147.0
 10
309.10330243470304
 20
147.0
 10
307.83512560373543
 20
147.0
 10
306.49999999999744
 20
147.0
 10
305.1648743962596
 20
147.0
 10
303.89669756529236
 20
147.0
 10
302.7590611888456
 20
147.0
 10
301.8090111051902
 20
147.0
 10
301.09418679258437
 20
147.0
 10
300.65043252690845
 20
147.0
 10
300.49999999999994
 20
147.0
  0
LWPOLYLINE
  5
2EE
330
17
100
AcDbEntity
  8
HIDDEN
100
AcDbPolyline
 90
15
 70
0
 10
300.49999999999994
 20
147.0
 10
300.5377267406407
 20
147.0
 10
300.65043252690947
 20
147.0
 10
300.8367000181504
 20
147.0
 10
301.0941867925862
 20
147.0
 10
301.4196548046311
 20
147.0
 10
301.80901110519267
 20
147.0
 10
302.25735931288153
 20
147.0
 10
302.75906118884836
 20
147.0
 10
303.3078075409087
 20
147.0
 10
303.89669756529526
 20
147.0
 10
304.51832562826945
 20
147.0
 10
305.1648743962624
 20
147.0
 10
305.8282131433803
 20
147.0
 10
306.49999999999994
 20
147.0
  0
LWPOLYLINE
  5
2EF
330
17
100
AcDbEntity
  8
HIDDEN
100
AcDbPolyline
 90
2
 70
0
 10
308.3122006865968
 20
162.0
 10
308.31024912732295
 20
162.0
  0
LWPOLYLINE
  5
2F0
330
17
100
AcDbEntity
  8
HIDDEN
100
AcDbPolyline
 90
2
 70
0
 10
308.31024912732295
 20
162.0
 10
308.2257574168638
 20
162.0
  0
LWPOLYLINE
  5
2F1
330
17
100
AcDbEntity
  8
HIDDEN
100
AcDbPolyline
 90
15
 70
0
 10
308.2257574168629
 20
162.0
 10
308.2319328842736
 20
162.0
 10
308.238108207867
 20
162.0
 10
308.2442833871304
 20
162.0
 10
308.2504584215509
 20
162.0
 10
308.25663331061577
 20
162.0
 10
308.2628080538123
 20
162.0
 10
308.2689826506277
 20
162.0
 10
308.2751571005493
 20
162.0
 10
308.2813314030643
 20
162.0
 10
308.2875055576601
 20
162.0
 10
308.29367956382384
 20
162.0
 10
308.29985342104305
 20
162.0
 10
308.3060271288049
 20
162.0
 10
308.3122006865968
 20
162.0
  0
LWPOLYLINE
  5
2F2
330
17
100
AcDbEntity
  8
HIDDEN
100
AcDbPolyline
 90
2
 70
0
 10
314.2164616453134
 20
162.0
 10
314.0667805108279
 20
162.0
  0
LWPOLYLINE
  5
2F3
330
17
100
AcDbEntity
  8
HIDDEN
100
AcDbPolyline
 90
2
 70
0
 10
314.0667805108279
 20
162.0
 10
313.7136080008244
 20
162.0
  0
LWPOLYLINE
  5
2F4
330
17
100
AcDbEntity
  8
HIDDEN
100
AcDbPolyline
 90
15
 70
0
 10
313.71360800082095
 20
162.0
 10
313.7496786441253
 20
162.0
 10
313.785726278726
 20
162.0
 10
313.8217507902165
 20
162.0
 10
313.857752064264
 20
162.0
 10
313.8937299866092
 20
162.0
 10
313.92968444306695
 20
162.0
 10
313.9656153195267
 20
162.0
 10
314.0015225019526
 20
162.0
 10
314.03740587638407
 20
162.0
 10
314.0732653289361
 20
162.0
 10
314.1091007457995
 20
162.0
 10
314.1449120132415
 20
162.0
 10
314.18069901760583
 20
162.0
 10
314.2164616453134
 20
162.0
  0
LWPOLYLINE
  5
2F5
330
17
100
AcDbEntity
  8
HIDDEN
100
AcDbPolyline
 90
4
 70
0
 10
320.11468374402097
 20
162.0
 10
319.91216029547684
 20
162.0
 10
319.67889392269547
 20
162.0
 10
319.30764830721597
 20
162.0
  0
LWPOLYLINE
  5
2F6
330
17
100
AcDbEntity
  8
HIDDEN
100
AcDbPolyline
 90
2
 70
0
 10
319.30764830721597
 20
162.0
 10
318.7098631205785
 20
162.0
  0
LWPOLYLINE
  5
2F7
330
17
100
AcDbEntity
  8
HIDDEN
100
AcDbPolyline
 90
15
 70
0
 10
318.7098631205867
 20
162.0
 10
318.81302856660886
 20
162.0
 10
318.9157738570401
 20
162.0
 10
319.01809548591854
 20
162.0
 10
319.11998996173895
 20
162.0
 10
319.2214538075717
 20
162.0
 10
319.32248356118146
 20
162.0
 10
319.42307577514543
 20
162.0
 10
319.5232270169709
 20
162.0
 10
319.62293386921226
 20
162.0
 10
319.72219292958795
 20
162.0
 10
319.8210008110961
 20
162.0
 10
319.9193541421306
 20
162.0
 10
320.01724956659575
 20
162.0
 10
320.11468374402097
 20
162.0
  0
LWPOLYLINE
  5
2F8
330
17
100
AcDbEntity
  8
HIDDEN
100
AcDbPolyline
 90
4
 70
0
 10
325.3837209938499
 20
162.0
 10
324.7113096533443
 20
162.0
 10
324.2537400191817
 20
162.0
 10
323.67569603710695
 20
162.0
  0
LWPOLYLINE
  5
2F9
330
17
100
AcDbEntity
  8
HIDDEN
100
AcDbPolyline
 90
2
 70
0
 10
323.67569603710695
 20
162.0
 10
322.87403624641973
 20
162.0
  0
LWPOLYLINE
  5
2FA
330
17
100
AcDbEntity
  8
HIDDEN
100
AcDbPolyline
 90
15
 70
0
 10
322.8740362464197
 20
162.0
 10
322.97421886496693
 20
162.0
 10
323.07354252690845
 20
162.0
 10
323.17200205356374
 20
162.0
 10
323.26959231130786
 20
162.0
 10
323.36630821183917
 20
162.0
 10
323.4621447124443
 20
162.0
 10
323.55709681626143
 20
162.0
 10
323.6511595725408
 20
162.0
 10
323.74432807690255
 20
162.0
 10
323.8365974715927
 20
162.0
 10
323.9279629457364
 20
162.0
 10
324.0184197355886
 20
162.0
 10
324.1079631247827
 20
162.0
 10
324.19658844457615
 20
162.0
  0
LWPOLYLINE
  5
2FB
330
17
100
AcDbEntity
  8
HIDDEN
100
AcDbPolyline
 90
2
 70
0
 10
324.1965884445759
 20
162.0
 10
325.06299933892467
 20
162.0
  0
LWPOLYLINE
  5
2FC
330
17
100
AcDbEntity
  8
HIDDEN
100
AcDbPolyline
 90
2
 70
0
 10
325.06299933892495
 20
162.0
 10
325.3837209938499
 20
162.0
  0
LWPOLYLINE
  5
2FD
330
17
100
AcDbEntity
  8
HIDDEN
100
AcDbPolyline
 90
3
 70
0
 10
329.36586386477296
 20
162.0
 10
328.26938835394924
 20
162.0
 10
326.87324846624796
 20
162.0
  0
LWPOLYLINE
  5
2FE
330
17
100
AcDbEntity
  8
HIDDEN
100
AcDbPolyline
 90
2
 70
0
 10
326.87324846624796
 20
162.0
 10
325.9223458614407
 20
162.0
  0
LWPOLYLINE
  5
2FF
330
17
100
AcDbEntity
  8
HIDDEN
100
AcDbPolyline
 90
15
 70
0
 10
325.92234586144343
 20
162.0
 10
325.98842005710264
 20
162.0
 10
326.0534781373831
 20
162.0
 10
326.1175167101925
 20
162.0
 10
326.1805324365954
 20
162.0
 10
326.24252203098683
 20
162.0
 10
326.3034822612639
 20
162.0
 10
326.3634099489941
 20
162.0
 10
326.4223019695811
 20
162.0
 10
326.4801552524277
 20
162.0
 10
326.536966781096
 20
162.0
 10
326.5927335934644
 20
162.0
 10
326.6474527818824
 20
162.0
 10
326.7011214933219
 20
162.0
 10
326.75373692952627
 20
162.0
  0
LWPOLYLINE
  5
300
330
17
100
AcDbEntity
  8
HIDDEN
100
AcDbPolyline
 90
2
 70
0
 10
326.7537369295259
 20
162.0
 10
327.7453437797371
 20
162.0
  0
LWPOLYLINE
  5
301
330
17
100
AcDbEntity
  8
HIDDEN
100
AcDbPolyline
 90
2
 70
0
 10
327.7453437797369
 20
162.0
 10
329.36586386477296
 20
162.0
  0
LWPOLYLINE
  5
302
330
17
100
AcDbEntity
  8
HIDDEN
100
AcDbPolyline
 90
3
 70
0
 10
331.7897359009389
 20
162.0
 10
330.3439192138477
 20
162.0
 10
328.68239768079997
 20
162.0
  0
LWPOLYLINE
  5
303
330
17
100
AcDbEntity
  8
HIDDEN
100
AcDbPolyline
 90
2
 70
0
 10
328.68239768079997
 20
162.0
 10
327.64705470294894
 20
162.0
  0
LWPOLYLINE
  5
304
330
17
100
AcDbEntity
  8
HIDDEN
100
AcDbPolyline
 90
15
 70
0
 10
327.64705470294905
 20
162.0
 10
327.67451762847924
 20
162.0
 10
327.7008765264413
 20
162.0
 10
327.72613002249693
 20
162.0
 10
327.7502767999429
 20
162.0
 10
327.7733155997798
 20
162.0
 10
327.79524522077725
 20
162.0
 10
327.81606451953706
 20
162.0
 10
327.83577241055264
 20
162.0
 10
327.8543678662655
 20
162.0
 10
327.8718499171188
 20
162.0
 10
327.88821765160833
 20
162.0
 10
327.9034702163294
 20
162.0
 10
327.9176068160218
 20
162.0
 10
327.9306267136111
 20
162.0
  0
LWPOLYLINE
  5
305
330
17
100
AcDbEntity
  8
HIDDEN
100
AcDbPolyline
 90
2
 70
0
 10
327.93062671361093
 20
162.0
 10
328.9798531515509
 20
162.0
  0
LWPOLYLINE
  5
306
330
17
100
AcDbEntity
  8
HIDDEN
100
AcDbPolyline
 90
2
 70
0
 10
328.97985315155097
 20
162.0
 10
331.7897359009389
 20
162.0
  0
LWPOLYLINE
  5
307
330
17
100
AcDbEntity
  8
HIDDEN
100
AcDbPolyline
 90
15
 70
0
 10
332.49999999999994
 20
162.0
 10
332.4999497633184
 20
162.0
 10
332.499799053468
 20
162.0
 10
332.49954787103104
 20
162.0
 10
332.49919621697825
 20
162.0
 10
332.4987440926686
 20
162.0
 10
332.4981914998491
 20
162.0
 10
332.4975384406553
 20
162.0
 10
332.49678491761085
 20
162.0
 10
332.49593093362756
 20
162.0
 10
332.4949764920056
 20
162.0
 10
332.49392159643327
 20
162.0
 10
332.492766250987
 20
162.0
 10
332.49151046013156
 20
162.0
 10
332.4901542287197
 20
162.0
  0
LWPOLYLINE
  5
308
330
17
100
AcDbEntity
  8
HIDDEN
100
AcDbPolyline
 90
3
 70
0
 10
332.4901542287199
 20
162.0
 10
330.7935263832613
 20
162.0
 10
328.97985315155097
 20
162.0
  0
LWPOLYLINE
  5
309
330
17
100
AcDbEntity
  8
HIDDEN
100
AcDbPolyline
 90
2
 70
0
 10
328.97985315155097
 20
162.0
 10
327.93062671361093
 20
162.0
  0
LWPOLYLINE
  5
30A
330
17
100
AcDbEntity
  8
HIDDEN
100
AcDbPolyline
 90
15
 70
0
 10
327.93062671361076
 20
162.0
 10
327.9176068160215
 20
162.0
 10
327.9034702163291
 20
162.0
 10
327.888217651608
 20
162.0
 10
327.8718499171185
 20
162.0
 10
327.8543678662651
 20
162.0
 10
327.83577241055224
 20
162.0
 10
327.81606451953667
 20
162.0
 10
327.7952452207768
 20
162.0
 10
327.7733155997793
 20
162.0
 10
327.7502767999424
 20
162.0
 10
327.72613002249636
 20
162.0
 10
327.7008765264407
 20
162.0
 10
327.6745176284786
 20
162.0
 10
327.64705470294837
 20
162.0
  0
LWPOLYLINE
  5
30B
330
17
100
AcDbEntity
  8
HIDDEN
100
AcDbPolyline
 90
2
 70
0
 10
327.64705470294894
 20
162.0
 10
328.68239768079997
 20
162.0
  0
LWPOLYLINE
  5
30C
330
17
100
AcDbEntity
  8
HIDDEN
100
AcDbPolyline
 90
3
 70
0
 10
328.68239768079997
 20
162.0
 10
330.3439192138477
 20
162.0
 10
331.7897359009389
 20
162.0
  0
LWPOLYLINE
  5
30D
330
17
100
AcDbEntity
  8
HIDDEN
100
AcDbPolyline
 90
15
 70
0
 10
331.7897359009389
 20
162.0
 10
331.7658107078962
 20
162.0
 10
331.7414949704659
 20
162.0
 10
331.71678906450677
 20
162.0
 10
331.69169337190846
 20
162.0
 10
331.6662082805858
 20
162.0
 10
331.6403341844727
 20
162.0
 10
331.614071483516
 20
162.0
 10
331.58742058366954
 20
162.0
 10
331.5603818968876
 20
162.0
 10
331.5329558411186
 20
162.0
 10
331.50514284029884
 20
162.0
 10
331.47694332434565
 20
162.0
 10
331.448357729151
 20
162.0
 10
331.41938649657453
 20
162.0
  0
LWPOLYLINE
  5
30E
330
17
100
AcDbEntity
  8
HIDDEN
100
AcDbPolyline
 90
2
 70
0
 10
331.41938649657396
 20
162.0
 10
327.7453437797369
 20
162.0
  0
LWPOLYLINE
  5
30F
330
17
100
AcDbEntity
  8
HIDDEN
100
AcDbPolyline
 90
2
 70
0
 10
327.7453437797369
 20
162.0
 10
326.75373692952576
 20
162.0
  0
LWPOLYLINE
  5
310
330
17
100
AcDbEntity
  8
HIDDEN
100
AcDbPolyline
 90
15
 70
0
 10
326.7537369295274
 20
162.0
 10
326.7011214933229
 20
162.0
 10
326.6474527818831
 20
162.0
 10
326.5927335934649
 20
162.0
 10
326.5369667810962
 20
162.0
 10
326.4801552524277
 20
162.0
 10
326.4223019695809
 20
162.0
 10
326.36340994899365
 20
162.0
 10
326.3034822612632
 20
162.0
 10
326.24252203098587
 20
162.0
 10
326.18053243659415
 20
162.0
 10
326.11751671019096
 20
162.0
 10
326.0534781373812
 20
162.0
 10
325.98842005710054
 20
162.0
 10
325.92234586144093
 20
162.0
  0
LWPOLYLINE
  5
311
330
17
100
AcDbEntity
  8
HIDDEN
100
AcDbPolyline
 90
2
 70
0
 10
325.92234586144093
 20
162.0
 10
326.8732484662482
 20
162.0
  0
LWPOLYLINE
  5
312
330
17
100
AcDbEntity
  8
HIDDEN
100
AcDbPolyline
 90
3
 70
0
 10
326.87324846624796
 20
162.0
 10
328.26938835394924
 20
162.0
 10
329.36586386477296
 20
162.0
  0
LWPOLYLINE
  5
313
330
17
100
AcDbEntity
  8
HIDDEN
100
AcDbPolyline
 90
15
 70
0
 10
329.36586386477086
 20
162.0
 10
329.31703191878586
 20
162.0
 10
329.2678472802291
 20
162.0
 10
329.21831070936844
 20
162.0
 10
329.1684229719117
 20
162.0
 10
329.118184838995
 20
162.0
 10
329.0675970871704
 20
162.0
 10
329.01666049839434
 20
162.0
 10
328.9653758600154
 20
162.0
 10
328.91374396476203
 20
162.0
 10
328.86176561073034
 20
162.0
 10
328.809441601372
 20
162.0
 10
328.7567727454814
 20
162.0
 10
328.70375985718346
 20
162.0
 10
328.65040375592093
 20
162.0
  0
LWPOLYLINE
  5
314
330
17
100
AcDbEntity
  8
HIDDEN
100
AcDbPolyline
 90
2
 70
0
 10
328.65040375591997
 20
162.0
 10
325.06299933892495
 20
162.0
  0
LWPOLYLINE
  5
315
330
17
100
AcDbEntity
  8
HIDDEN
100
AcDbPolyline
 90
2
 70
0
 10
325.06299933892495
 20
162.0
 10
324.19658844457484
 20
162.0
  0
LWPOLYLINE
  5
316
330
17
100
AcDbEntity
  8
HIDDEN
100
AcDbPolyline
 90
15
 70
0
 10
324.1965884445708
 20
162.0
 10
324.1079631247778
 20
162.0
 10
324.0184197355842
 20
162.0
 10
323.9279629457324
 20
162.0
 10
323.8365974715892
 20
162.0
 10
323.74432807689954
 20
162.0
 10
323.65115957253823
 20
162.0
 10
323.5570968162594
 20
162.0
 10
323.46214471244275
 20
162.0
 10
323.36630821183815
 20
162.0
 10
323.2695923113074
 20
162.0
 10
323.1720020535638
 20
162.0
 10
323.0735425269091
 20
162.0
 10
322.9742188649681
 20
162.0
 10
322.8740362464215
 20
162.0
  0
LWPOLYLINE
  5
317
330
17
100
AcDbEntity
  8
HIDDEN
100
AcDbPolyline
 90
2
 70
0
 10
322.87403624641996
 20
162.0
 10
323.67569603710814
 20
162.0
  0
LWPOLYLINE
  5
318
330
17
100
AcDbEntity
  8
HIDDEN
100
AcDbPolyline
 90
4
 70
0
 10
323.67569603710695
 20
162.0
 10
324.2537400191817
 20
162.0
 10
324.7113096533443
 20
162.0
 10
325.3837209938499
 20
162.0
  0
LWPOLYLINE
  5
319
330
17
100
AcDbEntity
  8
HIDDEN
100
AcDbPolyline
 90
15
 70
0
 10
325.38372099385595
 20
162.0
 10
325.3133101113482
 20
162.0
 10
325.24260842350037
 20
162.0
 10
325.1716170231785
 20
162.0
 10
325.1003370077269
 20
162.0
 10
325.0287694789511
 20
162.0
 10
324.9569155431009
 20
162.0
 10
324.884776310853
 20
162.0
 10
324.81235289729443
 20
162.0
 10
324.7396464219045
 20
162.0
 10
324.6666580085383
 20
162.0
 10
324.59338878540876
 20
162.0
 10
324.5198398850694
 20
162.0
 10
324.4460124443969
 20
162.0
 10
324.3719076045734
 20
162.0
  0
LWPOLYLINE
  5
31A
330
17
100
AcDbEntity
  8
HIDDEN
100
AcDbPolyline
 90
3
 70
0
 10
324.3719076045729
 20
162.0
 10
322.64492483573247
 20
162.0
 10
321.1156171699719
 20
162.0
  0
LWPOLYLINE
  5
31B
330
17
100
AcDbEntity
  8
HIDDEN
100
AcDbPolyline
 90
2
 70
0
 10
321.1156171699719
 20
162.0
 10
320.43344670212764
 20
162.0
  0
LWPOLYLINE
  5
31C
330
17
100
AcDbEntity
  8
HIDDEN
100
AcDbPolyline
 90
15
 70
0
 10
320.43344670212383
 20
162.0
 10
320.3148511678253
 20
162.0
 10
320.1955353348731
 20
162.0
 10
320.0755054243285
 20
162.0
 10
319.95476769448413
 20
162.0
 10
319.83332844053814
 20
162.0
 10
319.7111939942656
 20
162.0
 10
319.5883707236886
 20
162.0
 10
319.4648650327442
 20
162.0
 10
319.3406833609503
 20
162.0
 10
319.21583218307023
 20
162.0
 10
319.09031800877494
 20
162.0
 10
318.9641473823037
 20
162.0
 10
318.8373268821226
 20
162.0
 10
318.7098631205822
 20
162.0
  0
LWPOLYLINE
  5
31D
330
17
100
AcDbEntity
  8
HIDDEN
100
AcDbPolyline
 90
2
 70
0
 10
318.7098631205789
 20
162.0
 10
319.3076483072168
 20
162.0
  0
LWPOLYLINE
  5
31E
330
17
100
AcDbEntity
  8
HIDDEN
100
AcDbPolyline
 90
4
 70
0
 10
319.30764830721597
 20
162.0
 10
319.67889392269547
 20
162.0
 10
319.91216029547684
 20
162.0
 10
320.11468374402097
 20
162.0
  0
LWPOLYLINE
  5
31F
330
17
100
AcDbEntity
  8
HIDDEN
100
AcDbPolyline
 90
15
 70
0
 10
320.1146837440139
 20
162.0
 10
320.02749231026837
 20
162.0
 10
319.9400917763178
 20
162.0
 10
319.8524834931494
 20
162.0
 10
319.76466881496174
 20
162.0
 10
319.6766490991436
 20
162.0
 10
319.5884257062533
 20
162.0
 10
319.49999999999727
 20
162.0
 10
319.4113733472093
 20
162.0
 10
319.3225471178293
 20
162.0
 10
319.2335226848821
 20
162.0
 10
319.14430142445616
 20
162.0
 10
319.0548847156826
 20
162.0
 10
318.9652739407134
 20
162.0
 10
318.87547048470054
 20
162.0
  0
LWPOLYLINE
  5
320
330
17
100
AcDbEntity
  8
HIDDEN
100
AcDbPolyline
 90
4
 70
0
 10
318.87547048469895
 20
162.0
 10
317.3813660877845
 20
162.0
 10
316.7208702064126
 20
162.0
 10
316.17220484433494
 20
162.0
  0
LWPOLYLINE
  5
321
330
17
100
AcDbEntity
  8
HIDDEN
100
AcDbPolyline
 90
2
 70
0
 10
316.17220484433494
 20
162.0
 10
315.72076359303514
 20
162.0
  0
LWPOLYLINE
  5
322
330
17
100
AcDbEntity
  8
HIDDEN
100
AcDbPolyline
 90
15
 70
0
 10
315.7207635930263
 20
162.0
 10
315.58027993389675
 20
162.0
 10
315.4393228340235
 20
162.0
 10
315.2978996428314
 20
162.0
 10
315.1560177340469
 20
162.0
 10
315.0136845053137
 20
162.0
 10
314.87090737780716
 20
162.0
 10
314.7276937958474
 20
162.0
 10
314.58405122651084
 20
162.0
 10
314.43998715924107
 20
162.0
 10
314.29550910545845
 20
162.0
 10
314.15062459816835
 20
162.0
 10
314.00534119156833
 20
162.0
 10
313.8596664606544
 20
162.0
 10
313.71360800082596
 20
162.0
  0
LWPOLYLINE
  5
323
330
17
100
AcDbEntity
  8
HIDDEN
100
AcDbPolyline
 90
2
 70
0
 10
313.71360800082397
 20
162.0
 10
314.0667805108272
 20
162.0
  0
LWPOLYLINE
  5
324
330
17
100
AcDbEntity
  8
HIDDEN
100
AcDbPolyline
 90
2
 70
0
 10
314.0667805108279
 20
162.0
 10
314.2164616453134
 20
162.0
  0
LWPOLYLINE
  5
325
330
17
100
AcDbEntity
  8
HIDDEN
100
AcDbPolyline
 90
3
 70
0
 10
314.2164616453134
 20
162.0
 10
314.1346438851748
 20
162.0
 10
313.9178282963649
 20
162.0
  0
LWPOLYLINE
  5
326
330
17
100
AcDbEntity
  8
HIDDEN
100
AcDbPolyline
 90
15
 70
0
 10
313.9178282963712
 20
162.0
 10
313.81979826350516
 20
162.0
 10
313.7216550854025
 20
162.0
 10
313.62340027910415
 20
162.0
 10
313.5250353633764
 20
162.0
 10
313.42656185868765
 20
162.0
 10
313.3279812871848
 20
162.0
 10
313.22929517266965
 20
162.0
 10
313.1305050405755
 20
162.0
 10
313.0316124179434
 20
162.0
 10
312.9326188333987
 20
162.0
 10
312.83352581712745
 20
162.0
 10
312.7343349008525
 20
162.0
 10
312.6350476178101
 20
162.0
 10
312.5356655027259
 20
162.0
  0
LWPOLYLINE
  5
327
330
17
100
AcDbEntity
  8
HIDDEN
100
AcDbPolyline
 90
4
 70
0
 10
312.53566550272393
 20
162.0
 10
311.37626022326225
 20
162.0
 10
310.90668123051125
 20
162.0
 10
310.56964774262997
 20
162.0
  0
LWPOLYLINE
  5
328
330
17
100
AcDbEntity
  8
HIDDEN
100
AcDbPolyline
 90
2
 70
0
 10
310.56964774262997
 20
162.0
 10
310.37970068310443
 20
162.0
  0
LWPOLYLINE
  5
329
330
17
100
AcDbEntity
  8
HIDDEN
100
AcDbPolyline
 90
15
 70
0
 10
310.3797006831047
 20
162.0
 10
310.22690262835306
 20
162.0
 10
310.0739102549719
 20
162.0
 10
309.92073153989855
 20
162.0
 10
309.7673744697859
 20
162.0
 10
309.6138470405863
 20
162.0
 10
309.4601572571345
 20
162.0
 10
309.3063131327302
 20
162.0
 10
309.1523226887206
 20
162.0
 10
308.99819395408167
 20
162.0
 10
308.8439349649999
 20
162.0
 10
308.6895537644532
 20
162.0
 10
308.5350584017914
 20
162.0
 10
308.3804569323168
 20
162.0
 10
308.22575741686404
 20
162.0
  0
LWPOLYLINE
  5
32A
330
17
100
AcDbEntity
  8
HIDDEN
100
AcDbPolyline
 90
2
 70
0
 10
308.2257574168639
 20
162.0
 10
308.31024912732306
 20
162.0
  0
LWPOLYLINE
  5
32B
330
17
100
AcDbEntity
  8
HIDDEN
100
AcDbPolyline
 90
2
 70
0
 10
308.31024912732295
 20
162.0
 10
308.3122006865968
 20
162.0
  0
LWPOLYLINE
  5
32C
330
17
100
AcDbEntity
  8
HIDDEN
100
AcDbPolyline
 90
4
 70
0
 10
308.3122006865968
 20
162.0
 10
308.19638005489855
 20
162.0
 10
307.9494344964474
 20
162.0
 10
307.21546010885294
 20
162.0
  0
LWPOLYLINE
  5
32D
330
17
100
AcDbEntity
  8
HIDDEN
100
AcDbPolyline
 90
15
 70
0
 10
307.21546010885373
 20
162.0
 10
307.11327206160576
 20
162.0
 10
307.01107453475055
 20
162.0
 10
306.9088691079987
 20
162.0
 10
306.80665736118317
 20
162.0
 10
306.7044408742343
 20
162.0
 10
306.60222122715584
 20
162.0
 10
306.50000000000034
 20
162.0
 10
306.39777877284484
 20
162.0
 10
306.2955591257664
 20
162.0
 10
306.1933426388175
 20
162.0
 10
306.0911308920019
 20
162.0
 10
305.98892546525013
 20
162.0
 10
305.8867279383949
 20
162.0
 10
305.78453989114695
 20
162.0
  0
LWPOLYLINE
  5
32E
330
17
100
AcDbEntity
  8
HIDDEN
100
AcDbPolyline
 90
4
 70
0
 10
305.78453989114695
 20
162.0
 10
305.05056550355243
 20
162.0
 10
304.8036199451013
 20
162.0
 10
304.6877993134031
 20
162.0
  0
LWPOLYLINE
  5
32F
330
17
100
AcDbEntity
  8
HIDDEN
100
AcDbPolyline
 90
2
 70
0
 10
304.6877993134031
 20
162.0
 10
304.68975087267694
 20
162.0
  0
LWPOLYLINE
  5
330
330
17
100
AcDbEntity
  8
HIDDEN
100
AcDbPolyline
 90
2
 70
0
 10
304.68975087267694
 20
162.0
 10
304.7742425831361
 20
162.0
  0
LWPOLYLINE
  5
331
330
17
100
AcDbEntity
  8
HIDDEN
100
AcDbPolyline
 90
15
 70
0
 10
304.7742425831369
 20
162.0
 10
304.6195430676839
 20
162.0
 10
304.464941598209
 20
162.0
 10
304.3104462355469
 20
162.0
 10
304.1560650349999
 20
162.0
 10
304.00180604591793
 20
162.0
 10
303.84767731127874
 20
162.0
 10
303.6936868672688
 20
162.0
 10
303.5398427428643
 20
162.0
 10
303.3861529594122
 20
162.0
 10
303.2326255302123
 20
162.0
 10
303.0792684600994
 20
162.0
 10
302.92608974502576
 20
162.0
 10
302.7730973716443
 20
162.0
 10
302.62029931689244
 20
162.0
  0
LWPOLYLINE
  5
332
330
17
100
AcDbEntity
  8
HIDDEN
100
AcDbPolyline
 90
2
 70
0
 10
302.6202993168939
 20
162.0
 10
302.43035225736844
 20
162.0
  0
LWPOLYLINE
  5
333
330
17
100
AcDbEntity
  8
HIDDEN
100
AcDbPolyline
 90
4
 70
0
 10
302.4303522573699
 20
162.0
 10
302.0933187694887
 20
162.0
 10
301.62373977673764
 20
162.0
 10
300.46433449727596
 20
162.0
  0
LWPOLYLINE
  5
334
330
17
100
AcDbEntity
  8
HIDDEN
100
AcDbPolyline
 90
15
 70
0
 10
300.46433449727544
 20
162.0
 10
300.3649523821916
 20
162.0
 10
300.26566509914943
 20
162.0
 10
300.1664741828747
 20
162.0
 10
300.0673811666037
 20
162.0
 10
299.96838758205934
 20
162.0
 10
299.86949495942747
 20
162.0
 10
299.7707048273336
 20
162.0
 10
299.67201871281867
 20
162.0
 10
299.5734381413161
 20
162.0
 10
299.4749646366276
 20
162.0
 10
299.3765997209001
 20
162.0
 10
299.27834491460203
 20
162.0
 10
299.1802017364996
 20
162.0
 10
299.08217170363383
 20
162.0
  0
LWPOLYLINE
  5
335
330
17
100
AcDbEntity
  8
HIDDEN
100
AcDbPolyline
 90
3
 70
0
 10
299.08217170363497
 20
162.0
 10
298.8653561148251
 20
162.0
 10
298.78353835468647
 20
162.0
  0
LWPOLYLINE
  5
336
330
17
100
AcDbEntity
  8
HIDDEN
100
AcDbPolyline
 90
2
 70
0
 10
298.78353835468647
 20
162.0
 10
298.93321948917196
 20
162.0
  0
LWPOLYLINE
  5
337
330
17
100
AcDbEntity
  8
HIDDEN
100
AcDbPolyline
 90
2
 70
0
 10
298.93321948917196
 20
162.0
 10
299.2863919991752
 20
162.0
  0
LWPOLYLINE
  5
338
330
17
100
AcDbEntity
  8
HIDDEN
100
AcDbPolyline
 90
15
 70
0
 10
299.286391999179
 20
162.0
 10
299.1403335393497
 20
162.0
 10
298.99465880843496
 20
162.0
 10
298.84937540183415
 20
162.0
 10
298.70449089454326
 20
162.0
 10
298.56001284075984
 20
162.0
 10
298.41594877348933
 20
162.0
 10
298.27230620415196
 20
162.0
 10
298.1290926221914
 20
162.0
 10
297.98631549468416
 20
162.0
 10
297.84398226595016
 20
162.0
 10
297.70210035716485
 20
162.0
 10
297.560677165972
 20
162.0
 10
297.419720066098
 20
162.0
 10
297.27923640696775
 20
162.0
  0
LWPOLYLINE
  5
339
330
17
100
AcDbEntity
  8
HIDDEN
100
AcDbPolyline
 90
2
 70
0
 10
297.2792364069679
 20
162.0
 10
296.8277951556681
 20
162.0
  0
LWPOLYLINE
  5
33A
330
17
100
AcDbEntity
  8
HIDDEN
100
AcDbPolyline
 90
4
 70
0
 10
296.82779515566494
 20
162.0
 10
296.2791297935918
 20
162.0
 10
295.6186339122214
 20
162.0
 10
294.1245295153099
 20
162.0
  0
LWPOLYLINE
  5
33B
330
17
100
AcDbEntity
  8
HIDDEN
100
AcDbPolyline
 90
15
 70
0
 10
294.12452951529536
 20
162.0
 10
294.0347260592823
 20
162.0
 10
293.9451152843129
 20
162.0
 10
293.8556985755391
 20
162.0
 10
293.76647731511304
 20
162.0
 10
293.6774528821656
 20
162.0
 10
293.5886266527854
 20
162.0
 10
293.49999999999727
 20
162.0
 10
293.41157429374107
 20
162.0
 10
293.3233509008505
 20
162.0
 10
293.23533118503224
 20
162.0
 10
293.1475165068444
 20
162.0
 10
293.05990822367585
 20
162.0
 10
292.97250768972503
 20
162.0
 10
292.8853162559793
 20
162.0
  0
LWPOLYLINE
  5
33C
330
17
100
AcDbEntity
  8
HIDDEN
100
AcDbPolyline
 90
4
 70
0
 10
292.88531625597994
 20
162.0
 10
293.0878397045256
 20
162.0
 10
293.3211060773105
 20
162.0
 10
293.69235169278994
 20
162.0
  0
LWPOLYLINE
  5
33D
330
17
100
AcDbEntity
  8
HIDDEN
100
AcDbPolyline
 90
2
 70
0
 10
293.69235169278994
 20
162.0
 10
294.29013687942876
 20
162.0
  0
LWPOLYLINE
  5
33E
330
17
100
AcDbEntity
  8
HIDDEN
100
AcDbPolyline
 90
15
 70
0
 10
294.29013687941296
 20
162.0
 10
294.16267311787306
 20
162.0
 10
294.03585261769257
 20
162.0
 10
293.9096819912218
 20
162.0
 10
293.78416781692704
 20
162.0
 10
293.6593166390475
 20
162.0
 10
293.5351349672541
 20
162.0
 10
293.4116292763102
 20
162.0
 10
293.2888060057337
 20
162.0
 10
293.1666715594617
 20
162.0
 10
293.04523230551615
 20
162.0
 10
292.92449457567227
 20
162.0
 10
292.80446466512814
 20
162.0
 10
292.6851488321765
 20
162.0
 10
292.5665532978784
 20
162.0
  0
LWPOLYLINE
  5
33F
330
17
100
AcDbEntity
  8
HIDDEN
100
AcDbPolyline
 90
2
 70
0
 10
292.5665532978799
 20
162.0
 10
291.88438283003484
 20
162.0
  0
LWPOLYLINE
  5
340
330
17
100
AcDbEntity
  8
HIDDEN
100
AcDbPolyline
 90
3
 70
0
 10
291.88438283002995
 20
162.0
 10
290.35507516427356
 20
162.0
 10
288.6280923954299
 20
162.0
  0
LWPOLYLINE
  5
341
330
17
100
AcDbEntity
  8
HIDDEN
100
AcDbPolyline
 90
15
 70
0
 10
288.62809239543236
 20
162.0
 10
288.5539875556087
 20
162.0
 10
288.48016011493604
 20
162.0
 10
288.4066112145965
 20
162.0
 10
288.33334199146685
 20
162.0
 10
288.26035357810053
 20
162.0
 10
288.1876471027105
 20
162.0
 10
288.1152236891518
 20
162.0
 10
288.0430844569038
 20
162.0
 10
287.9712305210534
 20
162.0
 10
287.8996629922775
 20
162.0
 10
287.82838297682576
 20
162.0
 10
287.7573915765038
 20
162.0
 10
287.6866898886558
 20
162.0
 10
287.6162790061479
 20
162.0
  0
LWPOLYLINE
  5
342
330
17
100
AcDbEntity
  8
HIDDEN
100
AcDbPolyline
 90
4
 70
0
 10
287.61627900614997
 20
162.0
 10
288.2886903466613
 20
162.0
 10
288.74625998082473
 20
162.0
 10
289.32430396289993
 20
162.0
  0
LWPOLYLINE
  5
343
330
17
100
AcDbEntity
  8
HIDDEN
100
AcDbPolyline
 90
2
 70
0
 10
289.32430396289993
 20
162.0
 10
290.1259637535841
 20
162.0
  0
LWPOLYLINE
  5
344
330
17
100
AcDbEntity
  8
HIDDEN
100
AcDbPolyline
 90
15
 70
0
 10
290.12596375357964
 20
162.0
 10
290.0257811350322
 20
162.0
 10
289.9264574730905
 20
162.0
 10
289.82799794643506
 20
162.0
 10
289.7304076886907
 20
162.0
 10
289.6336917881593
 20
162.0
 10
289.537855287554
 20
162.0
 10
289.4429031837367
 20
162.0
 10
289.34884042745716
 20
162.0
 10
289.2556719230953
 20
162.0
 10
289.16340252840496
 20
162.0
 10
289.0720370542611
 20
162.0
 10
288.9815802644087
 20
162.0
 10
288.8920368752145
 20
162.0
 10
288.80341155542095
 20
162.0
  0
LWPOLYLINE
  5
345
330
17
100
AcDbEntity
  8
HIDDEN
100
AcDbPolyline
 90
2
 70
0
 10
288.80341155542993
 20
162.0
 10
287.93700066107914
 20
162.0
  0
LWPOLYLINE
  5
346
330
17
100
AcDbEntity
  8
HIDDEN
100
AcDbPolyline
 90
2
 70
0
 10
287.93700066107994
 20
162.0
 10
284.3495962440799
 20
162.0
  0
LWPOLYLINE
  5
347
330
17
100
AcDbEntity
  8
HIDDEN
100
AcDbPolyline
 90
15
 70
0
 10
284.3495962440751
 20
162.0
 10
284.29624014281245
 20
162.0
 10
284.24322725451435
 20
162.0
 10
284.1905583986236
 20
162.0
 10
284.1382343892651
 20
162.0
 10
284.0862560352333
 20
162.0
 10
284.0346241399798
 20
162.0
 10
283.9833395016007
 20
162.0
 10
283.93240291282456
 20
162.0
 10
283.88181516099985
 20
162.0
 10
283.83157702808296
 20
162.0
 10
283.78168929062616
 20
162.0
 10
283.7321527197654
 20
162.0
 10
283.6829680812085
 20
162.0
 10
283.6341361352234
 20
162.0
  0
LWPOLYLINE
  5
348
330
17
100
AcDbEntity
  8
HIDDEN
100
AcDbPolyline
 90
3
 70
0
 10
283.63413613522994
 20
162.0
 10
284.7306116460567
 20
162.0
 10
286.12675153375994
 20
162.0
  0
LWPOLYLINE
  5
349
330
17
100
AcDbEntity
  8
HIDDEN
100
AcDbPolyline
 90
2
 70
0
 10
286.12675153375994
 20
162.0
 10
287.07765413856146
 20
162.0
  0
LWPOLYLINE
  5
34A
330
17
100
AcDbEntity
  8
HIDDEN
100
AcDbPolyline
 90
15
 70
0
 10
287.07765413855634
 20
162.0
 10
287.01157994289713
 20
162.0
 10
286.9465218626168
 20
162.0
 10
286.88248328980745
 20
162.0
 10
286.8194675634046
 20
162.0
 10
286.7574779690132
 20
162.0
 10
286.6965177387362
 20
162.0
 10
286.63659005100607
 20
162.0
 10
286.5776980304191
 20
162.0
 10
286.51984474757256
 20
162.0
 10
286.46303321890434
 20
162.0
 10
286.407266406536
 20
162.0
 10
286.352547218118
 20
162.0
 10
286.29887850667853
 20
162.0
 10
286.24626307047424
 20
162.0
  0
LWPOLYLINE
  5
34B
330
17
100
AcDbEntity
  8
HIDDEN
100
AcDbPolyline
 90
2
 70
0
 10
286.2462630704799
 20
162.0
 10
285.2546562202697
 20
162.0
  0
LWPOLYLINE
  5
34C
330
17
100
AcDbEntity
  8
HIDDEN
100
AcDbPolyline
 90
2
 70
0
 10
285.25465622026996
 20
162.0
 10
281.58061350342996
 20
162.0
  0
LWPOLYLINE
  5
34D
330
17
100
AcDbEntity
  8
HIDDEN
100
AcDbPolyline
 90
15
 70
0
 10
281.5806135034276
 20
162.0
 10
281.55164227085106
 20
162.0
 10
281.5230566756563
 20
162.0
 10
281.494857159703
 20
162.0
 10
281.46704415888314
 20
162.0
 10
281.439618103114
 20
162.0
 10
281.41257941633194
 20
162.0
 10
281.38592851648536
 20
162.0
 10
281.3596658155286
 20
162.0
 10
281.33379171941544
 20
162.0
 10
281.3083066280927
 20
162.0
 10
281.28321093549425
 20
162.0
 10
281.25850502953506
 20
162.0
 10
281.23418929210465
 20
162.0
 10
281.2102640990619
 20
162.0
  0
LWPOLYLINE
  5
34E
330
17
100
AcDbEntity
  8
HIDDEN
100
AcDbPolyline
 90
3
 70
0
 10
281.21026409906995
 20
162.0
 10
282.65608078615674
 20
162.0
 10
284.3176023191999
 20
162.0
  0
LWPOLYLINE
  5
34F
330
17
100
AcDbEntity
  8
HIDDEN
100
AcDbPolyline
 90
2
 70
0
 10
284.3176023191999
 20
162.0
 10
285.35294529705965
 20
162.0
  0
LWPOLYLINE
  5
350
330
17
100
AcDbEntity
  8
HIDDEN
100
AcDbPolyline
 90
15
 70
0
 10
285.35294529705135
 20
162.0
 10
285.32548237152116
 20
162.0
 10
285.2991234735591
 20
162.0
 10
285.27386997750347
 20
162.0
 10
285.2497232000575
 20
162.0
 10
285.2266844002206
 20
162.0
 10
285.20475477922315
 20
162.0
 10
285.1839354804633
 20
162.0
 10
285.1642275894477
 20
162.0
 10
285.1456321337349
 20
162.0
 10
285.1281500828815
 20
162.0
 10
285.111782348392
 20
162.0
 10
285.096529783671
 20
162.0
 10
285.0823931839786
 20
162.0
 10
285.0693732863893
 20
162.0
  0
LWPOLYLINE
  5
351
330
17
100
AcDbEntity
  8
HIDDEN
100
AcDbPolyline
 90
2
 70
0
 10
285.0693732863899
 20
162.0
 10
284.02014684844994
 20
162.0
  0
LWPOLYLINE
  5
352
330
17
100
AcDbEntity
  8
HIDDEN
100
AcDbPolyline
 90
3
 70
0
 10
284.02014684844994
 20
162.0
 10
282.2064736167404
 20
162.0
 10
280.50984577127997
 20
162.0
  0
LWPOLYLINE
  5
353
330
17
100
AcDbEntity
  8
HIDDEN
100
AcDbPolyline
 90
15
 70
0
 10
280.50984577128025
 20
162.0
 10
280.5084895398684
 20
162.0
 10
280.50723374901287
 20
162.0
 10
280.5060784035666
 20
162.0
 10
280.5050235079942
 20
162.0
 10
280.50406906637227
 20
162.0
 10
280.503215082389
 20
162.0
 10
280.5024615593445
 20
162.0
 10
280.50180850015073
 20
162.0
 10
280.50125590733126
 20
162.0
 10
280.5008037830216
 20
162.0
 10
280.50045212896885
 20
162.0
 10
280.5002009465319
 20
162.0
 10
280.5000502366815
 20
162.0
 10
280.5
 20
162.0
  0
LWPOLYLINE
  5
354
330
17
100
AcDbEntity
  8
HIDDEN
100
AcDbPolyline
 90
2
 70
0
 10
281.21026409906995
 20
162.0
 10
284.02014684844994
 20
162.0
  0
LWPOLYLINE
  5
355
330
17
100
AcDbEntity
  8
HIDDEN
100
AcDbPolyline
 90
2
 70
0
 10
284.02014684844994
 20
162.0
 10
285.0693732863899
 20
162.0
  0
LWPOLYLINE
  5
356
330
17
100
AcDbEntity
  8
HIDDEN
100
AcDbPolyline
 90
15
 70
0
 10
285.0693732863893
 20
162.0
 10
285.0823931839786
 20
162.0
 10
285.09652978367103
 20
162.0
 10
285.1117823483921
 20
162.0
 10
285.12815008288163
 20
162.0
 10
285.14563213373503
 20
162.0
 10
285.1642275894479
 20
162.0
 10
285.1839354804635
 20
162.0
 10
285.2047547792234
 20
162.0
 10
285.2266844002209
 20
162.0
 10
285.2497232000578
 20
162.0
 10
285.27386997750386
 20
162.0
 10
285.2991234735596
 20
162.0
 10
285.3254823715217
 20
162.0
 10
285.3529452970519
 20
162.0
  0
LWPOLYLINE
  5
357
330
17
100
AcDbEntity
  8
HIDDEN
100
AcDbPolyline
 90
2
 70
0
 10
285.35294529705993
 20
162.0
 10
284.3176023192002
 20
162.0
  0
LWPOLYLINE
  5
358
330
17
100
AcDbEntity
  8
HIDDEN
100
AcDbPolyline
 90
3
 70
0
 10
284.3176023191999
 20
162.0
 10
282.65608078615674
 20
162.0
 10
281.21026409906995
 20
162.0
  0
LWPOLYLINE
  5
359
330
17
100
AcDbEntity
  8
HIDDEN
100
AcDbPolyline
 90
2
 70
0
 10
283.63413613522994
 20
162.0
 10
285.25465622026996
 20
162.0
  0
LWPOLYLINE
  5
35A
330
17
100
AcDbEntity
  8
HIDDEN
100
AcDbPolyline
 90
2
 70
0
 10
285.25465622026996
 20
162.0
 10
286.2462630704802
 20
162.0
  0
LWPOLYLINE
  5
35B
330
17
100
AcDbEntity
  8
HIDDEN
100
AcDbPolyline
 90
15
 70
0
 10
286.24626307047265
 20
162.0
 10
286.29887850667717
 20
162.0
 10
286.35254721811697
 20
162.0
 10
286.4072664065352
 20
162.0
 10
286.46303321890383
 20
162.0
 10
286.5198447475724
 20
162.0
 10
286.57769803041924
 20
162.0
 10
286.6365900510065
 20
162.0
 10
286.696517738737
 20
162.0
 10
286.7574779690143
 20
162.0
 10
286.8194675634061
 20
162.0
 10
286.8824832898093
 20
162.0
 10
286.946521862619
 20
162.0
 10
287.01157994289974
 20
162.0
 10
287.07765413855935
 20
162.0
  0
LWPOLYLINE
  5
35C
330
17
100
AcDbEntity
  8
HIDDEN
100
AcDbPolyline
 90
2
 70
0
 10
287.0776541385599
 20
162.0
 10
286.1267515337584
 20
162.0
  0
LWPOLYLINE
  5
35D
330
17
100
AcDbEntity
  8
HIDDEN
100
AcDbPolyline
 90
3
 70
0
 10
286.12675153375994
 20
162.0
 10
284.7306116460567
 20
162.0
 10
283.63413613522994
 20
162.0
  0
LWPOLYLINE
  5
35E
330
17
100
AcDbEntity
  8
HIDDEN
100
AcDbPolyline
 90
2
 70
0
 10
287.61627900614997
 20
162.0
 10
287.93700066107994
 20
162.0
  0
LWPOLYLINE
  5
35F
330
17
100
AcDbEntity
  8
HIDDEN
100
AcDbPolyline
 90
2
 70
0
 10
287.93700066107994
 20
162.0
 10
288.80341155542936
 20
162.0
  0
LWPOLYLINE
  5
360
330
17
100
AcDbEntity
  8
HIDDEN
100
AcDbPolyline
 90
15
 70
0
 10
288.8034115554285
 20
162.0
 10
288.8920368752216
 20
162.0
 10
288.98158026441536
 20
162.0
 10
289.07203705426724
 20
162.0
 10
289.16340252841064
 20
162.0
 10
289.25567192310046
 20
162.0
 10
289.3488404274618
 20
162.0
 10
289.44290318374084
 20
162.0
 10
289.53785528755765
 20
162.0
 10
289.63369178816237
 20
162.0
 10
289.7304076886933
 20
162.0
 10
289.827997946437
 20
162.0
 10
289.9264574730919
 20
162.0
 10
290.025781135033
 20
162.0
 10
290.12596375357987
 20
162.0
  0
LWPOLYLINE
  5
361
330
17
100
AcDbEntity
  8
HIDDEN
100
AcDbPolyline
 90
2
 70
0
 10
290.1259637535799
 20
162.0
 10
289.32430396289675
 20
162.0
  0
LWPOLYLINE
  5
362
330
17
100
AcDbEntity
  8
HIDDEN
100
AcDbPolyline
 90
4
 70
0
 10
289.32430396289993
 20
162.0
 10
288.74625998082473
 20
162.0
 10
288.2886903466613
 20
162.0
 10
287.61627900614997
 20
162.0
  0
LWPOLYLINE
  5
363
330
17
100
AcDbEntity
  8
HIDDEN
100
AcDbPolyline
 90
15
 70
0
 10
292.88531625597994
 20
162.0
 10
292.98275043340595
 20
162.0
 10
293.080645857872
 20
162.0
 10
293.17899918890737
 20
162.0
 10
293.27780707041643
 20
162.0
 10
293.377066130793
 20
162.0
 10
293.4767729830353
 20
162.0
 10
293.5769242248616
 20
162.0
 10
293.6775164388265
 20
162.0
 10
293.7785461924372
 20
162.0
 10
293.8800100382709
 20
162.0
 10
293.9819045140922
 20
162.0
 10
294.08422614297166
 20
162.0
 10
294.1869714334038
 20
162.0
 10
294.29013687942694
 20
162.0
  0
LWPOLYLINE
  5
364
330
17
100
AcDbEntity
  8
HIDDEN
100
AcDbPolyline
 90
2
 70
0
 10
294.29013687942995
 20
162.0
 10
293.6923516927916
 20
162.0
  0
LWPOLYLINE
  5
365
330
17
100
AcDbEntity
  8
HIDDEN
100
AcDbPolyline
 90
4
 70
0
 10
293.69235169278994
 20
162.0
 10
293.3211060773105
 20
162.0
 10
293.0878397045256
 20
162.0
 10
292.88531625597994
 20
162.0
  0
LWPOLYLINE
  5
366
330
17
100
AcDbEntity
  8
HIDDEN
100
AcDbPolyline
 90
15
 70
0
 10
298.78353835468647
 20
162.0
 10
298.8193009823938
 20
162.0
 10
298.855087986758
 20
162.0
 10
298.8908992541998
 20
162.0
 10
298.926734671063
 20
162.0
 10
298.9625941236148
 20
162.0
 10
298.99847749804604
 20
162.0
 10
299.03438468047176
 20
162.0
 10
299.0703155569313
 20
162.0
 10
299.1062700133889
 20
162.0
 10
299.14224793573385
 20
162.0
 10
299.17824920978114
 20
162.0
 10
299.21427372127147
 20
162.0
 10
299.2503213558719
 20
162.0
 10
299.2863919991761
 20
162.0
  0
LWPOLYLINE
  5
367
330
17
100
AcDbEntity
  8
HIDDEN
100
AcDbPolyline
 90
2
 70
0
 10
299.2863919991759
 20
162.0
 10
298.9332194891724
 20
162.0
  0
LWPOLYLINE
  5
368
330
17
100
AcDbEntity
  8
HIDDEN
100
AcDbPolyline
 90
2
 70
0
 10
298.93321948917196
 20
162.0
 10
298.78353835468647
 20
162.0
  0
LWPOLYLINE
  5
369
330
17
100
AcDbEntity
  8
HIDDEN
100
AcDbPolyline
 90
15
 70
0
 10
306.49999999999994
 20
162.0
 10
307.17178685662
 20
162.0
 10
307.83512560373816
 20
162.0
 10
308.48167437173146
 20
162.0
 10
309.10330243470594
 20
162.0
 10
309.6921924590927
 20
162.0
 10
310.24093881115317
 20
162.0
 10
310.7426406871201
 20
162.0
 10
311.190988894809
 20
162.0
 10
311.5803451953705
 20
162.0
 10
311.90581320741524
 20
162.0
 10
312.1632999818508
 20
162.0
 10
312.3495674730914
 20
162.0
 10
312.4622732593597
 20
162.0
 10
312.49999999999994
 20
162.0
  0
LWPOLYLINE
  5
36A
330
17
100
AcDbEntity
  8
HIDDEN
100
AcDbPolyline
 90
15
 70
0
 10
312.49999999999994
 20
162.0
 10
312.34956747309036
 20
162.0
 10
311.90581320741336
 20
162.0
 10
311.1909888948066
 20
162.0
 10
310.2409388111504
 20
162.0
 10
309.10330243470304
 20
162.0
 10
307.83512560373543
 20
162.0
 10
306.49999999999744
 20
162.0
 10
305.1648743962596
 20
162.0
 10
303.89669756529236
 20
162.0
 10
302.7590611888456
 20
162.0
 10
301.8090111051902
 20
162.0
 10
301.09418679258437
 20
162.0
 10
300.65043252690845
 20
162.0
 10
300.49999999999994
 20
162.0
  0
LWPOLYLINE
  5
36B
330
17
100
AcDbEntity
  8
HIDDEN
100
AcDbPolyline
 90
15
 70
0
 10
300.49999999999994
 20
162.0
 10
300.5377267406407
 20
162.0
 10
300.65043252690947
 20
162.0
 10
300.8367000181504
 20
162.0
 10
301.0941867925862
 20
162.0
 10
301.4196548046311
 20
162.0
 10
301.80901110519267
 20
162.0
 10
302.25735931288153
 20
162.0
 10
302.75906118884836
 20
162.0
 10
303.3078075409087
 20
162.0
 10
303.89669756529526
 20
162.0
 10
304.51832562826945
 20
162.0
 10
305.1648743962624
 20
162.0
 10
305.8282131433803
 20
162.0
 10
306.49999999999994
 20
162.0
  0
LWPOLYLINE
  5
36C
330
17
100
AcDbEntity
  8
HIDDEN
100
AcDbPolyline
 90
2
 70
0
 10
308.2257574168639
 20
147.0
 10
308.2257574168639
 20
162.0
  0
LWPOLYLINE
  5
36D
330
17
100
AcDbEntity
  8
HIDDEN
100
AcDbPolyline
 90
2
 70
0
 10
299.2863919991759
 20
147.0
 10
299.2863919991759
 20
162.0
  0
LWPOLYLINE
  5
36E
330
17
100
AcDbEntity
  8
HIDDEN
100
AcDbPolyline
 90
2
 70
0
 10
313.71360800082397
 20
147.0
 10
313.71360800082397
 20
162.0
  0
LWPOLYLINE
  5
36F
330
17
100
AcDbEntity
  8
HIDDEN
100
AcDbPolyline
 90
2
 70
0
 10
294.29013687942995
 20
147.0
 10
294.29013687942995
 20
162.0
  0
LWPOLYLINE
  5
370
330
17
100
AcDbEntity
  8
HIDDEN
100
AcDbPolyline
 90
2
 70
0
 10
318.7098631205789
 20
147.0
 10
318.7098631205789
 20
162.0
  0
LWPOLYLINE
  5
371
330
17
100
AcDbEntity
  8
HIDDEN
100
AcDbPolyline
 90
2
 70
0
 10
290.1259637535799
 20
147.0
 10
290.1259637535799
 20
162.0
  0
LWPOLYLINE
  5
372
330
17
100
AcDbEntity
  8
HIDDEN
100
AcDbPolyline
 90
2
 70
0
 10
288.80341155542993
 20
147.0
 10
288.80341155542993
 20
162.0
  0
LWPOLYLINE
  5
373
330
17
100
AcDbEntity
  8
HIDDEN
100
AcDbPolyline
 90
2
 70
0
 10
322.87403624641996
 20
147.0
 10
322.87403624641996
 20
162.0
  0
LWPOLYLINE
  5
374
330
17
100
AcDbEntity
  8
HIDDEN
100
AcDbPolyline
 90
2
 70
0
 10
324.1965884445759
 20
147.0
 10
324.1965884445759
 20
162.0
  0
LWPOLYLINE
  5
375
330
17
100
AcDbEntity
  8
HIDDEN
100
AcDbPolyline
 90
2
 70
0
 10
287.0776541385599
 20
147.0
 10
287.0776541385599
 20
162.0
  0
LWPOLYLINE
  5
376
330
17
100
AcDbEntity
  8
HIDDEN
100
AcDbPolyline
 90
2
 70
0
 10
286.2462630704799
 20
147.0
 10
286.2462630704799
 20
162.0
  0
LWPOLYLINE
  5
377
330
17
100
AcDbEntity
  8
HIDDEN
100
AcDbPolyline
 90
2
 70
0
 10
325.92234586144093
 20
147.0
 10
325.92234586144093
 20
162.0
  0
LWPOLYLINE
  5
378
330
17
100
AcDbEntity
  8
HIDDEN
100
AcDbPolyline
 90
2
 70
0
 10
326.7537369295259
 20
147.0
 10
326.7537369295259
 20
162.0
  0
LWPOLYLINE
  5
379
330
17
100
AcDbEntity
  8
HIDDEN
100
AcDbPolyline
 90
2
 70
0
 10
285.35294529705993
 20
147.0
 10
285.35294529705993
 20
162.0
  0
LWPOLYLINE
  5
37A
330
17
100
AcDbEntity
  8
HIDDEN
100
AcDbPolyline
 90
2
 70
0
 10
285.0693732863899
 20
147.0
 10
285.0693732863899
 20
162.0
  0
LWPOLYLINE
  5
37B
330
17
100
AcDbEntity
  8
HIDDEN
100
AcDbPolyline
 90
2
 70
0
 10
280.50984577127997
 20
147.0
 10
280.50984577127997
 20
162.0
  0
LWPOLYLINE
  5
37C
330
17
100
AcDbEntity
  8
HIDDEN
100
AcDbPolyline
 90
2
 70
0
 10
327.64705470294894
 20
147.0
 10
327.64705470294894
 20
162.0
  0
LWPOLYLINE
  5
37D
330
17
100
AcDbEntity
  8
HIDDEN
100
AcDbPolyline
 90
2
 70
0
 10
327.93062671361093
 20
147.0
 10
327.93062671361093
 20
162.0
  0
LWPOLYLINE
  5
37E
330
17
100
AcDbEntity
  8
HIDDEN
100
AcDbPolyline
 90
2
 70
0
 10
285.0693732863899
 20
147.0
 10
285.0693732863899
 20
162.0
  0
LWPOLYLINE
  5
37F
330
17
100
AcDbEntity
  8
HIDDEN
100
AcDbPolyline
 90
2
 70
0
 10
285.35294529705993
 20
147.0
 10
285.35294529705993
 20
162.0
  0
LWPOLYLINE
  5
380
330
17
100
AcDbEntity
  8
HIDDEN
100
AcDbPolyline
 90
2
 70
0
 10
332.4901542287199
 20
147.0
 10
332.4901542287199
 20
162.0
  0
LWPOLYLINE
  5
381
330
17
100
AcDbEntity
  8
HIDDEN
100
AcDbPolyline
 90
2
 70
0
 10
281.21026409906995
 20
147.0
 10
281.21026409906995
 20
162.0
  0
LWPOLYLINE
  5
382
330
17
100
AcDbEntity
  8
HIDDEN
100
AcDbPolyline
 90
2
 70
0
 10
281.58061350342996
 20
147.0
 10
281.58061350342996
 20
162.0
  0
LWPOLYLINE
  5
383
330
17
100
AcDbEntity
  8
HIDDEN
100
AcDbPolyline
 90
2
 70
0
 10
327.93062671361093
 20
147.0
 10
327.93062671361093
 20
162.0
  0
LWPOLYLINE
  5
384
330
17
100
AcDbEntity
  8
HIDDEN
100
AcDbPolyline
 90
2
 70
0
 10
327.64705470294894
 20
147.0
 10
327.64705470294894
 20
162.0
  0
LWPOLYLINE
  5
385
330
17
100
AcDbEntity
  8
HIDDEN
100
AcDbPolyline
 90
2
 70
0
 10
286.2462630704799
 20
147.0
 10
286.2462630704799
 20
162.0
  0
LWPOLYLINE
  5
386
330
17
100
AcDbEntity
  8
HIDDEN
100
AcDbPolyline
 90
2
 70
0
 10
287.0776541385599
 20
147.0
 10
287.0776541385599
 20
162.0
  0
LWPOLYLINE
  5
387
330
17
100
AcDbEntity
  8
HIDDEN
100
AcDbPolyline
 90
2
 70
0
 10
331.7897359009389
 20
147.0
 10
331.7897359009389
 20
162.0
  0
LWPOLYLINE
  5
388
330
17
100
AcDbEntity
  8
HIDDEN
100
AcDbPolyline
 90
2
 70
0
 10
331.41938649657396
 20
147.0
 10
331.41938649657396
 20
162.0
  0
LWPOLYLINE
  5
389
330
17
100
AcDbEntity
  8
HIDDEN
100
AcDbPolyline
 90
2
 70
0
 10
283.63413613522994
 20
147.0
 10
283.63413613522994
 20
162.0
  0
LWPOLYLINE
  5
38A
330
17
100
AcDbEntity
  8
HIDDEN
100
AcDbPolyline
 90
2
 70
0
 10
284.3495962440799
 20
147.0
 10
284.3495962440799
 20
162.0
  0
LWPOLYLINE
  5
38B
330
17
100
AcDbEntity
  8
HIDDEN
100
AcDbPolyline
 90
2
 70
0
 10
326.7537369295259
 20
147.0
 10
326.7537369295259
 20
162.0
  0
LWPOLYLINE
  5
38C
330
17
100
AcDbEntity
  8
HIDDEN
100
AcDbPolyline
 90
2
 70
0
 10
325.92234586144093
 20
147.0
 10
325.92234586144093
 20
162.0
  0
LWPOLYLINE
  5
38D
330
17
100
AcDbEntity
  8
HIDDEN
100
AcDbPolyline
 90
2
 70
0
 10
288.80341155542993
 20
147.0
 10
288.80341155542993
 20
162.0
  0
LWPOLYLINE
  5
38E
330
17
100
AcDbEntity
  8
HIDDEN
100
AcDbPolyline
 90
2
 70
0
 10
290.1259637535799
 20
147.0
 10
290.1259637535799
 20
162.0
  0
LWPOLYLINE
  5
38F
330
17
100
AcDbEntity
  8
HIDDEN
100
AcDbPolyline
 90
2
 70
0
 10
329.36586386477296
 20
147.0
 10
329.36586386477296
 20
162.0
  0
LWPOLYLINE
  5
390
330
17
100
AcDbEntity
  8
HIDDEN
100
AcDbPolyline
 90
2
 70
0
 10
328.65040375591997
 20
147.0
 10
328.65040375591997
 20
162.0
  0
LWPOLYLINE
  5
391
330
17
100
AcDbEntity
  8
HIDDEN
100
AcDbPolyline
 90
2
 70
0
 10
287.61627900614997
 20
147.0
 10
287.61627900614997
 20
162.0
  0
LWPOLYLINE
  5
392
330
17
100
AcDbEntity
  8
HIDDEN
100
AcDbPolyline
 90
2
 70
0
 10
288.6280923954299
 20
147.0
 10
288.6280923954299
 20
162.0
  0
LWPOLYLINE
  5
393
330
17
100
AcDbEntity
  8
HIDDEN
100
AcDbPolyline
 90
2
 70
0
 10
324.1965884445759
 20
147.0
 10
324.1965884445759
 20
162.0
  0
LWPOLYLINE
  5
394
330
17
100
AcDbEntity
  8
HIDDEN
100
AcDbPolyline
 90
2
 70
0
 10
322.87403624641996
 20
147.0
 10
322.87403624641996
 20
162.0
  0
LWPOLYLINE
  5
395
330
17
100
AcDbEntity
  8
HIDDEN
100
AcDbPolyline
 90
2
 70
0
 10
292.5665532978799
 20
147.0
 10
292.5665532978799
 20
162.0
  0
LWPOLYLINE
  5
396
330
17
100
AcDbEntity
  8
HIDDEN
100
AcDbPolyline
 90
2
 70
0
 10
294.29013687942995
 20
147.0
 10
294.29013687942995
 20
162.0
  0
LWPOLYLINE
  5
397
330
17
100
AcDbEntity
  8
HIDDEN
100
AcDbPolyline
 90
2
 70
0
 10
325.3837209938499
 20
147.0
 10
325.3837209938499
 20
162.0
  0
LWPOLYLINE
  5
398
330
17
100
AcDbEntity
  8
HIDDEN
100
AcDbPolyline
 90
2
 70
0
 10
324.3719076045729
 20
147.0
 10
324.3719076045729
 20
162.0
  0
LWPOLYLINE
  5
399
330
17
100
AcDbEntity
  8
HIDDEN
100
AcDbPolyline
 90
2
 70
0
 10
292.88531625597994
 20
147.0
 10
292.88531625597994
 20
162.0
  0
LWPOLYLINE
  5
39A
330
17
100
AcDbEntity
  8
HIDDEN
100
AcDbPolyline
 90
2
 70
0
 10
294.1245295153099
 20
147.0
 10
294.1245295153099
 20
162.0
  0
LWPOLYLINE
  5
39B
330
17
100
AcDbEntity
  8
HIDDEN
100
AcDbPolyline
 90
2
 70
0
 10
320.43344670212394
 20
147.0
 10
320.43344670212394
 20
162.0
  0
LWPOLYLINE
  5
39C
330
17
100
AcDbEntity
  8
HIDDEN
100
AcDbPolyline
 90
2
 70
0
 10
318.7098631205789
 20
147.0
 10
318.7098631205789
 20
162.0
  0
LWPOLYLINE
  5
39D
330
17
100
AcDbEntity
  8
HIDDEN
100
AcDbPolyline
 90
2
 70
0
 10
297.2792364069679
 20
147.0
 10
297.2792364069679
 20
162.0
  0
LWPOLYLINE
  5
39E
330
17
100
AcDbEntity
  8
HIDDEN
100
AcDbPolyline
 90
2
 70
0
 10
299.2863919991759
 20
147.0
 10
299.2863919991759
 20
162.0
  0
LWPOLYLINE
  5
39F
330
17
100
AcDbEntity
  8
HIDDEN
100
AcDbPolyline
 90
2
 70
0
 10
320.11468374402097
 20
147.0
 10
320.11468374402097
 20
162.0
  0
LWPOLYLINE
  5
3A0
330
17
100
AcDbEntity
  8
HIDDEN
100
AcDbPolyline
 90
2
 70
0
 10
318.87547048469895
 20
147.0
 10
318.87547048469895
 20
162.0
  0
LWPOLYLINE
  5
3A1
330
17
100
AcDbEntity
  8
HIDDEN
100
AcDbPolyline
 90
2
 70
0
 10
299.08217170363497
 20
147.0
 10
299.08217170363497
 20
162.0
  0
LWPOLYLINE
  5
3A2
330
17
100
AcDbEntity
  8
HIDDEN
100
AcDbPolyline
 90
2
 70
0
 10
300.46433449727596
 20
147.0
 10
300.46433449727596
 20
162.0
  0
LWPOLYLINE
  5
3A3
330
17
100
AcDbEntity
  8
HIDDEN
100
AcDbPolyline
 90
2
 70
0
 10
315.72076359303196
 20
147.0
 10
315.72076359303196
 20
162.0
  0
LWPOLYLINE
  5
3A4
330
17
100
AcDbEntity
  8
HIDDEN
100
AcDbPolyline
 90
2
 70
0
 10
313.71360800082397
 20
147.0
 10
313.71360800082397
 20
162.0
  0
LWPOLYLINE
  5
3A5
330
17
100
AcDbEntity
  8
HIDDEN
100
AcDbPolyline
 90
2
 70
0
 10
302.6202993168939
 20
147.0
 10
302.6202993168939
 20
162.0
  0
LWPOLYLINE
  5
3A6
330
17
100
AcDbEntity
  8
HIDDEN
100
AcDbPolyline
 90
2
 70
0
 10
304.77424258313596
 20
147.0
 10
304.77424258313596
 20
162.0
  0
LWPOLYLINE
  5
3A7
330
17
100
AcDbEntity
  8
HIDDEN
100
AcDbPolyline
 90
2
 70
0
 10
313.9178282963649
 20
147.0
 10
313.9178282963649
 20
162.0
  0
LWPOLYLINE
  5
3A8
330
17
100
AcDbEntity
  8
HIDDEN
100
AcDbPolyline
 90
2
 70
0
 10
312.53566550272393
 20
147.0
 10
312.53566550272393
 20
162.0
  0
LWPOLYLINE
  5
3A9
330
17
100
AcDbEntity
  8
HIDDEN
100
AcDbPolyline
 90
2
 70
0
 10
305.78453989114695
 20
147.0
 10
305.78453989114695
 20
162.0
  0
LWPOLYLINE
  5
3AA
330
17
100
AcDbEntity
  8
HIDDEN
100
AcDbPolyline
 90
2
 70
0
 10
307.21546010885294
 20
147.0
 10
307.21546010885294
 20
162.0
  0
LWPOLYLINE
  5
3AB
330
17
100
AcDbEntity
  8
HIDDEN
100
AcDbPolyline
 90
2
 70
0
 10
310.37970068310597
 20
147.0
 10
310.37970068310597
 20
162.0
  0
LWPOLYLINE
  5
3AC
330
17
100
AcDbEntity
  8
HIDDEN
100
AcDbPolyline
 90
2
 70
0
 10
308.2257574168639
 20
147.0
 10
308.2257574168639
 20
162.0
  0
LWPOLYLINE
  5
3AD
330
17
100
AcDbEntity
  8
HIDDEN
100
AcDbPolyline
 90
2
 70
0
 10
298.78353835468647
 20
162.0
 10
298.78353835468647
 20
147.0
  0
LWPOLYLINE
  5
3AE
330
17
100
AcDbEntity
  8
HIDDEN
100
AcDbPolyline
 90
2
 70
0
 10
314.2164616453134
 20
162.0
 10
314.2164616453134
 20
147.0
  0
LWPOLYLINE
  5
3AF
330
17
100
AcDbEntity
  8
HIDDEN
100
AcDbPolyline
 90
2
 70
0
 10
304.6877993134031
 20
162.0
 10
304.6877993134031
 20
147.0
  0
LWPOLYLINE
  5
3B0
330
17
100
AcDbEntity
  8
HIDDEN
100
AcDbPolyline
 90
2
 70
0
 10
308.3122006865968
 20
162.0
 10
308.3122006865968
 20
147.0
  0
LWPOLYLINE
  5
3B1
330
17
100
AcDbEntity
  8
HIDDEN
100
AcDbPolyline
 90
2
 70
0
 10
300.49999999999994
 20
162.0
 10
300.49999999999994
 20
147.0
  0
LWPOLYLINE
  5
3B2
330
17
100
AcDbEntity
  8
HIDDEN
100
AcDbPolyline
 90
2
 70
0
 10
312.49999999999994
 20
162.0
 10
312.49999999999994
 20
147.0
  0
TEXT
  5
3B3
330
17
100
AcDbEntity
  8
TEXT
100
AcDbText
 10
288.5
 20
140.0
 30
0.0
 40
3.0
  1
RIGHT  1:1
100
AcDbText
  0
DIMENSION
  5
3B4
330
17
100
AcDbEntity
  8
DIM
100
AcDbDimension
280
0
  2
*D1
  3
Standard
 10
316.49999999999926
 20
147.0
 30
0.0
 11
314.62499999999926
 21
154.5
 31
0.0
 70
32
 71
5
  1
<>
100
AcDbAlignedDimension
 13
306.49999999999926
 23
147.0
 33
0.0
 14
306.49999999999926
 24
162.0
 34
0.0
 50
90.0
100
AcDbRotatedDimension
1001
ACAD
1000
DSTYLE
1002
{
1070
144
1040
1.0
1070
140
1040
2.5
1070
41
1040
1.5
1070
77
1070
1
1070
176
1070
7
1002
}
  0
ENDSEC
  0
SECTION
  2
OBJECTS
  0
DICTIONARY
  5
A
330
0
100
AcDbDictionary
281
1
  3
ACAD_COLOR
350
B
  3
ACAD_GROUP
350
C
  3
ACAD_LAYOUT
350
D
  3
ACAD_MATERIAL
350
E
  3
ACAD_MLEADERSTYLE
350
F
  3
ACAD_MLINESTYLE
350
10
  3
ACAD_PLOTSETTINGS
350
11
  3
ACAD_PLOTSTYLENAME
350
12
  3
ACAD_SCALELIST
350
14
  3
ACAD_TABLESTYLE
350
15
  3
ACAD_VISUALSTYLE
350
16
  3
EZDXF_META
350
2D
  0
DICTIONARY
  5
B
330
A
100
AcDbDictionary
281
1
  0
DICTIONARY
  5
C
330
A
100
AcDbDictionary
281
1
  0
DICTIONARY
  5
D
330
A
100
AcDbDictionary
281
1
  3
Model
350
1A
  3
Layout1
350
1E
  0
DICTIONARY
  5
E
330
A
100
AcDbDictionary
281
1
  3
ByBlock
350
1F
  3
ByLayer
350
20
  3
Global
350
21
  0
DICTIONARY
  5
F
330
A
100
AcDbDictionary
281
1
  3
Standard
350
2C
  0
DICTIONARY
  5
10
330
A
100
AcDbDictionary
281
1
  3
Standard
350
22
  0
DICTIONARY
  5
11
330
A
100
AcDbDictionary
281
1
  0
ACDBDICTIONARYWDFLT
  5
12
330
A
100
AcDbDictionary
281
1
  3
Normal
350
13
100
AcDbDictionaryWithDefault
340
13
  0
ACDBPLACEHOLDER
  5
13
330
12
  0
DICTIONARY
  5
14
330
A
100
AcDbDictionary
281
1
  0
DICTIONARY
  5
15
330
A
100
AcDbDictionary
281
1
  0
DICTIONARY
  5
16
330
A
100
AcDbDictionary
281
1
  0
LAYOUT
  5
1A
330
D
100
AcDbPlotSettings
  1

  4
A3
  6

 40
7.5
 41
20.0
 42
7.5
 43
20.0
 44
420.0
 45
297.0
 46
0.0
 47
0.0
 48
0.0
 49
0.0
140
0.0
141
0.0
142
1.0
143
1.0
 70
1024
 72
1
 73
0
 74
5
  7

 75
16
 76
0
 77
2
 78
300
147
1.0
148
0.0
149
0.0
100
AcDbLayout
  1
Model
 70
1
 71
0
 10
0.0
 20
0.0
 11
420.0
 21
297.0
 12
0.0
 22
0.0
 32
0.0
 14
1e+20
 24
1e+20
 34
1e+20
 15
-1e+20
 25
-1e+20
 35
-1e+20
146
0.0
 13
0.0
 23
0.0
 33
0.0
 16
1.0
 26
0.0
 36
0.0
 17
0.0
 27
1.0
 37
0.0
 76
1
330
17
  0
LAYOUT
  5
1E
330
D
100
AcDbPlotSettings
  1

  4
A3
  6

 40
7.5
 41
20.0
 42
7.5
 43
20.0
 44
420.0
 45
297.0
 46
0.0
 47
0.0
 48
0.0
 49
0.0
140
0.0
141
0.0
142
1.0
143
1.0
 70
0
 72
1
 73
0
 74
5
  7

 75
16
 76
0
 77
2
 78
300
147
1.0
148
0.0
149
0.0
100
AcDbLayout
  1
Layout1
 70
1
 71
1
 10
0.0
 20
0.0
 11
420.0
 21
297.0
 12
0.0
 22
0.0
 32
0.0
 14
1e+20
 24
1e+20
 34
1e+20
 15
-1e+20
 25
-1e+20
 35
-1e+20
146
0.0
 13
0.0
 23
0.0
 33
0.0
 16
1.0
 26
0.0
 36
0.0
 17
0.0
 27
1.0
 37
0.0
 76
1
330
1B
  0
MATERIAL
  5
1F
102
{ACAD_REACTORS
330
E
102
}
330
E
100
AcDbMaterial
  1
ByBlock
  2

 70
0
 40
1.0
 71
1
 41
1.0
 91
-1023410177
 42
1.0
 72
1
  3

 73
1
 74
1
 75
1
 44
0.5
 73
0
 45
1.0
 46
1.0
 77
1
  4

 78
1
 79
1
170
1
 48
1.0
171
1
  6

172
1
173
1
174
1
140
1.0
141
1.0
175
1
  7

176
1
177
1
178
1
143
1.0
179
1
  8

270
1
271
1
272
1
145
1.0
146
1.0
273
1
  9

274
1
275
1
276
1
 42
1.0
 72
1
  3

 73
1
 74
1
 75
1
 94
63
  0
MATERIAL
  5
20
102
{ACAD_REACTORS
330
E
102
}
330
E
100
AcDbMaterial
  1
ByLayer
  2

 70
0
 40
1.0
 71
1
 41
1.0
 91
-1023410177
 42
1.0
 72
1
  3

 73
1
 74
1
 75
1
 44
0.5
 73
0
 45
1.0
 46
1.0
 77
1
  4

 78
1
 79
1
170
1
 48
1.0
171
1
  6

172
1
173
1
174
1
140
1.0
141
1.0
175
1
  7

176
1
177
1
178
1
143
1.0
179
1
  8

270
1
271
1
272
1
145
1.0
146
1.0
273
1
  9

274
1
275
1
276
1
 42
1.0
 72
1
  3

 73
1
 74
1
 75
1
 94
63
  0
MATERIAL
  5
21
102
{ACAD_REACTORS
330
E
102
}
330
E
100
AcDbMaterial
  1
Global
  2

 70
0
 40
1.0
 71
1
 41
1.0
 91
-1023410177
 42
1.0
 72
1
  3

 73
1
 74
1
 75
1
 44
0.5
 73
0
 45
1.0
 46
1.0
 77
1
  4

 78
1
 79
1
170
1
 48
1.0
171
1
  6

172
1
173
1
174
1
140
1.0
141
1.0
175
1
  7

176
1
177
1
178
1
143
1.0
179
1
  8

270
1
271
1
272
1
145
1.0
146
1.0
273
1
  9

274
1
275
1
276
1
 42
1.0
 72
1
  3

 73
1
 74
1
 75
1
 94
63
  0
MLINESTYLE
  5
22
102
{ACAD_REACTORS
330
10
102
}
330
10
100
AcDbMlineStyle
  2
Standard
 70
0
  3

 62
256
 51
90.0
 52
90.0
 71
2
 49
0.5
 62
256
  6
BYLAYER
 49
-0.5
 62
256
  6
BYLAYER
  0
MLEADERSTYLE
  5
2C
102
{ACAD_REACTORS
330
F
102
}
330
F
100
AcDbMLeaderStyle
179
2
170
2
171
1
172
0
 90
2
 40
0.0
 41
0.0
173
1
 91
-1056964608
 92
-2
290
1
 42
2.0
291
1
 43
8.0
  3
Standard
 44
4.0
300

342
29
174
1
175
1
176
0
178
1
 93
-1056964608
 45
4.0
292
0
297
0
 46
4.0
 94
-1056964608
 47
1.0
 49
1.0
140
1.0
294
1
141
0.0
177
0
142
1.0
295
0
296
0
143
3.75
271
0
272
9
273
9
  0
DICTIONARY
  5
2D
330
A
100
AcDbDictionary
280
1
281
1
  3
CREATED_BY_EZDXF
350
2E
  3
WRITTEN_BY_EZDXF
350
3CF
  0
DICTIONARYVAR
  5
2E
330
2D
100
DictionaryVariables
280
0
  1
1.4.4 @ 2026-09-12T13:18:58.275575+00:00
  0
DICTIONARYVAR
  5
3CF
330
2D
100
DictionaryVariables
280
0
  1
1.4.4 @ 2026-09-12T13:18:59.549382+00:00
  0
ENDSEC
  0
EOF
