  0
SECTION
  2
HEADER
  9
$ACADVER
  1
AC1024
  9
$ACADMAINTVER
 70
6
  9
$DWGCODEPAGE
  3
ANSI_1252
  9
$LASTSAVEDBY
  1
ezdxf
  9
$INSBASE
 10
0.0
 20
0.0
 30
0.0
  9
$EXTMIN
 10
1e+20
 20
1e+20
 30
1e+20
  9
$EXTMAX
 10
-1e+20
 20
-1e+20
 30
-1e+20
  9
$LIMMIN
 10
0.0
 20
0.0
  9
$LIMMAX
 10
420.0
 20
297.0
  9
$ORTHOMODE
 70
0
  9
$REGENMODE
 70
1
  9
$FILLMODE
 70
1
  9
$QTEXTMODE
 70
0
  9
$MIRRTEXT
 70
1
  9
$LTSCALE
 40
1.0
  9
$ATTMODE
 70
1
  9
$TEXTSIZE
 40
2.5
  9
$TRACEWID
 40
1.0
  9
$TEXTSTYLE
  7
Standard
  9
$CLAYER
  8
0
  9
$CELTYPE
  6
ByLayer
  9
$CECOLOR
 62
256
  9
$CELTSCALE
 40
1.0
  9
$DISPSILH
 70
0
  9
$DIMSCALE
 40
1.0
  9
$DIMASZ
 40
2.5
  9
$DIMEXO
 40
0.625
  9
$DIMDLI
 40
3.75
  9
$DIMRND
 40
0.0
  9
$DIMDLE
 40
0.0
  9
$DIMEXE
 40
1.25
  9
$DIMTP
 40
0.0
  9
$DIMTM
 40
0.0
  9
$DIMTXT
 40
2.5
  9
$DIMCEN
 40
2.5
  9
$DIMTSZ
 40
0.0
  9
$DIMTOL
 70
0
  9
$DIMLIM
 70
0
  9
$DIMTIH
 70
0
  9
$DIMTOH
 70
0
  9
$DIMSE1
 70
0
  9
$DIMSE2
 70
0
  9
$DIMTAD
 70
1
  9
$DIMZIN
 70
8
  9
$DIMBLK
  1

  9
$DIMASO
 70
1
  9
$DIMSHO
 70
1
  9
$DIMPOST
  1

  9
$DIMAPOST
  1

  9
$DIMALT
 70
0
  9
$DIMALTD
 70
3
  9
$DIMALTF
 40
0.03937007874
  9
$DIMLFAC
 40
1.0
  9
$DIMTOFL
 70
1
  9
$DIMTVP
 40
0.0
  9
$DIMTIX
 70
0
  9
$DIMSOXD
 70
0
  9
$DIMSAH
 70
0
  9
$DIMBLK1
  1

  9
$DIMBLK2
  1

  9
$DIMSTYLE
  2
ISO-25
  9
$DIMCLRD
 70
0
  9
$DIMCLRE
 70
0
  9
$DIMCLRT
 70
0
  9
$DIMTFAC
 40
1.0
  9
$DIMGAP
 40
0.625
  9
$DIMJUST
 70
0
  9
$DIMSD1
 70
0
  9
$DIMSD2
 70
0
  9
$DIMTOLJ
 70
0
  9
$DIMTZIN
 70
8
  9
$DIMALTZ
 70
0
  9
$DIMALTTZ
 70
0
  9
$DIMUPT
 70
0
  9
$DIMDEC
 70
2
  9
$DIMTDEC
 70
2
  9
$DIMALTU
 70
2
  9
$DIMALTTD
 70
3
  9
$DIMTXSTY
  7
Standard
  9
$DIMAUNIT
 70
0
  9
$DIMADEC
 70
0
  9
$DIMALTRND
 40
0.0
  9
$DIMAZIN
 70
0
  9
$DIMDSEP
 70
44
  9
$DIMATFIT
 70
3
  9
$DIMFRAC
 70
0
  9
$DIMLDRBLK
  1

  9
$DIMLUNIT
 70
2
  9
$DIMLWD
 70
-2
  9
$DIMLWE
 70
-2
  9
$DIMTMOVE
 70
0
  9
$DIMFXL
 40
1.0
  9
$DIMFXLON
 70
0
  9
$DIMJOGANG
 40
0.785398163397
  9
$DIMTFILL
 70
0
  9
$DIMTFILLCLR
 70
0
  9
$DIMARCSYM
 70
0
  9
$DIMLTYPE
  6

  9
$DIMLTEX1
  6

  9
$DIMLTEX2
  6

  9
$DIMTXTDIRECTION
 70
0
  9
$LUNITS
 70
2
  9
$LUPREC
 70
4
  9
$SKETCHINC
 40
1.0
  9
$FILLETRAD
 40
10.0
  9
$AUNITS
 70
0
  9
$AUPREC
 70
2
  9
$MENU
  1
.
  9
$ELEVATION
 40
0.0
  9
$PELEVATION
 40
0.0
  9
$THICKNESS
 40
0.0
  9
$LIMCHECK
 70
0
  9
$CHAMFERA
 40
0.0
  9
$CHAMFERB
 40
0.0
  9
$CHAMFERC
 40
0.0
  9
$CHAMFERD
 40
0.0
  9
$SKPOLY
 70
0
  9
$TDCREATE
 40
2461296.837974537
  9
$TDUCREATE
 40
2458532.153996898
  9
$TDUPDATE
 40
2461296.838032407
  9
$TDUUPDATE
 40
2458532.1544311
  9
$TDINDWG
 40
0.0
  9
$TDUSRTIMER
 40
0.0
  9
$USRTIMER
 70
1
  9
$ANGBASE
 50
0.0
  9
$ANGDIR
 70
0
  9
$PDMODE
 70
0
  9
$PDSIZE
 40
0.0
  9
$PLINEWID
 40
0.0
  9
$SPLFRAME
 70
0
  9
$SPLINETYPE
 70
6
  9
$SPLINESEGS
 70
8
  9
$HANDSEED
  5
5EE
  9
$SURFTAB1
 70
6
  9
$SURFTAB2
 70
6
  9
$SURFTYPE
 70
6
  9
$SURFU
 70
6
  9
$SURFV
 70
6
  9
$UCSBASE
  2

  9
$UCSNAME
  2

  9
$UCSORG
 10
0.0
 20
0.0
 30
0.0
  9
$UCSXDIR
 10
1.0
 20
0.0
 30
0.0
  9
$UCSYDIR
 10
0.0
 20
1.0
 30
0.0
  9
$UCSORTHOREF
  2

  9
$UCSORTHOVIEW
 70
0
  9
$UCSORGTOP
 10
0.0
 20
0.0
 30
0.0
  9
$UCSORGBOTTOM
 10
0.0
 20
0.0
 30
0.0
  9
$UCSORGLEFT
 10
0.0
 20
0.0
 30
0.0
  9
$UCSORGRIGHT
 10
0.0
 20
0.0
 30
0.0
  9
$UCSORGFRONT
 10
0.0
 20
0.0
 30
0.0
  9
$UCSORGBACK
 10
0.0
 20
0.0
 30
0.0
  9
$PUCSBASE
  2

  9
$PUCSNAME
  2

  9
$PUCSORG
 10
0.0
 20
0.0
 30
0.0
  9
$PUCSXDIR
 10
1.0
 20
0.0
 30
0.0
  9
$PUCSYDIR
 10
0.0
 20
1.0
 30
0.0
  9
$PUCSORTHOREF
  2

  9
$PUCSORTHOVIEW
 70
0
  9
$PUCSORGTOP
 10
0.0
 20
0.0
 30
0.0
  9
$PUCSORGBOTTOM
 10
0.0
 20
0.0
 30
0.0
  9
$PUCSORGLEFT
 10
0.0
 20
0.0
 30
0.0
  9
$PUCSORGRIGHT
 10
0.0
 20
0.0
 30
0.0
  9
$PUCSORGFRONT
 10
0.0
 20
0.0
 30
0.0
  9
$PUCSORGBACK
 10
0.0
 20
0.0
 30
0.0
  9
$USERI1
 70
0
  9
$USERI2
 70
0
  9
$USERI3
 70
0
  9
$USERI4
 70
0
  9
$USERI5
 70
0
  9
$USERR1
 40
0.0
  9
$USERR2
 40
0.0
  9
$USERR3
 40
0.0
  9
$USERR4
 40
0.0
  9
$USERR5
 40
0.0
  9
$WORLDVIEW
 70
1
  9
$SHADEDGE
 70
3
  9
$SHADEDIF
 70
70
  9
$TILEMODE
 70
1
  9
$MAXACTVP
 70
64
  9
$PINSBASE
 10
0.0
 20
0.0
 30
0.0
  9
$PLIMCHECK
 70
0
  9
$PEXTMIN
 10
1e+20
 20
1e+20
 30
1e+20
  9
$PEXTMAX
 10
-1e+20
 20
-1e+20
 30
-1e+20
  9
$PLIMMIN
 10
0.0
 20
0.0
  9
$PLIMMAX
 10
420.0
 20
297.0
  9
$UNITMODE
 70
0
  9
$VISRETAIN
 70
1
  9
$PLINEGEN
 70
0
  9
$PSLTSCALE
 70
1
  9
$TREEDEPTH
 70
3020
  9
$CMLSTYLE
  2
Standard
  9
$CMLJUST
 70
0
  9
$CMLSCALE
 40
20.0
  9
$PROXYGRAPHICS
 70
1
  9
$MEASUREMENT
 70
1
  9
$CELWEIGHT
370
-1
  9
$ENDCAPS
280
0
  9
$JOINSTYLE
280
0
  9
$LWDISPLAY
290
0
  9
$INSUNITS
 70
4
  9
$HYPERLINKBASE
  1

  9
$STYLESHEET
  1

  9
$XEDIT
290
1
  9
$CEPSNTYPE
380
0
  9
$PSTYLEMODE
290
1
  9
$FINGERPRINTGUID
  2
{93C053A9-CDB4-4CC5-AA44-A2D402418D15}
  9
$VERSIONGUID
  2
{13CAF9CD-2E72-4424-A121-B39B0ED1CC5E}
  9
$EXTNAMES
290
1
  9
$PSVPSCALE
 40
0.0
  9
$OLESTARTUP
290
0
  9
$SORTENTS
280
127
  9
$INDEXCTL
280
0
  9
$HIDETEXT
280
1
  9
$XCLIPFRAME
280
1
  9
$HALOGAP
280
0
  9
$OBSCOLOR
 70
257
  9
$OBSLTYPE
280
0
  9
$INTERSECTIONDISPLAY
280
0
  9
$INTERSECTIONCOLOR
 70
257
  9
$DIMASSOC
280
2
  9
$PROJECTNAME
  1

  9
$CAMERADISPLAY
290
0
  9
$LENSLENGTH
 40
50.0
  9
$CAMERAHEIGHT
 40
0.0
  9
$STEPSPERSEC
 40
24.0
  9
$STEPSIZE
 40
100.0
  9
$3DDWFPREC
 40
2.0
  9
$PSOLWIDTH
 40
0.005
  9
$PSOLHEIGHT
 40
0.08
  9
$LOFTANG1
 40
1.570796326795
  9
$LOFTANG2
 40
1.570796326795
  9
$LOFTMAG1
 40
0.0
  9
$LOFTMAG2
 40
0.0
  9
$LOFTPARAM
 70
7
  9
$LOFTNORMALS
280
1
  9
$LATITUDE
 40
37.795
  9
$LONGITUDE
 40
-122.394
  9
$NORTHDIRECTION
 40
0.0
  9
$TIMEZONE
 70
-8000
  9
$LIGHTGLYPHDISPLAY
280
1
  9
$TILEMODELIGHTSYNCH
280
1
  9
$CMATERIAL
347
20
  9
$SOLIDHIST
280
0
  9
$SHOWHIST
280
1
  9
$DWFFRAME
280
2
  9
$DGNFRAME
280
2
  9
$REALWORLDSCALE
290
1
  9
$INTERFERECOLOR
 62
256
  9
$CSHADOW
280
0
  9
$SHADOWPLANELOCATION
 40
0.0
  0
ENDSEC
  0
SECTION
  2
CLASSES
  0
CLASS
  1
ACDBDICTIONARYWDFLT
  2
AcDbDictionaryWithDefault
  3
ObjectDBX Classes
 90
0
 91
0
280
0
281
0
  0
CLASS
  1
SUN
  2
AcDbSun
  3
SCENEOE
 90
1153
 91
0
280
0
281
0
  0
CLASS
  1
VISUALSTYLE
  2
AcDbVisualStyle
  3
ObjectDBX Classes
 90
4095
 91
0
280
0
281
0
  0
CLASS
  1
MATERIAL
  2
AcDbMaterial
  3
ObjectDBX Classes
 90
1153
 91
0
280
0
281
0
  0
CLASS
  1
SCALE
  2
AcDbScale
  3
ObjectDBX Classes
 90
1153
 91
0
280
0
281
0
  0
CLASS
  1
TABLESTYLE
  2
AcDbTableStyle
  3
ObjectDBX Classes
 90
4095
 91
0
280
0
281
0
  0
CLASS
  1
MLEADERSTYLE
  2
AcDbMLeaderStyle
  3
ACDB_MLEADERSTYLE_CLASS
 90
4095
 91
0
280
0
281
0
  0
CLASS
  1
DICTIONARYVAR
  2
AcDbDictionaryVar
  3
ObjectDBX Classes
 90
0
 91
0
280
0
281
0
  0
CLASS
  1
CELLSTYLEMAP
  2
AcDbCellStyleMap
  3
ObjectDBX Classes
 90
1152
 91
0
280
0
281
0
  0
CLASS
  1
MENTALRAYRENDERSETTINGS
  2
AcDbMentalRayRenderSettings
  3
SCENEOE
 90
1024
 91
0
280
0
281
0
  0
CLASS
  1
ACDBDETAILVIEWSTYLE
  2
AcDbDetailViewStyle
  3
ObjectDBX Classes
 90
1025
 91
0
280
0
281
0
  0
CLASS
  1
ACDBSECTIONVIEWSTYLE
  2
AcDbSectionViewStyle
  3
ObjectDBX Classes
 90
1025
 91
0
280
0
281
0
  0
CLASS
  1
RASTERVARIABLES
  2
AcDbRasterVariables
  3
ISM
 90
0
 91
0
280
0
281
0
  0
CLASS
  1
LAYOUT
  2
AcDbLayout
  3
ObjectDBX Classes
 90
0
 91
0
280
0
281
0
  0
CLASS
  1
ACDBPLACEHOLDER
  2
AcDbPlaceHolder
  3
ObjectDBX Classes
 90
0
 91
0
280
0
281
0
  0
ENDSEC
  0
SECTION
  2
TABLES
  0
TABLE
  2
VPORT
  5
8
330
0
100
AcDbSymbolTable
 70
1
  0
VPORT
  5
23
330
8
100
AcDbSymbolTableRecord
100
AcDbViewportTableRecord
  2
*Active
 70
0
 10
0.0
 20
0.0
 11
1.0
 21
1.0
 12
0.0
 22
0.0
 13
0.0
 23
0.0
 14
0.5
 24
0.5
 15
0.5
 25
0.5
 16
0.0
 26
0.0
 36
1.0
 17
0.0
 27
0.0
 37
0.0
 40
1000.0
 41
1.34
 42
50.0
 43
0.0
 44
0.0
 50
0.0
 51
0.0
 71
0
 72
1000
 73
1
 74
3
 75
0
 76
0
 77
0
 78
0
281
0
 65
0
146
0.0
  0
ENDTAB
  0
TABLE
  2
LTYPE
  5
2
330
0
100
AcDbSymbolTable
 70
4
  0
LTYPE
  5
24
330
2
100
AcDbSymbolTableRecord
100
AcDbLinetypeTableRecord
  2
ByBlock
 70
0
  3

 72
65
 73
0
 40
0.0
  0
LTYPE
  5
25
330
2
100
AcDbSymbolTableRecord
100
AcDbLinetypeTableRecord
  2
ByLayer
 70
0
  3

 72
65
 73
0
 40
0.0
  0
LTYPE
  5
26
330
2
100
AcDbSymbolTableRecord
100
AcDbLinetypeTableRecord
  2
Continuous
 70
0
  3

 72
65
 73
0
 40
0.0
  0
LTYPE
  5
2F
330
2
100
AcDbSymbolTableRecord
100
AcDbLinetypeTableRecord
  2
CAD_HIDDEN
 70
0
  3
Hidden edges
 72
65
 73
2
 40
3.0
 49
2.0
 74
0
 49
-1.0
 74
0
  0
ENDTAB
  0
TABLE
  2
LAYER
  5
1
330
0
100
AcDbSymbolTable
 70
7
  0
LAYER
  5
27
330
1
100
AcDbSymbolTableRecord
100
AcDbLayerTableRecord
  2
0
 70
0
 62
7
  6
Continuous
370
-3
390
13
347
21
  0
LAYER
  5
28
330
1
100
AcDbSymbolTableRecord
100
AcDbLayerTableRecord
  2
Defpoints
 70
0
 62
7
  6
Continuous
290
0
370
-3
390
13
347
21
  0
LAYER
  5
30
330
1
100
AcDbSymbolTableRecord
100
AcDbLayerTableRecord
  2
VISIBLE
 70
0
 62
7
  6
CONTINUOUS
370
-3
390
13
347
21
  0
LAYER
  5
31
330
1
100
AcDbSymbolTableRecord
100
AcDbLayerTableRecord
  2
HIDDEN
 70
0
 62
8
  6
CAD_HIDDEN
370
-3
390
13
347
21
  0
LAYER
  5
32
330
1
100
AcDbSymbolTableRecord
100
AcDbLayerTableRecord
  2
SECTION
 70
0
 62
8
  6
CONTINUOUS
370
-3
390
13
347
21
  0
LAYER
  5
33
330
1
100
AcDbSymbolTableRecord
100
AcDbLayerTableRecord
  2
DIM
 70
0
 62
2
  6
CONTINUOUS
370
-3
390
13
347
21
  0
LAYER
  5
34
330
1
100
AcDbSymbolTableRecord
100
AcDbLayerTableRecord
  2
TEXT
 70
0
 62
7
  6
CONTINUOUS
370
-3
390
13
347
21
  0
ENDTAB
  0
TABLE
  2
STYLE
  5
5
330
0
100
AcDbSymbolTable
 70
1
  0
STYLE
  5
29
330
5
100
AcDbSymbolTableRecord
100
AcDbTextStyleTableRecord
  2
Standard
 70
0
 40
0.0
 41
1.0
 50
0.0
 71
0
 42
2.5
  3
txt
  4

  0
ENDTAB
  0
TABLE
  2
VIEW
  5
7
330
0
100
AcDbSymbolTable
 70
0
  0
ENDTAB
  0
TABLE
  2
UCS
  5
6
330
0
100
AcDbSymbolTable
 70
0
  0
ENDTAB
  0
TABLE
  2
APPID
  5
3
330
0
100
AcDbSymbolTable
 70
3
  0
APPID
  5
2A
330
3
100
AcDbSymbolTableRecord
100
AcDbRegAppTableRecord
  2
ACAD
 70
0
  0
APPID
  5
5EB
330
3
100
AcDbSymbolTableRecord
100
AcDbRegAppTableRecord
  2
HATCHBACKGROUNDCOLOR
 70
0
  0
APPID
  5
5EC
330
3
100
AcDbSymbolTableRecord
100
AcDbRegAppTableRecord
  2
EZDXF
 70
0
  0
ENDTAB
  0
TABLE
  2
DIMSTYLE
  5
4
330
0
100
AcDbSymbolTable
 70
1
100
AcDbDimStyleTable
  0
DIMSTYLE
105
2B
330
4
100
AcDbSymbolTableRecord
100
AcDbDimStyleTableRecord
  2
Standard
 70
0
 40
1.0
 41
2.5
 42
0.625
 43
3.75
 44
1.25
 45
0.0
 46
0.0
 47
0.0
 48
0.0
 49
2.5
140
2.5
141
2.5
142
0.0
143
0.03937007874
144
1.0
145
0.0
146
1.0
147
0.625
148
0.0
 69
0
 70
0
 71
0
 72
0
 73
0
 74
0
 75
0
 76
0
 77
1
 78
8
 79
3
170
0
171
3
172
1
173
0
174
0
175
0
176
0
177
0
178
0
179
2
271
2
272
2
273
2
274
3
275
0
276
0
277
2
278
44
279
0
280
0
281
0
282
0
283
0
284
8
285
0
286
0
288
0
289
3
290
0
371
-2
372
-2
  0
ENDTAB
  0
TABLE
  2
BLOCK_RECORD
  5
9
330
0
100
AcDbSymbolTable
 70
4
  0
BLOCK_RECORD
  5
17
330
9
100
AcDbSymbolTableRecord
100
AcDbBlockTableRecord
  2
*Model_Space
340
1A
 70
0
280
1
281
0
  0
BLOCK_RECORD
  5
1B
330
9
100
AcDbSymbolTableRecord
100
AcDbBlockTableRecord
  2
*Paper_Space
340
1E
 70
0
280
1
281
0
  0
BLOCK_RECORD
  5
5D3
330
9
100
AcDbSymbolTableRecord
100
AcDbBlockTableRecord
  2
*D1
340
0
 70
0
280
1
281
0
  0
BLOCK_RECORD
  5
5D8
330
9
100
AcDbSymbolTableRecord
100
AcDbBlockTableRecord
  2
_CLOSEDFILLED
340
0
 70
0
280
1
281
0
  0
ENDTAB
  0
ENDSEC
  0
SECTION
  2
BLOCKS
  0
BLOCK
  5
18
330
17
100
AcDbEntity
  8
0
100
AcDbBlockBegin
  2
*Model_Space
 70
0
 10
0.0
 20
0.0
 30
0.0
  3
*Model_Space
  1

  0
ENDBLK
  5
19
330
17
100
AcDbEntity
  8
0
100
AcDbBlockEnd
  0
BLOCK
  5
1C
330
1B
100
AcDbEntity
  8
0
100
AcDbBlockBegin
  2
*Paper_Space
 70
0
 10
0.0
 20
0.0
 30
0.0
  3
*Paper_Space
  1

  0
ENDBLK
  5
1D
330
1B
100
AcDbEntity
  8
0
100
AcDbBlockEnd
  0
BLOCK
  5
5D4
330
5D3
100
AcDbEntity
  8
0
100
AcDbBlockBegin
  2
*D1
 70
1
 10
0.0
 20
0.0
 30
0.0
  3
*D1
  1

  0
LINE
  5
5D6
330
5D3
100
AcDbEntity
  8
0
100
AcDbLine
 10
115.49999999999854
 20
206.25
 30
0.0
 11
125.49999999999854
 21
206.25
 31
0.0
  0
LINE
  5
5D7
330
5D3
100
AcDbEntity
  8
0
100
AcDbLine
 10
115.49999999999854
 20
221.25
 30
0.0
 11
125.49999999999854
 21
221.25
 31
0.0
  0
INSERT
  5
5DC
330
5D3
100
AcDbEntity
  8
DIM
 62
7
100
AcDbBlockReference
  2
_CLOSEDFILLED
 10
125.49999999999854
 20
206.25
 30
0.0
 41
1.5
 42
1.5
 50
270.0
  0
INSERT
  5
5DE
330
5D3
100
AcDbEntity
  8
DIM
 62
7
100
AcDbBlockReference
  2
_CLOSEDFILLED
 10
125.49999999999854
 20
221.25
 30
0.0
 41
1.5
 42
1.5
 50
90.0
  0
LINE
  5
5E0
330
5D3
100
AcDbEntity
  8
0
 62
7
100
AcDbLine
 10
125.49999999999854
 20
207.75
 30
0.0
 11
125.49999999999854
 21
219.75
 31
0.0
  0
MTEXT
  5
5E1
330
5D3
100
AcDbEntity
  8
DIM
100
AcDbMText
 10
123.62499999999854
 20
213.75
 30
0.0
 40
2.5
 71
5
  1
15
 50
90.0
  0
POINT
  5
5E2
330
5D3
100
AcDbEntity
  8
Defpoints
100
AcDbPoint
 10
125.49999999999854
 20
206.25
 30
0.0
  0
POINT
  5
5E3
330
5D3
100
AcDbEntity
  8
Defpoints
100
AcDbPoint
 10
115.49999999999854
 20
206.25
 30
0.0
  0
POINT
  5
5E4
330
5D3
100
AcDbEntity
  8
Defpoints
100
AcDbPoint
 10
115.49999999999854
 20
221.25
 30
0.0
  0
ENDBLK
  5
5D5
330
5D3
100
AcDbEntity
  8
0
100
AcDbBlockEnd
  0
BLOCK
  5
5D9
330
5D8
100
AcDbEntity
  8
0
100
AcDbBlockBegin
  2
_CLOSEDFILLED
 70
0
 10
0.0
 20
0.0
 30
0.0
  3
_CLOSEDFILLED
  1

  0
SOLID
  5
5DB
330
5D8
100
AcDbEntity
  8
0
  6
BYBLOCK
 62
0
100
AcDbTrace
 10
-1.0
 20
0.16439898372402537
 30
0.0
 11
0.0
 21
0.0
 31
0.0
 12
-1.0
 22
-0.16439898372402537
 32
0.0
 13
-1.0
 23
-0.16439898372402537
 33
0.0
  0
ENDBLK
  5
5DA
330
5D8
100
AcDbEntity
  8
0
100
AcDbBlockEnd
  0
ENDSEC
  0
SECTION
  2
ENTITIES
  0
LWPOLYLINE
  5
35
330
17
100
AcDbEntity
  8
VISIBLE
100
AcDbPolyline
 90
5
 70
0
 10
8.0
 20
8.0
 10
412.0
 20
8.0
 10
412.0
 20
289.0
 10
8.0
 20
289.0
 10
8.0
 20
8.0
  0
TEXT
  5
36
330
17
100
AcDbEntity
  8
TEXT
100
AcDbText
 10
14.0
 20
14.0
 30
0.0
 40
4.0
  1
渐开线直齿轮
100
AcDbText
  0
TEXT
  5
37
330
17
100
AcDbEntity
  8
TEXT
100
AcDbText
 10
265.0
 20
14.0
 30
0.0
 40
2.7
  1
单位 mm · OCCT 实体投影 · 曲线离散 0.05 mm
100
AcDbText
  0
LWPOLYLINE
  5
38
330
17
100
AcDbEntity
  8
VISIBLE
100
AcDbPolyline
 90
2
 70
0
 10
140.789735900939
 20
221.25
 10
141.49015422872
 20
221.25
  0
LWPOLYLINE
  5
39
330
17
100
AcDbEntity
  8
VISIBLE
100
AcDbPolyline
 90
2
 70
0
 10
141.49015422872
 20
206.25
 10
141.49015422872
 20
221.25
  0
LWPOLYLINE
  5
3A
330
17
100
AcDbEntity
  8
VISIBLE
100
AcDbPolyline
 90
2
 70
0
 10
140.789735900939
 20
206.25
 10
141.49015422872
 20
206.25
  0
LWPOLYLINE
  5
3B
330
17
100
AcDbEntity
  8
VISIBLE
100
AcDbPolyline
 90
15
 70
0
 10
141.49015422871975
 20
206.25
 10
141.49151046013165
 20
206.25
 10
141.49276625098713
 20
206.25
 10
141.4939215964334
 20
206.25
 10
141.49497649200578
 20
206.25
 10
141.49593093362776
 20
206.25
 10
141.49678491761102
 20
206.25
 10
141.4975384406555
 20
206.25
 10
141.4981914998493
 20
206.25
 10
141.49874409266874
 20
206.25
 10
141.49919621697842
 20
206.25
 10
141.49954787103118
 20
206.25
 10
141.4997990534681
 20
206.25
 10
141.4999497633185
 20
206.25
 10
141.5
 20
206.25
  0
LWPOLYLINE
  5
3C
330
17
100
AcDbEntity
  8
VISIBLE
100
AcDbPolyline
 90
15
 70
0
 10
89.5
 20
206.25
 10
89.50005023668155
 20
206.25
 10
89.50020094653198
 20
206.25
 10
89.5004521289689
 20
206.25
 10
89.5008037830217
 20
206.25
 10
89.5012559073314
 20
206.25
 10
89.50180850015084
 20
206.25
 10
89.50246155934464
 20
206.25
 10
89.50321508238912
 20
206.25
 10
89.50406906637238
 20
206.25
 10
89.50502350799434
 20
206.25
 10
89.50607840356669
 20
206.25
 10
89.50723374901293
 20
206.25
 10
89.50848953986838
 20
206.25
 10
89.50984577128023
 20
206.25
  0
LWPOLYLINE
  5
3D
330
17
100
AcDbEntity
  8
VISIBLE
100
AcDbPolyline
 90
2
 70
0
 10
89.50984577128
 20
206.25
 10
90.21026409907
 20
206.25
  0
LWPOLYLINE
  5
3E
330
17
100
AcDbEntity
  8
VISIBLE
100
AcDbPolyline
 90
15
 70
0
 10
90.21026409906156
 20
206.25
 10
90.23418929210429
 20
206.25
 10
90.25850502953459
 20
206.25
 10
90.28321093549376
 20
206.25
 10
90.30830662809207
 20
206.25
 10
90.33379171941475
 20
206.25
 10
90.35966581552789
 20
206.25
 10
90.38592851648457
 20
206.25
 10
90.41257941633106
 20
206.25
 10
90.43961810311305
 20
206.25
 10
90.46704415888203
 20
206.25
 10
90.49485715970184
 20
206.25
 10
90.52305667565504
 20
206.25
 10
90.55164227084974
 20
206.25
 10
90.58061350342622
 20
206.25
  0
LWPOLYLINE
  5
3F
330
17
100
AcDbEntity
  8
VISIBLE
100
AcDbPolyline
 90
2
 70
0
 10
90.58061350343
 20
206.25
 10
92.63413613523001
 20
206.25
  0
LWPOLYLINE
  5
40
330
17
100
AcDbEntity
  8
VISIBLE
100
AcDbPolyline
 90
15
 70
0
 10
92.63413613522931
 20
206.25
 10
92.6829680812143
 20
206.25
 10
92.73215271977105
 20
206.25
 10
92.7816892906317
 20
206.25
 10
92.83157702808838
 20
206.25
 10
92.88181516100511
 20
206.25
 10
92.93240291282967
 20
206.25
 10
92.9833395016057
 20
206.25
 10
93.03462413998463
 20
206.25
 10
93.086256035238
 20
206.25
 10
93.13823438926963
 20
206.25
 10
93.19055839862799
 20
206.25
 10
93.24322725451857
 20
206.25
 10
93.2962401428165
 20
206.25
 10
93.34959624407898
 20
206.25
  0
LWPOLYLINE
  5
41
330
17
100
AcDbEntity
  8
VISIBLE
100
AcDbPolyline
 90
2
 70
0
 10
93.34959624408
 20
206.25
 10
96.61627900615
 20
206.25
  0
LWPOLYLINE
  5
42
330
17
100
AcDbEntity
  8
VISIBLE
100
AcDbPolyline
 90
15
 70
0
 10
96.61627900614384
 20
206.25
 10
96.68668988865171
 20
206.25
 10
96.75739157649969
 20
206.25
 10
96.82838297682166
 20
206.25
 10
96.89966299227336
 20
206.25
 10
96.97123052104928
 20
206.25
 10
97.04308445689963
 20
206.25
 10
97.11522368914758
 20
206.25
 10
97.18764710270632
 20
206.25
 10
97.26035357809631
 20
206.25
 10
97.33334199146263
 20
206.25
 10
97.40661121459232
 20
206.25
 10
97.4801601149318
 20
206.25
 10
97.55398755560444
 20
206.25
 10
97.62809239542807
 20
206.25
  0
LWPOLYLINE
  5
43
330
17
100
AcDbEntity
  8
VISIBLE
100
AcDbPolyline
 90
3
 70
0
 10
97.62809239543
 20
206.25
 10
99.35507516427361
 20
206.25
 10
100.88438283003
 20
206.25
  0
LWPOLYLINE
  5
44
330
17
100
AcDbEntity
  8
VISIBLE
100
AcDbPolyline
 90
2
 70
0
 10
100.88438283003
 20
206.25
 10
101.56655329787512
 20
206.25
  0
LWPOLYLINE
  5
45
330
17
100
AcDbEntity
  8
VISIBLE
100
AcDbPolyline
 90
15
 70
0
 10
101.56655329787611
 20
206.25
 10
101.5891511821857
 20
206.25
 10
101.61177553127715
 20
206.25
 10
101.63442630210864
 20
206.25
 10
101.65710345158806
 20
206.25
 10
101.67980693657312
 20
206.25
 10
101.70253671387142
 20
206.25
 10
101.72529274024058
 20
206.25
 10
101.74807497238824
 20
206.25
 10
101.7708833669722
 20
206.25
 10
101.79371788060048
 20
206.25
 10
101.81657846983144
 20
206.25
 10
101.83946509117378
 20
206.25
 10
101.86237770108671
 20
206.25
 10
101.88531625598
 20
206.25
  0
LWPOLYLINE
  5
46
330
17
100
AcDbEntity
  8
VISIBLE
100
AcDbPolyline
 90
15
 70
0
 10
101.88531625598581
 20
206.25
 10
101.97250768973187
 20
206.25
 10
102.05990822368297
 20
206.25
 10
102.14751650685186
 20
206.25
 10
102.23533118504004
 20
206.25
 10
102.32335090085864
 20
206.25
 10
102.41157429374948
 20
206.25
 10
102.50000000000604
 20
206.25
 10
102.58862665279452
 20
206.25
 10
102.67745288217505
 20
206.25
 10
102.7664773151228
 20
206.25
 10
102.85569857554924
 20
206.25
 10
102.94511528432336
 20
206.25
 10
103.03472605929306
 20
206.25
 10
103.12452951530646
 20
206.25
  0
LWPOLYLINE
  5
47
330
17
100
AcDbEntity
  8
VISIBLE
100
AcDbPolyline
 90
4
 70
0
 10
103.12452951531
 20
206.25
 10
104.61863391222145
 20
206.25
 10
105.27912979359182
 20
206.25
 10
105.827795155665
 20
206.25
  0
LWPOLYLINE
  5
48
330
17
100
AcDbEntity
  8
VISIBLE
100
AcDbPolyline
 90
2
 70
0
 10
105.827795155665
 20
206.25
 10
106.2792364069648
 20
206.25
  0
LWPOLYLINE
  5
49
330
17
100
AcDbEntity
  8
VISIBLE
100
AcDbPolyline
 90
15
 70
0
 10
106.27923640697367
 20
206.25
 10
106.38501579918156
 20
206.25
 10
106.49106486418852
 20
206.25
 10
106.59738046446321
 20
206.25
 10
106.70395945458876
 20
206.25
 10
106.81079868135564
 20
206.25
 10
106.91789498385513
 20
206.25
 10
107.02524519357273
 20
206.25
 10
107.13284613448191
 20
206.25
 10
107.2406946231381
 20
206.25
 10
107.34878746877288
 20
206.25
 10
107.45712147338836
 20
206.25
 10
107.56569343185178
 20
206.25
 10
107.67450013199043
 20
206.25
 10
107.78353835468653
 20
206.25
  0
LWPOLYLINE
  5
4A
330
17
100
AcDbEntity
  8
VISIBLE
100
AcDbPolyline
 90
3
 70
0
 10
107.78353835468653
 20
206.25
 10
107.86535611482516
 20
206.25
 10
108.082171703635
 20
206.25
  0
LWPOLYLINE
  5
4B
330
17
100
AcDbEntity
  8
VISIBLE
100
AcDbPolyline
 90
15
 70
0
 10
108.08217170362896
 20
206.25
 10
108.18020173649502
 20
206.25
 10
108.27834491459767
 20
206.25
 10
108.37659972089602
 20
206.25
 10
108.47496463662374
 20
206.25
 10
108.57343814131245
 20
206.25
 10
108.6720187128153
 20
206.25
 10
108.77070482733045
 20
206.25
 10
108.86949495942461
 20
206.25
 10
108.9683875820567
 20
206.25
 10
109.06738116660135
 20
206.25
 10
109.1664741828726
 20
206.25
 10
109.26566509914754
 20
206.25
 10
109.36495238218995
 20
206.25
 10
109.46433449727407
 20
206.25
  0
LWPOLYLINE
  5
4C
330
17
100
AcDbEntity
  8
VISIBLE
100
AcDbPolyline
 90
4
 70
0
 10
109.464334497276
 20
206.25
 10
110.62373977673766
 20
206.25
 10
111.09331876948869
 20
206.25
 10
111.43035225737
 20
206.25
  0
LWPOLYLINE
  5
4D
330
17
100
AcDbEntity
  8
VISIBLE
100
AcDbPolyline
 90
2
 70
0
 10
111.43035225737
 20
206.25
 10
111.6202993168955
 20
206.25
  0
LWPOLYLINE
  5
4E
330
17
100
AcDbEntity
  8
VISIBLE
100
AcDbPolyline
 90
15
 70
0
 10
111.62029931689526
 20
206.25
 10
111.766995788788
 20
206.25
 10
111.9138716725051
 20
206.25
 10
112.06091990904827
 20
206.25
 10
112.20813343113582
 20
206.25
 10
112.35550516354225
 20
206.25
 10
112.50302802343832
 20
206.25
 10
112.65069492073147
 20
206.25
 10
112.79849875840654
 20
206.25
 10
112.9464324328669
 20
206.25
 10
113.09448883427582
 20
206.25
 10
113.2426608468982
 20
206.25
 10
113.39094134944258
 20
206.25
 10
113.53932321540331
 20
206.25
 10
113.68779931340318
 20
206.25
  0
LWPOLYLINE
  5
4F
330
17
100
AcDbEntity
  8
VISIBLE
100
AcDbPolyline
 90
2
 70
0
 10
113.689750872677
 20
206.25
 10
113.68779931340318
 20
206.25
  0
LWPOLYLINE
  5
50
330
17
100
AcDbEntity
  8
VISIBLE
100
AcDbPolyline
 90
4
 70
0
 10
113.68779931340318
 20
206.25
 10
113.80361994510136
 20
206.25
 10
114.05056550355253
 20
206.25
 10
114.784539891147
 20
206.25
  0
LWPOLYLINE
  5
51
330
17
100
AcDbEntity
  8
VISIBLE
100
AcDbPolyline
 90
15
 70
0
 10
114.78453989114637
 20
206.25
 10
114.88672793839434
 20
206.25
 10
114.98892546524954
 20
206.25
 10
115.0911308920013
 20
206.25
 10
115.19334263881686
 20
206.25
 10
115.29555912576573
 20
206.25
 10
115.3977787728442
 20
206.25
 10
115.49999999999967
 20
206.25
 10
115.60222122715516
 20
206.25
 10
115.70444087423363
 20
206.25
 10
115.8066573611825
 20
206.25
 10
115.90886910799806
 20
206.25
 10
116.01107453474981
 20
206.25
 10
116.11327206160502
 20
206.25
 10
116.215460108853
 20
206.25
  0
LWPOLYLINE
  5
52
330
17
100
AcDbEntity
  8
VISIBLE
100
AcDbPolyline
 90
4
 70
0
 10
116.215460108853
 20
206.25
 10
116.94943449644751
 20
206.25
 10
117.19638005489865
 20
206.25
 10
117.31220068659682
 20
206.25
  0
LWPOLYLINE
  5
53
330
17
100
AcDbEntity
  8
VISIBLE
100
AcDbPolyline
 90
15
 70
0
 10
117.31220068659682
 20
206.25
 10
117.46067678459688
 20
206.25
 10
117.60905865055781
 20
206.25
 10
117.75733915310238
 20
206.25
 10
117.90551116572497
 20
206.25
 10
118.05356756713408
 20
206.25
 10
118.20150124159464
 20
206.25
 10
118.3493050792699
 20
206.25
 10
118.49697197656324
 20
206.25
 10
118.64449483645951
 20
206.25
 10
118.79186656886614
 20
206.25
 10
118.93908009095388
 20
206.25
 10
119.08612832749725
 20
206.25
 10
119.23300421121453
 20
206.25
 10
119.37970068310747
 20
206.25
  0
LWPOLYLINE
  5
54
330
17
100
AcDbEntity
  8
VISIBLE
100
AcDbPolyline
 90
2
 70
0
 10
119.379700683106
 20
206.25
 10
119.5696477426315
 20
206.25
  0
LWPOLYLINE
  5
55
330
17
100
AcDbEntity
  8
VISIBLE
100
AcDbPolyline
 90
4
 70
0
 10
119.56964774263
 20
206.25
 10
119.90668123051128
 20
206.25
 10
120.37626022326234
 20
206.25
 10
121.535665502724
 20
206.25
  0
LWPOLYLINE
  5
56
330
17
100
AcDbEntity
  8
VISIBLE
100
AcDbPolyline
 90
15
 70
0
 10
121.53566550272461
 20
206.25
 10
121.63504761780847
 20
206.25
 10
121.73433490085064
 20
206.25
 10
121.83352581712532
 20
206.25
 10
121.93261883339632
 20
206.25
 10
122.03161241794072
 20
206.25
 10
122.13050504057256
 20
206.25
 10
122.22929517266648
 20
206.25
 10
122.32798128718139
 20
206.25
 10
122.42656185868398
 20
206.25
 10
122.52503536337245
 20
206.25
 10
122.62340027909993
 20
206.25
 10
122.72165508539804
 20
206.25
 10
122.81979826350045
 20
206.25
 10
122.91782829636627
 20
206.25
  0
LWPOLYLINE
  5
57
330
17
100
AcDbEntity
  8
VISIBLE
100
AcDbPolyline
 90
3
 70
0
 10
122.917828296365
 20
206.25
 10
123.13464388517487
 20
206.25
 10
123.21646164531347
 20
206.25
  0
LWPOLYLINE
  5
58
330
17
100
AcDbEntity
  8
VISIBLE
100
AcDbPolyline
 90
15
 70
0
 10
123.21646164531347
 20
206.25
 10
123.32549986801001
 20
206.25
 10
123.43430656814908
 20
206.25
 10
123.54287852661295
 20
206.25
 10
123.65121253122886
 20
206.25
 10
123.75930537686408
 20
206.25
 10
123.86715386552069
 20
206.25
 10
123.9747548064303
 20
206.25
 10
124.08210501614832
 20
206.25
 10
124.18920131864823
 20
206.25
 10
124.29604054541555
 20
206.25
 10
124.4026195355415
 20
206.25
 10
124.50893513581661
 20
206.25
 10
124.61498420082398
 20
206.25
 10
124.72076359303229
 20
206.25
  0
LWPOLYLINE
  5
59
330
17
100
AcDbEntity
  8
VISIBLE
100
AcDbPolyline
 90
2
 70
0
 10
124.720763593032
 20
206.25
 10
125.1722048443318
 20
206.25
  0
LWPOLYLINE
  5
5A
330
17
100
AcDbEntity
  8
VISIBLE
100
AcDbPolyline
 90
4
 70
0
 10
125.172204844335
 20
206.25
 10
125.7208702064126
 20
206.25
 10
126.38136608778458
 20
206.25
 10
127.875470484699
 20
206.25
  0
LWPOLYLINE
  5
5B
330
17
100
AcDbEntity
  8
VISIBLE
100
AcDbPolyline
 90
15
 70
0
 10
127.87547048470452
 20
206.25
 10
127.96527394071764
 20
206.25
 10
128.05488471568705
 20
206.25
 10
128.14430142446088
 20
206.25
 10
128.23352268488702
 20
206.25
 10
128.3225471178345
 20
206.25
 10
128.41137334721475
 20
206.25
 10
128.50000000000293
 20
206.25
 10
128.5884257062592
 20
206.25
 10
128.67664909914976
 20
206.25
 10
128.76466881496808
 20
206.25
 10
128.85248349315597
 20
206.25
 10
128.9400917763246
 20
206.25
 10
129.02749231027542
 20
206.25
 10
129.1146837440212
 20
206.25
  0
LWPOLYLINE
  5
5C
330
17
100
AcDbEntity
  8
VISIBLE
100
AcDbPolyline
 90
15
 70
0
 10
129.114683744021
 20
206.25
 10
129.13762229891424
 20
206.25
 10
129.16053490882712
 20
206.25
 10
129.1834215301694
 20
206.25
 10
129.20628211940027
 20
206.25
 10
129.2291166330285
 20
206.25
 10
129.2519250276124
 20
206.25
 10
129.27470725976002
 20
206.25
 10
129.2974632861291
 20
206.25
 10
129.32019306342738
 20
206.25
 10
129.34289654841237
 20
206.25
 10
129.36557369789173
 20
206.25
 10
129.38822446872317
 20
206.25
 10
129.41084881781455
 20
206.25
 10
129.4334467021241
 20
206.25
  0
LWPOLYLINE
  5
5D
330
17
100
AcDbEntity
  8
VISIBLE
100
AcDbPolyline
 90
2
 70
0
 10
129.433446702124
 20
206.25
 10
130.1156171699683
 20
206.25
  0
LWPOLYLINE
  5
5E
330
17
100
AcDbEntity
  8
VISIBLE
100
AcDbPolyline
 90
3
 70
0
 10
130.115617169972
 20
206.25
 10
131.64492483573252
 20
206.25
 10
133.371907604573
 20
206.25
  0
LWPOLYLINE
  5
5F
330
17
100
AcDbEntity
  8
VISIBLE
100
AcDbPolyline
 90
15
 70
0
 10
133.37190760456772
 20
206.25
 10
133.44601244439136
 20
206.25
 10
133.51983988506402
 20
206.25
 10
133.5933887854035
 20
206.25
 10
133.6666580085332
 20
206.25
 10
133.73964642189955
 20
206.25
 10
133.81235289728954
 20
206.25
 10
133.88477631084828
 20
206.25
 10
133.95691554309624
 20
206.25
 10
134.02876947894663
 20
206.25
 10
134.10033700772254
 20
206.25
 10
134.17161702317426
 20
206.25
 10
134.24260842349625
 20
206.25
 10
134.31331011134424
 20
206.25
 10
134.38372099385214
 20
206.25
  0
LWPOLYLINE
  5
60
330
17
100
AcDbEntity
  8
VISIBLE
100
AcDbPolyline
 90
2
 70
0
 10
134.38372099385
 20
206.25
 10
137.65040375592
 20
206.25
  0
LWPOLYLINE
  5
61
330
17
100
AcDbEntity
  8
VISIBLE
100
AcDbPolyline
 90
15
 70
0
 10
137.65040375592494
 20
206.25
 10
137.7037598571876
 20
206.25
 10
137.75677274548573
 20
206.25
 10
137.80944160137653
 20
206.25
 10
137.8617656107351
 20
206.25
 10
137.91374396476692
 20
206.25
 10
137.9653758600205
 20
206.25
 10
138.0166604983996
 20
206.25
 10
138.0675970871758
 20
206.25
 10
138.11818483900058
 20
206.25
 10
138.1684229719175
 20
206.25
 10
138.21831070937435
 20
206.25
 10
138.26784728023517
 20
206.25
 10
138.31703191879208
 20
206.25
 10
138.36586386477722
 20
206.25
  0
LWPOLYLINE
  5
62
330
17
100
AcDbEntity
  8
VISIBLE
100
AcDbPolyline
 90
2
 70
0
 10
138.365863864773
 20
206.25
 10
140.419386496574
 20
206.25
  0
LWPOLYLINE
  5
63
330
17
100
AcDbEntity
  8
VISIBLE
100
AcDbPolyline
 90
15
 70
0
 10
140.41938649657214
 20
206.25
 10
140.44835772914877
 20
206.25
 10
140.4769433243436
 20
206.25
 10
140.50514284029694
 20
206.25
 10
140.53295584111686
 20
206.25
 10
140.56038189688599
 20
206.25
 10
140.5874205836681
 20
206.25
 10
140.6140714835147
 20
206.25
 10
140.6403341844715
 20
206.25
 10
140.66620828058473
 20
206.25
 10
140.69169337190752
 20
206.25
 10
140.71678906450595
 20
206.25
 10
140.7414949704652
 20
206.25
 10
140.7658107078956
 20
206.25
 10
140.78973590093844
 20
206.25
  0
LWPOLYLINE
  5
64
330
17
100
AcDbEntity
  8
VISIBLE
100
AcDbPolyline
 90
15
 70
0
 10
141.49015422871975
 20
221.25
 10
141.49151046013165
 20
221.25
 10
141.49276625098713
 20
221.25
 10
141.4939215964334
 20
221.25
 10
141.49497649200578
 20
221.25
 10
141.49593093362776
 20
221.25
 10
141.49678491761102
 20
221.25
 10
141.4975384406555
 20
221.25
 10
141.4981914998493
 20
221.25
 10
141.49874409266874
 20
221.25
 10
141.49919621697842
 20
221.25
 10
141.49954787103118
 20
221.25
 10
141.4997990534681
 20
221.25
 10
141.4999497633185
 20
221.25
 10
141.5
 20
221.25
  0
LWPOLYLINE
  5
65
330
17
100
AcDbEntity
  8
VISIBLE
100
AcDbPolyline
 90
15
 70
0
 10
89.5
 20
221.25
 10
89.50005023668155
 20
221.25
 10
89.50020094653198
 20
221.25
 10
89.5004521289689
 20
221.25
 10
89.5008037830217
 20
221.25
 10
89.5012559073314
 20
221.25
 10
89.50180850015084
 20
221.25
 10
89.50246155934464
 20
221.25
 10
89.50321508238912
 20
221.25
 10
89.50406906637238
 20
221.25
 10
89.50502350799434
 20
221.25
 10
89.50607840356669
 20
221.25
 10
89.50723374901293
 20
221.25
 10
89.50848953986838
 20
221.25
 10
89.50984577128023
 20
221.25
  0
LWPOLYLINE
  5
66
330
17
100
AcDbEntity
  8
VISIBLE
100
AcDbPolyline
 90
2
 70
0
 10
89.50984577128
 20
221.25
 10
90.21026409907
 20
221.25
  0
LWPOLYLINE
  5
67
330
17
100
AcDbEntity
  8
VISIBLE
100
AcDbPolyline
 90
15
 70
0
 10
90.21026409906156
 20
221.25
 10
90.23418929210429
 20
221.25
 10
90.25850502953459
 20
221.25
 10
90.28321093549376
 20
221.25
 10
90.30830662809207
 20
221.25
 10
90.33379171941475
 20
221.25
 10
90.35966581552789
 20
221.25
 10
90.38592851648457
 20
221.25
 10
90.41257941633106
 20
221.25
 10
90.43961810311305
 20
221.25
 10
90.46704415888203
 20
221.25
 10
90.49485715970184
 20
221.25
 10
90.52305667565504
 20
221.25
 10
90.55164227084974
 20
221.25
 10
90.58061350342622
 20
221.25
  0
LWPOLYLINE
  5
68
330
17
100
AcDbEntity
  8
VISIBLE
100
AcDbPolyline
 90
2
 70
0
 10
90.58061350343
 20
221.25
 10
92.63413613523001
 20
221.25
  0
LWPOLYLINE
  5
69
330
17
100
AcDbEntity
  8
VISIBLE
100
AcDbPolyline
 90
15
 70
0
 10
92.63413613522931
 20
221.25
 10
92.6829680812143
 20
221.25
 10
92.73215271977105
 20
221.25
 10
92.7816892906317
 20
221.25
 10
92.83157702808838
 20
221.25
 10
92.88181516100511
 20
221.25
 10
92.93240291282967
 20
221.25
 10
92.9833395016057
 20
221.25
 10
93.03462413998463
 20
221.25
 10
93.086256035238
 20
221.25
 10
93.13823438926963
 20
221.25
 10
93.19055839862799
 20
221.25
 10
93.24322725451857
 20
221.25
 10
93.2962401428165
 20
221.25
 10
93.34959624407898
 20
221.25
  0
LWPOLYLINE
  5
6A
330
17
100
AcDbEntity
  8
VISIBLE
100
AcDbPolyline
 90
2
 70
0
 10
93.34959624408
 20
221.25
 10
96.61627900615
 20
221.25
  0
LWPOLYLINE
  5
6B
330
17
100
AcDbEntity
  8
VISIBLE
100
AcDbPolyline
 90
15
 70
0
 10
96.61627900614384
 20
221.25
 10
96.68668988865171
 20
221.25
 10
96.75739157649969
 20
221.25
 10
96.82838297682166
 20
221.25
 10
96.89966299227336
 20
221.25
 10
96.97123052104928
 20
221.25
 10
97.04308445689963
 20
221.25
 10
97.11522368914758
 20
221.25
 10
97.18764710270632
 20
221.25
 10
97.26035357809631
 20
221.25
 10
97.33334199146263
 20
221.25
 10
97.40661121459232
 20
221.25
 10
97.4801601149318
 20
221.25
 10
97.55398755560444
 20
221.25
 10
97.62809239542807
 20
221.25
  0
LWPOLYLINE
  5
6C
330
17
100
AcDbEntity
  8
VISIBLE
100
AcDbPolyline
 90
3
 70
0
 10
97.62809239543
 20
221.25
 10
99.35507516427361
 20
221.25
 10
100.88438283003
 20
221.25
  0
LWPOLYLINE
  5
6D
330
17
100
AcDbEntity
  8
VISIBLE
100
AcDbPolyline
 90
2
 70
0
 10
100.88438283003
 20
221.25
 10
101.56655329787512
 20
221.25
  0
LWPOLYLINE
  5
6E
330
17
100
AcDbEntity
  8
VISIBLE
100
AcDbPolyline
 90
15
 70
0
 10
101.56655329787611
 20
221.25
 10
101.5891511821857
 20
221.25
 10
101.61177553127715
 20
221.25
 10
101.63442630210864
 20
221.25
 10
101.65710345158806
 20
221.25
 10
101.67980693657312
 20
221.25
 10
101.70253671387142
 20
221.25
 10
101.72529274024058
 20
221.25
 10
101.74807497238824
 20
221.25
 10
101.7708833669722
 20
221.25
 10
101.79371788060048
 20
221.25
 10
101.81657846983144
 20
221.25
 10
101.83946509117378
 20
221.25
 10
101.86237770108671
 20
221.25
 10
101.88531625598
 20
221.25
  0
LWPOLYLINE
  5
6F
330
17
100
AcDbEntity
  8
VISIBLE
100
AcDbPolyline
 90
15
 70
0
 10
101.88531625598581
 20
221.25
 10
101.97250768973187
 20
221.25
 10
102.05990822368297
 20
221.25
 10
102.14751650685186
 20
221.25
 10
102.23533118504004
 20
221.25
 10
102.32335090085864
 20
221.25
 10
102.41157429374948
 20
221.25
 10
102.50000000000604
 20
221.25
 10
102.58862665279452
 20
221.25
 10
102.67745288217505
 20
221.25
 10
102.7664773151228
 20
221.25
 10
102.85569857554924
 20
221.25
 10
102.94511528432336
 20
221.25
 10
103.03472605929306
 20
221.25
 10
103.12452951530646
 20
221.25
  0
LWPOLYLINE
  5
70
330
17
100
AcDbEntity
  8
VISIBLE
100
AcDbPolyline
 90
4
 70
0
 10
103.12452951531
 20
221.25
 10
104.61863391222145
 20
221.25
 10
105.27912979359182
 20
221.25
 10
105.827795155665
 20
221.25
  0
LWPOLYLINE
  5
71
330
17
100
AcDbEntity
  8
VISIBLE
100
AcDbPolyline
 90
2
 70
0
 10
105.827795155665
 20
221.25
 10
106.2792364069648
 20
221.25
  0
LWPOLYLINE
  5
72
330
17
100
AcDbEntity
  8
VISIBLE
100
AcDbPolyline
 90
15
 70
0
 10
106.27923640697367
 20
221.25
 10
106.38501579918156
 20
221.25
 10
106.49106486418852
 20
221.25
 10
106.59738046446321
 20
221.25
 10
106.70395945458876
 20
221.25
 10
106.81079868135564
 20
221.25
 10
106.91789498385513
 20
221.25
 10
107.02524519357273
 20
221.25
 10
107.13284613448191
 20
221.25
 10
107.2406946231381
 20
221.25
 10
107.34878746877288
 20
221.25
 10
107.45712147338836
 20
221.25
 10
107.56569343185178
 20
221.25
 10
107.67450013199043
 20
221.25
 10
107.78353835468653
 20
221.25
  0
LWPOLYLINE
  5
73
330
17
100
AcDbEntity
  8
VISIBLE
100
AcDbPolyline
 90
3
 70
0
 10
107.78353835468653
 20
221.25
 10
107.86535611482516
 20
221.25
 10
108.082171703635
 20
221.25
  0
LWPOLYLINE
  5
74
330
17
100
AcDbEntity
  8
VISIBLE
100
AcDbPolyline
 90
15
 70
0
 10
108.08217170362896
 20
221.25
 10
108.18020173649502
 20
221.25
 10
108.27834491459767
 20
221.25
 10
108.37659972089602
 20
221.25
 10
108.47496463662374
 20
221.25
 10
108.57343814131245
 20
221.25
 10
108.6720187128153
 20
221.25
 10
108.77070482733045
 20
221.25
 10
108.86949495942461
 20
221.25
 10
108.9683875820567
 20
221.25
 10
109.06738116660135
 20
221.25
 10
109.1664741828726
 20
221.25
 10
109.26566509914754
 20
221.25
 10
109.36495238218995
 20
221.25
 10
109.46433449727407
 20
221.25
  0
LWPOLYLINE
  5
75
330
17
100
AcDbEntity
  8
VISIBLE
100
AcDbPolyline
 90
4
 70
0
 10
109.464334497276
 20
221.25
 10
110.62373977673766
 20
221.25
 10
111.09331876948869
 20
221.25
 10
111.43035225737
 20
221.25
  0
LWPOLYLINE
  5
76
330
17
100
AcDbEntity
  8
VISIBLE
100
AcDbPolyline
 90
2
 70
0
 10
111.43035225737
 20
221.25
 10
111.6202993168955
 20
221.25
  0
LWPOLYLINE
  5
77
330
17
100
AcDbEntity
  8
VISIBLE
100
AcDbPolyline
 90
15
 70
0
 10
111.62029931689526
 20
221.25
 10
111.766995788788
 20
221.25
 10
111.9138716725051
 20
221.25
 10
112.06091990904827
 20
221.25
 10
112.20813343113582
 20
221.25
 10
112.35550516354225
 20
221.25
 10
112.50302802343832
 20
221.25
 10
112.65069492073147
 20
221.25
 10
112.79849875840654
 20
221.25
 10
112.9464324328669
 20
221.25
 10
113.09448883427582
 20
221.25
 10
113.2426608468982
 20
221.25
 10
113.39094134944258
 20
221.25
 10
113.53932321540331
 20
221.25
 10
113.68779931340318
 20
221.25
  0
LWPOLYLINE
  5
78
330
17
100
AcDbEntity
  8
VISIBLE
100
AcDbPolyline
 90
2
 70
0
 10
113.689750872677
 20
221.25
 10
113.68779931340318
 20
221.25
  0
LWPOLYLINE
  5
79
330
17
100
AcDbEntity
  8
VISIBLE
100
AcDbPolyline
 90
4
 70
0
 10
113.68779931340318
 20
221.25
 10
113.80361994510136
 20
221.25
 10
114.05056550355253
 20
221.25
 10
114.784539891147
 20
221.25
  0
LWPOLYLINE
  5
7A
330
17
100
AcDbEntity
  8
VISIBLE
100
AcDbPolyline
 90
15
 70
0
 10
114.78453989114637
 20
221.25
 10
114.88672793839434
 20
221.25
 10
114.98892546524954
 20
221.25
 10
115.0911308920013
 20
221.25
 10
115.19334263881686
 20
221.25
 10
115.29555912576573
 20
221.25
 10
115.3977787728442
 20
221.25
 10
115.49999999999967
 20
221.25
 10
115.60222122715516
 20
221.25
 10
115.70444087423363
 20
221.25
 10
115.8066573611825
 20
221.25
 10
115.90886910799806
 20
221.25
 10
116.01107453474981
 20
221.25
 10
116.11327206160502
 20
221.25
 10
116.215460108853
 20
221.25
  0
LWPOLYLINE
  5
7B
330
17
100
AcDbEntity
  8
VISIBLE
100
AcDbPolyline
 90
4
 70
0
 10
116.215460108853
 20
221.25
 10
116.94943449644751
 20
221.25
 10
117.19638005489865
 20
221.25
 10
117.31220068659682
 20
221.25
  0
LWPOLYLINE
  5
7C
330
17
100
AcDbEntity
  8
VISIBLE
100
AcDbPolyline
 90
15
 70
0
 10
117.31220068659682
 20
221.25
 10
117.46067678459688
 20
221.25
 10
117.60905865055781
 20
221.25
 10
117.75733915310238
 20
221.25
 10
117.90551116572497
 20
221.25
 10
118.05356756713408
 20
221.25
 10
118.20150124159464
 20
221.25
 10
118.3493050792699
 20
221.25
 10
118.49697197656324
 20
221.25
 10
118.64449483645951
 20
221.25
 10
118.79186656886614
 20
221.25
 10
118.93908009095388
 20
221.25
 10
119.08612832749725
 20
221.25
 10
119.23300421121453
 20
221.25
 10
119.37970068310747
 20
221.25
  0
LWPOLYLINE
  5
7D
330
17
100
AcDbEntity
  8
VISIBLE
100
AcDbPolyline
 90
2
 70
0
 10
119.379700683106
 20
221.25
 10
119.5696477426315
 20
221.25
  0
LWPOLYLINE
  5
7E
330
17
100
AcDbEntity
  8
VISIBLE
100
AcDbPolyline
 90
4
 70
0
 10
119.56964774263
 20
221.25
 10
119.90668123051128
 20
221.25
 10
120.37626022326234
 20
221.25
 10
121.535665502724
 20
221.25
  0
LWPOLYLINE
  5
7F
330
17
100
AcDbEntity
  8
VISIBLE
100
AcDbPolyline
 90
15
 70
0
 10
121.53566550272461
 20
221.25
 10
121.63504761780847
 20
221.25
 10
121.73433490085064
 20
221.25
 10
121.83352581712532
 20
221.25
 10
121.93261883339632
 20
221.25
 10
122.03161241794072
 20
221.25
 10
122.13050504057256
 20
221.25
 10
122.22929517266648
 20
221.25
 10
122.32798128718139
 20
221.25
 10
122.42656185868398
 20
221.25
 10
122.52503536337245
 20
221.25
 10
122.62340027909993
 20
221.25
 10
122.72165508539804
 20
221.25
 10
122.81979826350045
 20
221.25
 10
122.91782829636627
 20
221.25
  0
LWPOLYLINE
  5
80
330
17
100
AcDbEntity
  8
VISIBLE
100
AcDbPolyline
 90
3
 70
0
 10
122.917828296365
 20
221.25
 10
123.13464388517487
 20
221.25
 10
123.21646164531347
 20
221.25
  0
LWPOLYLINE
  5
81
330
17
100
AcDbEntity
  8
VISIBLE
100
AcDbPolyline
 90
15
 70
0
 10
123.21646164531347
 20
221.25
 10
123.32549986801001
 20
221.25
 10
123.43430656814908
 20
221.25
 10
123.54287852661295
 20
221.25
 10
123.65121253122886
 20
221.25
 10
123.75930537686408
 20
221.25
 10
123.86715386552069
 20
221.25
 10
123.9747548064303
 20
221.25
 10
124.08210501614832
 20
221.25
 10
124.18920131864823
 20
221.25
 10
124.29604054541555
 20
221.25
 10
124.4026195355415
 20
221.25
 10
124.50893513581661
 20
221.25
 10
124.61498420082398
 20
221.25
 10
124.72076359303229
 20
221.25
  0
LWPOLYLINE
  5
82
330
17
100
AcDbEntity
  8
VISIBLE
100
AcDbPolyline
 90
2
 70
0
 10
124.720763593032
 20
221.25
 10
125.1722048443318
 20
221.25
  0
LWPOLYLINE
  5
83
330
17
100
AcDbEntity
  8
VISIBLE
100
AcDbPolyline
 90
4
 70
0
 10
125.172204844335
 20
221.25
 10
125.7208702064126
 20
221.25
 10
126.38136608778458
 20
221.25
 10
127.875470484699
 20
221.25
  0
LWPOLYLINE
  5
84
330
17
100
AcDbEntity
  8
VISIBLE
100
AcDbPolyline
 90
15
 70
0
 10
127.87547048470452
 20
221.25
 10
127.96527394071764
 20
221.25
 10
128.05488471568705
 20
221.25
 10
128.14430142446088
 20
221.25
 10
128.23352268488702
 20
221.25
 10
128.3225471178345
 20
221.25
 10
128.41137334721475
 20
221.25
 10
128.50000000000293
 20
221.25
 10
128.5884257062592
 20
221.25
 10
128.67664909914976
 20
221.25
 10
128.76466881496808
 20
221.25
 10
128.85248349315597
 20
221.25
 10
128.9400917763246
 20
221.25
 10
129.02749231027542
 20
221.25
 10
129.1146837440212
 20
221.25
  0
LWPOLYLINE
  5
85
330
17
100
AcDbEntity
  8
VISIBLE
100
AcDbPolyline
 90
15
 70
0
 10
129.114683744021
 20
221.25
 10
129.13762229891424
 20
221.25
 10
129.16053490882712
 20
221.25
 10
129.1834215301694
 20
221.25
 10
129.20628211940027
 20
221.25
 10
129.2291166330285
 20
221.25
 10
129.2519250276124
 20
221.25
 10
129.27470725976002
 20
221.25
 10
129.2974632861291
 20
221.25
 10
129.32019306342738
 20
221.25
 10
129.34289654841237
 20
221.25
 10
129.36557369789173
 20
221.25
 10
129.38822446872317
 20
221.25
 10
129.41084881781455
 20
221.25
 10
129.4334467021241
 20
221.25
  0
LWPOLYLINE
  5
86
330
17
100
AcDbEntity
  8
VISIBLE
100
AcDbPolyline
 90
2
 70
0
 10
129.433446702124
 20
221.25
 10
130.1156171699683
 20
221.25
  0
LWPOLYLINE
  5
87
330
17
100
AcDbEntity
  8
VISIBLE
100
AcDbPolyline
 90
3
 70
0
 10
130.115617169972
 20
221.25
 10
131.64492483573252
 20
221.25
 10
133.371907604573
 20
221.25
  0
LWPOLYLINE
  5
88
330
17
100
AcDbEntity
  8
VISIBLE
100
AcDbPolyline
 90
15
 70
0
 10
133.37190760456772
 20
221.25
 10
133.44601244439136
 20
221.25
 10
133.51983988506402
 20
221.25
 10
133.5933887854035
 20
221.25
 10
133.6666580085332
 20
221.25
 10
133.73964642189955
 20
221.25
 10
133.81235289728954
 20
221.25
 10
133.88477631084828
 20
221.25
 10
133.95691554309624
 20
221.25
 10
134.02876947894663
 20
221.25
 10
134.10033700772254
 20
221.25
 10
134.17161702317426
 20
221.25
 10
134.24260842349625
 20
221.25
 10
134.31331011134424
 20
221.25
 10
134.38372099385214
 20
221.25
  0
LWPOLYLINE
  5
89
330
17
100
AcDbEntity
  8
VISIBLE
100
AcDbPolyline
 90
2
 70
0
 10
134.38372099385
 20
221.25
 10
137.65040375592
 20
221.25
  0
LWPOLYLINE
  5
8A
330
17
100
AcDbEntity
  8
VISIBLE
100
AcDbPolyline
 90
15
 70
0
 10
137.65040375592494
 20
221.25
 10
137.7037598571876
 20
221.25
 10
137.75677274548573
 20
221.25
 10
137.80944160137653
 20
221.25
 10
137.8617656107351
 20
221.25
 10
137.91374396476692
 20
221.25
 10
137.9653758600205
 20
221.25
 10
138.0166604983996
 20
221.25
 10
138.0675970871758
 20
221.25
 10
138.11818483900058
 20
221.25
 10
138.1684229719175
 20
221.25
 10
138.21831070937435
 20
221.25
 10
138.26784728023517
 20
221.25
 10
138.31703191879208
 20
221.25
 10
138.36586386477722
 20
221.25
  0
LWPOLYLINE
  5
8B
330
17
100
AcDbEntity
  8
VISIBLE
100
AcDbPolyline
 90
2
 70
0
 10
138.365863864773
 20
221.25
 10
140.419386496574
 20
221.25
  0
LWPOLYLINE
  5
8C
330
17
100
AcDbEntity
  8
VISIBLE
100
AcDbPolyline
 90
15
 70
0
 10
140.41938649657214
 20
221.25
 10
140.44835772914877
 20
221.25
 10
140.4769433243436
 20
221.25
 10
140.50514284029694
 20
221.25
 10
140.53295584111686
 20
221.25
 10
140.56038189688599
 20
221.25
 10
140.5874205836681
 20
221.25
 10
140.6140714835147
 20
221.25
 10
140.6403341844715
 20
221.25
 10
140.66620828058473
 20
221.25
 10
140.69169337190752
 20
221.25
 10
140.71678906450595
 20
221.25
 10
140.7414949704652
 20
221.25
 10
140.7658107078956
 20
221.25
 10
140.78973590093844
 20
221.25
  0
LWPOLYLINE
  5
8D
330
17
100
AcDbEntity
  8
VISIBLE
100
AcDbPolyline
 90
2
 70
0
 10
140.789735900939
 20
206.25
 10
140.789735900939
 20
221.25
  0
LWPOLYLINE
  5
8E
330
17
100
AcDbEntity
  8
VISIBLE
100
AcDbPolyline
 90
2
 70
0
 10
140.419386496574
 20
206.25
 10
140.419386496574
 20
221.25
  0
LWPOLYLINE
  5
8F
330
17
100
AcDbEntity
  8
VISIBLE
100
AcDbPolyline
 90
2
 70
0
 10
138.365863864773
 20
206.25
 10
138.365863864773
 20
221.25
  0
LWPOLYLINE
  5
90
330
17
100
AcDbEntity
  8
VISIBLE
100
AcDbPolyline
 90
2
 70
0
 10
137.65040375592
 20
206.25
 10
137.65040375592
 20
221.25
  0
LWPOLYLINE
  5
91
330
17
100
AcDbEntity
  8
VISIBLE
100
AcDbPolyline
 90
2
 70
0
 10
134.38372099385
 20
206.25
 10
134.38372099385
 20
221.25
  0
LWPOLYLINE
  5
92
330
17
100
AcDbEntity
  8
VISIBLE
100
AcDbPolyline
 90
2
 70
0
 10
133.371907604573
 20
206.25
 10
133.371907604573
 20
221.25
  0
LWPOLYLINE
  5
93
330
17
100
AcDbEntity
  8
VISIBLE
100
AcDbPolyline
 90
2
 70
0
 10
129.433446702124
 20
206.25
 10
129.433446702124
 20
221.25
  0
LWPOLYLINE
  5
94
330
17
100
AcDbEntity
  8
VISIBLE
100
AcDbPolyline
 90
2
 70
0
 10
129.114683744021
 20
206.25
 10
129.114683744021
 20
221.25
  0
LWPOLYLINE
  5
95
330
17
100
AcDbEntity
  8
VISIBLE
100
AcDbPolyline
 90
2
 70
0
 10
127.875470484699
 20
206.25
 10
127.875470484699
 20
221.25
  0
LWPOLYLINE
  5
96
330
17
100
AcDbEntity
  8
VISIBLE
100
AcDbPolyline
 90
2
 70
0
 10
124.720763593032
 20
206.25
 10
124.720763593032
 20
221.25
  0
LWPOLYLINE
  5
97
330
17
100
AcDbEntity
  8
VISIBLE
100
AcDbPolyline
 90
2
 70
0
 10
122.917828296365
 20
206.25
 10
122.917828296365
 20
221.25
  0
LWPOLYLINE
  5
98
330
17
100
AcDbEntity
  8
VISIBLE
100
AcDbPolyline
 90
2
 70
0
 10
121.535665502724
 20
206.25
 10
121.535665502724
 20
221.25
  0
LWPOLYLINE
  5
99
330
17
100
AcDbEntity
  8
VISIBLE
100
AcDbPolyline
 90
2
 70
0
 10
119.379700683106
 20
206.25
 10
119.379700683106
 20
221.25
  0
LWPOLYLINE
  5
9A
330
17
100
AcDbEntity
  8
VISIBLE
100
AcDbPolyline
 90
2
 70
0
 10
116.215460108853
 20
206.25
 10
116.215460108853
 20
221.25
  0
LWPOLYLINE
  5
9B
330
17
100
AcDbEntity
  8
VISIBLE
100
AcDbPolyline
 90
2
 70
0
 10
114.784539891147
 20
206.25
 10
114.784539891147
 20
221.25
  0
LWPOLYLINE
  5
9C
330
17
100
AcDbEntity
  8
VISIBLE
100
AcDbPolyline
 90
2
 70
0
 10
111.620299316894
 20
206.25
 10
111.620299316894
 20
221.25
  0
LWPOLYLINE
  5
9D
330
17
100
AcDbEntity
  8
VISIBLE
100
AcDbPolyline
 90
2
 70
0
 10
109.464334497276
 20
206.25
 10
109.464334497276
 20
221.25
  0
LWPOLYLINE
  5
9E
330
17
100
AcDbEntity
  8
VISIBLE
100
AcDbPolyline
 90
2
 70
0
 10
108.082171703635
 20
206.25
 10
108.082171703635
 20
221.25
  0
LWPOLYLINE
  5
9F
330
17
100
AcDbEntity
  8
VISIBLE
100
AcDbPolyline
 90
2
 70
0
 10
106.279236406968
 20
206.25
 10
106.279236406968
 20
221.25
  0
LWPOLYLINE
  5
A0
330
17
100
AcDbEntity
  8
VISIBLE
100
AcDbPolyline
 90
2
 70
0
 10
103.12452951531
 20
206.25
 10
103.12452951531
 20
221.25
  0
LWPOLYLINE
  5
A1
330
17
100
AcDbEntity
  8
VISIBLE
100
AcDbPolyline
 90
2
 70
0
 10
101.88531625598
 20
206.25
 10
101.88531625598
 20
221.25
  0
LWPOLYLINE
  5
A2
330
17
100
AcDbEntity
  8
VISIBLE
100
AcDbPolyline
 90
2
 70
0
 10
101.56655329788
 20
206.25
 10
101.56655329788
 20
221.25
  0
LWPOLYLINE
  5
A3
330
17
100
AcDbEntity
  8
VISIBLE
100
AcDbPolyline
 90
2
 70
0
 10
97.62809239543
 20
206.25
 10
97.62809239543
 20
221.25
  0
LWPOLYLINE
  5
A4
330
17
100
AcDbEntity
  8
VISIBLE
100
AcDbPolyline
 90
2
 70
0
 10
96.61627900615
 20
206.25
 10
96.61627900615
 20
221.25
  0
LWPOLYLINE
  5
A5
330
17
100
AcDbEntity
  8
VISIBLE
100
AcDbPolyline
 90
2
 70
0
 10
93.34959624408
 20
206.25
 10
93.34959624408
 20
221.25
  0
LWPOLYLINE
  5
A6
330
17
100
AcDbEntity
  8
VISIBLE
100
AcDbPolyline
 90
2
 70
0
 10
92.63413613523
 20
206.25
 10
92.63413613523
 20
221.25
  0
LWPOLYLINE
  5
A7
330
17
100
AcDbEntity
  8
VISIBLE
100
AcDbPolyline
 90
2
 70
0
 10
90.58061350343
 20
206.25
 10
90.58061350343
 20
221.25
  0
LWPOLYLINE
  5
A8
330
17
100
AcDbEntity
  8
VISIBLE
100
AcDbPolyline
 90
2
 70
0
 10
90.21026409907
 20
206.25
 10
90.21026409907
 20
221.25
  0
LWPOLYLINE
  5
A9
330
17
100
AcDbEntity
  8
VISIBLE
100
AcDbPolyline
 90
2
 70
0
 10
89.50984577128
 20
206.25
 10
89.50984577128
 20
221.25
  0
LWPOLYLINE
  5
AA
330
17
100
AcDbEntity
  8
VISIBLE
100
AcDbPolyline
 90
2
 70
0
 10
141.5
 20
221.25
 10
141.5
 20
206.25
  0
LWPOLYLINE
  5
AB
330
17
100
AcDbEntity
  8
VISIBLE
100
AcDbPolyline
 90
2
 70
0
 10
123.21646164531347
 20
221.25
 10
123.21646164531347
 20
206.25
  0
LWPOLYLINE
  5
AC
330
17
100
AcDbEntity
  8
VISIBLE
100
AcDbPolyline
 90
2
 70
0
 10
117.31220068659682
 20
221.25
 10
117.31220068659682
 20
206.25
  0
LWPOLYLINE
  5
AD
330
17
100
AcDbEntity
  8
VISIBLE
100
AcDbPolyline
 90
2
 70
0
 10
113.68779931340318
 20
221.25
 10
113.68779931340318
 20
206.25
  0
LWPOLYLINE
  5
AE
330
17
100
AcDbEntity
  8
VISIBLE
100
AcDbPolyline
 90
2
 70
0
 10
107.78353835468653
 20
221.25
 10
107.78353835468653
 20
206.25
  0
LWPOLYLINE
  5
AF
330
17
100
AcDbEntity
  8
VISIBLE
100
AcDbPolyline
 90
2
 70
0
 10
89.5
 20
221.25
 10
89.5
 20
206.25
  0
LWPOLYLINE
  5
B0
330
17
100
AcDbEntity
  8
HIDDEN
100
AcDbPolyline
 90
2
 70
0
 10
136.930626713611
 20
206.25
 10
136.930626713611
 20
221.25
  0
LWPOLYLINE
  5
B1
330
17
100
AcDbEntity
  8
HIDDEN
100
AcDbPolyline
 90
2
 70
0
 10
136.930626713611
 20
221.25
 10
137.979853151551
 20
221.25
  0
LWPOLYLINE
  5
B2
330
17
100
AcDbEntity
  8
HIDDEN
100
AcDbPolyline
 90
2
 70
0
 10
136.930626713611
 20
206.25
 10
137.979853151551
 20
206.25
  0
LWPOLYLINE
  5
B3
330
17
100
AcDbEntity
  8
HIDDEN
100
AcDbPolyline
 90
15
 70
0
 10
136.64705470294854
 20
206.25
 10
136.67451762847872
 20
206.25
 10
136.70087652644077
 20
206.25
 10
136.72613002249642
 20
206.25
 10
136.75027679994244
 20
206.25
 10
136.7733155997793
 20
206.25
 10
136.79524522077676
 20
206.25
 10
136.8160645195366
 20
206.25
 10
136.83577241055218
 20
206.25
 10
136.854367866265
 20
206.25
 10
136.87184991711837
 20
206.25
 10
136.88821765160785
 20
206.25
 10
136.9034702163289
 20
206.25
 10
136.9176068160213
 20
206.25
 10
136.9306267136106
 20
206.25
  0
LWPOLYLINE
  5
B4
330
17
100
AcDbEntity
  8
HIDDEN
100
AcDbPolyline
 90
15
 70
0
 10
136.64705470294854
 20
221.25
 10
136.67451762847872
 20
221.25
 10
136.70087652644077
 20
221.25
 10
136.72613002249642
 20
221.25
 10
136.75027679994244
 20
221.25
 10
136.7733155997793
 20
221.25
 10
136.79524522077676
 20
221.25
 10
136.8160645195366
 20
221.25
 10
136.83577241055218
 20
221.25
 10
136.854367866265
 20
221.25
 10
136.87184991711837
 20
221.25
 10
136.88821765160785
 20
221.25
 10
136.9034702163289
 20
221.25
 10
136.9176068160213
 20
221.25
 10
136.9306267136106
 20
221.25
  0
LWPOLYLINE
  5
B5
330
17
100
AcDbEntity
  8
HIDDEN
100
AcDbPolyline
 90
2
 70
0
 10
136.647054702949
 20
206.25
 10
136.647054702949
 20
221.25
  0
LWPOLYLINE
  5
B6
330
17
100
AcDbEntity
  8
HIDDEN
100
AcDbPolyline
 90
2
 70
0
 10
137.979853151551
 20
221.25
 10
140.789735900939
 20
221.25
  0
LWPOLYLINE
  5
B7
330
17
100
AcDbEntity
  8
HIDDEN
100
AcDbPolyline
 90
2
 70
0
 10
137.979853151551
 20
206.25
 10
140.789735900939
 20
206.25
  0
LWPOLYLINE
  5
B8
330
17
100
AcDbEntity
  8
HIDDEN
100
AcDbPolyline
 90
15
 70
0
 10
141.5
 20
206.25
 10
141.49994976331845
 20
206.25
 10
141.49979905346802
 20
206.25
 10
141.4995478710311
 20
206.25
 10
141.4991962169783
 20
206.25
 10
141.4987440926686
 20
206.25
 10
141.49819149984916
 20
206.25
 10
141.49753844065535
 20
206.25
 10
141.49678491761088
 20
206.25
 10
141.49593093362762
 20
206.25
 10
141.49497649200566
 20
206.25
 10
141.49392159643332
 20
206.25
 10
141.49276625098707
 20
206.25
 10
141.49151046013162
 20
206.25
 10
141.49015422871977
 20
206.25
  0
LWPOLYLINE
  5
B9
330
17
100
AcDbEntity
  8
HIDDEN
100
AcDbPolyline
 90
3
 70
0
 10
141.49015422872
 20
206.25
 10
139.79352638326134
 20
206.25
 10
137.979853151551
 20
206.25
  0
LWPOLYLINE
  5
BA
330
17
100
AcDbEntity
  8
HIDDEN
100
AcDbPolyline
 90
2
 70
0
 10
137.979853151551
 20
206.25
 10
136.93062671361102
 20
206.25
  0
LWPOLYLINE
  5
BB
330
17
100
AcDbEntity
  8
HIDDEN
100
AcDbPolyline
 90
15
 70
0
 10
136.93062671361065
 20
206.25
 10
136.91760681602136
 20
206.25
 10
136.90347021632897
 20
206.25
 10
136.8882176516079
 20
206.25
 10
136.8718499171184
 20
206.25
 10
136.85436786626502
 20
206.25
 10
136.83577241055218
 20
206.25
 10
136.81606451953658
 20
206.25
 10
136.7952452207767
 20
206.25
 10
136.77331559977924
 20
206.25
 10
136.75027679994236
 20
206.25
 10
136.7261300224963
 20
206.25
 10
136.70087652644065
 20
206.25
 10
136.67451762847855
 20
206.25
 10
136.64705470294834
 20
206.25
  0
LWPOLYLINE
  5
BC
330
17
100
AcDbEntity
  8
HIDDEN
100
AcDbPolyline
 90
2
 70
0
 10
136.647054702949
 20
206.25
 10
137.68239768080002
 20
206.25
  0
LWPOLYLINE
  5
BD
330
17
100
AcDbEntity
  8
HIDDEN
100
AcDbPolyline
 90
3
 70
0
 10
137.6823976808
 20
206.25
 10
139.34391921384776
 20
206.25
 10
140.789735900939
 20
206.25
  0
LWPOLYLINE
  5
BE
330
17
100
AcDbEntity
  8
HIDDEN
100
AcDbPolyline
 90
15
 70
0
 10
140.78973590093864
 20
206.25
 10
140.76581070789592
 20
206.25
 10
140.74149497046565
 20
206.25
 10
140.71678906450651
 20
206.25
 10
140.6916933719082
 20
206.25
 10
140.66620828058555
 20
206.25
 10
140.64033418447244
 20
206.25
 10
140.61407148351577
 20
206.25
 10
140.5874205836693
 20
206.25
 10
140.56038189688735
 20
206.25
 10
140.5329558411184
 20
206.25
 10
140.50514284029862
 20
206.25
 10
140.47694332434543
 20
206.25
 10
140.44835772915076
 20
206.25
 10
140.4193864965743
 20
206.25
  0
LWPOLYLINE
  5
BF
330
17
100
AcDbEntity
  8
HIDDEN
100
AcDbPolyline
 90
2
 70
0
 10
140.419386496574
 20
206.25
 10
136.745343779737
 20
206.25
  0
LWPOLYLINE
  5
C0
330
17
100
AcDbEntity
  8
HIDDEN
100
AcDbPolyline
 90
2
 70
0
 10
136.745343779737
 20
206.25
 10
135.75373692952584
 20
206.25
  0
LWPOLYLINE
  5
C1
330
17
100
AcDbEntity
  8
HIDDEN
100
AcDbPolyline
 90
15
 70
0
 10
135.75373692952698
 20
206.25
 10
135.70112149332243
 20
206.25
 10
135.6474527818827
 20
206.25
 10
135.59273359346446
 20
206.25
 10
135.5369667810958
 20
206.25
 10
135.4801552524273
 20
206.25
 10
135.42230196958042
 20
206.25
 10
135.3634099489932
 20
206.25
 10
135.30348226126273
 20
206.25
 10
135.2425220309854
 20
206.25
 10
135.18053243659367
 20
206.25
 10
135.11751671019047
 20
206.25
 10
135.05347813738075
 20
206.25
 10
134.98842005710003
 20
206.25
 10
134.92234586144048
 20
206.25
  0
LWPOLYLINE
  5
C2
330
17
100
AcDbEntity
  8
HIDDEN
100
AcDbPolyline
 90
2
 70
0
 10
134.922345861441
 20
206.25
 10
135.87324846624824
 20
206.25
  0
LWPOLYLINE
  5
C3
330
17
100
AcDbEntity
  8
HIDDEN
100
AcDbPolyline
 90
3
 70
0
 10
135.87324846624801
 20
206.25
 10
137.2693883539493
 20
206.25
 10
138.365863864773
 20
206.25
  0
LWPOLYLINE
  5
C4
330
17
100
AcDbEntity
  8
HIDDEN
100
AcDbPolyline
 90
15
 70
0
 10
138.36586386477038
 20
206.25
 10
138.31703191878537
 20
206.25
 10
138.2678472802286
 20
206.25
 10
138.21831070936793
 20
206.25
 10
138.1684229719112
 20
206.25
 10
138.11818483899447
 20
206.25
 10
138.06759708716987
 20
206.25
 10
138.01666049839383
 20
206.25
 10
137.96537586001486
 20
206.25
 10
137.91374396476147
 20
206.25
 10
137.8617656107298
 20
206.25
 10
137.80944160137142
 20
206.25
 10
137.7567727454808
 20
206.25
 10
137.70375985718283
 20
206.25
 10
137.65040375592034
 20
206.25
  0
LWPOLYLINE
  5
C5
330
17
100
AcDbEntity
  8
HIDDEN
100
AcDbPolyline
 90
2
 70
0
 10
137.65040375592
 20
206.25
 10
134.062999338925
 20
206.25
  0
LWPOLYLINE
  5
C6
330
17
100
AcDbEntity
  8
HIDDEN
100
AcDbPolyline
 90
2
 70
0
 10
134.062999338925
 20
206.25
 10
133.19658844457626
 20
206.25
  0
LWPOLYLINE
  5
C7
330
17
100
AcDbEntity
  8
HIDDEN
100
AcDbPolyline
 90
15
 70
0
 10
133.19658844457115
 20
206.25
 10
133.10796312477805
 20
206.25
 10
133.0184197355843
 20
206.25
 10
132.9279629457324
 20
206.25
 10
132.83659747158902
 20
206.25
 10
132.7443280768992
 20
206.25
 10
132.65115957253778
 20
206.25
 10
132.5570968162588
 20
206.25
 10
132.46214471244198
 20
206.25
 10
132.36630821183724
 20
206.25
 10
132.26959231130638
 20
206.25
 10
132.1720020535626
 20
206.25
 10
132.07354252690772
 20
206.25
 10
131.97421886496662
 20
206.25
 10
131.87403624641976
 20
206.25
  0
LWPOLYLINE
  5
C8
330
17
100
AcDbEntity
  8
HIDDEN
100
AcDbPolyline
 90
2
 70
0
 10
131.87403624642
 20
206.25
 10
132.67569603710723
 20
206.25
  0
LWPOLYLINE
  5
C9
330
17
100
AcDbEntity
  8
HIDDEN
100
AcDbPolyline
 90
4
 70
0
 10
132.675696037107
 20
206.25
 10
133.25374001918172
 20
206.25
 10
133.71130965334436
 20
206.25
 10
134.38372099385
 20
206.25
  0
LWPOLYLINE
  5
CA
330
17
100
AcDbEntity
  8
HIDDEN
100
AcDbPolyline
 90
15
 70
0
 10
134.3837209938557
 20
206.25
 10
134.31331011134796
 20
206.25
 10
134.24260842350012
 20
206.25
 10
134.17161702317827
 20
206.25
 10
134.1003370077267
 20
206.25
 10
134.02876947895092
 20
206.25
 10
133.95691554310068
 20
206.25
 10
133.88477631085286
 20
206.25
 10
133.81235289729426
 20
206.25
 10
133.7396464219044
 20
206.25
 10
133.66665800853823
 20
206.25
 10
133.59338878540868
 20
206.25
 10
133.51983988506933
 20
206.25
 10
133.44601244439684
 20
206.25
 10
133.37190760457335
 20
206.25
  0
LWPOLYLINE
  5
CB
330
17
100
AcDbEntity
  8
HIDDEN
100
AcDbPolyline
 90
3
 70
0
 10
133.371907604573
 20
206.25
 10
131.64492483573252
 20
206.25
 10
130.115617169972
 20
206.25
  0
LWPOLYLINE
  5
CC
330
17
100
AcDbEntity
  8
HIDDEN
100
AcDbPolyline
 90
2
 70
0
 10
130.115617169972
 20
206.25
 10
129.4334467021243
 20
206.25
  0
LWPOLYLINE
  5
CD
330
17
100
AcDbEntity
  8
HIDDEN
100
AcDbPolyline
 90
15
 70
0
 10
129.43344670212358
 20
206.25
 10
129.31485116782486
 20
206.25
 10
129.19553533487252
 20
206.25
 10
129.0755054243277
 20
206.25
 10
128.95476769448317
 20
206.25
 10
128.83332844053695
 20
206.25
 10
128.71119399426422
 20
206.25
 10
128.58837072368704
 20
206.25
 10
128.4648650327424
 20
206.25
 10
128.3406833609483
 20
206.25
 10
128.21583218306804
 20
206.25
 10
128.09031800877256
 20
206.25
 10
127.96414738230105
 20
206.25
 10
127.83732688211981
 20
206.25
 10
127.70986312057913
 20
206.25
  0
LWPOLYLINE
  5
CE
330
17
100
AcDbEntity
  8
HIDDEN
100
AcDbPolyline
 90
2
 70
0
 10
127.709863120579
 20
206.25
 10
128.3076483072164
 20
206.25
  0
LWPOLYLINE
  5
CF
330
17
100
AcDbEntity
  8
HIDDEN
100
AcDbPolyline
 90
4
 70
0
 10
128.307648307216
 20
206.25
 10
128.67889392269552
 20
206.25
 10
128.9121602954769
 20
206.25
 10
129.114683744021
 20
206.25
  0
LWPOLYLINE
  5
D0
330
17
100
AcDbEntity
  8
HIDDEN
100
AcDbPolyline
 90
15
 70
0
 10
129.1146837440138
 20
206.25
 10
129.0274923102682
 20
206.25
 10
128.94009177631753
 20
206.25
 10
128.85248349314907
 20
206.25
 10
128.7646688149613
 20
206.25
 10
128.67664909914313
 20
206.25
 10
128.58842570625274
 20
206.25
 10
128.49999999999665
 20
206.25
 10
128.4113733472086
 20
206.25
 10
128.3225471178285
 20
206.25
 10
128.2335226848812
 20
206.25
 10
128.14430142445522
 20
206.25
 10
128.05488471568154
 20
206.25
 10
127.96527394071228
 20
206.25
 10
127.87547048469933
 20
206.25
  0
LWPOLYLINE
  5
D1
330
17
100
AcDbEntity
  8
HIDDEN
100
AcDbPolyline
 90
4
 70
0
 10
127.875470484699
 20
206.25
 10
126.38136608778458
 20
206.25
 10
125.72087020641263
 20
206.25
 10
125.172204844335
 20
206.25
  0
LWPOLYLINE
  5
D2
330
17
100
AcDbEntity
  8
HIDDEN
100
AcDbPolyline
 90
2
 70
0
 10
125.172204844335
 20
206.25
 10
124.72076359303249
 20
206.25
  0
LWPOLYLINE
  5
D3
330
17
100
AcDbEntity
  8
HIDDEN
100
AcDbPolyline
 90
15
 70
0
 10
124.72076359302645
 20
206.25
 10
124.58027993389679
 20
206.25
 10
124.43932283402344
 20
206.25
 10
124.29789964283117
 20
206.25
 10
124.15601773404647
 20
206.25
 10
124.01368450531314
 20
206.25
 10
123.8709073778065
 20
206.25
 10
123.72769379584659
 20
206.25
 10
123.58405122650987
 20
206.25
 10
123.43998715923998
 20
206.25
 10
123.29550910545724
 20
206.25
 10
123.15062459816698
 20
206.25
 10
123.00534119156681
 20
206.25
 10
122.85966646065272
 20
206.25
 10
122.71360800082412
 20
206.25
  0
LWPOLYLINE
  5
D4
330
17
100
AcDbEntity
  8
HIDDEN
100
AcDbPolyline
 90
2
 70
0
 10
122.713608000824
 20
206.25
 10
123.06678051082753
 20
206.25
  0
LWPOLYLINE
  5
D5
330
17
100
AcDbEntity
  8
HIDDEN
100
AcDbPolyline
 90
2
 70
0
 10
123.066780510828
 20
206.25
 10
123.21646164531347
 20
206.25
  0
LWPOLYLINE
  5
D6
330
17
100
AcDbEntity
  8
HIDDEN
100
AcDbPolyline
 90
3
 70
0
 10
123.21646164531347
 20
206.25
 10
123.13464388517484
 20
206.25
 10
122.917828296365
 20
206.25
  0
LWPOLYLINE
  5
D7
330
17
100
AcDbEntity
  8
HIDDEN
100
AcDbPolyline
 90
15
 70
0
 10
122.91782829637124
 20
206.25
 10
122.81979826350502
 20
206.25
 10
122.72165508540223
 20
206.25
 10
122.62340027910372
 20
206.25
 10
122.52503536337586
 20
206.25
 10
122.426561858687
 20
206.25
 10
122.32798128718399
 20
206.25
 10
122.22929517266869
 20
206.25
 10
122.13050504057438
 20
206.25
 10
122.03161241794214
 20
206.25
 10
121.93261883339733
 20
206.25
 10
121.83352581712593
 20
206.25
 10
121.73433490085084
 20
206.25
 10
121.63504761780827
 20
206.25
 10
121.535665502724
 20
206.25
  0
LWPOLYLINE
  5
D8
330
17
100
AcDbEntity
  8
HIDDEN
100
AcDbPolyline
 90
4
 70
0
 10
121.535665502724
 20
206.25
 10
120.37626022326234
 20
206.25
 10
119.90668123051131
 20
206.25
 10
119.56964774263
 20
206.25
  0
LWPOLYLINE
  5
D9
330
17
100
AcDbEntity
  8
HIDDEN
100
AcDbPolyline
 90
2
 70
0
 10
119.56964774263
 20
206.25
 10
119.3797006831061
 20
206.25
  0
LWPOLYLINE
  5
DA
330
17
100
AcDbEntity
  8
HIDDEN
100
AcDbPolyline
 90
15
 70
0
 10
119.37970068310462
 20
206.25
 10
119.22690262835297
 20
206.25
 10
119.07391025497185
 20
206.25
 10
118.92073153989848
 20
206.25
 10
118.76737446978584
 20
206.25
 10
118.61384704058624
 20
206.25
 10
118.4601572571344
 20
206.25
 10
118.30631313273015
 20
206.25
 10
118.15232268872053
 20
206.25
 10
117.99819395408161
 20
206.25
 10
117.84393496499986
 20
206.25
 10
117.68955376445315
 20
206.25
 10
117.53505840179137
 20
206.25
 10
117.3804569323168
 20
206.25
 10
117.22575741686401
 20
206.25
  0
LWPOLYLINE
  5
DB
330
17
100
AcDbEntity
  8
HIDDEN
100
AcDbPolyline
 90
2
 70
0
 10
117.225757416864
 20
206.25
 10
117.31024912732313
 20
206.25
  0
LWPOLYLINE
  5
DC
330
17
100
AcDbEntity
  8
HIDDEN
100
AcDbPolyline
 90
2
 70
0
 10
117.310249127323
 20
206.25
 10
117.31220068659682
 20
206.25
  0
LWPOLYLINE
  5
DD
330
17
100
AcDbEntity
  8
HIDDEN
100
AcDbPolyline
 90
4
 70
0
 10
117.31220068659682
 20
206.25
 10
117.19638005489864
 20
206.25
 10
116.94943449644747
 20
206.25
 10
116.215460108853
 20
206.25
  0
LWPOLYLINE
  5
DE
330
17
100
AcDbEntity
  8
HIDDEN
100
AcDbPolyline
 90
15
 70
0
 10
116.21546010885352
 20
206.25
 10
116.11327206160556
 20
206.25
 10
116.01107453475036
 20
206.25
 10
115.9088691079986
 20
206.25
 10
115.80665736118306
 20
206.25
 10
115.7044408742342
 20
206.25
 10
115.60222122715572
 20
206.25
 10
115.50000000000027
 20
206.25
 10
115.3977787728448
 20
206.25
 10
115.29555912576633
 20
206.25
 10
115.19334263881747
 20
206.25
 10
115.09113089200193
 20
206.25
 10
114.98892546525016
 20
206.25
 10
114.88672793839497
 20
206.25
 10
114.784539891147
 20
206.25
  0
LWPOLYLINE
  5
DF
330
17
100
AcDbEntity
  8
HIDDEN
100
AcDbPolyline
 90
4
 70
0
 10
114.784539891147
 20
206.25
 10
114.05056550355249
 20
206.25
 10
113.80361994510135
 20
206.25
 10
113.68779931340318
 20
206.25
  0
LWPOLYLINE
  5
E0
330
17
100
AcDbEntity
  8
HIDDEN
100
AcDbPolyline
 90
2
 70
0
 10
113.68779931340318
 20
206.25
 10
113.689750872677
 20
206.25
  0
LWPOLYLINE
  5
E1
330
17
100
AcDbEntity
  8
HIDDEN
100
AcDbPolyline
 90
2
 70
0
 10
113.689750872677
 20
206.25
 10
113.77424258313614
 20
206.25
  0
LWPOLYLINE
  5
E2
330
17
100
AcDbEntity
  8
HIDDEN
100
AcDbPolyline
 90
15
 70
0
 10
113.77424258313646
 20
206.25
 10
113.61954306768354
 20
206.25
 10
113.46494159820884
 20
206.25
 10
113.31044623554693
 20
206.25
 10
113.1560650350001
 20
206.25
 10
113.00180604591823
 20
206.25
 10
112.84767731127918
 20
206.25
 10
112.69368686726943
 20
206.25
 10
112.53984274286506
 20
206.25
 10
112.38615295941311
 20
206.25
 10
112.23262553021338
 20
206.25
 10
112.07926846010061
 20
206.25
 10
111.92608974502711
 20
206.25
 10
111.77309737164586
 20
206.25
 10
111.6202993168941
 20
206.25
  0
LWPOLYLINE
  5
E3
330
17
100
AcDbEntity
  8
HIDDEN
100
AcDbPolyline
 90
2
 70
0
 10
111.620299316894
 20
206.25
 10
111.4303522573701
 20
206.25
  0
LWPOLYLINE
  5
E4
330
17
100
AcDbEntity
  8
HIDDEN
100
AcDbPolyline
 90
4
 70
0
 10
111.43035225737
 20
206.25
 10
111.09331876948872
 20
206.25
 10
110.62373977673766
 20
206.25
 10
109.464334497276
 20
206.25
  0
LWPOLYLINE
  5
E5
330
17
100
AcDbEntity
  8
HIDDEN
100
AcDbPolyline
 90
15
 70
0
 10
109.46433449727567
 20
206.25
 10
109.36495238219187
 20
206.25
 10
109.26566509914976
 20
206.25
 10
109.16647418287513
 20
206.25
 10
109.06738116660419
 20
206.25
 10
108.96838758205985
 20
206.25
 10
108.86949495942807
 20
206.25
 10
108.77070482733421
 20
206.25
 10
108.67201871281937
 20
206.25
 10
108.57343814131681
 20
206.25
 10
108.47496463662841
 20
206.25
 10
108.376599720901
 20
206.25
 10
108.27834491460294
 20
206.25
 10
108.18020173650059
 20
206.25
 10
108.08217170363483
 20
206.25
  0
LWPOLYLINE
  5
E6
330
17
100
AcDbEntity
  8
HIDDEN
100
AcDbPolyline
 90
3
 70
0
 10
108.082171703635
 20
206.25
 10
107.86535611482513
 20
206.25
 10
107.78353835468653
 20
206.25
  0
LWPOLYLINE
  5
E7
330
17
100
AcDbEntity
  8
HIDDEN
100
AcDbPolyline
 90
2
 70
0
 10
107.78353835468653
 20
206.25
 10
107.933219489172
 20
206.25
  0
LWPOLYLINE
  5
E8
330
17
100
AcDbEntity
  8
HIDDEN
100
AcDbPolyline
 90
2
 70
0
 10
107.933219489172
 20
206.25
 10
108.28639199917554
 20
206.25
  0
LWPOLYLINE
  5
E9
330
17
100
AcDbEntity
  8
HIDDEN
100
AcDbPolyline
 90
15
 70
0
 10
108.28639199917855
 20
206.25
 10
108.14033353934934
 20
206.25
 10
107.99465880843464
 20
206.25
 10
107.84937540183387
 20
206.25
 10
107.70449089454301
 20
206.25
 10
107.56001284075967
 20
206.25
 10
107.41594877348919
 20
206.25
 10
107.27230620415187
 20
206.25
 10
107.12909262219137
 20
206.25
 10
106.98631549468416
 20
206.25
 10
106.84398226595025
 20
206.25
 10
106.70210035716497
 20
206.25
 10
106.56067716597212
 20
206.25
 10
106.41972006609821
 20
206.25
 10
106.279236406968
 20
206.25
  0
LWPOLYLINE
  5
EA
330
17
100
AcDbEntity
  8
HIDDEN
100
AcDbPolyline
 90
2
 70
0
 10
106.279236406968
 20
206.25
 10
105.82779515566548
 20
206.25
  0
LWPOLYLINE
  5
EB
330
17
100
AcDbEntity
  8
HIDDEN
100
AcDbPolyline
 90
4
 70
0
 10
105.827795155665
 20
206.25
 10
105.27912979359186
 20
206.25
 10
104.61863391222145
 20
206.25
 10
103.12452951531
 20
206.25
  0
LWPOLYLINE
  5
EC
330
17
100
AcDbEntity
  8
HIDDEN
100
AcDbPolyline
 90
15
 70
0
 10
103.12452951529582
 20
206.25
 10
103.03472605928273
 20
206.25
 10
102.94511528431333
 20
206.25
 10
102.85569857553952
 20
206.25
 10
102.76647731511339
 20
206.25
 10
102.67745288216594
 20
206.25
 10
102.5886266527857
 20
206.25
 10
102.49999999999753
 20
206.25
 10
102.41157429374128
 20
206.25
 10
102.32335090085073
 20
206.25
 10
102.23533118503242
 20
206.25
 10
102.14751650684454
 20
206.25
 10
102.05990822367595
 20
206.25
 10
101.97250768972513
 20
206.25
 10
101.88531625597938
 20
206.25
  0
LWPOLYLINE
  5
ED
330
17
100
AcDbEntity
  8
HIDDEN
100
AcDbPolyline
 90
4
 70
0
 10
101.88531625598
 20
206.25
 10
102.08783970452563
 20
206.25
 10
102.32110607731056
 20
206.25
 10
102.69235169279
 20
206.25
  0
LWPOLYLINE
  5
EE
330
17
100
AcDbEntity
  8
HIDDEN
100
AcDbPolyline
 90
2
 70
0
 10
102.69235169279
 20
206.25
 10
103.29013687942837
 20
206.25
  0
LWPOLYLINE
  5
EF
330
17
100
AcDbEntity
  8
HIDDEN
100
AcDbPolyline
 90
15
 70
0
 10
103.29013687941331
 20
206.25
 10
103.1626731178734
 20
206.25
 10
103.03585261769288
 20
206.25
 10
102.90968199122212
 20
206.25
 10
102.78416781692735
 20
206.25
 10
102.65931663904782
 20
206.25
 10
102.53513496725444
 20
206.25
 10
102.41162927631049
 20
206.25
 10
102.28880600573402
 20
206.25
 10
102.16667155946197
 20
206.25
 10
102.04523230551646
 20
206.25
 10
101.9244945756726
 20
206.25
 10
101.80446466512845
 20
206.25
 10
101.68514883217676
 20
206.25
 10
101.5665532978787
 20
206.25
  0
LWPOLYLINE
  5
F0
330
17
100
AcDbEntity
  8
HIDDEN
100
AcDbPolyline
 90
2
 70
0
 10
101.56655329788
 20
206.25
 10
100.88438283003143
 20
206.25
  0
LWPOLYLINE
  5
F1
330
17
100
AcDbEntity
  8
HIDDEN
100
AcDbPolyline
 90
3
 70
0
 10
100.88438283003
 20
206.25
 10
99.35507516427361
 20
206.25
 10
97.62809239543
 20
206.25
  0
LWPOLYLINE
  5
F2
330
17
100
AcDbEntity
  8
HIDDEN
100
AcDbPolyline
 90
15
 70
0
 10
97.6280923954324
 20
206.25
 10
97.55398755560887
 20
206.25
 10
97.48016011493634
 20
206.25
 10
97.40661121459695
 20
206.25
 10
97.33334199146736
 20
206.25
 10
97.26035357810115
 20
206.25
 10
97.18764710271125
 20
206.25
 10
97.11522368915261
 20
206.25
 10
97.04308445690475
 20
206.25
 10
96.9712305210545
 20
206.25
 10
96.89966299227868
 20
206.25
 10
96.82838297682706
 20
206.25
 10
96.75739157650517
 20
206.25
 10
96.6866898886573
 20
206.25
 10
96.61627900614951
 20
206.25
  0
LWPOLYLINE
  5
F3
330
17
100
AcDbEntity
  8
HIDDEN
100
AcDbPolyline
 90
4
 70
0
 10
96.61627900615
 20
206.25
 10
97.28869034666138
 20
206.25
 10
97.74625998082477
 20
206.25
 10
98.3243039629
 20
206.25
  0
LWPOLYLINE
  5
F4
330
17
100
AcDbEntity
  8
HIDDEN
100
AcDbPolyline
 90
2
 70
0
 10
98.3243039629
 20
206.25
 10
99.12596375358316
 20
206.25
  0
LWPOLYLINE
  5
F5
330
17
100
AcDbEntity
  8
HIDDEN
100
AcDbPolyline
 90
15
 70
0
 10
99.12596375357978
 20
206.25
 10
99.0257811350327
 20
206.25
 10
98.92645747309135
 20
206.25
 10
98.82799794643621
 20
206.25
 10
98.73040768869221
 20
206.25
 10
98.6336917881611
 20
206.25
 10
98.53785528755611
 20
206.25
 10
98.44290318373909
 20
206.25
 10
98.34884042745988
 20
206.25
 10
98.25567192309826
 20
206.25
 10
98.16340252840821
 20
206.25
 10
98.07203705426464
 20
206.25
 10
97.98158026441253
 20
206.25
 10
97.8920368752186
 20
206.25
 10
97.8034115554253
 20
206.25
  0
LWPOLYLINE
  5
F6
330
17
100
AcDbEntity
  8
HIDDEN
100
AcDbPolyline
 90
2
 70
0
 10
97.80341155543
 20
206.25
 10
96.9370006610806
 20
206.25
  0
LWPOLYLINE
  5
F7
330
17
100
AcDbEntity
  8
HIDDEN
100
AcDbPolyline
 90
2
 70
0
 10
96.93700066107999
 20
206.25
 10
93.34959624408
 20
206.25
  0
LWPOLYLINE
  5
F8
330
17
100
AcDbEntity
  8
HIDDEN
100
AcDbPolyline
 90
15
 70
0
 10
93.3495962440748
 20
206.25
 10
93.29624014281247
 20
206.25
 10
93.2432272545147
 20
206.25
 10
93.19055839862423
 20
206.25
 10
93.13823438926603
 20
206.25
 10
93.08625603523454
 20
206.25
 10
93.03462413998132
 20
206.25
 10
92.98333950160252
 20
206.25
 10
92.93240291282663
 20
206.25
 10
92.8818151610022
 20
206.25
 10
92.8315770280856
 20
206.25
 10
92.78168929062906
 20
206.25
 10
92.73215271976854
 20
206.25
 10
92.68296808121191
 20
206.25
 10
92.63413613522707
 20
206.25
  0
LWPOLYLINE
  5
F9
330
17
100
AcDbEntity
  8
HIDDEN
100
AcDbPolyline
 90
3
 70
0
 10
92.63413613523
 20
206.25
 10
93.73061164605676
 20
206.25
 10
95.12675153376
 20
206.25
  0
LWPOLYLINE
  5
FA
330
17
100
AcDbEntity
  8
HIDDEN
100
AcDbPolyline
 90
2
 70
0
 10
95.12675153376
 20
206.25
 10
96.07765413856151
 20
206.25
  0
LWPOLYLINE
  5
FB
330
17
100
AcDbEntity
  8
HIDDEN
100
AcDbPolyline
 90
15
 70
0
 10
96.07765413855655
 20
206.25
 10
96.01157994289737
 20
206.25
 10
95.94652186261703
 20
206.25
 10
95.88248328980767
 20
206.25
 10
95.81946756340483
 20
206.25
 10
95.75747796901342
 20
206.25
 10
95.6965177387364
 20
206.25
 10
95.63659005100628
 20
206.25
 10
95.57769803041934
 20
206.25
 10
95.51984474757276
 20
206.25
 10
95.46303321890454
 20
206.25
 10
95.40726640653617
 20
206.25
 10
95.35254721811822
 20
206.25
 10
95.2988785066787
 20
206.25
 10
95.24626307047441
 20
206.25
  0
LWPOLYLINE
  5
FC
330
17
100
AcDbEntity
  8
HIDDEN
100
AcDbPolyline
 90
2
 70
0
 10
95.24626307048
 20
206.25
 10
94.25465622026972
 20
206.25
  0
LWPOLYLINE
  5
FD
330
17
100
AcDbEntity
  8
HIDDEN
100
AcDbPolyline
 90
2
 70
0
 10
94.25465622027
 20
206.25
 10
90.58061350343
 20
206.25
  0
LWPOLYLINE
  5
FE
330
17
100
AcDbEntity
  8
HIDDEN
100
AcDbPolyline
 90
15
 70
0
 10
90.58061350342746
 20
206.25
 10
90.55164227085089
 20
206.25
 10
90.5230566756561
 20
206.25
 10
90.4948571597028
 20
206.25
 10
90.46704415888291
 20
206.25
 10
90.43961810311382
 20
206.25
 10
90.41257941633175
 20
206.25
 10
90.38592851648518
 20
206.25
 10
90.35966581552842
 20
206.25
 10
90.33379171941519
 20
206.25
 10
90.30830662809244
 20
206.25
 10
90.28321093549404
 20
206.25
 10
90.2585050295348
 20
206.25
 10
90.23418929210443
 20
206.25
 10
90.21026409906162
 20
206.25
  0
LWPOLYLINE
  5
FF
330
17
100
AcDbEntity
  8
HIDDEN
100
AcDbPolyline
 90
3
 70
0
 10
90.21026409907
 20
206.25
 10
91.65608078615682
 20
206.25
 10
93.3176023192
 20
206.25
  0
LWPOLYLINE
  5
100
330
17
100
AcDbEntity
  8
HIDDEN
100
AcDbPolyline
 90
2
 70
0
 10
93.3176023192
 20
206.25
 10
94.35294529705973
 20
206.25
  0
LWPOLYLINE
  5
101
330
17
100
AcDbEntity
  8
HIDDEN
100
AcDbPolyline
 90
15
 70
0
 10
94.35294529705101
 20
206.25
 10
94.32548237152082
 20
206.25
 10
94.29912347355878
 20
206.25
 10
94.27386997750313
 20
206.25
 10
94.2497232000571
 20
206.25
 10
94.22668440022025
 20
206.25
 10
94.2047547792228
 20
206.25
 10
94.18393548046295
 20
206.25
 10
94.16422758944738
 20
206.25
 10
94.14563213373455
 20
206.25
 10
94.12815008288119
 20
206.25
 10
94.11178234839169
 20
206.25
 10
94.09652978367063
 20
206.25
 10
94.08239318397824
 20
206.25
 10
94.06937328638895
 20
206.25
  0
LWPOLYLINE
  5
102
330
17
100
AcDbEntity
  8
HIDDEN
100
AcDbPolyline
 90
2
 70
0
 10
94.06937328639
 20
206.25
 10
93.02014684845001
 20
206.25
  0
LWPOLYLINE
  5
103
330
17
100
AcDbEntity
  8
HIDDEN
100
AcDbPolyline
 90
3
 70
0
 10
93.02014684845
 20
206.25
 10
91.20647361674047
 20
206.25
 10
89.50984577128
 20
206.25
  0
LWPOLYLINE
  5
104
330
17
100
AcDbEntity
  8
HIDDEN
100
AcDbPolyline
 90
15
 70
0
 10
89.50984577128025
 20
206.25
 10
89.50848953986835
 20
206.25
 10
89.50723374901287
 20
206.25
 10
89.50607840356659
 20
206.25
 10
89.50502350799422
 20
206.25
 10
89.50406906637225
 20
206.25
 10
89.50321508238898
 20
206.25
 10
89.5024615593445
 20
206.25
 10
89.5018085001507
 20
206.25
 10
89.50125590733126
 20
206.25
 10
89.50080378302157
 20
206.25
 10
89.50045212896882
 20
206.25
 10
89.5002009465319
 20
206.25
 10
89.5000502366815
 20
206.25
 10
89.5
 20
206.25
  0
LWPOLYLINE
  5
105
330
17
100
AcDbEntity
  8
HIDDEN
100
AcDbPolyline
 90
2
 70
0
 10
90.21026409907
 20
206.25
 10
93.02014684845
 20
206.25
  0
LWPOLYLINE
  5
106
330
17
100
AcDbEntity
  8
HIDDEN
100
AcDbPolyline
 90
2
 70
0
 10
93.02014684845
 20
206.25
 10
94.06937328638999
 20
206.25
  0
LWPOLYLINE
  5
107
330
17
100
AcDbEntity
  8
HIDDEN
100
AcDbPolyline
 90
15
 70
0
 10
94.06937328638914
 20
206.25
 10
94.08239318397844
 20
206.25
 10
94.09652978367085
 20
206.25
 10
94.11178234839193
 20
206.25
 10
94.12815008288146
 20
206.25
 10
94.14563213373485
 20
206.25
 10
94.16422758944772
 20
206.25
 10
94.18393548046332
 20
206.25
 10
94.20475477922321
 20
206.25
 10
94.22668440022072
 20
206.25
 10
94.24972320005762
 20
206.25
 10
94.27386997750368
 20
206.25
 10
94.29912347355939
 20
206.25
 10
94.3254823715215
 20
206.25
 10
94.35294529705175
 20
206.25
  0
LWPOLYLINE
  5
108
330
17
100
AcDbEntity
  8
HIDDEN
100
AcDbPolyline
 90
2
 70
0
 10
94.35294529706
 20
206.25
 10
93.31760231920028
 20
206.25
  0
LWPOLYLINE
  5
109
330
17
100
AcDbEntity
  8
HIDDEN
100
AcDbPolyline
 90
3
 70
0
 10
93.3176023192
 20
206.25
 10
91.65608078615682
 20
206.25
 10
90.21026409907
 20
206.25
  0
LWPOLYLINE
  5
10A
330
17
100
AcDbEntity
  8
HIDDEN
100
AcDbPolyline
 90
2
 70
0
 10
92.63413613523001
 20
206.25
 10
94.25465622027
 20
206.25
  0
LWPOLYLINE
  5
10B
330
17
100
AcDbEntity
  8
HIDDEN
100
AcDbPolyline
 90
2
 70
0
 10
94.25465622027
 20
206.25
 10
95.24626307048028
 20
206.25
  0
LWPOLYLINE
  5
10C
330
17
100
AcDbEntity
  8
HIDDEN
100
AcDbPolyline
 90
15
 70
0
 10
95.24626307047284
 20
206.25
 10
95.2988785066774
 20
206.25
 10
95.35254721811717
 20
206.25
 10
95.4072664065354
 20
206.25
 10
95.46303321890406
 20
206.25
 10
95.51984474757259
 20
206.25
 10
95.57769803041947
 20
206.25
 10
95.63659005100673
 20
206.25
 10
95.69651773873719
 20
206.25
 10
95.75747796901454
 20
206.25
 10
95.8194675634063
 20
206.25
 10
95.88248328980953
 20
206.25
 10
95.94652186261926
 20
206.25
 10
96.01157994289998
 20
206.25
 10
96.07765413855957
 20
206.25
  0
LWPOLYLINE
  5
10D
330
17
100
AcDbEntity
  8
HIDDEN
100
AcDbPolyline
 90
2
 70
0
 10
96.07765413856
 20
206.25
 10
95.12675153375848
 20
206.25
  0
LWPOLYLINE
  5
10E
330
17
100
AcDbEntity
  8
HIDDEN
100
AcDbPolyline
 90
3
 70
0
 10
95.12675153376
 20
206.25
 10
93.73061164605674
 20
206.25
 10
92.63413613523
 20
206.25
  0
LWPOLYLINE
  5
10F
330
17
100
AcDbEntity
  8
HIDDEN
100
AcDbPolyline
 90
2
 70
0
 10
96.61627900615
 20
206.25
 10
96.93700066107999
 20
206.25
  0
LWPOLYLINE
  5
110
330
17
100
AcDbEntity
  8
HIDDEN
100
AcDbPolyline
 90
2
 70
0
 10
96.93700066107999
 20
206.25
 10
97.8034115554308
 20
206.25
  0
LWPOLYLINE
  5
111
330
17
100
AcDbEntity
  8
HIDDEN
100
AcDbPolyline
 90
15
 70
0
 10
97.80341155542891
 20
206.25
 10
97.89203687522189
 20
206.25
 10
97.9815802644155
 20
206.25
 10
98.07203705426727
 20
206.25
 10
98.16340252841049
 20
206.25
 10
98.25567192310018
 20
206.25
 10
98.34884042746144
 20
206.25
 10
98.44290318374027
 20
206.25
 10
98.53785528755694
 20
206.25
 10
98.63369178816153
 20
206.25
 10
98.73040768869225
 20
206.25
 10
98.82799794643584
 20
206.25
 10
98.92645747309058
 20
206.25
 10
99.02578113503152
 20
206.25
 10
99.12596375357819
 20
206.25
  0
LWPOLYLINE
  5
112
330
17
100
AcDbEntity
  8
HIDDEN
100
AcDbPolyline
 90
2
 70
0
 10
99.12596375358
 20
206.25
 10
98.32430396289584
 20
206.25
  0
LWPOLYLINE
  5
113
330
17
100
AcDbEntity
  8
HIDDEN
100
AcDbPolyline
 90
4
 70
0
 10
98.3243039629
 20
206.25
 10
97.7462599808248
 20
206.25
 10
97.2886903466614
 20
206.25
 10
96.61627900615
 20
206.25
  0
LWPOLYLINE
  5
114
330
17
100
AcDbEntity
  8
HIDDEN
100
AcDbPolyline
 90
15
 70
0
 10
101.88531625598
 20
206.25
 10
101.98275043340581
 20
206.25
 10
102.08064585787162
 20
206.25
 10
102.17899918890677
 20
206.25
 10
102.27780707041563
 20
206.25
 10
102.37706613079196
 20
206.25
 10
102.47677298303401
 20
206.25
 10
102.57692422486012
 20
206.25
 10
102.67751643882478
 20
206.25
 10
102.77854619243524
 20
206.25
 10
102.88001003826868
 20
206.25
 10
102.98190451408979
 20
206.25
 10
103.08422614296897
 20
206.25
 10
103.18697143340091
 20
206.25
 10
103.2901368794238
 20
206.25
  0
LWPOLYLINE
  5
115
330
17
100
AcDbEntity
  8
HIDDEN
100
AcDbPolyline
 90
2
 70
0
 10
103.29013687943
 20
206.25
 10
102.69235169279116
 20
206.25
  0
LWPOLYLINE
  5
116
330
17
100
AcDbEntity
  8
HIDDEN
100
AcDbPolyline
 90
4
 70
0
 10
102.69235169279
 20
206.25
 10
102.32110607731059
 20
206.25
 10
102.08783970452563
 20
206.25
 10
101.88531625598
 20
206.25
  0
LWPOLYLINE
  5
117
330
17
100
AcDbEntity
  8
HIDDEN
100
AcDbPolyline
 90
15
 70
0
 10
107.78353835468653
 20
206.25
 10
107.81930098239376
 20
206.25
 10
107.85508798675777
 20
206.25
 10
107.8908992541994
 20
206.25
 10
107.92673467106245
 20
206.25
 10
107.96259412361408
 20
206.25
 10
107.9984774980452
 20
206.25
 10
108.03438468047075
 20
206.25
 10
108.07031555693013
 20
206.25
 10
108.10627001338756
 20
206.25
 10
108.14224793573237
 20
206.25
 10
108.17824920977948
 20
206.25
 10
108.21427372126966
 20
206.25
 10
108.25032135586994
 20
206.25
 10
108.28639199917396
 20
206.25
  0
LWPOLYLINE
  5
118
330
17
100
AcDbEntity
  8
HIDDEN
100
AcDbPolyline
 90
2
 70
0
 10
108.286391999176
 20
206.25
 10
107.93321948917279
 20
206.25
  0
LWPOLYLINE
  5
119
330
17
100
AcDbEntity
  8
HIDDEN
100
AcDbPolyline
 90
2
 70
0
 10
107.933219489172
 20
206.25
 10
107.78353835468653
 20
206.25
  0
LWPOLYLINE
  5
11A
330
17
100
AcDbEntity
  8
HIDDEN
100
AcDbPolyline
 90
15
 70
0
 10
113.68779931340318
 20
206.25
 10
113.69397287119499
 20
206.25
 10
113.70014657895676
 20
206.25
 10
113.70632043617584
 20
206.25
 10
113.71249444233956
 20
206.25
 10
113.71866859693523
 20
206.25
 10
113.72484289945017
 20
206.25
 10
113.73101734937167
 20
206.25
 10
113.737191946187
 20
206.25
 10
113.74336668938345
 20
206.25
 10
113.74954157844826
 20
206.25
 10
113.7557166128687
 20
206.25
 10
113.76189179213198
 20
206.25
 10
113.76806711572532
 20
206.25
 10
113.77424258313594
 20
206.25
  0
LWPOLYLINE
  5
11B
330
17
100
AcDbEntity
  8
HIDDEN
100
AcDbPolyline
 90
2
 70
0
 10
113.774242583136
 20
206.25
 10
113.68975087267687
 20
206.25
  0
LWPOLYLINE
  5
11C
330
17
100
AcDbEntity
  8
HIDDEN
100
AcDbPolyline
 90
2
 70
0
 10
117.31220068659682
 20
206.25
 10
117.310249127323
 20
206.25
  0
LWPOLYLINE
  5
11D
330
17
100
AcDbEntity
  8
HIDDEN
100
AcDbPolyline
 90
2
 70
0
 10
117.310249127323
 20
206.25
 10
117.22575741686387
 20
206.25
  0
LWPOLYLINE
  5
11E
330
17
100
AcDbEntity
  8
HIDDEN
100
AcDbPolyline
 90
15
 70
0
 10
117.22575741686343
 20
206.25
 10
117.2319328842741
 20
206.25
 10
117.2381082078675
 20
206.25
 10
117.24428338713082
 20
206.25
 10
117.2504584215513
 20
206.25
 10
117.25663331061615
 20
206.25
 10
117.26280805381265
 20
206.25
 10
117.26898265062803
 20
206.25
 10
117.27515710054956
 20
206.25
 10
117.28133140306454
 20
206.25
 10
117.28750555766027
 20
206.25
 10
117.29367956382403
 20
206.25
 10
117.29985342104315
 20
206.25
 10
117.30602712880497
 20
206.25
 10
117.31220068659682
 20
206.25
  0
LWPOLYLINE
  5
11F
330
17
100
AcDbEntity
  8
HIDDEN
100
AcDbPolyline
 90
2
 70
0
 10
123.21646164531347
 20
206.25
 10
123.066780510828
 20
206.25
  0
LWPOLYLINE
  5
120
330
17
100
AcDbEntity
  8
HIDDEN
100
AcDbPolyline
 90
2
 70
0
 10
123.066780510828
 20
206.25
 10
122.71360800082478
 20
206.25
  0
LWPOLYLINE
  5
121
330
17
100
AcDbEntity
  8
HIDDEN
100
AcDbPolyline
 90
15
 70
0
 10
122.71360800082113
 20
206.25
 10
122.74967864412548
 20
206.25
 10
122.78572627872612
 20
206.25
 10
122.82175079021665
 20
206.25
 10
122.85775206426412
 20
206.25
 10
122.89372998660929
 20
206.25
 10
122.92968444306706
 20
206.25
 10
122.9656153195268
 20
206.25
 10
123.0015225019527
 20
206.25
 10
123.03740587638417
 20
206.25
 10
123.07326532893616
 20
206.25
 10
123.10910074579955
 20
206.25
 10
123.14491201324154
 20
206.25
 10
123.1806990176059
 20
206.25
 10
123.21646164531347
 20
206.25
  0
LWPOLYLINE
  5
122
330
17
100
AcDbEntity
  8
HIDDEN
100
AcDbPolyline
 90
4
 70
0
 10
129.114683744021
 20
206.25
 10
128.91216029547675
 20
206.25
 10
128.67889392269552
 20
206.25
 10
128.307648307216
 20
206.25
  0
LWPOLYLINE
  5
123
330
17
100
AcDbEntity
  8
HIDDEN
100
AcDbPolyline
 90
2
 70
0
 10
128.307648307216
 20
206.25
 10
127.70986312057813
 20
206.25
  0
LWPOLYLINE
  5
124
330
17
100
AcDbEntity
  8
HIDDEN
100
AcDbPolyline
 90
15
 70
0
 10
127.70986312058709
 20
206.25
 10
127.81302856660922
 20
206.25
 10
127.91577385704043
 20
206.25
 10
128.01809548591888
 20
206.25
 10
128.11998996173926
 20
206.25
 10
128.22145380757198
 20
206.25
 10
128.32248356118174
 20
206.25
 10
128.42307577514566
 20
206.25
 10
128.52322701697108
 20
206.25
 10
128.62293386921243
 20
206.25
 10
128.72219292958806
 20
206.25
 10
128.82100081109624
 20
206.25
 10
128.91935414213074
 20
206.25
 10
129.01724956659584
 20
206.25
 10
129.114683744021
 20
206.25
  0
LWPOLYLINE
  5
125
330
17
100
AcDbEntity
  8
HIDDEN
100
AcDbPolyline
 90
4
 70
0
 10
134.38372099385
 20
206.25
 10
133.71130965334436
 20
206.25
 10
133.25374001918175
 20
206.25
 10
132.675696037107
 20
206.25
  0
LWPOLYLINE
  5
126
330
17
100
AcDbEntity
  8
HIDDEN
100
AcDbPolyline
 90
2
 70
0
 10
132.675696037107
 20
206.25
 10
131.87403624641877
 20
206.25
  0
LWPOLYLINE
  5
127
330
17
100
AcDbEntity
  8
HIDDEN
100
AcDbPolyline
 90
15
 70
0
 10
131.87403624641985
 20
206.25
 10
131.9742188649674
 20
206.25
 10
132.07354252690925
 20
206.25
 10
132.17200205356488
 20
206.25
 10
132.26959231130934
 20
206.25
 10
132.36630821184087
 20
206.25
 10
132.4621447124463
 20
206.25
 10
132.55709681626377
 20
206.25
 10
132.6511595725434
 20
206.25
 10
132.74432807690545
 20
206.25
 10
132.8365974715959
 20
206.25
 10
132.92796294573986
 20
206.25
 10
133.01841973559237
 20
206.25
 10
133.1079631247867
 20
206.25
 10
133.19658844458036
 20
206.25
  0
LWPOLYLINE
  5
128
330
17
100
AcDbEntity
  8
HIDDEN
100
AcDbPolyline
 90
2
 70
0
 10
133.196588444576
 20
206.25
 10
134.06299933892612
 20
206.25
  0
LWPOLYLINE
  5
129
330
17
100
AcDbEntity
  8
HIDDEN
100
AcDbPolyline
 90
2
 70
0
 10
134.062999338925
 20
206.25
 10
134.38372099385
 20
206.25
  0
LWPOLYLINE
  5
12A
330
17
100
AcDbEntity
  8
HIDDEN
100
AcDbPolyline
 90
3
 70
0
 10
138.365863864773
 20
206.25
 10
137.2693883539493
 20
206.25
 10
135.87324846624801
 20
206.25
  0
LWPOLYLINE
  5
12B
330
17
100
AcDbEntity
  8
HIDDEN
100
AcDbPolyline
 90
2
 70
0
 10
135.87324846624801
 20
206.25
 10
134.92234586144076
 20
206.25
  0
LWPOLYLINE
  5
12C
330
17
100
AcDbEntity
  8
HIDDEN
100
AcDbPolyline
 90
15
 70
0
 10
134.9223458614429
 20
206.25
 10
134.98842005710213
 20
206.25
 10
135.0534781373825
 20
206.25
 10
135.11751671019192
 20
206.25
 10
135.18053243659483
 20
206.25
 10
135.24252203098627
 20
206.25
 10
135.30348226126335
 20
206.25
 10
135.3634099489935
 20
206.25
 10
135.4223019695805
 20
206.25
 10
135.4801552524271
 20
206.25
 10
135.53696678109537
 20
206.25
 10
135.59273359346378
 20
206.25
 10
135.64745278188178
 20
206.25
 10
135.70112149332132
 20
206.25
 10
135.75373692952564
 20
206.25
  0
LWPOLYLINE
  5
12D
330
17
100
AcDbEntity
  8
HIDDEN
100
AcDbPolyline
 90
2
 70
0
 10
135.75373692952599
 20
206.25
 10
136.74534377973717
 20
206.25
  0
LWPOLYLINE
  5
12E
330
17
100
AcDbEntity
  8
HIDDEN
100
AcDbPolyline
 90
2
 70
0
 10
136.745343779737
 20
206.25
 10
138.365863864773
 20
206.25
  0
LWPOLYLINE
  5
12F
330
17
100
AcDbEntity
  8
HIDDEN
100
AcDbPolyline
 90
3
 70
0
 10
140.789735900939
 20
206.25
 10
139.34391921384776
 20
206.25
 10
137.6823976808
 20
206.25
  0
LWPOLYLINE
  5
130
330
17
100
AcDbEntity
  8
HIDDEN
100
AcDbPolyline
 90
2
 70
0
 10
137.6823976808
 20
206.25
 10
136.647054702949
 20
206.25
  0
LWPOLYLINE
  5
131
330
17
100
AcDbEntity
  8
HIDDEN
100
AcDbPolyline
 90
15
 70
0
 10
121.5
 20
206.25
 10
121.3495674730909
 20
206.25
 10
120.90581320741435
 20
206.25
 10
120.19098889480784
 20
206.25
 10
119.24093881115185
 20
206.25
 10
118.10330243470455
 20
206.25
 10
116.83512560373686
 20
206.25
 10
115.49999999999876
 20
206.25
 10
114.16487439626073
 20
206.25
 10
112.89669756529321
 20
206.25
 10
111.75906118884622
 20
206.25
 10
110.8090111051906
 20
206.25
 10
110.09418679258457
 20
206.25
 10
109.65043252690855
 20
206.25
 10
109.5
 20
206.25
  0
LWPOLYLINE
  5
132
330
17
100
AcDbEntity
  8
HIDDEN
100
AcDbPolyline
 90
15
 70
0
 10
109.5
 20
206.25
 10
109.65043252690957
 20
206.25
 10
110.09418679258641
 20
206.25
 10
110.80901110519304
 20
206.25
 10
111.75906118884897
 20
206.25
 10
112.89669756529608
 20
206.25
 10
114.1648743962635
 20
206.25
 10
115.50000000000124
 20
206.25
 10
116.83512560373893
 20
206.25
 10
118.10330243470615
 20
206.25
 10
119.24093881115296
 20
206.25
 10
120.19098889480851
 20
206.25
 10
120.90581320741467
 20
206.25
 10
121.34956747309099
 20
206.25
 10
121.5
 20
206.25
  0
LWPOLYLINE
  5
133
330
17
100
AcDbEntity
  8
HIDDEN
100
AcDbPolyline
 90
15
 70
0
 10
141.5
 20
221.25
 10
141.49994976331845
 20
221.25
 10
141.49979905346802
 20
221.25
 10
141.4995478710311
 20
221.25
 10
141.4991962169783
 20
221.25
 10
141.4987440926686
 20
221.25
 10
141.49819149984916
 20
221.25
 10
141.49753844065535
 20
221.25
 10
141.49678491761088
 20
221.25
 10
141.49593093362762
 20
221.25
 10
141.49497649200566
 20
221.25
 10
141.49392159643332
 20
221.25
 10
141.49276625098707
 20
221.25
 10
141.49151046013162
 20
221.25
 10
141.49015422871977
 20
221.25
  0
LWPOLYLINE
  5
134
330
17
100
AcDbEntity
  8
HIDDEN
100
AcDbPolyline
 90
3
 70
0
 10
141.49015422872
 20
221.25
 10
139.79352638326134
 20
221.25
 10
137.979853151551
 20
221.25
  0
LWPOLYLINE
  5
135
330
17
100
AcDbEntity
  8
HIDDEN
100
AcDbPolyline
 90
2
 70
0
 10
137.979853151551
 20
221.25
 10
136.93062671361102
 20
221.25
  0
LWPOLYLINE
  5
136
330
17
100
AcDbEntity
  8
HIDDEN
100
AcDbPolyline
 90
15
 70
0
 10
136.93062671361065
 20
221.25
 10
136.91760681602136
 20
221.25
 10
136.90347021632897
 20
221.25
 10
136.8882176516079
 20
221.25
 10
136.8718499171184
 20
221.25
 10
136.85436786626502
 20
221.25
 10
136.83577241055218
 20
221.25
 10
136.81606451953658
 20
221.25
 10
136.7952452207767
 20
221.25
 10
136.77331559977924
 20
221.25
 10
136.75027679994236
 20
221.25
 10
136.7261300224963
 20
221.25
 10
136.70087652644065
 20
221.25
 10
136.67451762847855
 20
221.25
 10
136.64705470294834
 20
221.25
  0
LWPOLYLINE
  5
137
330
17
100
AcDbEntity
  8
HIDDEN
100
AcDbPolyline
 90
2
 70
0
 10
136.647054702949
 20
221.25
 10
137.68239768080002
 20
221.25
  0
LWPOLYLINE
  5
138
330
17
100
AcDbEntity
  8
HIDDEN
100
AcDbPolyline
 90
3
 70
0
 10
137.6823976808
 20
221.25
 10
139.34391921384776
 20
221.25
 10
140.789735900939
 20
221.25
  0
LWPOLYLINE
  5
139
330
17
100
AcDbEntity
  8
HIDDEN
100
AcDbPolyline
 90
15
 70
0
 10
140.78973590093864
 20
221.25
 10
140.76581070789592
 20
221.25
 10
140.74149497046565
 20
221.25
 10
140.71678906450651
 20
221.25
 10
140.6916933719082
 20
221.25
 10
140.66620828058555
 20
221.25
 10
140.64033418447244
 20
221.25
 10
140.61407148351577
 20
221.25
 10
140.5874205836693
 20
221.25
 10
140.56038189688735
 20
221.25
 10
140.5329558411184
 20
221.25
 10
140.50514284029862
 20
221.25
 10
140.47694332434543
 20
221.25
 10
140.44835772915076
 20
221.25
 10
140.4193864965743
 20
221.25
  0
LWPOLYLINE
  5
13A
330
17
100
AcDbEntity
  8
HIDDEN
100
AcDbPolyline
 90
2
 70
0
 10
140.419386496574
 20
221.25
 10
136.745343779737
 20
221.25
  0
LWPOLYLINE
  5
13B
330
17
100
AcDbEntity
  8
HIDDEN
100
AcDbPolyline
 90
2
 70
0
 10
136.745343779737
 20
221.25
 10
135.75373692952584
 20
221.25
  0
LWPOLYLINE
  5
13C
330
17
100
AcDbEntity
  8
HIDDEN
100
AcDbPolyline
 90
15
 70
0
 10
135.75373692952698
 20
221.25
 10
135.70112149332243
 20
221.25
 10
135.6474527818827
 20
221.25
 10
135.59273359346446
 20
221.25
 10
135.5369667810958
 20
221.25
 10
135.4801552524273
 20
221.25
 10
135.42230196958042
 20
221.25
 10
135.3634099489932
 20
221.25
 10
135.30348226126273
 20
221.25
 10
135.2425220309854
 20
221.25
 10
135.18053243659367
 20
221.25
 10
135.11751671019047
 20
221.25
 10
135.05347813738075
 20
221.25
 10
134.98842005710003
 20
221.25
 10
134.92234586144048
 20
221.25
  0
LWPOLYLINE
  5
13D
330
17
100
AcDbEntity
  8
HIDDEN
100
AcDbPolyline
 90
2
 70
0
 10
134.922345861441
 20
221.25
 10
135.87324846624824
 20
221.25
  0
LWPOLYLINE
  5
13E
330
17
100
AcDbEntity
  8
HIDDEN
100
AcDbPolyline
 90
3
 70
0
 10
135.87324846624801
 20
221.25
 10
137.2693883539493
 20
221.25
 10
138.365863864773
 20
221.25
  0
LWPOLYLINE
  5
13F
330
17
100
AcDbEntity
  8
HIDDEN
100
AcDbPolyline
 90
15
 70
0
 10
138.36586386477038
 20
221.25
 10
138.31703191878537
 20
221.25
 10
138.2678472802286
 20
221.25
 10
138.21831070936793
 20
221.25
 10
138.1684229719112
 20
221.25
 10
138.11818483899447
 20
221.25
 10
138.06759708716987
 20
221.25
 10
138.01666049839383
 20
221.25
 10
137.96537586001486
 20
221.25
 10
137.91374396476147
 20
221.25
 10
137.8617656107298
 20
221.25
 10
137.80944160137142
 20
221.25
 10
137.7567727454808
 20
221.25
 10
137.70375985718283
 20
221.25
 10
137.65040375592034
 20
221.25
  0
LWPOLYLINE
  5
140
330
17
100
AcDbEntity
  8
HIDDEN
100
AcDbPolyline
 90
2
 70
0
 10
137.65040375592
 20
221.25
 10
134.062999338925
 20
221.25
  0
LWPOLYLINE
  5
141
330
17
100
AcDbEntity
  8
HIDDEN
100
AcDbPolyline
 90
2
 70
0
 10
134.062999338925
 20
221.25
 10
133.19658844457626
 20
221.25
  0
LWPOLYLINE
  5
142
330
17
100
AcDbEntity
  8
HIDDEN
100
AcDbPolyline
 90
15
 70
0
 10
133.19658844457115
 20
221.25
 10
133.10796312477805
 20
221.25
 10
133.0184197355843
 20
221.25
 10
132.9279629457324
 20
221.25
 10
132.83659747158902
 20
221.25
 10
132.7443280768992
 20
221.25
 10
132.65115957253778
 20
221.25
 10
132.5570968162588
 20
221.25
 10
132.46214471244198
 20
221.25
 10
132.36630821183724
 20
221.25
 10
132.26959231130638
 20
221.25
 10
132.1720020535626
 20
221.25
 10
132.07354252690772
 20
221.25
 10
131.97421886496662
 20
221.25
 10
131.87403624641976
 20
221.25
  0
LWPOLYLINE
  5
143
330
17
100
AcDbEntity
  8
HIDDEN
100
AcDbPolyline
 90
2
 70
0
 10
131.87403624642
 20
221.25
 10
132.67569603710723
 20
221.25
  0
LWPOLYLINE
  5
144
330
17
100
AcDbEntity
  8
HIDDEN
100
AcDbPolyline
 90
4
 70
0
 10
132.675696037107
 20
221.25
 10
133.25374001918172
 20
221.25
 10
133.71130965334436
 20
221.25
 10
134.38372099385
 20
221.25
  0
LWPOLYLINE
  5
145
330
17
100
AcDbEntity
  8
HIDDEN
100
AcDbPolyline
 90
15
 70
0
 10
134.3837209938557
 20
221.25
 10
134.31331011134796
 20
221.25
 10
134.24260842350012
 20
221.25
 10
134.17161702317827
 20
221.25
 10
134.1003370077267
 20
221.25
 10
134.02876947895092
 20
221.25
 10
133.95691554310068
 20
221.25
 10
133.88477631085286
 20
221.25
 10
133.81235289729426
 20
221.25
 10
133.7396464219044
 20
221.25
 10
133.66665800853823
 20
221.25
 10
133.59338878540868
 20
221.25
 10
133.51983988506933
 20
221.25
 10
133.44601244439684
 20
221.25
 10
133.37190760457335
 20
221.25
  0
LWPOLYLINE
  5
146
330
17
100
AcDbEntity
  8
HIDDEN
100
AcDbPolyline
 90
3
 70
0
 10
133.371907604573
 20
221.25
 10
131.64492483573252
 20
221.25
 10
130.115617169972
 20
221.25
  0
LWPOLYLINE
  5
147
330
17
100
AcDbEntity
  8
HIDDEN
100
AcDbPolyline
 90
2
 70
0
 10
130.115617169972
 20
221.25
 10
129.4334467021243
 20
221.25
  0
LWPOLYLINE
  5
148
330
17
100
AcDbEntity
  8
HIDDEN
100
AcDbPolyline
 90
15
 70
0
 10
129.43344670212358
 20
221.25
 10
129.31485116782486
 20
221.25
 10
129.19553533487252
 20
221.25
 10
129.0755054243277
 20
221.25
 10
128.95476769448317
 20
221.25
 10
128.83332844053695
 20
221.25
 10
128.71119399426422
 20
221.25
 10
128.58837072368704
 20
221.25
 10
128.4648650327424
 20
221.25
 10
128.3406833609483
 20
221.25
 10
128.21583218306804
 20
221.25
 10
128.09031800877256
 20
221.25
 10
127.96414738230105
 20
221.25
 10
127.83732688211981
 20
221.25
 10
127.70986312057913
 20
221.25
  0
LWPOLYLINE
  5
149
330
17
100
AcDbEntity
  8
HIDDEN
100
AcDbPolyline
 90
2
 70
0
 10
127.709863120579
 20
221.25
 10
128.3076483072164
 20
221.25
  0
LWPOLYLINE
  5
14A
330
17
100
AcDbEntity
  8
HIDDEN
100
AcDbPolyline
 90
4
 70
0
 10
128.307648307216
 20
221.25
 10
128.67889392269552
 20
221.25
 10
128.9121602954769
 20
221.25
 10
129.114683744021
 20
221.25
  0
LWPOLYLINE
  5
14B
330
17
100
AcDbEntity
  8
HIDDEN
100
AcDbPolyline
 90
15
 70
0
 10
129.1146837440138
 20
221.25
 10
129.0274923102682
 20
221.25
 10
128.94009177631753
 20
221.25
 10
128.85248349314907
 20
221.25
 10
128.7646688149613
 20
221.25
 10
128.67664909914313
 20
221.25
 10
128.58842570625274
 20
221.25
 10
128.49999999999665
 20
221.25
 10
128.4113733472086
 20
221.25
 10
128.3225471178285
 20
221.25
 10
128.2335226848812
 20
221.25
 10
128.14430142445522
 20
221.25
 10
128.05488471568154
 20
221.25
 10
127.96527394071228
 20
221.25
 10
127.87547048469933
 20
221.25
  0
LWPOLYLINE
  5
14C
330
17
100
AcDbEntity
  8
HIDDEN
100
AcDbPolyline
 90
4
 70
0
 10
127.875470484699
 20
221.25
 10
126.38136608778458
 20
221.25
 10
125.72087020641263
 20
221.25
 10
125.172204844335
 20
221.25
  0
LWPOLYLINE
  5
14D
330
17
100
AcDbEntity
  8
HIDDEN
100
AcDbPolyline
 90
2
 70
0
 10
125.172204844335
 20
221.25
 10
124.72076359303249
 20
221.25
  0
LWPOLYLINE
  5
14E
330
17
100
AcDbEntity
  8
HIDDEN
100
AcDbPolyline
 90
15
 70
0
 10
124.72076359302645
 20
221.25
 10
124.58027993389679
 20
221.25
 10
124.43932283402344
 20
221.25
 10
124.29789964283117
 20
221.25
 10
124.15601773404647
 20
221.25
 10
124.01368450531314
 20
221.25
 10
123.8709073778065
 20
221.25
 10
123.72769379584659
 20
221.25
 10
123.58405122650987
 20
221.25
 10
123.43998715923998
 20
221.25
 10
123.29550910545724
 20
221.25
 10
123.15062459816698
 20
221.25
 10
123.00534119156681
 20
221.25
 10
122.85966646065272
 20
221.25
 10
122.71360800082412
 20
221.25
  0
LWPOLYLINE
  5
14F
330
17
100
AcDbEntity
  8
HIDDEN
100
AcDbPolyline
 90
2
 70
0
 10
122.713608000824
 20
221.25
 10
123.06678051082753
 20
221.25
  0
LWPOLYLINE
  5
150
330
17
100
AcDbEntity
  8
HIDDEN
100
AcDbPolyline
 90
2
 70
0
 10
123.066780510828
 20
221.25
 10
123.21646164531347
 20
221.25
  0
LWPOLYLINE
  5
151
330
17
100
AcDbEntity
  8
HIDDEN
100
AcDbPolyline
 90
3
 70
0
 10
123.21646164531347
 20
221.25
 10
123.13464388517484
 20
221.25
 10
122.917828296365
 20
221.25
  0
LWPOLYLINE
  5
152
330
17
100
AcDbEntity
  8
HIDDEN
100
AcDbPolyline
 90
15
 70
0
 10
122.91782829637124
 20
221.25
 10
122.81979826350502
 20
221.25
 10
122.72165508540223
 20
221.25
 10
122.62340027910372
 20
221.25
 10
122.52503536337586
 20
221.25
 10
122.426561858687
 20
221.25
 10
122.32798128718399
 20
221.25
 10
122.22929517266869
 20
221.25
 10
122.13050504057438
 20
221.25
 10
122.03161241794214
 20
221.25
 10
121.93261883339733
 20
221.25
 10
121.83352581712593
 20
221.25
 10
121.73433490085084
 20
221.25
 10
121.63504761780827
 20
221.25
 10
121.535665502724
 20
221.25
  0
LWPOLYLINE
  5
153
330
17
100
AcDbEntity
  8
HIDDEN
100
AcDbPolyline
 90
4
 70
0
 10
121.535665502724
 20
221.25
 10
120.37626022326234
 20
221.25
 10
119.90668123051131
 20
221.25
 10
119.56964774263
 20
221.25
  0
LWPOLYLINE
  5
154
330
17
100
AcDbEntity
  8
HIDDEN
100
AcDbPolyline
 90
2
 70
0
 10
119.56964774263
 20
221.25
 10
119.3797006831061
 20
221.25
  0
LWPOLYLINE
  5
155
330
17
100
AcDbEntity
  8
HIDDEN
100
AcDbPolyline
 90
15
 70
0
 10
119.37970068310462
 20
221.25
 10
119.22690262835297
 20
221.25
 10
119.07391025497185
 20
221.25
 10
118.92073153989848
 20
221.25
 10
118.76737446978584
 20
221.25
 10
118.61384704058624
 20
221.25
 10
118.4601572571344
 20
221.25
 10
118.30631313273015
 20
221.25
 10
118.15232268872053
 20
221.25
 10
117.99819395408161
 20
221.25
 10
117.84393496499986
 20
221.25
 10
117.68955376445315
 20
221.25
 10
117.53505840179137
 20
221.25
 10
117.3804569323168
 20
221.25
 10
117.22575741686401
 20
221.25
  0
LWPOLYLINE
  5
156
330
17
100
AcDbEntity
  8
HIDDEN
100
AcDbPolyline
 90
2
 70
0
 10
117.225757416864
 20
221.25
 10
117.31024912732313
 20
221.25
  0
LWPOLYLINE
  5
157
330
17
100
AcDbEntity
  8
HIDDEN
100
AcDbPolyline
 90
2
 70
0
 10
117.310249127323
 20
221.25
 10
117.31220068659682
 20
221.25
  0
LWPOLYLINE
  5
158
330
17
100
AcDbEntity
  8
HIDDEN
100
AcDbPolyline
 90
4
 70
0
 10
117.31220068659682
 20
221.25
 10
117.19638005489864
 20
221.25
 10
116.94943449644747
 20
221.25
 10
116.215460108853
 20
221.25
  0
LWPOLYLINE
  5
159
330
17
100
AcDbEntity
  8
HIDDEN
100
AcDbPolyline
 90
15
 70
0
 10
116.21546010885352
 20
221.25
 10
116.11327206160556
 20
221.25
 10
116.01107453475036
 20
221.25
 10
115.9088691079986
 20
221.25
 10
115.80665736118306
 20
221.25
 10
115.7044408742342
 20
221.25
 10
115.60222122715572
 20
221.25
 10
115.50000000000027
 20
221.25
 10
115.3977787728448
 20
221.25
 10
115.29555912576633
 20
221.25
 10
115.19334263881747
 20
221.25
 10
115.09113089200193
 20
221.25
 10
114.98892546525016
 20
221.25
 10
114.88672793839497
 20
221.25
 10
114.784539891147
 20
221.25
  0
LWPOLYLINE
  5
15A
330
17
100
AcDbEntity
  8
HIDDEN
100
AcDbPolyline
 90
4
 70
0
 10
114.784539891147
 20
221.25
 10
114.05056550355249
 20
221.25
 10
113.80361994510135
 20
221.25
 10
113.68779931340318
 20
221.25
  0
LWPOLYLINE
  5
15B
330
17
100
AcDbEntity
  8
HIDDEN
100
AcDbPolyline
 90
2
 70
0
 10
113.68779931340318
 20
221.25
 10
113.689750872677
 20
221.25
  0
LWPOLYLINE
  5
15C
330
17
100
AcDbEntity
  8
HIDDEN
100
AcDbPolyline
 90
2
 70
0
 10
113.689750872677
 20
221.25
 10
113.77424258313614
 20
221.25
  0
LWPOLYLINE
  5
15D
330
17
100
AcDbEntity
  8
HIDDEN
100
AcDbPolyline
 90
15
 70
0
 10
113.77424258313646
 20
221.25
 10
113.61954306768354
 20
221.25
 10
113.46494159820884
 20
221.25
 10
113.31044623554693
 20
221.25
 10
113.1560650350001
 20
221.25
 10
113.00180604591823
 20
221.25
 10
112.84767731127918
 20
221.25
 10
112.69368686726943
 20
221.25
 10
112.53984274286506
 20
221.25
 10
112.38615295941311
 20
221.25
 10
112.23262553021338
 20
221.25
 10
112.07926846010061
 20
221.25
 10
111.92608974502711
 20
221.25
 10
111.77309737164586
 20
221.25
 10
111.6202993168941
 20
221.25
  0
LWPOLYLINE
  5
15E
330
17
100
AcDbEntity
  8
HIDDEN
100
AcDbPolyline
 90
2
 70
0
 10
111.620299316894
 20
221.25
 10
111.4303522573701
 20
221.25
  0
LWPOLYLINE
  5
15F
330
17
100
AcDbEntity
  8
HIDDEN
100
AcDbPolyline
 90
4
 70
0
 10
111.43035225737
 20
221.25
 10
111.09331876948872
 20
221.25
 10
110.62373977673766
 20
221.25
 10
109.464334497276
 20
221.25
  0
LWPOLYLINE
  5
160
330
17
100
AcDbEntity
  8
HIDDEN
100
AcDbPolyline
 90
15
 70
0
 10
109.46433449727567
 20
221.25
 10
109.36495238219187
 20
221.25
 10
109.26566509914976
 20
221.25
 10
109.16647418287513
 20
221.25
 10
109.06738116660419
 20
221.25
 10
108.96838758205985
 20
221.25
 10
108.86949495942807
 20
221.25
 10
108.77070482733421
 20
221.25
 10
108.67201871281937
 20
221.25
 10
108.57343814131681
 20
221.25
 10
108.47496463662841
 20
221.25
 10
108.376599720901
 20
221.25
 10
108.27834491460294
 20
221.25
 10
108.18020173650059
 20
221.25
 10
108.08217170363483
 20
221.25
  0
LWPOLYLINE
  5
161
330
17
100
AcDbEntity
  8
HIDDEN
100
AcDbPolyline
 90
3
 70
0
 10
108.082171703635
 20
221.25
 10
107.86535611482513
 20
221.25
 10
107.78353835468653
 20
221.25
  0
LWPOLYLINE
  5
162
330
17
100
AcDbEntity
  8
HIDDEN
100
AcDbPolyline
 90
2
 70
0
 10
107.78353835468653
 20
221.25
 10
107.933219489172
 20
221.25
  0
LWPOLYLINE
  5
163
330
17
100
AcDbEntity
  8
HIDDEN
100
AcDbPolyline
 90
2
 70
0
 10
107.933219489172
 20
221.25
 10
108.28639199917554
 20
221.25
  0
LWPOLYLINE
  5
164
330
17
100
AcDbEntity
  8
HIDDEN
100
AcDbPolyline
 90
15
 70
0
 10
108.28639199917855
 20
221.25
 10
108.14033353934934
 20
221.25
 10
107.99465880843464
 20
221.25
 10
107.84937540183387
 20
221.25
 10
107.70449089454301
 20
221.25
 10
107.56001284075967
 20
221.25
 10
107.41594877348919
 20
221.25
 10
107.27230620415187
 20
221.25
 10
107.12909262219137
 20
221.25
 10
106.98631549468416
 20
221.25
 10
106.84398226595025
 20
221.25
 10
106.70210035716497
 20
221.25
 10
106.56067716597212
 20
221.25
 10
106.41972006609821
 20
221.25
 10
106.279236406968
 20
221.25
  0
LWPOLYLINE
  5
165
330
17
100
AcDbEntity
  8
HIDDEN
100
AcDbPolyline
 90
2
 70
0
 10
106.279236406968
 20
221.25
 10
105.82779515566548
 20
221.25
  0
LWPOLYLINE
  5
166
330
17
100
AcDbEntity
  8
HIDDEN
100
AcDbPolyline
 90
4
 70
0
 10
105.827795155665
 20
221.25
 10
105.27912979359186
 20
221.25
 10
104.61863391222145
 20
221.25
 10
103.12452951531
 20
221.25
  0
LWPOLYLINE
  5
167
330
17
100
AcDbEntity
  8
HIDDEN
100
AcDbPolyline
 90
15
 70
0
 10
103.12452951529582
 20
221.25
 10
103.03472605928273
 20
221.25
 10
102.94511528431333
 20
221.25
 10
102.85569857553952
 20
221.25
 10
102.76647731511339
 20
221.25
 10
102.67745288216594
 20
221.25
 10
102.5886266527857
 20
221.25
 10
102.49999999999753
 20
221.25
 10
102.41157429374128
 20
221.25
 10
102.32335090085073
 20
221.25
 10
102.23533118503242
 20
221.25
 10
102.14751650684454
 20
221.25
 10
102.05990822367595
 20
221.25
 10
101.97250768972513
 20
221.25
 10
101.88531625597938
 20
221.25
  0
LWPOLYLINE
  5
168
330
17
100
AcDbEntity
  8
HIDDEN
100
AcDbPolyline
 90
4
 70
0
 10
101.88531625598
 20
221.25
 10
102.08783970452563
 20
221.25
 10
102.32110607731056
 20
221.25
 10
102.69235169279
 20
221.25
  0
LWPOLYLINE
  5
169
330
17
100
AcDbEntity
  8
HIDDEN
100
AcDbPolyline
 90
2
 70
0
 10
102.69235169279
 20
221.25
 10
103.29013687942837
 20
221.25
  0
LWPOLYLINE
  5
16A
330
17
100
AcDbEntity
  8
HIDDEN
100
AcDbPolyline
 90
15
 70
0
 10
103.29013687941331
 20
221.25
 10
103.1626731178734
 20
221.25
 10
103.03585261769288
 20
221.25
 10
102.90968199122212
 20
221.25
 10
102.78416781692735
 20
221.25
 10
102.65931663904782
 20
221.25
 10
102.53513496725444
 20
221.25
 10
102.41162927631049
 20
221.25
 10
102.28880600573402
 20
221.25
 10
102.16667155946197
 20
221.25
 10
102.04523230551646
 20
221.25
 10
101.9244945756726
 20
221.25
 10
101.80446466512845
 20
221.25
 10
101.68514883217676
 20
221.25
 10
101.5665532978787
 20
221.25
  0
LWPOLYLINE
  5
16B
330
17
100
AcDbEntity
  8
HIDDEN
100
AcDbPolyline
 90
2
 70
0
 10
101.56655329788
 20
221.25
 10
100.88438283003143
 20
221.25
  0
LWPOLYLINE
  5
16C
330
17
100
AcDbEntity
  8
HIDDEN
100
AcDbPolyline
 90
3
 70
0
 10
100.88438283003
 20
221.25
 10
99.35507516427361
 20
221.25
 10
97.62809239543
 20
221.25
  0
LWPOLYLINE
  5
16D
330
17
100
AcDbEntity
  8
HIDDEN
100
AcDbPolyline
 90
15
 70
0
 10
97.6280923954324
 20
221.25
 10
97.55398755560887
 20
221.25
 10
97.48016011493634
 20
221.25
 10
97.40661121459695
 20
221.25
 10
97.33334199146736
 20
221.25
 10
97.26035357810115
 20
221.25
 10
97.18764710271125
 20
221.25
 10
97.11522368915261
 20
221.25
 10
97.04308445690475
 20
221.25
 10
96.9712305210545
 20
221.25
 10
96.89966299227868
 20
221.25
 10
96.82838297682706
 20
221.25
 10
96.75739157650517
 20
221.25
 10
96.6866898886573
 20
221.25
 10
96.61627900614951
 20
221.25
  0
LWPOLYLINE
  5
16E
330
17
100
AcDbEntity
  8
HIDDEN
100
AcDbPolyline
 90
4
 70
0
 10
96.61627900615
 20
221.25
 10
97.28869034666138
 20
221.25
 10
97.74625998082477
 20
221.25
 10
98.3243039629
 20
221.25
  0
LWPOLYLINE
  5
16F
330
17
100
AcDbEntity
  8
HIDDEN
100
AcDbPolyline
 90
2
 70
0
 10
98.3243039629
 20
221.25
 10
99.12596375358316
 20
221.25
  0
LWPOLYLINE
  5
170
330
17
100
AcDbEntity
  8
HIDDEN
100
AcDbPolyline
 90
15
 70
0
 10
99.12596375357978
 20
221.25
 10
99.0257811350327
 20
221.25
 10
98.92645747309135
 20
221.25
 10
98.82799794643621
 20
221.25
 10
98.73040768869221
 20
221.25
 10
98.6336917881611
 20
221.25
 10
98.53785528755611
 20
221.25
 10
98.44290318373909
 20
221.25
 10
98.34884042745988
 20
221.25
 10
98.25567192309826
 20
221.25
 10
98.16340252840821
 20
221.25
 10
98.07203705426464
 20
221.25
 10
97.98158026441253
 20
221.25
 10
97.8920368752186
 20
221.25
 10
97.8034115554253
 20
221.25
  0
LWPOLYLINE
  5
171
330
17
100
AcDbEntity
  8
HIDDEN
100
AcDbPolyline
 90
2
 70
0
 10
97.80341155543
 20
221.25
 10
96.9370006610806
 20
221.25
  0
LWPOLYLINE
  5
172
330
17
100
AcDbEntity
  8
HIDDEN
100
AcDbPolyline
 90
2
 70
0
 10
96.93700066107999
 20
221.25
 10
93.34959624408
 20
221.25
  0
LWPOLYLINE
  5
173
330
17
100
AcDbEntity
  8
HIDDEN
100
AcDbPolyline
 90
15
 70
0
 10
93.3495962440748
 20
221.25
 10
93.29624014281247
 20
221.25
 10
93.2432272545147
 20
221.25
 10
93.19055839862423
 20
221.25
 10
93.13823438926603
 20
221.25
 10
93.08625603523454
 20
221.25
 10
93.03462413998132
 20
221.25
 10
92.98333950160252
 20
221.25
 10
92.93240291282663
 20
221.25
 10
92.8818151610022
 20
221.25
 10
92.8315770280856
 20
221.25
 10
92.78168929062906
 20
221.25
 10
92.73215271976854
 20
221.25
 10
92.68296808121191
 20
221.25
 10
92.63413613522707
 20
221.25
  0
LWPOLYLINE
  5
174
330
17
100
AcDbEntity
  8
HIDDEN
100
AcDbPolyline
 90
3
 70
0
 10
92.63413613523
 20
221.25
 10
93.73061164605676
 20
221.25
 10
95.12675153376
 20
221.25
  0
LWPOLYLINE
  5
175
330
17
100
AcDbEntity
  8
HIDDEN
100
AcDbPolyline
 90
2
 70
0
 10
95.12675153376
 20
221.25
 10
96.07765413856151
 20
221.25
  0
LWPOLYLINE
  5
176
330
17
100
AcDbEntity
  8
HIDDEN
100
AcDbPolyline
 90
15
 70
0
 10
96.07765413855655
 20
221.25
 10
96.01157994289737
 20
221.25
 10
95.94652186261703
 20
221.25
 10
95.88248328980767
 20
221.25
 10
95.81946756340483
 20
221.25
 10
95.75747796901342
 20
221.25
 10
95.6965177387364
 20
221.25
 10
95.63659005100628
 20
221.25
 10
95.57769803041934
 20
221.25
 10
95.51984474757276
 20
221.25
 10
95.46303321890454
 20
221.25
 10
95.40726640653617
 20
221.25
 10
95.35254721811822
 20
221.25
 10
95.2988785066787
 20
221.25
 10
95.24626307047441
 20
221.25
  0
LWPOLYLINE
  5
177
330
17
100
AcDbEntity
  8
HIDDEN
100
AcDbPolyline
 90
2
 70
0
 10
95.24626307048
 20
221.25
 10
94.25465622026972
 20
221.25
  0
LWPOLYLINE
  5
178
330
17
100
AcDbEntity
  8
HIDDEN
100
AcDbPolyline
 90
2
 70
0
 10
94.25465622027
 20
221.25
 10
90.58061350343
 20
221.25
  0
LWPOLYLINE
  5
179
330
17
100
AcDbEntity
  8
HIDDEN
100
AcDbPolyline
 90
15
 70
0
 10
90.58061350342746
 20
221.25
 10
90.55164227085089
 20
221.25
 10
90.5230566756561
 20
221.25
 10
90.4948571597028
 20
221.25
 10
90.46704415888291
 20
221.25
 10
90.43961810311382
 20
221.25
 10
90.41257941633175
 20
221.25
 10
90.38592851648518
 20
221.25
 10
90.35966581552842
 20
221.25
 10
90.33379171941519
 20
221.25
 10
90.30830662809244
 20
221.25
 10
90.28321093549404
 20
221.25
 10
90.2585050295348
 20
221.25
 10
90.23418929210443
 20
221.25
 10
90.21026409906162
 20
221.25
  0
LWPOLYLINE
  5
17A
330
17
100
AcDbEntity
  8
HIDDEN
100
AcDbPolyline
 90
3
 70
0
 10
90.21026409907
 20
221.25
 10
91.65608078615682
 20
221.25
 10
93.3176023192
 20
221.25
  0
LWPOLYLINE
  5
17B
330
17
100
AcDbEntity
  8
HIDDEN
100
AcDbPolyline
 90
2
 70
0
 10
93.3176023192
 20
221.25
 10
94.35294529705973
 20
221.25
  0
LWPOLYLINE
  5
17C
330
17
100
AcDbEntity
  8
HIDDEN
100
AcDbPolyline
 90
15
 70
0
 10
94.35294529705101
 20
221.25
 10
94.32548237152082
 20
221.25
 10
94.29912347355878
 20
221.25
 10
94.27386997750313
 20
221.25
 10
94.2497232000571
 20
221.25
 10
94.22668440022025
 20
221.25
 10
94.2047547792228
 20
221.25
 10
94.18393548046295
 20
221.25
 10
94.16422758944738
 20
221.25
 10
94.14563213373455
 20
221.25
 10
94.12815008288119
 20
221.25
 10
94.11178234839169
 20
221.25
 10
94.09652978367063
 20
221.25
 10
94.08239318397824
 20
221.25
 10
94.06937328638895
 20
221.25
  0
LWPOLYLINE
  5
17D
330
17
100
AcDbEntity
  8
HIDDEN
100
AcDbPolyline
 90
2
 70
0
 10
94.06937328639
 20
221.25
 10
93.02014684845001
 20
221.25
  0
LWPOLYLINE
  5
17E
330
17
100
AcDbEntity
  8
HIDDEN
100
AcDbPolyline
 90
3
 70
0
 10
93.02014684845
 20
221.25
 10
91.20647361674047
 20
221.25
 10
89.50984577128
 20
221.25
  0
LWPOLYLINE
  5
17F
330
17
100
AcDbEntity
  8
HIDDEN
100
AcDbPolyline
 90
15
 70
0
 10
89.50984577128025
 20
221.25
 10
89.50848953986835
 20
221.25
 10
89.50723374901287
 20
221.25
 10
89.50607840356659
 20
221.25
 10
89.50502350799422
 20
221.25
 10
89.50406906637225
 20
221.25
 10
89.50321508238898
 20
221.25
 10
89.5024615593445
 20
221.25
 10
89.5018085001507
 20
221.25
 10
89.50125590733126
 20
221.25
 10
89.50080378302157
 20
221.25
 10
89.50045212896882
 20
221.25
 10
89.5002009465319
 20
221.25
 10
89.5000502366815
 20
221.25
 10
89.5
 20
221.25
  0
LWPOLYLINE
  5
180
330
17
100
AcDbEntity
  8
HIDDEN
100
AcDbPolyline
 90
2
 70
0
 10
90.21026409907
 20
221.25
 10
93.02014684845
 20
221.25
  0
LWPOLYLINE
  5
181
330
17
100
AcDbEntity
  8
HIDDEN
100
AcDbPolyline
 90
2
 70
0
 10
93.02014684845
 20
221.25
 10
94.06937328638999
 20
221.25
  0
LWPOLYLINE
  5
182
330
17
100
AcDbEntity
  8
HIDDEN
100
AcDbPolyline
 90
15
 70
0
 10
94.06937328638914
 20
221.25
 10
94.08239318397844
 20
221.25
 10
94.09652978367085
 20
221.25
 10
94.11178234839193
 20
221.25
 10
94.12815008288146
 20
221.25
 10
94.14563213373485
 20
221.25
 10
94.16422758944772
 20
221.25
 10
94.18393548046332
 20
221.25
 10
94.20475477922321
 20
221.25
 10
94.22668440022072
 20
221.25
 10
94.24972320005762
 20
221.25
 10
94.27386997750368
 20
221.25
 10
94.29912347355939
 20
221.25
 10
94.3254823715215
 20
221.25
 10
94.35294529705175
 20
221.25
  0
LWPOLYLINE
  5
183
330
17
100
AcDbEntity
  8
HIDDEN
100
AcDbPolyline
 90
2
 70
0
 10
94.35294529706
 20
221.25
 10
93.31760231920028
 20
221.25
  0
LWPOLYLINE
  5
184
330
17
100
AcDbEntity
  8
HIDDEN
100
AcDbPolyline
 90
3
 70
0
 10
93.3176023192
 20
221.25
 10
91.65608078615682
 20
221.25
 10
90.21026409907
 20
221.25
  0
LWPOLYLINE
  5
185
330
17
100
AcDbEntity
  8
HIDDEN
100
AcDbPolyline
 90
2
 70
0
 10
92.63413613523001
 20
221.25
 10
94.25465622027
 20
221.25
  0
LWPOLYLINE
  5
186
330
17
100
AcDbEntity
  8
HIDDEN
100
AcDbPolyline
 90
2
 70
0
 10
94.25465622027
 20
221.25
 10
95.24626307048028
 20
221.25
  0
LWPOLYLINE
  5
187
330
17
100
AcDbEntity
  8
HIDDEN
100
AcDbPolyline
 90
15
 70
0
 10
95.24626307047284
 20
221.25
 10
95.2988785066774
 20
221.25
 10
95.35254721811717
 20
221.25
 10
95.4072664065354
 20
221.25
 10
95.46303321890406
 20
221.25
 10
95.51984474757259
 20
221.25
 10
95.57769803041947
 20
221.25
 10
95.63659005100673
 20
221.25
 10
95.69651773873719
 20
221.25
 10
95.75747796901454
 20
221.25
 10
95.8194675634063
 20
221.25
 10
95.88248328980953
 20
221.25
 10
95.94652186261926
 20
221.25
 10
96.01157994289998
 20
221.25
 10
96.07765413855957
 20
221.25
  0
LWPOLYLINE
  5
188
330
17
100
AcDbEntity
  8
HIDDEN
100
AcDbPolyline
 90
2
 70
0
 10
96.07765413856
 20
221.25
 10
95.12675153375848
 20
221.25
  0
LWPOLYLINE
  5
189
330
17
100
AcDbEntity
  8
HIDDEN
100
AcDbPolyline
 90
3
 70
0
 10
95.12675153376
 20
221.25
 10
93.73061164605674
 20
221.25
 10
92.63413613523
 20
221.25
  0
LWPOLYLINE
  5
18A
330
17
100
AcDbEntity
  8
HIDDEN
100
AcDbPolyline
 90
2
 70
0
 10
96.61627900615
 20
221.25
 10
96.93700066107999
 20
221.25
  0
LWPOLYLINE
  5
18B
330
17
100
AcDbEntity
  8
HIDDEN
100
AcDbPolyline
 90
2
 70
0
 10
96.93700066107999
 20
221.25
 10
97.8034115554308
 20
221.25
  0
LWPOLYLINE
  5
18C
330
17
100
AcDbEntity
  8
HIDDEN
100
AcDbPolyline
 90
15
 70
0
 10
97.80341155542891
 20
221.25
 10
97.89203687522189
 20
221.25
 10
97.9815802644155
 20
221.25
 10
98.07203705426727
 20
221.25
 10
98.16340252841049
 20
221.25
 10
98.25567192310018
 20
221.25
 10
98.34884042746144
 20
221.25
 10
98.44290318374027
 20
221.25
 10
98.53785528755694
 20
221.25
 10
98.63369178816153
 20
221.25
 10
98.73040768869225
 20
221.25
 10
98.82799794643584
 20
221.25
 10
98.92645747309058
 20
221.25
 10
99.02578113503152
 20
221.25
 10
99.12596375357819
 20
221.25
  0
LWPOLYLINE
  5
18D
330
17
100
AcDbEntity
  8
HIDDEN
100
AcDbPolyline
 90
2
 70
0
 10
99.12596375358
 20
221.25
 10
98.32430396289584
 20
221.25
  0
LWPOLYLINE
  5
18E
330
17
100
AcDbEntity
  8
HIDDEN
100
AcDbPolyline
 90
4
 70
0
 10
98.3243039629
 20
221.25
 10
97.7462599808248
 20
221.25
 10
97.2886903466614
 20
221.25
 10
96.61627900615
 20
221.25
  0
LWPOLYLINE
  5
18F
330
17
100
AcDbEntity
  8
HIDDEN
100
AcDbPolyline
 90
15
 70
0
 10
101.88531625598
 20
221.25
 10
101.98275043340581
 20
221.25
 10
102.08064585787162
 20
221.25
 10
102.17899918890677
 20
221.25
 10
102.27780707041563
 20
221.25
 10
102.37706613079196
 20
221.25
 10
102.47677298303401
 20
221.25
 10
102.57692422486012
 20
221.25
 10
102.67751643882478
 20
221.25
 10
102.77854619243524
 20
221.25
 10
102.88001003826868
 20
221.25
 10
102.98190451408979
 20
221.25
 10
103.08422614296897
 20
221.25
 10
103.18697143340091
 20
221.25
 10
103.2901368794238
 20
221.25
  0
LWPOLYLINE
  5
190
330
17
100
AcDbEntity
  8
HIDDEN
100
AcDbPolyline
 90
2
 70
0
 10
103.29013687943
 20
221.25
 10
102.69235169279116
 20
221.25
  0
LWPOLYLINE
  5
191
330
17
100
AcDbEntity
  8
HIDDEN
100
AcDbPolyline
 90
4
 70
0
 10
102.69235169279
 20
221.25
 10
102.32110607731059
 20
221.25
 10
102.08783970452563
 20
221.25
 10
101.88531625598
 20
221.25
  0
LWPOLYLINE
  5
192
330
17
100
AcDbEntity
  8
HIDDEN
100
AcDbPolyline
 90
15
 70
0
 10
107.78353835468653
 20
221.25
 10
107.81930098239376
 20
221.25
 10
107.85508798675777
 20
221.25
 10
107.8908992541994
 20
221.25
 10
107.92673467106245
 20
221.25
 10
107.96259412361408
 20
221.25
 10
107.9984774980452
 20
221.25
 10
108.03438468047075
 20
221.25
 10
108.07031555693013
 20
221.25
 10
108.10627001338756
 20
221.25
 10
108.14224793573237
 20
221.25
 10
108.17824920977948
 20
221.25
 10
108.21427372126966
 20
221.25
 10
108.25032135586994
 20
221.25
 10
108.28639199917396
 20
221.25
  0
LWPOLYLINE
  5
193
330
17
100
AcDbEntity
  8
HIDDEN
100
AcDbPolyline
 90
2
 70
0
 10
108.286391999176
 20
221.25
 10
107.93321948917279
 20
221.25
  0
LWPOLYLINE
  5
194
330
17
100
AcDbEntity
  8
HIDDEN
100
AcDbPolyline
 90
2
 70
0
 10
107.933219489172
 20
221.25
 10
107.78353835468653
 20
221.25
  0
LWPOLYLINE
  5
195
330
17
100
AcDbEntity
  8
HIDDEN
100
AcDbPolyline
 90
15
 70
0
 10
113.68779931340318
 20
221.25
 10
113.69397287119499
 20
221.25
 10
113.70014657895676
 20
221.25
 10
113.70632043617584
 20
221.25
 10
113.71249444233956
 20
221.25
 10
113.71866859693523
 20
221.25
 10
113.72484289945017
 20
221.25
 10
113.73101734937167
 20
221.25
 10
113.737191946187
 20
221.25
 10
113.74336668938345
 20
221.25
 10
113.74954157844826
 20
221.25
 10
113.7557166128687
 20
221.25
 10
113.76189179213198
 20
221.25
 10
113.76806711572532
 20
221.25
 10
113.77424258313594
 20
221.25
  0
LWPOLYLINE
  5
196
330
17
100
AcDbEntity
  8
HIDDEN
100
AcDbPolyline
 90
2
 70
0
 10
113.774242583136
 20
221.25
 10
113.68975087267687
 20
221.25
  0
LWPOLYLINE
  5
197
330
17
100
AcDbEntity
  8
HIDDEN
100
AcDbPolyline
 90
2
 70
0
 10
117.31220068659682
 20
221.25
 10
117.310249127323
 20
221.25
  0
LWPOLYLINE
  5
198
330
17
100
AcDbEntity
  8
HIDDEN
100
AcDbPolyline
 90
2
 70
0
 10
117.310249127323
 20
221.25
 10
117.22575741686387
 20
221.25
  0
LWPOLYLINE
  5
199
330
17
100
AcDbEntity
  8
HIDDEN
100
AcDbPolyline
 90
15
 70
0
 10
117.22575741686343
 20
221.25
 10
117.2319328842741
 20
221.25
 10
117.2381082078675
 20
221.25
 10
117.24428338713082
 20
221.25
 10
117.2504584215513
 20
221.25
 10
117.25663331061615
 20
221.25
 10
117.26280805381265
 20
221.25
 10
117.26898265062803
 20
221.25
 10
117.27515710054956
 20
221.25
 10
117.28133140306454
 20
221.25
 10
117.28750555766027
 20
221.25
 10
117.29367956382403
 20
221.25
 10
117.29985342104315
 20
221.25
 10
117.30602712880497
 20
221.25
 10
117.31220068659682
 20
221.25
  0
LWPOLYLINE
  5
19A
330
17
100
AcDbEntity
  8
HIDDEN
100
AcDbPolyline
 90
2
 70
0
 10
123.21646164531347
 20
221.25
 10
123.066780510828
 20
221.25
  0
LWPOLYLINE
  5
19B
330
17
100
AcDbEntity
  8
HIDDEN
100
AcDbPolyline
 90
2
 70
0
 10
123.066780510828
 20
221.25
 10
122.71360800082478
 20
221.25
  0
LWPOLYLINE
  5
19C
330
17
100
AcDbEntity
  8
HIDDEN
100
AcDbPolyline
 90
15
 70
0
 10
122.71360800082113
 20
221.25
 10
122.74967864412548
 20
221.25
 10
122.78572627872612
 20
221.25
 10
122.82175079021665
 20
221.25
 10
122.85775206426412
 20
221.25
 10
122.89372998660929
 20
221.25
 10
122.92968444306706
 20
221.25
 10
122.9656153195268
 20
221.25
 10
123.0015225019527
 20
221.25
 10
123.03740587638417
 20
221.25
 10
123.07326532893616
 20
221.25
 10
123.10910074579955
 20
221.25
 10
123.14491201324154
 20
221.25
 10
123.1806990176059
 20
221.25
 10
123.21646164531347
 20
221.25
  0
LWPOLYLINE
  5
19D
330
17
100
AcDbEntity
  8
HIDDEN
100
AcDbPolyline
 90
4
 70
0
 10
129.114683744021
 20
221.25
 10
128.91216029547675
 20
221.25
 10
128.67889392269552
 20
221.25
 10
128.307648307216
 20
221.25
  0
LWPOLYLINE
  5
19E
330
17
100
AcDbEntity
  8
HIDDEN
100
AcDbPolyline
 90
2
 70
0
 10
128.307648307216
 20
221.25
 10
127.70986312057813
 20
221.25
  0
LWPOLYLINE
  5
19F
330
17
100
AcDbEntity
  8
HIDDEN
100
AcDbPolyline
 90
15
 70
0
 10
127.70986312058709
 20
221.25
 10
127.81302856660922
 20
221.25
 10
127.91577385704043
 20
221.25
 10
128.01809548591888
 20
221.25
 10
128.11998996173926
 20
221.25
 10
128.22145380757198
 20
221.25
 10
128.32248356118174
 20
221.25
 10
128.42307577514566
 20
221.25
 10
128.52322701697108
 20
221.25
 10
128.62293386921243
 20
221.25
 10
128.72219292958806
 20
221.25
 10
128.82100081109624
 20
221.25
 10
128.91935414213074
 20
221.25
 10
129.01724956659584
 20
221.25
 10
129.114683744021
 20
221.25
  0
LWPOLYLINE
  5
1A0
330
17
100
AcDbEntity
  8
HIDDEN
100
AcDbPolyline
 90
4
 70
0
 10
134.38372099385
 20
221.25
 10
133.71130965334436
 20
221.25
 10
133.25374001918175
 20
221.25
 10
132.675696037107
 20
221.25
  0
LWPOLYLINE
  5
1A1
330
17
100
AcDbEntity
  8
HIDDEN
100
AcDbPolyline
 90
2
 70
0
 10
132.675696037107
 20
221.25
 10
131.87403624641877
 20
221.25
  0
LWPOLYLINE
  5
1A2
330
17
100
AcDbEntity
  8
HIDDEN
100
AcDbPolyline
 90
15
 70
0
 10
131.87403624641985
 20
221.25
 10
131.9742188649674
 20
221.25
 10
132.07354252690925
 20
221.25
 10
132.17200205356488
 20
221.25
 10
132.26959231130934
 20
221.25
 10
132.36630821184087
 20
221.25
 10
132.4621447124463
 20
221.25
 10
132.55709681626377
 20
221.25
 10
132.6511595725434
 20
221.25
 10
132.74432807690545
 20
221.25
 10
132.8365974715959
 20
221.25
 10
132.92796294573986
 20
221.25
 10
133.01841973559237
 20
221.25
 10
133.1079631247867
 20
221.25
 10
133.19658844458036
 20
221.25
  0
LWPOLYLINE
  5
1A3
330
17
100
AcDbEntity
  8
HIDDEN
100
AcDbPolyline
 90
2
 70
0
 10
133.196588444576
 20
221.25
 10
134.06299933892612
 20
221.25
  0
LWPOLYLINE
  5
1A4
330
17
100
AcDbEntity
  8
HIDDEN
100
AcDbPolyline
 90
2
 70
0
 10
134.062999338925
 20
221.25
 10
134.38372099385
 20
221.25
  0
LWPOLYLINE
  5
1A5
330
17
100
AcDbEntity
  8
HIDDEN
100
AcDbPolyline
 90
3
 70
0
 10
138.365863864773
 20
221.25
 10
137.2693883539493
 20
221.25
 10
135.87324846624801
 20
221.25
  0
LWPOLYLINE
  5
1A6
330
17
100
AcDbEntity
  8
HIDDEN
100
AcDbPolyline
 90
2
 70
0
 10
135.87324846624801
 20
221.25
 10
134.92234586144076
 20
221.25
  0
LWPOLYLINE
  5
1A7
330
17
100
AcDbEntity
  8
HIDDEN
100
AcDbPolyline
 90
15
 70
0
 10
134.9223458614429
 20
221.25
 10
134.98842005710213
 20
221.25
 10
135.0534781373825
 20
221.25
 10
135.11751671019192
 20
221.25
 10
135.18053243659483
 20
221.25
 10
135.24252203098627
 20
221.25
 10
135.30348226126335
 20
221.25
 10
135.3634099489935
 20
221.25
 10
135.4223019695805
 20
221.25
 10
135.4801552524271
 20
221.25
 10
135.53696678109537
 20
221.25
 10
135.59273359346378
 20
221.25
 10
135.64745278188178
 20
221.25
 10
135.70112149332132
 20
221.25
 10
135.75373692952564
 20
221.25
  0
LWPOLYLINE
  5
1A8
330
17
100
AcDbEntity
  8
HIDDEN
100
AcDbPolyline
 90
2
 70
0
 10
135.75373692952599
 20
221.25
 10
136.74534377973717
 20
221.25
  0
LWPOLYLINE
  5
1A9
330
17
100
AcDbEntity
  8
HIDDEN
100
AcDbPolyline
 90
2
 70
0
 10
136.745343779737
 20
221.25
 10
138.365863864773
 20
221.25
  0
LWPOLYLINE
  5
1AA
330
17
100
AcDbEntity
  8
HIDDEN
100
AcDbPolyline
 90
3
 70
0
 10
140.789735900939
 20
221.25
 10
139.34391921384776
 20
221.25
 10
137.6823976808
 20
221.25
  0
LWPOLYLINE
  5
1AB
330
17
100
AcDbEntity
  8
HIDDEN
100
AcDbPolyline
 90
2
 70
0
 10
137.6823976808
 20
221.25
 10
136.647054702949
 20
221.25
  0
LWPOLYLINE
  5
1AC
330
17
100
AcDbEntity
  8
HIDDEN
100
AcDbPolyline
 90
15
 70
0
 10
121.5
 20
221.25
 10
121.3495674730909
 20
221.25
 10
120.90581320741435
 20
221.25
 10
120.19098889480784
 20
221.25
 10
119.24093881115185
 20
221.25
 10
118.10330243470455
 20
221.25
 10
116.83512560373686
 20
221.25
 10
115.49999999999876
 20
221.25
 10
114.16487439626073
 20
221.25
 10
112.89669756529321
 20
221.25
 10
111.75906118884622
 20
221.25
 10
110.8090111051906
 20
221.25
 10
110.09418679258457
 20
221.25
 10
109.65043252690855
 20
221.25
 10
109.5
 20
221.25
  0
LWPOLYLINE
  5
1AD
330
17
100
AcDbEntity
  8
HIDDEN
100
AcDbPolyline
 90
15
 70
0
 10
109.5
 20
221.25
 10
109.65043252690957
 20
221.25
 10
110.09418679258641
 20
221.25
 10
110.80901110519304
 20
221.25
 10
111.75906118884897
 20
221.25
 10
112.89669756529608
 20
221.25
 10
114.1648743962635
 20
221.25
 10
115.50000000000124
 20
221.25
 10
116.83512560373893
 20
221.25
 10
118.10330243470615
 20
221.25
 10
119.24093881115296
 20
221.25
 10
120.19098889480851
 20
221.25
 10
120.90581320741467
 20
221.25
 10
121.34956747309099
 20
221.25
 10
121.5
 20
221.25
  0
LWPOLYLINE
  5
1AE
330
17
100
AcDbEntity
  8
HIDDEN
100
AcDbPolyline
 90
2
 70
0
 10
141.49015422872
 20
206.25
 10
141.49015422872
 20
221.25
  0
LWPOLYLINE
  5
1AF
330
17
100
AcDbEntity
  8
HIDDEN
100
AcDbPolyline
 90
2
 70
0
 10
136.930626713611
 20
206.25
 10
136.930626713611
 20
221.25
  0
LWPOLYLINE
  5
1B0
330
17
100
AcDbEntity
  8
HIDDEN
100
AcDbPolyline
 90
2
 70
0
 10
136.647054702949
 20
206.25
 10
136.647054702949
 20
221.25
  0
LWPOLYLINE
  5
1B1
330
17
100
AcDbEntity
  8
HIDDEN
100
AcDbPolyline
 90
2
 70
0
 10
135.75373692952599
 20
206.25
 10
135.75373692952599
 20
221.25
  0
LWPOLYLINE
  5
1B2
330
17
100
AcDbEntity
  8
HIDDEN
100
AcDbPolyline
 90
2
 70
0
 10
134.922345861441
 20
206.25
 10
134.922345861441
 20
221.25
  0
LWPOLYLINE
  5
1B3
330
17
100
AcDbEntity
  8
HIDDEN
100
AcDbPolyline
 90
2
 70
0
 10
140.789735900939
 20
206.25
 10
140.789735900939
 20
221.25
  0
LWPOLYLINE
  5
1B4
330
17
100
AcDbEntity
  8
HIDDEN
100
AcDbPolyline
 90
2
 70
0
 10
140.419386496574
 20
206.25
 10
140.419386496574
 20
221.25
  0
LWPOLYLINE
  5
1B5
330
17
100
AcDbEntity
  8
HIDDEN
100
AcDbPolyline
 90
2
 70
0
 10
135.75373692952599
 20
206.25
 10
135.75373692952599
 20
221.25
  0
LWPOLYLINE
  5
1B6
330
17
100
AcDbEntity
  8
HIDDEN
100
AcDbPolyline
 90
2
 70
0
 10
134.922345861441
 20
206.25
 10
134.922345861441
 20
221.25
  0
LWPOLYLINE
  5
1B7
330
17
100
AcDbEntity
  8
HIDDEN
100
AcDbPolyline
 90
2
 70
0
 10
133.196588444576
 20
206.25
 10
133.196588444576
 20
221.25
  0
LWPOLYLINE
  5
1B8
330
17
100
AcDbEntity
  8
HIDDEN
100
AcDbPolyline
 90
2
 70
0
 10
131.87403624642
 20
206.25
 10
131.87403624642
 20
221.25
  0
LWPOLYLINE
  5
1B9
330
17
100
AcDbEntity
  8
HIDDEN
100
AcDbPolyline
 90
2
 70
0
 10
138.365863864773
 20
206.25
 10
138.365863864773
 20
221.25
  0
LWPOLYLINE
  5
1BA
330
17
100
AcDbEntity
  8
HIDDEN
100
AcDbPolyline
 90
2
 70
0
 10
137.65040375592
 20
206.25
 10
137.65040375592
 20
221.25
  0
LWPOLYLINE
  5
1BB
330
17
100
AcDbEntity
  8
HIDDEN
100
AcDbPolyline
 90
2
 70
0
 10
133.196588444576
 20
206.25
 10
133.196588444576
 20
221.25
  0
LWPOLYLINE
  5
1BC
330
17
100
AcDbEntity
  8
HIDDEN
100
AcDbPolyline
 90
2
 70
0
 10
131.87403624642
 20
206.25
 10
131.87403624642
 20
221.25
  0
LWPOLYLINE
  5
1BD
330
17
100
AcDbEntity
  8
HIDDEN
100
AcDbPolyline
 90
2
 70
0
 10
127.709863120579
 20
206.25
 10
127.709863120579
 20
221.25
  0
LWPOLYLINE
  5
1BE
330
17
100
AcDbEntity
  8
HIDDEN
100
AcDbPolyline
 90
2
 70
0
 10
134.38372099385
 20
206.25
 10
134.38372099385
 20
221.25
  0
LWPOLYLINE
  5
1BF
330
17
100
AcDbEntity
  8
HIDDEN
100
AcDbPolyline
 90
2
 70
0
 10
133.371907604573
 20
206.25
 10
133.371907604573
 20
221.25
  0
LWPOLYLINE
  5
1C0
330
17
100
AcDbEntity
  8
HIDDEN
100
AcDbPolyline
 90
2
 70
0
 10
129.433446702124
 20
206.25
 10
129.433446702124
 20
221.25
  0
LWPOLYLINE
  5
1C1
330
17
100
AcDbEntity
  8
HIDDEN
100
AcDbPolyline
 90
2
 70
0
 10
127.709863120579
 20
206.25
 10
127.709863120579
 20
221.25
  0
LWPOLYLINE
  5
1C2
330
17
100
AcDbEntity
  8
HIDDEN
100
AcDbPolyline
 90
2
 70
0
 10
122.713608000824
 20
206.25
 10
122.713608000824
 20
221.25
  0
LWPOLYLINE
  5
1C3
330
17
100
AcDbEntity
  8
HIDDEN
100
AcDbPolyline
 90
2
 70
0
 10
129.114683744021
 20
206.25
 10
129.114683744021
 20
221.25
  0
LWPOLYLINE
  5
1C4
330
17
100
AcDbEntity
  8
HIDDEN
100
AcDbPolyline
 90
2
 70
0
 10
127.875470484699
 20
206.25
 10
127.875470484699
 20
221.25
  0
LWPOLYLINE
  5
1C5
330
17
100
AcDbEntity
  8
HIDDEN
100
AcDbPolyline
 90
2
 70
0
 10
124.720763593032
 20
206.25
 10
124.720763593032
 20
221.25
  0
LWPOLYLINE
  5
1C6
330
17
100
AcDbEntity
  8
HIDDEN
100
AcDbPolyline
 90
2
 70
0
 10
122.713608000824
 20
206.25
 10
122.713608000824
 20
221.25
  0
LWPOLYLINE
  5
1C7
330
17
100
AcDbEntity
  8
HIDDEN
100
AcDbPolyline
 90
2
 70
0
 10
117.225757416864
 20
206.25
 10
117.225757416864
 20
221.25
  0
LWPOLYLINE
  5
1C8
330
17
100
AcDbEntity
  8
HIDDEN
100
AcDbPolyline
 90
2
 70
0
 10
122.917828296365
 20
206.25
 10
122.917828296365
 20
221.25
  0
LWPOLYLINE
  5
1C9
330
17
100
AcDbEntity
  8
HIDDEN
100
AcDbPolyline
 90
2
 70
0
 10
121.535665502724
 20
206.25
 10
121.535665502724
 20
221.25
  0
LWPOLYLINE
  5
1CA
330
17
100
AcDbEntity
  8
HIDDEN
100
AcDbPolyline
 90
2
 70
0
 10
119.379700683106
 20
206.25
 10
119.379700683106
 20
221.25
  0
LWPOLYLINE
  5
1CB
330
17
100
AcDbEntity
  8
HIDDEN
100
AcDbPolyline
 90
2
 70
0
 10
117.225757416864
 20
206.25
 10
117.225757416864
 20
221.25
  0
LWPOLYLINE
  5
1CC
330
17
100
AcDbEntity
  8
HIDDEN
100
AcDbPolyline
 90
2
 70
0
 10
113.774242583136
 20
206.25
 10
113.774242583136
 20
221.25
  0
LWPOLYLINE
  5
1CD
330
17
100
AcDbEntity
  8
HIDDEN
100
AcDbPolyline
 90
2
 70
0
 10
116.215460108853
 20
206.25
 10
116.215460108853
 20
221.25
  0
LWPOLYLINE
  5
1CE
330
17
100
AcDbEntity
  8
HIDDEN
100
AcDbPolyline
 90
2
 70
0
 10
114.784539891147
 20
206.25
 10
114.784539891147
 20
221.25
  0
LWPOLYLINE
  5
1CF
330
17
100
AcDbEntity
  8
HIDDEN
100
AcDbPolyline
 90
2
 70
0
 10
113.774242583136
 20
206.25
 10
113.774242583136
 20
221.25
  0
LWPOLYLINE
  5
1D0
330
17
100
AcDbEntity
  8
HIDDEN
100
AcDbPolyline
 90
2
 70
0
 10
111.620299316894
 20
206.25
 10
111.620299316894
 20
221.25
  0
LWPOLYLINE
  5
1D1
330
17
100
AcDbEntity
  8
HIDDEN
100
AcDbPolyline
 90
2
 70
0
 10
108.286391999176
 20
206.25
 10
108.286391999176
 20
221.25
  0
LWPOLYLINE
  5
1D2
330
17
100
AcDbEntity
  8
HIDDEN
100
AcDbPolyline
 90
2
 70
0
 10
109.464334497276
 20
206.25
 10
109.464334497276
 20
221.25
  0
LWPOLYLINE
  5
1D3
330
17
100
AcDbEntity
  8
HIDDEN
100
AcDbPolyline
 90
2
 70
0
 10
108.082171703635
 20
206.25
 10
108.082171703635
 20
221.25
  0
LWPOLYLINE
  5
1D4
330
17
100
AcDbEntity
  8
HIDDEN
100
AcDbPolyline
 90
2
 70
0
 10
108.286391999176
 20
206.25
 10
108.286391999176
 20
221.25
  0
LWPOLYLINE
  5
1D5
330
17
100
AcDbEntity
  8
HIDDEN
100
AcDbPolyline
 90
2
 70
0
 10
106.279236406968
 20
206.25
 10
106.279236406968
 20
221.25
  0
LWPOLYLINE
  5
1D6
330
17
100
AcDbEntity
  8
HIDDEN
100
AcDbPolyline
 90
2
 70
0
 10
103.29013687943
 20
206.25
 10
103.29013687943
 20
221.25
  0
LWPOLYLINE
  5
1D7
330
17
100
AcDbEntity
  8
HIDDEN
100
AcDbPolyline
 90
2
 70
0
 10
103.12452951531
 20
206.25
 10
103.12452951531
 20
221.25
  0
LWPOLYLINE
  5
1D8
330
17
100
AcDbEntity
  8
HIDDEN
100
AcDbPolyline
 90
2
 70
0
 10
101.88531625598
 20
206.25
 10
101.88531625598
 20
221.25
  0
LWPOLYLINE
  5
1D9
330
17
100
AcDbEntity
  8
HIDDEN
100
AcDbPolyline
 90
2
 70
0
 10
103.29013687943
 20
206.25
 10
103.29013687943
 20
221.25
  0
LWPOLYLINE
  5
1DA
330
17
100
AcDbEntity
  8
HIDDEN
100
AcDbPolyline
 90
2
 70
0
 10
101.56655329788
 20
206.25
 10
101.56655329788
 20
221.25
  0
LWPOLYLINE
  5
1DB
330
17
100
AcDbEntity
  8
HIDDEN
100
AcDbPolyline
 90
2
 70
0
 10
99.12596375358
 20
206.25
 10
99.12596375358
 20
221.25
  0
LWPOLYLINE
  5
1DC
330
17
100
AcDbEntity
  8
HIDDEN
100
AcDbPolyline
 90
2
 70
0
 10
97.80341155543
 20
206.25
 10
97.80341155543
 20
221.25
  0
LWPOLYLINE
  5
1DD
330
17
100
AcDbEntity
  8
HIDDEN
100
AcDbPolyline
 90
2
 70
0
 10
97.62809239543
 20
206.25
 10
97.62809239543
 20
221.25
  0
LWPOLYLINE
  5
1DE
330
17
100
AcDbEntity
  8
HIDDEN
100
AcDbPolyline
 90
2
 70
0
 10
96.61627900615
 20
206.25
 10
96.61627900615
 20
221.25
  0
LWPOLYLINE
  5
1DF
330
17
100
AcDbEntity
  8
HIDDEN
100
AcDbPolyline
 90
2
 70
0
 10
99.12596375358
 20
206.25
 10
99.12596375358
 20
221.25
  0
LWPOLYLINE
  5
1E0
330
17
100
AcDbEntity
  8
HIDDEN
100
AcDbPolyline
 90
2
 70
0
 10
97.80341155543
 20
206.25
 10
97.80341155543
 20
221.25
  0
LWPOLYLINE
  5
1E1
330
17
100
AcDbEntity
  8
HIDDEN
100
AcDbPolyline
 90
2
 70
0
 10
96.07765413856
 20
206.25
 10
96.07765413856
 20
221.25
  0
LWPOLYLINE
  5
1E2
330
17
100
AcDbEntity
  8
HIDDEN
100
AcDbPolyline
 90
2
 70
0
 10
95.24626307048
 20
206.25
 10
95.24626307048
 20
221.25
  0
LWPOLYLINE
  5
1E3
330
17
100
AcDbEntity
  8
HIDDEN
100
AcDbPolyline
 90
2
 70
0
 10
93.34959624408
 20
206.25
 10
93.34959624408
 20
221.25
  0
LWPOLYLINE
  5
1E4
330
17
100
AcDbEntity
  8
HIDDEN
100
AcDbPolyline
 90
2
 70
0
 10
92.63413613523
 20
206.25
 10
92.63413613523
 20
221.25
  0
LWPOLYLINE
  5
1E5
330
17
100
AcDbEntity
  8
HIDDEN
100
AcDbPolyline
 90
2
 70
0
 10
96.07765413856
 20
206.25
 10
96.07765413856
 20
221.25
  0
LWPOLYLINE
  5
1E6
330
17
100
AcDbEntity
  8
HIDDEN
100
AcDbPolyline
 90
2
 70
0
 10
95.24626307048
 20
206.25
 10
95.24626307048
 20
221.25
  0
LWPOLYLINE
  5
1E7
330
17
100
AcDbEntity
  8
HIDDEN
100
AcDbPolyline
 90
2
 70
0
 10
94.35294529706
 20
206.25
 10
94.35294529706
 20
221.25
  0
LWPOLYLINE
  5
1E8
330
17
100
AcDbEntity
  8
HIDDEN
100
AcDbPolyline
 90
2
 70
0
 10
94.06937328639
 20
206.25
 10
94.06937328639
 20
221.25
  0
LWPOLYLINE
  5
1E9
330
17
100
AcDbEntity
  8
HIDDEN
100
AcDbPolyline
 90
2
 70
0
 10
90.58061350343
 20
206.25
 10
90.58061350343
 20
221.25
  0
LWPOLYLINE
  5
1EA
330
17
100
AcDbEntity
  8
HIDDEN
100
AcDbPolyline
 90
2
 70
0
 10
90.21026409907
 20
206.25
 10
90.21026409907
 20
221.25
  0
LWPOLYLINE
  5
1EB
330
17
100
AcDbEntity
  8
HIDDEN
100
AcDbPolyline
 90
2
 70
0
 10
89.50984577128
 20
206.25
 10
89.50984577128
 20
221.25
  0
LWPOLYLINE
  5
1EC
330
17
100
AcDbEntity
  8
HIDDEN
100
AcDbPolyline
 90
2
 70
0
 10
94.35294529706
 20
206.25
 10
94.35294529706
 20
221.25
  0
LWPOLYLINE
  5
1ED
330
17
100
AcDbEntity
  8
HIDDEN
100
AcDbPolyline
 90
2
 70
0
 10
94.06937328639
 20
206.25
 10
94.06937328639
 20
221.25
  0
LWPOLYLINE
  5
1EE
330
17
100
AcDbEntity
  8
HIDDEN
100
AcDbPolyline
 90
2
 70
0
 10
121.5
 20
206.25
 10
121.5
 20
221.25
  0
LWPOLYLINE
  5
1EF
330
17
100
AcDbEntity
  8
HIDDEN
100
AcDbPolyline
 90
2
 70
0
 10
123.21646164531347
 20
221.25
 10
123.21646164531347
 20
206.25
  0
LWPOLYLINE
  5
1F0
330
17
100
AcDbEntity
  8
HIDDEN
100
AcDbPolyline
 90
2
 70
0
 10
117.31220068659682
 20
221.25
 10
117.31220068659682
 20
206.25
  0
LWPOLYLINE
  5
1F1
330
17
100
AcDbEntity
  8
HIDDEN
100
AcDbPolyline
 90
2
 70
0
 10
113.68779931340318
 20
221.25
 10
113.68779931340318
 20
206.25
  0
LWPOLYLINE
  5
1F2
330
17
100
AcDbEntity
  8
HIDDEN
100
AcDbPolyline
 90
2
 70
0
 10
107.78353835468653
 20
221.25
 10
107.78353835468653
 20
206.25
  0
LWPOLYLINE
  5
1F3
330
17
100
AcDbEntity
  8
HIDDEN
100
AcDbPolyline
 90
2
 70
0
 10
109.5
 20
221.25
 10
109.5
 20
206.25
  0
TEXT
  5
1F4
330
17
100
AcDbEntity
  8
TEXT
100
AcDbText
 10
97.5
 20
199.25
 30
0.0
 40
3.0
  1
FRONT  1:1
100
AcDbText
  0
LWPOLYLINE
  5
1F5
330
17
100
AcDbEntity
  8
VISIBLE
100
AcDbPolyline
 90
2
 70
0
 10
327.930626713611
 20
212.024242583136
 10
328.97985315155097
 20
211.93975087267685
  0
LWPOLYLINE
  5
1F6
330
17
100
AcDbEntity
  8
VISIBLE
100
AcDbPolyline
 90
2
 70
0
 10
327.64705470294854
 20
209.87029931689526
 10
327.9306267136106
 20
212.02424258313604
  0
LWPOLYLINE
  5
1F7
330
17
100
AcDbEntity
  8
VISIBLE
100
AcDbPolyline
 90
4
 70
0
 10
328.979853151551
 20
211.939750872677
 10
329.8997641291081
 20
212.04218421113475
 10
330.79352638326134
 20
212.2888452829256
 10
332.49015422872003
 20
213.034539891147
  0
LWPOLYLINE
  5
1F8
330
17
100
AcDbEntity
  8
VISIBLE
100
AcDbPolyline
 90
2
 70
0
 10
332.49015422871975
 20
213.0345398911465
 10
332.49015422871975
 20
214.465460108853
  0
LWPOLYLINE
  5
1F9
330
17
100
AcDbEntity
  8
VISIBLE
100
AcDbPolyline
 90
4
 70
0
 10
332.49015422872003
 20
214.465460108853
 10
330.79352638326134
 20
215.2111547170744
 10
329.8997641291082
 20
215.45781578886525
 10
328.979853151551
 20
215.560249127323
  0
LWPOLYLINE
  5
1FA
330
17
100
AcDbEntity
  8
VISIBLE
100
AcDbPolyline
 90
2
 70
0
 10
328.979853151551
 20
215.560249127323
 10
327.930626713611
 20
215.47575741686387
  0
LWPOLYLINE
  5
1FB
330
17
100
AcDbEntity
  8
VISIBLE
100
AcDbPolyline
 90
2
 70
0
 10
327.93062671361065
 20
215.4757574168634
 10
327.64705470294837
 20
217.62970068310588
  0
LWPOLYLINE
  5
1FC
330
17
100
AcDbEntity
  8
VISIBLE
100
AcDbPolyline
 90
2
 70
0
 10
327.647054702949
 20
217.629700683106
 10
328.6823976808
 20
217.8196477426299
  0
LWPOLYLINE
  5
1FD
330
17
100
AcDbEntity
  8
VISIBLE
100
AcDbPolyline
 90
4
 70
0
 10
328.6823976808
 20
217.81964774263
 10
329.5444517530629
 20
218.15668123051128
 10
330.34391921384776
 20
218.62626022326234
 10
331.789735900939
 20
219.785665502724
  0
LWPOLYLINE
  5
1FE
330
17
100
AcDbEntity
  8
VISIBLE
100
AcDbPolyline
 90
2
 70
0
 10
331.78973590093864
 20
219.78566550272458
 10
331.4193864965743
 20
221.1678282963651
  0
LWPOLYLINE
  5
1FF
330
17
100
AcDbEntity
  8
VISIBLE
100
AcDbPolyline
 90
4
 70
0
 10
331.419386496574
 20
221.167828296365
 10
329.58756987660655
 20
221.44899437811523
 10
328.66042124969323
 20
221.45592798452893
 10
327.745343779737
 20
221.316780510828
  0
LWPOLYLINE
  5
200
330
17
100
AcDbEntity
  8
VISIBLE
100
AcDbPolyline
 90
2
 70
0
 10
327.745343779737
 20
221.316780510828
 10
326.7537369295258
 20
220.96360800082448
  0
LWPOLYLINE
  5
201
330
17
100
AcDbEntity
  8
VISIBLE
100
AcDbPolyline
 90
2
 70
0
 10
326.75373692952695
 20
220.963608000821
 10
325.9223458614405
 20
222.97076359303176
  0
LWPOLYLINE
  5
202
330
17
100
AcDbEntity
  8
VISIBLE
100
AcDbPolyline
 90
2
 70
0
 10
325.922345861441
 20
222.970763593032
 10
326.87324846624824
 20
223.42220484433452
  0
LWPOLYLINE
  5
203
330
17
100
AcDbEntity
  8
VISIBLE
100
AcDbPolyline
 90
4
 70
0
 10
326.873248466248
 20
223.422204844335
 10
327.6186980728041
 20
223.9708702064126
 10
328.2693883539493
 20
224.63136608778458
 10
329.365863864773
 20
226.125470484699
  0
LWPOLYLINE
  5
204
330
17
100
AcDbEntity
  8
VISIBLE
100
AcDbPolyline
 90
2
 70
0
 10
329.3658638647704
 20
226.12547048470452
 10
328.65040375592037
 20
227.36468374402122
  0
LWPOLYLINE
  5
205
330
17
100
AcDbEntity
  8
VISIBLE
100
AcDbPolyline
 90
4
 70
0
 10
328.65040375592
 20
227.364683744021
 10
326.8082336368749
 20
227.1621602954769
 10
325.91088228393886
 20
226.92889392269552
 10
325.062999338925
 20
226.557648307216
  0
LWPOLYLINE
  5
206
330
17
100
AcDbEntity
  8
VISIBLE
100
AcDbPolyline
 90
2
 70
0
 10
325.062999338925
 20
226.557648307216
 10
324.19658844457626
 20
225.9598631205786
  0
LWPOLYLINE
  5
207
330
17
100
AcDbEntity
  8
VISIBLE
100
AcDbPolyline
 90
2
 70
0
 10
324.19658844457115
 20
225.95986312058673
 10
322.8740362464198
 20
227.6834467021238
  0
LWPOLYLINE
  5
208
330
17
100
AcDbEntity
  8
VISIBLE
100
AcDbPolyline
 90
2
 70
0
 10
322.87403624642
 20
227.683446702124
 10
323.67569603710723
 20
228.36561716997173
  0
LWPOLYLINE
  5
209
330
17
100
AcDbEntity
  8
VISIBLE
100
AcDbPolyline
 90
4
 70
0
 10
323.675696037107
 20
228.365617169972
 10
324.25374001918175
 20
229.08852376853417
 10
324.71130965334436
 20
229.89492483573252
 10
325.38372099385
 20
231.621907604573
  0
LWPOLYLINE
  5
20A
330
17
100
AcDbEntity
  8
VISIBLE
100
AcDbPolyline
 90
2
 70
0
 10
325.3837209938557
 20
231.62190760456772
 10
324.3719076045733
 20
232.63372099385037
  0
LWPOLYLINE
  5
20B
330
17
100
AcDbEntity
  8
VISIBLE
100
AcDbPolyline
 90
4
 70
0
 10
324.371907604573
 20
232.63372099385
 10
322.6449248357325
 20
231.96130965334436
 10
321.83852376853423
 20
231.50374001918175
 10
321.115617169972
 20
230.925696037107
  0
LWPOLYLINE
  5
20C
330
17
100
AcDbEntity
  8
VISIBLE
100
AcDbPolyline
 90
2
 70
0
 10
321.115617169972
 20
230.925696037107
 10
320.4334467021243
 20
230.12403624641976
  0
LWPOLYLINE
  5
20D
330
17
100
AcDbEntity
  8
VISIBLE
100
AcDbPolyline
 90
2
 70
0
 10
320.4334467021236
 20
230.12403624641973
 10
318.70986312057914
 20
231.4465884445762
  0
LWPOLYLINE
  5
20E
330
17
100
AcDbEntity
  8
VISIBLE
100
AcDbPolyline
 90
2
 70
0
 10
318.709863120579
 20
231.446588444576
 10
319.3076483072164
 20
232.31299933892473
  0
LWPOLYLINE
  5
20F
330
17
100
AcDbEntity
  8
VISIBLE
100
AcDbPolyline
 90
4
 70
0
 10
319.307648307216
 20
232.312999338925
 10
319.6788939226955
 20
233.16088228393883
 10
319.9121602954769
 20
234.0582336368749
 10
320.114683744021
 20
235.90040375592
  0
LWPOLYLINE
  5
210
330
17
100
AcDbEntity
  8
VISIBLE
100
AcDbPolyline
 90
2
 70
0
 10
320.1146837440138
 20
235.90040375592534
 10
318.87547048469935
 20
236.61586386477364
  0
LWPOLYLINE
  5
211
330
17
100
AcDbEntity
  8
VISIBLE
100
AcDbPolyline
 90
4
 70
0
 10
318.875470484699
 20
236.615863864773
 10
317.38136608778456
 20
235.5193883539493
 10
316.72087020641266
 20
234.8686980728041
 10
316.172204844335
 20
234.12324846624801
  0
LWPOLYLINE
  5
212
330
17
100
AcDbEntity
  8
VISIBLE
100
AcDbPolyline
 90
2
 70
0
 10
316.172204844335
 20
234.12324846624801
 10
315.7207635930325
 20
233.17234586144076
  0
LWPOLYLINE
  5
213
330
17
100
AcDbEntity
  8
VISIBLE
100
AcDbPolyline
 90
2
 70
0
 10
315.72076359302645
 20
233.17234586144346
 10
313.71360800082414
 20
234.00373692952633
  0
LWPOLYLINE
  5
214
330
17
100
AcDbEntity
  8
VISIBLE
100
AcDbPolyline
 90
2
 70
0
 10
313.713608000824
 20
234.00373692952599
 10
314.0667805108275
 20
234.99534377973717
  0
LWPOLYLINE
  5
215
330
17
100
AcDbEntity
  8
VISIBLE
100
AcDbPolyline
 90
4
 70
0
 10
314.066780510828
 20
234.995343779737
 10
314.20592798452896
 20
235.9104212496932
 10
314.19899437811523
 20
236.83756987660655
 10
313.917828296365
 20
238.669386496574
  0
LWPOLYLINE
  5
216
330
17
100
AcDbEntity
  8
VISIBLE
100
AcDbPolyline
 90
2
 70
0
 10
313.9178282963712
 20
238.6693864965727
 10
312.535665502724
 20
239.039735900939
  0
LWPOLYLINE
  5
217
330
17
100
AcDbEntity
  8
VISIBLE
100
AcDbPolyline
 90
4
 70
0
 10
312.535665502724
 20
239.039735900939
 10
311.3762602232623
 20
237.59391921384776
 10
310.9066812305113
 20
236.79445175306296
 10
310.56964774263
 20
235.9323976808
  0
LWPOLYLINE
  5
218
330
17
100
AcDbEntity
  8
VISIBLE
100
AcDbPolyline
 90
2
 70
0
 10
310.56964774263
 20
235.9323976808
 10
310.3797006831061
 20
234.897054702949
  0
LWPOLYLINE
  5
219
330
17
100
AcDbEntity
  8
VISIBLE
100
AcDbPolyline
 90
2
 70
0
 10
310.3797006831046
 20
234.8970547029491
 10
308.225757416864
 20
235.18062671361113
  0
LWPOLYLINE
  5
21A
330
17
100
AcDbEntity
  8
VISIBLE
100
AcDbPolyline
 90
2
 70
0
 10
308.225757416864
 20
235.180626713611
 10
308.3102491273231
 20
236.229853151551
  0
LWPOLYLINE
  5
21B
330
17
100
AcDbEntity
  8
VISIBLE
100
AcDbPolyline
 90
4
 70
0
 10
308.310249127323
 20
236.229853151551
 10
308.2078157888652
 20
237.14976412910812
 10
307.9611547170744
 20
238.04352638326134
 10
307.215460108853
 20
239.74015422872
  0
LWPOLYLINE
  5
21C
330
17
100
AcDbEntity
  8
VISIBLE
100
AcDbPolyline
 90
2
 70
0
 10
307.2154601088535
 20
239.74015422871975
 10
305.784539891147
 20
239.74015422871977
  0
LWPOLYLINE
  5
21D
330
17
100
AcDbEntity
  8
VISIBLE
100
AcDbPolyline
 90
4
 70
0
 10
305.784539891147
 20
239.74015422872
 10
305.0388452829256
 20
238.04352638326134
 10
304.7921842111348
 20
237.14976412910815
 10
304.689750872677
 20
236.229853151551
  0
LWPOLYLINE
  5
21E
330
17
100
AcDbEntity
  8
VISIBLE
100
AcDbPolyline
 90
2
 70
0
 10
304.689750872677
 20
236.229853151551
 10
304.77424258313613
 20
235.18062671361102
  0
LWPOLYLINE
  5
21F
330
17
100
AcDbEntity
  8
VISIBLE
100
AcDbPolyline
 90
2
 70
0
 10
304.77424258313647
 20
235.18062671361076
 10
302.6202993168941
 20
234.89705470294845
  0
LWPOLYLINE
  5
220
330
17
100
AcDbEntity
  8
VISIBLE
100
AcDbPolyline
 90
2
 70
0
 10
302.620299316894
 20
234.897054702949
 10
302.4303522573701
 20
235.93239768080002
  0
LWPOLYLINE
  5
221
330
17
100
AcDbEntity
  8
VISIBLE
100
AcDbPolyline
 90
4
 70
0
 10
302.43035225737
 20
235.9323976808
 10
302.09331876948875
 20
236.79445175306293
 10
301.6237397767377
 20
237.59391921384776
 10
300.464334497276
 20
239.039735900939
  0
LWPOLYLINE
  5
222
330
17
100
AcDbEntity
  8
VISIBLE
100
AcDbPolyline
 90
2
 70
0
 10
300.4643344972757
 20
239.03973590093898
 10
299.0821717036348
 20
238.6693864965746
  0
LWPOLYLINE
  5
223
330
17
100
AcDbEntity
  8
VISIBLE
100
AcDbPolyline
 90
4
 70
0
 10
299.082171703635
 20
238.669386496574
 10
298.80100562188477
 20
236.83756987660655
 10
298.79407201547104
 20
235.91042124969326
 10
298.933219489172
 20
234.995343779737
  0
LWPOLYLINE
  5
224
330
17
100
AcDbEntity
  8
VISIBLE
100
AcDbPolyline
 90
2
 70
0
 10
298.933219489172
 20
234.995343779737
 10
299.2863919991755
 20
234.00373692952584
  0
LWPOLYLINE
  5
225
330
17
100
AcDbEntity
  8
VISIBLE
100
AcDbPolyline
 90
2
 70
0
 10
299.28639199917853
 20
234.00373692952746
 10
297.279236406968
 20
233.17234586144102
  0
LWPOLYLINE
  5
226
330
17
100
AcDbEntity
  8
VISIBLE
100
AcDbPolyline
 90
2
 70
0
 10
297.279236406968
 20
233.172345861441
 10
296.82779515566546
 20
234.12324846624824
  0
LWPOLYLINE
  5
227
330
17
100
AcDbEntity
  8
VISIBLE
100
AcDbPolyline
 90
4
 70
0
 10
296.827795155665
 20
234.12324846624801
 10
296.27912979359184
 20
234.86869807280408
 10
295.61863391222147
 20
235.5193883539493
 10
294.12452951531
 20
236.615863864773
  0
LWPOLYLINE
  5
228
330
17
100
AcDbEntity
  8
VISIBLE
100
AcDbPolyline
 90
2
 70
0
 10
294.1245295152958
 20
236.6158638647709
 10
292.8853162559794
 20
235.90040375592102
  0
LWPOLYLINE
  5
229
330
17
100
AcDbEntity
  8
VISIBLE
100
AcDbPolyline
 90
4
 70
0
 10
292.88531625598
 20
235.90040375592
 10
293.08783970452566
 20
234.0582336368749
 10
293.32110607731056
 20
233.16088228393886
 10
293.69235169279
 20
232.312999338925
  0
LWPOLYLINE
  5
22A
330
17
100
AcDbEntity
  8
VISIBLE
100
AcDbPolyline
 90
2
 70
0
 10
293.69235169279
 20
232.312999338925
 10
294.29013687942836
 20
231.44658844457487
  0
LWPOLYLINE
  5
22B
330
17
100
AcDbEntity
  8
VISIBLE
100
AcDbPolyline
 90
2
 70
0
 10
294.2901368794133
 20
231.44658844457084
 10
292.56655329787867
 20
230.12403624642153
  0
LWPOLYLINE
  5
22C
330
17
100
AcDbEntity
  8
VISIBLE
100
AcDbPolyline
 90
2
 70
0
 10
292.56655329788
 20
230.12403624642
 10
291.8843828300314
 20
230.92569603710822
  0
LWPOLYLINE
  5
22D
330
17
100
AcDbEntity
  8
VISIBLE
100
AcDbPolyline
 90
4
 70
0
 10
291.88438283003
 20
230.925696037107
 10
291.16147623147106
 20
231.50374001918172
 10
290.3550751642736
 20
231.96130965334436
 10
288.62809239543
 20
232.63372099385
  0
LWPOLYLINE
  5
22E
330
17
100
AcDbEntity
  8
VISIBLE
100
AcDbPolyline
 90
2
 70
0
 10
288.6280923954324
 20
232.63372099385603
 10
287.6162790061495
 20
231.62190760457347
  0
LWPOLYLINE
  5
22F
330
17
100
AcDbEntity
  8
VISIBLE
100
AcDbPolyline
 90
4
 70
0
 10
287.61627900615
 20
231.621907604573
 10
288.2886903466614
 20
229.89492483573252
 10
288.7462599808248
 20
229.0885237685342
 10
289.3243039629
 20
228.365617169972
  0
LWPOLYLINE
  5
230
330
17
100
AcDbEntity
  8
VISIBLE
100
AcDbPolyline
 90
2
 70
0
 10
289.3243039629
 20
228.365617169972
 10
290.12596375358316
 20
227.68344670212772
  0
LWPOLYLINE
  5
231
330
17
100
AcDbEntity
  8
VISIBLE
100
AcDbPolyline
 90
2
 70
0
 10
290.1259637535798
 20
227.6834467021239
 10
288.80341155542527
 20
225.95986312058224
  0
LWPOLYLINE
  5
232
330
17
100
AcDbEntity
  8
VISIBLE
100
AcDbPolyline
 90
2
 70
0
 10
288.80341155543
 20
225.959863120579
 10
287.9370006610806
 20
226.55764830721688
  0
LWPOLYLINE
  5
233
330
17
100
AcDbEntity
  8
VISIBLE
100
AcDbPolyline
 90
4
 70
0
 10
287.93700066108
 20
226.557648307216
 10
287.08911771606296
 20
226.92889392269552
 10
286.191766363131
 20
227.1621602954769
 10
284.34959624408
 20
227.364683744021
  0
LWPOLYLINE
  5
234
330
17
100
AcDbEntity
  8
VISIBLE
100
AcDbPolyline
 90
2
 70
0
 10
284.3495962440748
 20
227.364683744014
 10
283.63413613522704
 20
226.1254704847006
  0
LWPOLYLINE
  5
235
330
17
100
AcDbEntity
  8
VISIBLE
100
AcDbPolyline
 90
4
 70
0
 10
283.63413613523
 20
226.125470484699
 10
284.73061164605673
 20
224.63136608778458
 10
285.3813019272014
 20
223.97087020641263
 10
286.12675153376
 20
223.422204844335
  0
LWPOLYLINE
  5
236
330
17
100
AcDbEntity
  8
VISIBLE
100
AcDbPolyline
 90
2
 70
0
 10
286.12675153376
 20
223.422204844335
 10
287.0776541385615
 20
222.9707635930352
  0
LWPOLYLINE
  5
237
330
17
100
AcDbEntity
  8
VISIBLE
100
AcDbPolyline
 90
2
 70
0
 10
287.07765413855657
 20
222.97076359302633
 10
286.2462630704744
 20
220.96360800082599
  0
LWPOLYLINE
  5
238
330
17
100
AcDbEntity
  8
VISIBLE
100
AcDbPolyline
 90
2
 70
0
 10
286.24626307048
 20
220.963608000824
 10
285.25465622026974
 20
221.31678051082721
  0
LWPOLYLINE
  5
239
330
17
100
AcDbEntity
  8
VISIBLE
100
AcDbPolyline
 90
4
 70
0
 10
285.25465622027
 20
221.316780510828
 10
284.3395787503095
 20
221.45592798452893
 10
283.4124301233969
 20
221.44899437811523
 10
281.58061350343
 20
221.167828296365
  0
LWPOLYLINE
  5
23A
330
17
100
AcDbEntity
  8
VISIBLE
100
AcDbPolyline
 90
2
 70
0
 10
281.58061350342746
 20
221.16782829637128
 10
281.21026409906165
 20
219.785665502726
  0
LWPOLYLINE
  5
23B
330
17
100
AcDbEntity
  8
VISIBLE
100
AcDbPolyline
 90
4
 70
0
 10
281.21026409907
 20
219.785665502724
 10
282.6560807861568
 20
218.62626022326234
 10
283.4555482469415
 20
218.1566812305113
 10
284.3176023192
 20
217.81964774263
  0
LWPOLYLINE
  5
23C
330
17
100
AcDbEntity
  8
VISIBLE
100
AcDbPolyline
 90
2
 70
0
 10
284.3176023192
 20
217.81964774263
 10
285.3529452970597
 20
217.6297006831045
  0
LWPOLYLINE
  5
23D
330
17
100
AcDbEntity
  8
VISIBLE
100
AcDbPolyline
 90
2
 70
0
 10
285.352945297051
 20
217.62970068310477
 10
285.06937328638895
 20
215.47575741686407
  0
LWPOLYLINE
  5
23E
330
17
100
AcDbEntity
  8
VISIBLE
100
AcDbPolyline
 90
2
 70
0
 10
285.06937328639
 20
215.475757416864
 10
284.02014684845
 20
215.56024912732315
  0
LWPOLYLINE
  5
23F
330
17
100
AcDbEntity
  8
VISIBLE
100
AcDbPolyline
 90
4
 70
0
 10
284.02014684845
 20
215.560249127323
 10
283.1002358708958
 20
215.45781578886525
 10
282.2064736167405
 20
215.2111547170744
 10
280.50984577127997
 20
214.465460108853
  0
LWPOLYLINE
  5
240
330
17
100
AcDbEntity
  8
VISIBLE
100
AcDbPolyline
 90
2
 70
0
 10
280.50984577128025
 20
214.46546010885353
 10
280.50984577128025
 20
213.034539891147
  0
LWPOLYLINE
  5
241
330
17
100
AcDbEntity
  8
VISIBLE
100
AcDbPolyline
 90
4
 70
0
 10
280.50984577127997
 20
213.034539891147
 10
282.2064736167405
 20
212.2888452829256
 10
283.10023587089574
 20
212.04218421113475
 10
284.02014684845
 20
211.939750872677
  0
LWPOLYLINE
  5
242
330
17
100
AcDbEntity
  8
VISIBLE
100
AcDbPolyline
 90
2
 70
0
 10
284.02014684845
 20
211.939750872677
 10
285.06937328639
 20
212.02424258313613
  0
LWPOLYLINE
  5
243
330
17
100
AcDbEntity
  8
VISIBLE
100
AcDbPolyline
 90
2
 70
0
 10
285.0693732863891
 20
212.02424258313656
 10
285.35294529705175
 20
209.8702993168925
  0
LWPOLYLINE
  5
244
330
17
100
AcDbEntity
  8
VISIBLE
100
AcDbPolyline
 90
2
 70
0
 10
285.35294529706
 20
209.870299316894
 10
284.31760231920026
 20
209.6803522573685
  0
LWPOLYLINE
  5
245
330
17
100
AcDbEntity
  8
VISIBLE
100
AcDbPolyline
 90
4
 70
0
 10
284.3176023192
 20
209.68035225737
 10
283.45554824694153
 20
209.34331876948872
 10
282.6560807861568
 20
208.87373977673766
 10
281.21026409907
 20
207.714334497276
  0
LWPOLYLINE
  5
246
330
17
100
AcDbEntity
  8
VISIBLE
100
AcDbPolyline
 90
2
 70
0
 10
281.21026409906153
 20
207.7143344972755
 10
281.5806135034262
 20
206.33217170363386
  0
LWPOLYLINE
  5
247
330
17
100
AcDbEntity
  8
VISIBLE
100
AcDbPolyline
 90
4
 70
0
 10
281.58061350343
 20
206.332171703635
 10
283.4124301233969
 20
206.05100562188477
 10
284.33957875030944
 20
206.04407201547107
 10
285.25465622027
 20
206.183219489172
  0
LWPOLYLINE
  5
248
330
17
100
AcDbEntity
  8
VISIBLE
100
AcDbPolyline
 90
2
 70
0
 10
285.25465622027
 20
206.183219489172
 10
286.24626307048027
 20
206.5363919991752
  0
LWPOLYLINE
  5
249
330
17
100
AcDbEntity
  8
VISIBLE
100
AcDbPolyline
 90
2
 70
0
 10
286.2462630704728
 20
206.53639199917902
 10
287.0776541385596
 20
204.52923640696778
  0
LWPOLYLINE
  5
24A
330
17
100
AcDbEntity
  8
VISIBLE
100
AcDbPolyline
 90
2
 70
0
 10
287.07765413856
 20
204.529236406968
 10
286.12675153375847
 20
204.07779515566818
  0
LWPOLYLINE
  5
24B
330
17
100
AcDbEntity
  8
VISIBLE
100
AcDbPolyline
 90
4
 70
0
 10
286.12675153376
 20
204.077795155665
 10
285.38130192720143
 20
203.52912979359186
 10
284.73061164605673
 20
202.86863391222147
 10
283.63413613523
 20
201.37452951531
  0
LWPOLYLINE
  5
24C
330
17
100
AcDbEntity
  8
VISIBLE
100
AcDbPolyline
 90
2
 70
0
 10
283.6341361352293
 20
201.37452951529542
 10
284.34959624407895
 20
200.13531625597938
  0
LWPOLYLINE
  5
24D
330
17
100
AcDbEntity
  8
VISIBLE
100
AcDbPolyline
 90
4
 70
0
 10
284.34959624408
 20
200.13531625598
 10
286.191766363131
 20
200.33783970452563
 10
287.08911771606296
 20
200.57110607731056
 10
287.93700066108
 20
200.94235169279
  0
LWPOLYLINE
  5
24E
330
17
100
AcDbEntity
  8
VISIBLE
100
AcDbPolyline
 90
2
 70
0
 10
287.93700066108
 20
200.94235169279
 10
288.8034115554308
 20
201.54013687942884
  0
LWPOLYLINE
  5
24F
330
17
100
AcDbEntity
  8
VISIBLE
100
AcDbPolyline
 90
2
 70
0
 10
288.8034115554289
 20
201.54013687941304
 10
290.1259637535782
 20
199.81655329787847
  0
LWPOLYLINE
  5
250
330
17
100
AcDbEntity
  8
VISIBLE
100
AcDbPolyline
 90
2
 70
0
 10
290.12596375358
 20
199.81655329788
 10
289.32430396289584
 20
199.1343828300349
  0
LWPOLYLINE
  5
251
330
17
100
AcDbEntity
  8
VISIBLE
100
AcDbPolyline
 90
4
 70
0
 10
289.3243039629
 20
199.13438283003
 10
288.7462599808248
 20
198.41147623147106
 10
288.2886903466614
 20
197.60507516427361
 10
287.61627900615
 20
195.87809239543
  0
LWPOLYLINE
  5
252
330
17
100
AcDbEntity
  8
VISIBLE
100
AcDbPolyline
 90
2
 70
0
 10
287.6162790061438
 20
195.87809239543242
 10
288.62809239542804
 20
194.86627900614795
  0
LWPOLYLINE
  5
253
330
17
100
AcDbEntity
  8
VISIBLE
100
AcDbPolyline
 90
4
 70
0
 10
288.62809239543
 20
194.86627900615
 10
290.3550751642736
 20
195.53869034666138
 10
291.161476231471
 20
195.9962599808248
 10
291.88438283003
 20
196.5743039629
  0
LWPOLYLINE
  5
254
330
17
100
AcDbEntity
  8
VISIBLE
100
AcDbPolyline
 90
2
 70
0
 10
291.88438283003
 20
196.5743039629
 10
292.5665532978751
 20
197.37596375358416
  0
LWPOLYLINE
  5
255
330
17
100
AcDbEntity
  8
VISIBLE
100
AcDbPolyline
 90
2
 70
0
 10
292.5665532978761
 20
197.3759637535797
 10
294.2901368794238
 20
196.053411555421
  0
LWPOLYLINE
  5
256
330
17
100
AcDbEntity
  8
VISIBLE
100
AcDbPolyline
 90
2
 70
0
 10
294.29013687943
 20
196.05341155543
 10
293.69235169279114
 20
195.1870006610792
  0
LWPOLYLINE
  5
257
330
17
100
AcDbEntity
  8
VISIBLE
100
AcDbPolyline
 90
4
 70
0
 10
293.69235169279
 20
195.18700066108
 10
293.32110607731056
 20
194.339117716063
 10
293.08783970452566
 20
193.441766363131
 10
292.88531625598
 20
191.59959624408
  0
LWPOLYLINE
  5
258
330
17
100
AcDbEntity
  8
VISIBLE
100
AcDbPolyline
 90
2
 70
0
 10
292.8853162559858
 20
191.59959624407514
 10
294.12452951530645
 20
190.88413613522346
  0
LWPOLYLINE
  5
259
330
17
100
AcDbEntity
  8
VISIBLE
100
AcDbPolyline
 90
4
 70
0
 10
294.12452951531
 20
190.88413613523
 10
295.61863391222147
 20
191.98061164605676
 10
296.27912979359184
 20
192.63130192720138
 10
296.827795155665
 20
193.37675153376
  0
LWPOLYLINE
  5
25A
330
17
100
AcDbEntity
  8
VISIBLE
100
AcDbPolyline
 90
2
 70
0
 10
296.827795155665
 20
193.37675153376
 10
297.2792364069648
 20
194.3276541385615
  0
LWPOLYLINE
  5
25B
330
17
100
AcDbEntity
  8
VISIBLE
100
AcDbPolyline
 90
2
 70
0
 10
297.27923640697367
 20
194.3276541385564
 10
299.28639199917393
 20
193.49626307047427
  0
LWPOLYLINE
  5
25C
330
17
100
AcDbEntity
  8
VISIBLE
100
AcDbPolyline
 90
2
 70
0
 10
299.286391999176
 20
193.49626307048
 10
298.93321948917276
 20
192.50465622026974
  0
LWPOLYLINE
  5
25D
330
17
100
AcDbEntity
  8
VISIBLE
100
AcDbPolyline
 90
4
 70
0
 10
298.933219489172
 20
192.50465622027
 10
298.79407201547104
 20
191.5895787503095
 10
298.80100562188477
 20
190.6624301233969
 10
299.082171703635
 20
188.83061350343002
  0
LWPOLYLINE
  5
25E
330
17
100
AcDbEntity
  8
VISIBLE
100
AcDbPolyline
 90
2
 70
0
 10
299.08217170362894
 20
188.8306135034277
 10
300.4643344972741
 20
188.46026409906193
  0
LWPOLYLINE
  5
25F
330
17
100
AcDbEntity
  8
VISIBLE
100
AcDbPolyline
 90
4
 70
0
 10
300.464334497276
 20
188.46026409907
 10
301.6237397767377
 20
189.90608078615682
 10
302.0933187694887
 20
190.7055482469415
 10
302.43035225737
 20
191.5676023192
  0
LWPOLYLINE
  5
260
330
17
100
AcDbEntity
  8
VISIBLE
100
AcDbPolyline
 90
2
 70
0
 10
302.43035225737
 20
191.5676023192
 10
302.6202993168955
 20
192.60294529705973
  0
LWPOLYLINE
  5
261
330
17
100
AcDbEntity
  8
VISIBLE
100
AcDbPolyline
 90
2
 70
0
 10
302.6202993168953
 20
192.6029452970514
 10
304.77424258313596
 20
192.31937328638935
  0
LWPOLYLINE
  5
262
330
17
100
AcDbEntity
  8
VISIBLE
100
AcDbPolyline
 90
2
 70
0
 10
304.774242583136
 20
192.31937328639
 10
304.6897508726769
 20
191.27014684845
  0
LWPOLYLINE
  5
263
330
17
100
AcDbEntity
  8
VISIBLE
100
AcDbPolyline
 90
4
 70
0
 10
304.689750872677
 20
191.27014684845
 10
304.7921842111348
 20
190.3502358708958
 10
305.0388452829256
 20
189.45647361674048
 10
305.784539891147
 20
187.75984577128
  0
LWPOLYLINE
  5
264
330
17
100
AcDbEntity
  8
VISIBLE
100
AcDbPolyline
 90
2
 70
0
 10
305.7845398911464
 20
187.7598457712803
 10
307.215460108853
 20
187.7598457712803
  0
LWPOLYLINE
  5
265
330
17
100
AcDbEntity
  8
VISIBLE
100
AcDbPolyline
 90
4
 70
0
 10
307.215460108853
 20
187.75984577128
 10
307.9611547170744
 20
189.45647361674045
 10
308.2078157888652
 20
190.35023587089574
 10
308.310249127323
 20
191.27014684845
  0
LWPOLYLINE
  5
266
330
17
100
AcDbEntity
  8
VISIBLE
100
AcDbPolyline
 90
2
 70
0
 10
308.310249127323
 20
191.27014684845
 10
308.22575741686387
 20
192.31937328638998
  0
LWPOLYLINE
  5
267
330
17
100
AcDbEntity
  8
VISIBLE
100
AcDbPolyline
 90
2
 70
0
 10
308.2257574168634
 20
192.3193732863894
 10
310.37970068310744
 20
192.602945297052
  0
LWPOLYLINE
  5
268
330
17
100
AcDbEntity
  8
VISIBLE
100
AcDbPolyline
 90
2
 70
0
 10
310.379700683106
 20
192.60294529706
 10
310.5696477426315
 20
191.56760231920026
  0
LWPOLYLINE
  5
269
330
17
100
AcDbEntity
  8
VISIBLE
100
AcDbPolyline
 90
4
 70
0
 10
310.56964774263
 20
191.5676023192
 10
310.90668123051125
 20
190.70554824694153
 10
311.3762602232623
 20
189.90608078615682
 10
312.535665502724
 20
188.46026409907
  0
LWPOLYLINE
  5
26A
330
17
100
AcDbEntity
  8
VISIBLE
100
AcDbPolyline
 90
2
 70
0
 10
312.5356655027246
 20
188.46026409906108
 10
313.9178282963663
 20
188.83061350342575
  0
LWPOLYLINE
  5
26B
330
17
100
AcDbEntity
  8
VISIBLE
100
AcDbPolyline
 90
4
 70
0
 10
313.917828296365
 20
188.83061350343002
 10
314.19899437811523
 20
190.6624301233969
 10
314.20592798452896
 20
191.58957875030947
 10
314.066780510828
 20
192.50465622027
  0
LWPOLYLINE
  5
26C
330
17
100
AcDbEntity
  8
VISIBLE
100
AcDbPolyline
 90
2
 70
0
 10
314.066780510828
 20
192.50465622027
 10
313.71360800082476
 20
193.49626307048027
  0
LWPOLYLINE
  5
26D
330
17
100
AcDbEntity
  8
VISIBLE
100
AcDbPolyline
 90
2
 70
0
 10
313.7136080008211
 20
193.49626307047268
 10
315.7207635930323
 20
194.32765413855938
  0
LWPOLYLINE
  5
26E
330
17
100
AcDbEntity
  8
VISIBLE
100
AcDbPolyline
 90
2
 70
0
 10
315.720763593032
 20
194.32765413856
 10
316.1722048443318
 20
193.3767515337585
  0
LWPOLYLINE
  5
26F
330
17
100
AcDbEntity
  8
VISIBLE
100
AcDbPolyline
 90
4
 70
0
 10
316.172204844335
 20
193.37675153376
 10
316.7208702064126
 20
192.6313019272014
 10
317.38136608778456
 20
191.98061164605676
 10
318.875470484699
 20
190.88413613523
  0
LWPOLYLINE
  5
270
330
17
100
AcDbEntity
  8
VISIBLE
100
AcDbPolyline
 90
2
 70
0
 10
318.8754704847045
 20
190.88413613522965
 10
320.1146837440212
 20
191.5995962440797
  0
LWPOLYLINE
  5
271
330
17
100
AcDbEntity
  8
VISIBLE
100
AcDbPolyline
 90
4
 70
0
 10
320.114683744021
 20
191.59959624408
 10
319.9121602954768
 20
193.441766363131
 10
319.6788939226955
 20
194.33911771606293
 10
319.307648307216
 20
195.18700066108
  0
LWPOLYLINE
  5
272
330
17
100
AcDbEntity
  8
VISIBLE
100
AcDbPolyline
 90
2
 70
0
 10
319.307648307216
 20
195.18700066108
 10
318.7098631205781
 20
196.0534115554294
  0
LWPOLYLINE
  5
273
330
17
100
AcDbEntity
  8
VISIBLE
100
AcDbPolyline
 90
2
 70
0
 10
318.7098631205871
 20
196.05341155542857
 10
320.4334467021241
 20
197.3759637535799
  0
LWPOLYLINE
  5
274
330
17
100
AcDbEntity
  8
VISIBLE
100
AcDbPolyline
 90
2
 70
0
 10
320.433446702124
 20
197.37596375358
 10
321.1156171699683
 20
196.57430396289683
  0
LWPOLYLINE
  5
275
330
17
100
AcDbEntity
  8
VISIBLE
100
AcDbPolyline
 90
4
 70
0
 10
321.115617169972
 20
196.5743039629
 10
321.8385237685342
 20
195.9962599808248
 10
322.6449248357325
 20
195.53869034666138
 10
324.371907604573
 20
194.86627900615
  0
LWPOLYLINE
  5
276
330
17
100
AcDbEntity
  8
VISIBLE
100
AcDbPolyline
 90
2
 70
0
 10
324.3719076045677
 20
194.86627900614383
 10
325.38372099385214
 20
195.87809239542798
  0
LWPOLYLINE
  5
277
330
17
100
AcDbEntity
  8
VISIBLE
100
AcDbPolyline
 90
4
 70
0
 10
325.38372099385
 20
195.87809239543
 10
324.71130965334436
 20
197.60507516427361
 10
324.25374001918175
 20
198.411476231471
 10
323.675696037107
 20
199.13438283003
  0
LWPOLYLINE
  5
278
330
17
100
AcDbEntity
  8
VISIBLE
100
AcDbPolyline
 90
2
 70
0
 10
323.675696037107
 20
199.13438283003
 10
322.87403624641877
 20
199.81655329787856
  0
LWPOLYLINE
  5
279
330
17
100
AcDbEntity
  8
VISIBLE
100
AcDbPolyline
 90
2
 70
0
 10
322.87403624641985
 20
199.81655329787662
 10
324.19658844458036
 20
201.540136879427
  0
LWPOLYLINE
  5
27A
330
17
100
AcDbEntity
  8
VISIBLE
100
AcDbPolyline
 90
2
 70
0
 10
324.196588444576
 20
201.54013687943
 10
325.06299933892615
 20
200.94235169279162
  0
LWPOLYLINE
  5
27B
330
17
100
AcDbEntity
  8
VISIBLE
100
AcDbPolyline
 90
4
 70
0
 10
325.062999338925
 20
200.94235169279
 10
325.9108822839388
 20
200.5711060773106
 10
326.8082336368749
 20
200.33783970452563
 10
328.65040375592
 20
200.13531625598
  0
LWPOLYLINE
  5
27C
330
17
100
AcDbEntity
  8
VISIBLE
100
AcDbPolyline
 90
2
 70
0
 10
328.6504037559249
 20
200.13531625598588
 10
329.3658638647772
 20
201.3745295153077
  0
LWPOLYLINE
  5
27D
330
17
100
AcDbEntity
  8
VISIBLE
100
AcDbPolyline
 90
4
 70
0
 10
329.365863864773
 20
201.37452951531
 10
328.2693883539493
 20
202.86863391222147
 10
327.61869807280414
 20
203.52912979359184
 10
326.873248466248
 20
204.077795155665
  0
LWPOLYLINE
  5
27E
330
17
100
AcDbEntity
  8
VISIBLE
100
AcDbPolyline
 90
2
 70
0
 10
326.873248466248
 20
204.077795155665
 10
325.92234586144076
 20
204.52923640696753
  0
LWPOLYLINE
  5
27F
330
17
100
AcDbEntity
  8
VISIBLE
100
AcDbPolyline
 90
2
 70
0
 10
325.92234586144286
 20
204.529236406974
 10
326.75373692952564
 20
206.53639199917612
  0
LWPOLYLINE
  5
280
330
17
100
AcDbEntity
  8
VISIBLE
100
AcDbPolyline
 90
2
 70
0
 10
326.753736929526
 20
206.536391999176
 10
327.74534377973714
 20
206.18321948917247
  0
LWPOLYLINE
  5
281
330
17
100
AcDbEntity
  8
VISIBLE
100
AcDbPolyline
 90
4
 70
0
 10
327.745343779737
 20
206.183219489172
 10
328.6604212496932
 20
206.04407201547107
 10
329.58756987660655
 20
206.05100562188477
 10
331.419386496574
 20
206.332171703635
  0
LWPOLYLINE
  5
282
330
17
100
AcDbEntity
  8
VISIBLE
100
AcDbPolyline
 90
2
 70
0
 10
331.41938649657214
 20
206.33217170362897
 10
331.7897359009384
 20
207.71433449727613
  0
LWPOLYLINE
  5
283
330
17
100
AcDbEntity
  8
VISIBLE
100
AcDbPolyline
 90
4
 70
0
 10
331.789735900939
 20
207.714334497276
 10
330.34391921384776
 20
208.87373977673766
 10
329.54445175306296
 20
209.3433187694887
 10
328.6823976808
 20
209.68035225737
  0
LWPOLYLINE
  5
284
330
17
100
AcDbEntity
  8
VISIBLE
100
AcDbPolyline
 90
2
 70
0
 10
328.6823976808
 20
209.68035225737
 10
327.647054702949
 20
209.8702993168939
  0
LWPOLYLINE
  5
285
330
17
100
AcDbEntity
  8
VISIBLE
100
AcDbPolyline
 90
25
 70
0
 10
312.5
 20
213.75
 10
312.3114989667718
 20
215.24213932298912
 10
311.7578400802632
 20
216.6405220446103
 10
310.87381176452845
 20
217.85728263557212
 10
309.714960769874
 20
218.8159675530121
 10
308.3541019662497
 20
219.45633909777092
 10
306.87674311717586
 20
219.73816037056963
 10
305.37571211248564
 20
219.64372350437213
 10
303.9453242506096
 20
219.1789623147961
 10
302.6754560615079
 20
218.37307945665475
 10
301.6458980337503
 20
217.27671151375483
 10
300.9213410846705
 20
215.95874731610806
 10
300.54731179211313
 20
214.50199940138583
 10
300.54731179211313
 20
212.99800059861417
 10
300.9213410846705
 20
211.54125268389194
 10
301.6458980337503
 20
210.22328848624517
 10
302.6754560615079
 20
209.12692054334528
 10
303.9453242506096
 20
208.3210376852039
 10
305.37571211248564
 20
207.85627649562787
 10
306.87674311717586
 20
207.76183962943037
 10
308.3541019662497
 20
208.04366090222908
 10
309.714960769874
 20
208.6840324469879
 10
310.87381176452845
 20
209.64271736442788
 10
311.7578400802632
 20
210.8594779553897
 10
312.3114989667718
 20
212.25786067701088
  0
LWPOLYLINE
  5
286
330
17
100
AcDbEntity
  8
HIDDEN
100
AcDbPolyline
 90
2
 70
0
 10
327.930626713611
 20
212.024242583136
 10
328.97985315155097
 20
211.93975087267685
  0
LWPOLYLINE
  5
287
330
17
100
AcDbEntity
  8
HIDDEN
100
AcDbPolyline
 90
2
 70
0
 10
327.64705470294854
 20
209.87029931689526
 10
327.9306267136106
 20
212.02424258313604
  0
LWPOLYLINE
  5
288
330
17
100
AcDbEntity
  8
HIDDEN
100
AcDbPolyline
 90
4
 70
0
 10
328.979853151551
 20
211.939750872677
 10
329.8997641291081
 20
212.04218421113475
 10
330.79352638326134
 20
212.2888452829256
 10
332.49015422872003
 20
213.034539891147
  0
LWPOLYLINE
  5
289
330
17
100
AcDbEntity
  8
HIDDEN
100
AcDbPolyline
 90
2
 70
0
 10
332.49015422871975
 20
213.0345398911465
 10
332.49015422871975
 20
214.465460108853
  0
LWPOLYLINE
  5
28A
330
17
100
AcDbEntity
  8
HIDDEN
100
AcDbPolyline
 90
4
 70
0
 10
332.49015422872003
 20
214.465460108853
 10
330.79352638326134
 20
215.2111547170744
 10
329.8997641291082
 20
215.45781578886525
 10
328.979853151551
 20
215.560249127323
  0
LWPOLYLINE
  5
28B
330
17
100
AcDbEntity
  8
HIDDEN
100
AcDbPolyline
 90
2
 70
0
 10
328.979853151551
 20
215.560249127323
 10
327.930626713611
 20
215.47575741686387
  0
LWPOLYLINE
  5
28C
330
17
100
AcDbEntity
  8
HIDDEN
100
AcDbPolyline
 90
2
 70
0
 10
327.93062671361065
 20
215.4757574168634
 10
327.64705470294837
 20
217.62970068310588
  0
LWPOLYLINE
  5
28D
330
17
100
AcDbEntity
  8
HIDDEN
100
AcDbPolyline
 90
2
 70
0
 10
327.647054702949
 20
217.629700683106
 10
328.6823976808
 20
217.8196477426299
  0
LWPOLYLINE
  5
28E
330
17
100
AcDbEntity
  8
HIDDEN
100
AcDbPolyline
 90
4
 70
0
 10
328.6823976808
 20
217.81964774263
 10
329.5444517530629
 20
218.15668123051128
 10
330.34391921384776
 20
218.62626022326234
 10
331.789735900939
 20
219.785665502724
  0
LWPOLYLINE
  5
28F
330
17
100
AcDbEntity
  8
HIDDEN
100
AcDbPolyline
 90
2
 70
0
 10
331.78973590093864
 20
219.78566550272458
 10
331.4193864965743
 20
221.1678282963651
  0
LWPOLYLINE
  5
290
330
17
100
AcDbEntity
  8
HIDDEN
100
AcDbPolyline
 90
4
 70
0
 10
331.419386496574
 20
221.167828296365
 10
329.58756987660655
 20
221.44899437811523
 10
328.66042124969323
 20
221.45592798452893
 10
327.745343779737
 20
221.316780510828
  0
LWPOLYLINE
  5
291
330
17
100
AcDbEntity
  8
HIDDEN
100
AcDbPolyline
 90
2
 70
0
 10
327.745343779737
 20
221.316780510828
 10
326.7537369295258
 20
220.96360800082448
  0
LWPOLYLINE
  5
292
330
17
100
AcDbEntity
  8
HIDDEN
100
AcDbPolyline
 90
2
 70
0
 10
326.75373692952695
 20
220.963608000821
 10
325.9223458614405
 20
222.97076359303176
  0
LWPOLYLINE
  5
293
330
17
100
AcDbEntity
  8
HIDDEN
100
AcDbPolyline
 90
2
 70
0
 10
325.922345861441
 20
222.970763593032
 10
326.87324846624824
 20
223.42220484433452
  0
LWPOLYLINE
  5
294
330
17
100
AcDbEntity
  8
HIDDEN
100
AcDbPolyline
 90
4
 70
0
 10
326.873248466248
 20
223.422204844335
 10
327.6186980728041
 20
223.9708702064126
 10
328.2693883539493
 20
224.63136608778458
 10
329.365863864773
 20
226.125470484699
  0
LWPOLYLINE
  5
295
330
17
100
AcDbEntity
  8
HIDDEN
100
AcDbPolyline
 90
2
 70
0
 10
329.3658638647704
 20
226.12547048470452
 10
328.65040375592037
 20
227.36468374402122
  0
LWPOLYLINE
  5
296
330
17
100
AcDbEntity
  8
HIDDEN
100
AcDbPolyline
 90
4
 70
0
 10
328.65040375592
 20
227.364683744021
 10
326.8082336368749
 20
227.1621602954769
 10
325.91088228393886
 20
226.92889392269552
 10
325.062999338925
 20
226.557648307216
  0
LWPOLYLINE
  5
297
330
17
100
AcDbEntity
  8
HIDDEN
100
AcDbPolyline
 90
2
 70
0
 10
325.062999338925
 20
226.557648307216
 10
324.19658844457626
 20
225.9598631205786
  0
LWPOLYLINE
  5
298
330
17
100
AcDbEntity
  8
HIDDEN
100
AcDbPolyline
 90
2
 70
0
 10
324.19658844457115
 20
225.95986312058673
 10
322.8740362464198
 20
227.6834467021238
  0
LWPOLYLINE
  5
299
330
17
100
AcDbEntity
  8
HIDDEN
100
AcDbPolyline
 90
2
 70
0
 10
322.87403624642
 20
227.683446702124
 10
323.67569603710723
 20
228.36561716997173
  0
LWPOLYLINE
  5
29A
330
17
100
AcDbEntity
  8
HIDDEN
100
AcDbPolyline
 90
4
 70
0
 10
323.675696037107
 20
228.365617169972
 10
324.25374001918175
 20
229.08852376853417
 10
324.71130965334436
 20
229.89492483573252
 10
325.38372099385
 20
231.621907604573
  0
LWPOLYLINE
  5
29B
330
17
100
AcDbEntity
  8
HIDDEN
100
AcDbPolyline
 90
2
 70
0
 10
325.3837209938557
 20
231.62190760456772
 10
324.3719076045733
 20
232.63372099385037
  0
LWPOLYLINE
  5
29C
330
17
100
AcDbEntity
  8
HIDDEN
100
AcDbPolyline
 90
4
 70
0
 10
324.371907604573
 20
232.63372099385
 10
322.6449248357325
 20
231.96130965334436
 10
321.83852376853423
 20
231.50374001918175
 10
321.115617169972
 20
230.925696037107
  0
LWPOLYLINE
  5
29D
330
17
100
AcDbEntity
  8
HIDDEN
100
AcDbPolyline
 90
2
 70
0
 10
321.115617169972
 20
230.925696037107
 10
320.4334467021243
 20
230.12403624641976
  0
LWPOLYLINE
  5
29E
330
17
100
AcDbEntity
  8
HIDDEN
100
AcDbPolyline
 90
2
 70
0
 10
320.4334467021236
 20
230.12403624641973
 10
318.70986312057914
 20
231.4465884445762
  0
LWPOLYLINE
  5
29F
330
17
100
AcDbEntity
  8
HIDDEN
100
AcDbPolyline
 90
2
 70
0
 10
318.709863120579
 20
231.446588444576
 10
319.3076483072164
 20
232.31299933892473
  0
LWPOLYLINE
  5
2A0
330
17
100
AcDbEntity
  8
HIDDEN
100
AcDbPolyline
 90
4
 70
0
 10
319.307648307216
 20
232.312999338925
 10
319.6788939226955
 20
233.16088228393883
 10
319.9121602954769
 20
234.0582336368749
 10
320.114683744021
 20
235.90040375592
  0
LWPOLYLINE
  5
2A1
330
17
100
AcDbEntity
  8
HIDDEN
100
AcDbPolyline
 90
2
 70
0
 10
320.1146837440138
 20
235.90040375592534
 10
318.87547048469935
 20
236.61586386477364
  0
LWPOLYLINE
  5
2A2
330
17
100
AcDbEntity
  8
HIDDEN
100
AcDbPolyline
 90
4
 70
0
 10
318.875470484699
 20
236.615863864773
 10
317.38136608778456
 20
235.5193883539493
 10
316.72087020641266
 20
234.8686980728041
 10
316.172204844335
 20
234.12324846624801
  0
LWPOLYLINE
  5
2A3
330
17
100
AcDbEntity
  8
HIDDEN
100
AcDbPolyline
 90
2
 70
0
 10
316.172204844335
 20
234.12324846624801
 10
315.7207635930325
 20
233.17234586144076
  0
LWPOLYLINE
  5
2A4
330
17
100
AcDbEntity
  8
HIDDEN
100
AcDbPolyline
 90
2
 70
0
 10
315.72076359302645
 20
233.17234586144346
 10
313.71360800082414
 20
234.00373692952633
  0
LWPOLYLINE
  5
2A5
330
17
100
AcDbEntity
  8
HIDDEN
100
AcDbPolyline
 90
2
 70
0
 10
313.713608000824
 20
234.00373692952599
 10
314.0667805108275
 20
234.99534377973717
  0
LWPOLYLINE
  5
2A6
330
17
100
AcDbEntity
  8
HIDDEN
100
AcDbPolyline
 90
4
 70
0
 10
314.066780510828
 20
234.995343779737
 10
314.20592798452896
 20
235.9104212496932
 10
314.19899437811523
 20
236.83756987660655
 10
313.917828296365
 20
238.669386496574
  0
LWPOLYLINE
  5
2A7
330
17
100
AcDbEntity
  8
HIDDEN
100
AcDbPolyline
 90
2
 70
0
 10
313.9178282963712
 20
238.6693864965727
 10
312.535665502724
 20
239.039735900939
  0
LWPOLYLINE
  5
2A8
330
17
100
AcDbEntity
  8
HIDDEN
100
AcDbPolyline
 90
4
 70
0
 10
312.535665502724
 20
239.039735900939
 10
311.3762602232623
 20
237.59391921384776
 10
310.9066812305113
 20
236.79445175306296
 10
310.56964774263
 20
235.9323976808
  0
LWPOLYLINE
  5
2A9
330
17
100
AcDbEntity
  8
HIDDEN
100
AcDbPolyline
 90
2
 70
0
 10
310.56964774263
 20
235.9323976808
 10
310.3797006831061
 20
234.897054702949
  0
LWPOLYLINE
  5
2AA
330
17
100
AcDbEntity
  8
HIDDEN
100
AcDbPolyline
 90
2
 70
0
 10
310.3797006831046
 20
234.8970547029491
 10
308.225757416864
 20
235.18062671361113
  0
LWPOLYLINE
  5
2AB
330
17
100
AcDbEntity
  8
HIDDEN
100
AcDbPolyline
 90
2
 70
0
 10
308.225757416864
 20
235.180626713611
 10
308.3102491273231
 20
236.229853151551
  0
LWPOLYLINE
  5
2AC
330
17
100
AcDbEntity
  8
HIDDEN
100
AcDbPolyline
 90
4
 70
0
 10
308.310249127323
 20
236.229853151551
 10
308.2078157888652
 20
237.14976412910812
 10
307.9611547170744
 20
238.04352638326134
 10
307.215460108853
 20
239.74015422872
  0
LWPOLYLINE
  5
2AD
330
17
100
AcDbEntity
  8
HIDDEN
100
AcDbPolyline
 90
2
 70
0
 10
307.2154601088535
 20
239.74015422871975
 10
305.784539891147
 20
239.74015422871977
  0
LWPOLYLINE
  5
2AE
330
17
100
AcDbEntity
  8
HIDDEN
100
AcDbPolyline
 90
4
 70
0
 10
305.784539891147
 20
239.74015422872
 10
305.0388452829256
 20
238.04352638326134
 10
304.7921842111348
 20
237.14976412910815
 10
304.689750872677
 20
236.229853151551
  0
LWPOLYLINE
  5
2AF
330
17
100
AcDbEntity
  8
HIDDEN
100
AcDbPolyline
 90
2
 70
0
 10
304.689750872677
 20
236.229853151551
 10
304.77424258313613
 20
235.18062671361102
  0
LWPOLYLINE
  5
2B0
330
17
100
AcDbEntity
  8
HIDDEN
100
AcDbPolyline
 90
2
 70
0
 10
304.77424258313647
 20
235.18062671361076
 10
302.6202993168941
 20
234.89705470294845
  0
LWPOLYLINE
  5
2B1
330
17
100
AcDbEntity
  8
HIDDEN
100
AcDbPolyline
 90
2
 70
0
 10
302.620299316894
 20
234.897054702949
 10
302.4303522573701
 20
235.93239768080002
  0
LWPOLYLINE
  5
2B2
330
17
100
AcDbEntity
  8
HIDDEN
100
AcDbPolyline
 90
4
 70
0
 10
302.43035225737
 20
235.9323976808
 10
302.09331876948875
 20
236.79445175306293
 10
301.6237397767377
 20
237.59391921384776
 10
300.464334497276
 20
239.039735900939
  0
LWPOLYLINE
  5
2B3
330
17
100
AcDbEntity
  8
HIDDEN
100
AcDbPolyline
 90
2
 70
0
 10
300.4643344972757
 20
239.03973590093898
 10
299.0821717036348
 20
238.6693864965746
  0
LWPOLYLINE
  5
2B4
330
17
100
AcDbEntity
  8
HIDDEN
100
AcDbPolyline
 90
4
 70
0
 10
299.082171703635
 20
238.669386496574
 10
298.80100562188477
 20
236.83756987660655
 10
298.79407201547104
 20
235.91042124969326
 10
298.933219489172
 20
234.995343779737
  0
LWPOLYLINE
  5
2B5
330
17
100
AcDbEntity
  8
HIDDEN
100
AcDbPolyline
 90
2
 70
0
 10
298.933219489172
 20
234.995343779737
 10
299.2863919991755
 20
234.00373692952584
  0
LWPOLYLINE
  5
2B6
330
17
100
AcDbEntity
  8
HIDDEN
100
AcDbPolyline
 90
2
 70
0
 10
299.28639199917853
 20
234.00373692952746
 10
297.279236406968
 20
233.17234586144102
  0
LWPOLYLINE
  5
2B7
330
17
100
AcDbEntity
  8
HIDDEN
100
AcDbPolyline
 90
2
 70
0
 10
297.279236406968
 20
233.172345861441
 10
296.82779515566546
 20
234.12324846624824
  0
LWPOLYLINE
  5
2B8
330
17
100
AcDbEntity
  8
HIDDEN
100
AcDbPolyline
 90
4
 70
0
 10
296.827795155665
 20
234.12324846624801
 10
296.27912979359184
 20
234.86869807280408
 10
295.61863391222147
 20
235.5193883539493
 10
294.12452951531
 20
236.615863864773
  0
LWPOLYLINE
  5
2B9
330
17
100
AcDbEntity
  8
HIDDEN
100
AcDbPolyline
 90
2
 70
0
 10
294.1245295152958
 20
236.6158638647709
 10
292.8853162559794
 20
235.90040375592102
  0
LWPOLYLINE
  5
2BA
330
17
100
AcDbEntity
  8
HIDDEN
100
AcDbPolyline
 90
4
 70
0
 10
292.88531625598
 20
235.90040375592
 10
293.08783970452566
 20
234.0582336368749
 10
293.32110607731056
 20
233.16088228393886
 10
293.69235169279
 20
232.312999338925
  0
LWPOLYLINE
  5
2BB
330
17
100
AcDbEntity
  8
HIDDEN
100
AcDbPolyline
 90
2
 70
0
 10
293.69235169279
 20
232.312999338925
 10
294.29013687942836
 20
231.44658844457487
  0
LWPOLYLINE
  5
2BC
330
17
100
AcDbEntity
  8
HIDDEN
100
AcDbPolyline
 90
2
 70
0
 10
294.2901368794133
 20
231.44658844457084
 10
292.56655329787867
 20
230.12403624642153
  0
LWPOLYLINE
  5
2BD
330
17
100
AcDbEntity
  8
HIDDEN
100
AcDbPolyline
 90
2
 70
0
 10
292.56655329788
 20
230.12403624642
 10
291.8843828300314
 20
230.92569603710822
  0
LWPOLYLINE
  5
2BE
330
17
100
AcDbEntity
  8
HIDDEN
100
AcDbPolyline
 90
4
 70
0
 10
291.88438283003
 20
230.925696037107
 10
291.16147623147106
 20
231.50374001918172
 10
290.3550751642736
 20
231.96130965334436
 10
288.62809239543
 20
232.63372099385
  0
LWPOLYLINE
  5
2BF
330
17
100
AcDbEntity
  8
HIDDEN
100
AcDbPolyline
 90
2
 70
0
 10
288.6280923954324
 20
232.63372099385603
 10
287.6162790061495
 20
231.62190760457347
  0
LWPOLYLINE
  5
2C0
330
17
100
AcDbEntity
  8
HIDDEN
100
AcDbPolyline
 90
4
 70
0
 10
287.61627900615
 20
231.621907604573
 10
288.2886903466614
 20
229.89492483573252
 10
288.7462599808248
 20
229.0885237685342
 10
289.3243039629
 20
228.365617169972
  0
LWPOLYLINE
  5
2C1
330
17
100
AcDbEntity
  8
HIDDEN
100
AcDbPolyline
 90
2
 70
0
 10
289.3243039629
 20
228.365617169972
 10
290.12596375358316
 20
227.68344670212772
  0
LWPOLYLINE
  5
2C2
330
17
100
AcDbEntity
  8
HIDDEN
100
AcDbPolyline
 90
2
 70
0
 10
290.1259637535798
 20
227.6834467021239
 10
288.80341155542527
 20
225.95986312058224
  0
LWPOLYLINE
  5
2C3
330
17
100
AcDbEntity
  8
HIDDEN
100
AcDbPolyline
 90
2
 70
0
 10
288.80341155543
 20
225.959863120579
 10
287.9370006610806
 20
226.55764830721688
  0
LWPOLYLINE
  5
2C4
330
17
100
AcDbEntity
  8
HIDDEN
100
AcDbPolyline
 90
4
 70
0
 10
287.93700066108
 20
226.557648307216
 10
287.08911771606296
 20
226.92889392269552
 10
286.191766363131
 20
227.1621602954769
 10
284.34959624408
 20
227.364683744021
  0
LWPOLYLINE
  5
2C5
330
17
100
AcDbEntity
  8
HIDDEN
100
AcDbPolyline
 90
2
 70
0
 10
284.3495962440748
 20
227.364683744014
 10
283.63413613522704
 20
226.1254704847006
  0
LWPOLYLINE
  5
2C6
330
17
100
AcDbEntity
  8
HIDDEN
100
AcDbPolyline
 90
4
 70
0
 10
283.63413613523
 20
226.125470484699
 10
284.73061164605673
 20
224.63136608778458
 10
285.3813019272014
 20
223.97087020641263
 10
286.12675153376
 20
223.422204844335
  0
LWPOLYLINE
  5
2C7
330
17
100
AcDbEntity
  8
HIDDEN
100
AcDbPolyline
 90
2
 70
0
 10
286.12675153376
 20
223.422204844335
 10
287.0776541385615
 20
222.9707635930352
  0
LWPOLYLINE
  5
2C8
330
17
100
AcDbEntity
  8
HIDDEN
100
AcDbPolyline
 90
2
 70
0
 10
287.07765413855657
 20
222.97076359302633
 10
286.2462630704744
 20
220.96360800082599
  0
LWPOLYLINE
  5
2C9
330
17
100
AcDbEntity
  8
HIDDEN
100
AcDbPolyline
 90
2
 70
0
 10
286.24626307048
 20
220.963608000824
 10
285.25465622026974
 20
221.31678051082721
  0
LWPOLYLINE
  5
2CA
330
17
100
AcDbEntity
  8
HIDDEN
100
AcDbPolyline
 90
4
 70
0
 10
285.25465622027
 20
221.316780510828
 10
284.3395787503095
 20
221.45592798452893
 10
283.4124301233969
 20
221.44899437811523
 10
281.58061350343
 20
221.167828296365
  0
LWPOLYLINE
  5
2CB
330
17
100
AcDbEntity
  8
HIDDEN
100
AcDbPolyline
 90
2
 70
0
 10
281.58061350342746
 20
221.16782829637128
 10
281.21026409906165
 20
219.785665502726
  0
LWPOLYLINE
  5
2CC
330
17
100
AcDbEntity
  8
HIDDEN
100
AcDbPolyline
 90
4
 70
0
 10
281.21026409907
 20
219.785665502724
 10
282.6560807861568
 20
218.62626022326234
 10
283.4555482469415
 20
218.1566812305113
 10
284.3176023192
 20
217.81964774263
  0
LWPOLYLINE
  5
2CD
330
17
100
AcDbEntity
  8
HIDDEN
100
AcDbPolyline
 90
2
 70
0
 10
284.3176023192
 20
217.81964774263
 10
285.3529452970597
 20
217.6297006831045
  0
LWPOLYLINE
  5
2CE
330
17
100
AcDbEntity
  8
HIDDEN
100
AcDbPolyline
 90
2
 70
0
 10
285.352945297051
 20
217.62970068310477
 10
285.06937328638895
 20
215.47575741686407
  0
LWPOLYLINE
  5
2CF
330
17
100
AcDbEntity
  8
HIDDEN
100
AcDbPolyline
 90
2
 70
0
 10
285.06937328639
 20
215.475757416864
 10
284.02014684845
 20
215.56024912732315
  0
LWPOLYLINE
  5
2D0
330
17
100
AcDbEntity
  8
HIDDEN
100
AcDbPolyline
 90
4
 70
0
 10
284.02014684845
 20
215.560249127323
 10
283.1002358708958
 20
215.45781578886525
 10
282.2064736167405
 20
215.2111547170744
 10
280.50984577127997
 20
214.465460108853
  0
LWPOLYLINE
  5
2D1
330
17
100
AcDbEntity
  8
HIDDEN
100
AcDbPolyline
 90
2
 70
0
 10
280.50984577128025
 20
214.46546010885353
 10
280.50984577128025
 20
213.034539891147
  0
LWPOLYLINE
  5
2D2
330
17
100
AcDbEntity
  8
HIDDEN
100
AcDbPolyline
 90
4
 70
0
 10
280.50984577127997
 20
213.034539891147
 10
282.2064736167405
 20
212.2888452829256
 10
283.10023587089574
 20
212.04218421113475
 10
284.02014684845
 20
211.939750872677
  0
LWPOLYLINE
  5
2D3
330
17
100
AcDbEntity
  8
HIDDEN
100
AcDbPolyline
 90
2
 70
0
 10
284.02014684845
 20
211.939750872677
 10
285.06937328639
 20
212.02424258313613
  0
LWPOLYLINE
  5
2D4
330
17
100
AcDbEntity
  8
HIDDEN
100
AcDbPolyline
 90
2
 70
0
 10
285.0693732863891
 20
212.02424258313656
 10
285.35294529705175
 20
209.8702993168925
  0
LWPOLYLINE
  5
2D5
330
17
100
AcDbEntity
  8
HIDDEN
100
AcDbPolyline
 90
2
 70
0
 10
285.35294529706
 20
209.870299316894
 10
284.31760231920026
 20
209.6803522573685
  0
LWPOLYLINE
  5
2D6
330
17
100
AcDbEntity
  8
HIDDEN
100
AcDbPolyline
 90
4
 70
0
 10
284.3176023192
 20
209.68035225737
 10
283.45554824694153
 20
209.34331876948872
 10
282.6560807861568
 20
208.87373977673766
 10
281.21026409907
 20
207.714334497276
  0
LWPOLYLINE
  5
2D7
330
17
100
AcDbEntity
  8
HIDDEN
100
AcDbPolyline
 90
2
 70
0
 10
281.21026409906153
 20
207.7143344972755
 10
281.5806135034262
 20
206.33217170363386
  0
LWPOLYLINE
  5
2D8
330
17
100
AcDbEntity
  8
HIDDEN
100
AcDbPolyline
 90
4
 70
0
 10
281.58061350343
 20
206.332171703635
 10
283.4124301233969
 20
206.05100562188477
 10
284.33957875030944
 20
206.04407201547107
 10
285.25465622027
 20
206.183219489172
  0
LWPOLYLINE
  5
2D9
330
17
100
AcDbEntity
  8
HIDDEN
100
AcDbPolyline
 90
2
 70
0
 10
285.25465622027
 20
206.183219489172
 10
286.24626307048027
 20
206.5363919991752
  0
LWPOLYLINE
  5
2DA
330
17
100
AcDbEntity
  8
HIDDEN
100
AcDbPolyline
 90
2
 70
0
 10
286.2462630704728
 20
206.53639199917902
 10
287.0776541385596
 20
204.52923640696778
  0
LWPOLYLINE
  5
2DB
330
17
100
AcDbEntity
  8
HIDDEN
100
AcDbPolyline
 90
2
 70
0
 10
287.07765413856
 20
204.529236406968
 10
286.12675153375847
 20
204.07779515566818
  0
LWPOLYLINE
  5
2DC
330
17
100
AcDbEntity
  8
HIDDEN
100
AcDbPolyline
 90
4
 70
0
 10
286.12675153376
 20
204.077795155665
 10
285.38130192720143
 20
203.52912979359186
 10
284.73061164605673
 20
202.86863391222147
 10
283.63413613523
 20
201.37452951531
  0
LWPOLYLINE
  5
2DD
330
17
100
AcDbEntity
  8
HIDDEN
100
AcDbPolyline
 90
2
 70
0
 10
283.6341361352293
 20
201.37452951529542
 10
284.34959624407895
 20
200.13531625597938
  0
LWPOLYLINE
  5
2DE
330
17
100
AcDbEntity
  8
HIDDEN
100
AcDbPolyline
 90
4
 70
0
 10
284.34959624408
 20
200.13531625598
 10
286.191766363131
 20
200.33783970452563
 10
287.08911771606296
 20
200.57110607731056
 10
287.93700066108
 20
200.94235169279
  0
LWPOLYLINE
  5
2DF
330
17
100
AcDbEntity
  8
HIDDEN
100
AcDbPolyline
 90
2
 70
0
 10
287.93700066108
 20
200.94235169279
 10
288.8034115554308
 20
201.54013687942884
  0
LWPOLYLINE
  5
2E0
330
17
100
AcDbEntity
  8
HIDDEN
100
AcDbPolyline
 90
2
 70
0
 10
288.8034115554289
 20
201.54013687941304
 10
290.1259637535782
 20
199.81655329787847
  0
LWPOLYLINE
  5
2E1
330
17
100
AcDbEntity
  8
HIDDEN
100
AcDbPolyline
 90
2
 70
0
 10
290.12596375358
 20
199.81655329788
 10
289.32430396289584
 20
199.1343828300349
  0
LWPOLYLINE
  5
2E2
330
17
100
AcDbEntity
  8
HIDDEN
100
AcDbPolyline
 90
4
 70
0
 10
289.3243039629
 20
199.13438283003
 10
288.7462599808248
 20
198.41147623147106
 10
288.2886903466614
 20
197.60507516427361
 10
287.61627900615
 20
195.87809239543
  0
LWPOLYLINE
  5
2E3
330
17
100
AcDbEntity
  8
HIDDEN
100
AcDbPolyline
 90
2
 70
0
 10
287.6162790061438
 20
195.87809239543242
 10
288.62809239542804
 20
194.86627900614795
  0
LWPOLYLINE
  5
2E4
330
17
100
AcDbEntity
  8
HIDDEN
100
AcDbPolyline
 90
4
 70
0
 10
288.62809239543
 20
194.86627900615
 10
290.3550751642736
 20
195.53869034666138
 10
291.161476231471
 20
195.9962599808248
 10
291.88438283003
 20
196.5743039629
  0
LWPOLYLINE
  5
2E5
330
17
100
AcDbEntity
  8
HIDDEN
100
AcDbPolyline
 90
2
 70
0
 10
291.88438283003
 20
196.5743039629
 10
292.5665532978751
 20
197.37596375358416
  0
LWPOLYLINE
  5
2E6
330
17
100
AcDbEntity
  8
HIDDEN
100
AcDbPolyline
 90
2
 70
0
 10
292.5665532978761
 20
197.3759637535797
 10
294.2901368794238
 20
196.053411555421
  0
LWPOLYLINE
  5
2E7
330
17
100
AcDbEntity
  8
HIDDEN
100
AcDbPolyline
 90
2
 70
0
 10
294.29013687943
 20
196.05341155543
 10
293.69235169279114
 20
195.1870006610792
  0
LWPOLYLINE
  5
2E8
330
17
100
AcDbEntity
  8
HIDDEN
100
AcDbPolyline
 90
4
 70
0
 10
293.69235169279
 20
195.18700066108
 10
293.32110607731056
 20
194.339117716063
 10
293.08783970452566
 20
193.441766363131
 10
292.88531625598
 20
191.59959624408
  0
LWPOLYLINE
  5
2E9
330
17
100
AcDbEntity
  8
HIDDEN
100
AcDbPolyline
 90
2
 70
0
 10
292.8853162559858
 20
191.59959624407514
 10
294.12452951530645
 20
190.88413613522346
  0
LWPOLYLINE
  5
2EA
330
17
100
AcDbEntity
  8
HIDDEN
100
AcDbPolyline
 90
4
 70
0
 10
294.12452951531
 20
190.88413613523
 10
295.61863391222147
 20
191.98061164605676
 10
296.27912979359184
 20
192.63130192720138
 10
296.827795155665
 20
193.37675153376
  0
LWPOLYLINE
  5
2EB
330
17
100
AcDbEntity
  8
HIDDEN
100
AcDbPolyline
 90
2
 70
0
 10
296.827795155665
 20
193.37675153376
 10
297.2792364069648
 20
194.3276541385615
  0
LWPOLYLINE
  5
2EC
330
17
100
AcDbEntity
  8
HIDDEN
100
AcDbPolyline
 90
2
 70
0
 10
297.27923640697367
 20
194.3276541385564
 10
299.28639199917393
 20
193.49626307047427
  0
LWPOLYLINE
  5
2ED
330
17
100
AcDbEntity
  8
HIDDEN
100
AcDbPolyline
 90
2
 70
0
 10
299.286391999176
 20
193.49626307048
 10
298.93321948917276
 20
192.50465622026974
  0
LWPOLYLINE
  5
2EE
330
17
100
AcDbEntity
  8
HIDDEN
100
AcDbPolyline
 90
4
 70
0
 10
298.933219489172
 20
192.50465622027
 10
298.79407201547104
 20
191.5895787503095
 10
298.80100562188477
 20
190.6624301233969
 10
299.082171703635
 20
188.83061350343002
  0
LWPOLYLINE
  5
2EF
330
17
100
AcDbEntity
  8
HIDDEN
100
AcDbPolyline
 90
2
 70
0
 10
299.08217170362894
 20
188.8306135034277
 10
300.4643344972741
 20
188.46026409906193
  0
LWPOLYLINE
  5
2F0
330
17
100
AcDbEntity
  8
HIDDEN
100
AcDbPolyline
 90
4
 70
0
 10
300.464334497276
 20
188.46026409907
 10
301.6237397767377
 20
189.90608078615682
 10
302.0933187694887
 20
190.7055482469415
 10
302.43035225737
 20
191.5676023192
  0
LWPOLYLINE
  5
2F1
330
17
100
AcDbEntity
  8
HIDDEN
100
AcDbPolyline
 90
2
 70
0
 10
302.43035225737
 20
191.5676023192
 10
302.6202993168955
 20
192.60294529705973
  0
LWPOLYLINE
  5
2F2
330
17
100
AcDbEntity
  8
HIDDEN
100
AcDbPolyline
 90
2
 70
0
 10
302.6202993168953
 20
192.6029452970514
 10
304.77424258313596
 20
192.31937328638935
  0
LWPOLYLINE
  5
2F3
330
17
100
AcDbEntity
  8
HIDDEN
100
AcDbPolyline
 90
2
 70
0
 10
304.774242583136
 20
192.31937328639
 10
304.6897508726769
 20
191.27014684845
  0
LWPOLYLINE
  5
2F4
330
17
100
AcDbEntity
  8
HIDDEN
100
AcDbPolyline
 90
4
 70
0
 10
304.689750872677
 20
191.27014684845
 10
304.7921842111348
 20
190.3502358708958
 10
305.0388452829256
 20
189.45647361674048
 10
305.784539891147
 20
187.75984577128
  0
LWPOLYLINE
  5
2F5
330
17
100
AcDbEntity
  8
HIDDEN
100
AcDbPolyline
 90
2
 70
0
 10
305.7845398911464
 20
187.7598457712803
 10
307.215460108853
 20
187.7598457712803
  0
LWPOLYLINE
  5
2F6
330
17
100
AcDbEntity
  8
HIDDEN
100
AcDbPolyline
 90
4
 70
0
 10
307.215460108853
 20
187.75984577128
 10
307.9611547170744
 20
189.45647361674045
 10
308.2078157888652
 20
190.35023587089574
 10
308.310249127323
 20
191.27014684845
  0
LWPOLYLINE
  5
2F7
330
17
100
AcDbEntity
  8
HIDDEN
100
AcDbPolyline
 90
2
 70
0
 10
308.310249127323
 20
191.27014684845
 10
308.22575741686387
 20
192.31937328638998
  0
LWPOLYLINE
  5
2F8
330
17
100
AcDbEntity
  8
HIDDEN
100
AcDbPolyline
 90
2
 70
0
 10
308.2257574168634
 20
192.3193732863894
 10
310.37970068310744
 20
192.602945297052
  0
LWPOLYLINE
  5
2F9
330
17
100
AcDbEntity
  8
HIDDEN
100
AcDbPolyline
 90
2
 70
0
 10
310.379700683106
 20
192.60294529706
 10
310.5696477426315
 20
191.56760231920026
  0
LWPOLYLINE
  5
2FA
330
17
100
AcDbEntity
  8
HIDDEN
100
AcDbPolyline
 90
4
 70
0
 10
310.56964774263
 20
191.5676023192
 10
310.90668123051125
 20
190.70554824694153
 10
311.3762602232623
 20
189.90608078615682
 10
312.535665502724
 20
188.46026409907
  0
LWPOLYLINE
  5
2FB
330
17
100
AcDbEntity
  8
HIDDEN
100
AcDbPolyline
 90
2
 70
0
 10
312.5356655027246
 20
188.46026409906108
 10
313.9178282963663
 20
188.83061350342575
  0
LWPOLYLINE
  5
2FC
330
17
100
AcDbEntity
  8
HIDDEN
100
AcDbPolyline
 90
4
 70
0
 10
313.917828296365
 20
188.83061350343002
 10
314.19899437811523
 20
190.6624301233969
 10
314.20592798452896
 20
191.58957875030947
 10
314.066780510828
 20
192.50465622027
  0
LWPOLYLINE
  5
2FD
330
17
100
AcDbEntity
  8
HIDDEN
100
AcDbPolyline
 90
2
 70
0
 10
314.066780510828
 20
192.50465622027
 10
313.71360800082476
 20
193.49626307048027
  0
LWPOLYLINE
  5
2FE
330
17
100
AcDbEntity
  8
HIDDEN
100
AcDbPolyline
 90
2
 70
0
 10
313.7136080008211
 20
193.49626307047268
 10
315.7207635930323
 20
194.32765413855938
  0
LWPOLYLINE
  5
2FF
330
17
100
AcDbEntity
  8
HIDDEN
100
AcDbPolyline
 90
2
 70
0
 10
315.720763593032
 20
194.32765413856
 10
316.1722048443318
 20
193.3767515337585
  0
LWPOLYLINE
  5
300
330
17
100
AcDbEntity
  8
HIDDEN
100
AcDbPolyline
 90
4
 70
0
 10
316.172204844335
 20
193.37675153376
 10
316.7208702064126
 20
192.6313019272014
 10
317.38136608778456
 20
191.98061164605676
 10
318.875470484699
 20
190.88413613523
  0
LWPOLYLINE
  5
301
330
17
100
AcDbEntity
  8
HIDDEN
100
AcDbPolyline
 90
2
 70
0
 10
318.8754704847045
 20
190.88413613522965
 10
320.1146837440212
 20
191.5995962440797
  0
LWPOLYLINE
  5
302
330
17
100
AcDbEntity
  8
HIDDEN
100
AcDbPolyline
 90
4
 70
0
 10
320.114683744021
 20
191.59959624408
 10
319.9121602954768
 20
193.441766363131
 10
319.6788939226955
 20
194.33911771606293
 10
319.307648307216
 20
195.18700066108
  0
LWPOLYLINE
  5
303
330
17
100
AcDbEntity
  8
HIDDEN
100
AcDbPolyline
 90
2
 70
0
 10
319.307648307216
 20
195.18700066108
 10
318.7098631205781
 20
196.0534115554294
  0
LWPOLYLINE
  5
304
330
17
100
AcDbEntity
  8
HIDDEN
100
AcDbPolyline
 90
2
 70
0
 10
318.7098631205871
 20
196.05341155542857
 10
320.4334467021241
 20
197.3759637535799
  0
LWPOLYLINE
  5
305
330
17
100
AcDbEntity
  8
HIDDEN
100
AcDbPolyline
 90
2
 70
0
 10
320.433446702124
 20
197.37596375358
 10
321.1156171699683
 20
196.57430396289683
  0
LWPOLYLINE
  5
306
330
17
100
AcDbEntity
  8
HIDDEN
100
AcDbPolyline
 90
4
 70
0
 10
321.115617169972
 20
196.5743039629
 10
321.8385237685342
 20
195.9962599808248
 10
322.6449248357325
 20
195.53869034666138
 10
324.371907604573
 20
194.86627900615
  0
LWPOLYLINE
  5
307
330
17
100
AcDbEntity
  8
HIDDEN
100
AcDbPolyline
 90
2
 70
0
 10
324.3719076045677
 20
194.86627900614383
 10
325.38372099385214
 20
195.87809239542798
  0
LWPOLYLINE
  5
308
330
17
100
AcDbEntity
  8
HIDDEN
100
AcDbPolyline
 90
4
 70
0
 10
325.38372099385
 20
195.87809239543
 10
324.71130965334436
 20
197.60507516427361
 10
324.25374001918175
 20
198.411476231471
 10
323.675696037107
 20
199.13438283003
  0
LWPOLYLINE
  5
309
330
17
100
AcDbEntity
  8
HIDDEN
100
AcDbPolyline
 90
2
 70
0
 10
323.675696037107
 20
199.13438283003
 10
322.87403624641877
 20
199.81655329787856
  0
LWPOLYLINE
  5
30A
330
17
100
AcDbEntity
  8
HIDDEN
100
AcDbPolyline
 90
2
 70
0
 10
322.87403624641985
 20
199.81655329787662
 10
324.19658844458036
 20
201.540136879427
  0
LWPOLYLINE
  5
30B
330
17
100
AcDbEntity
  8
HIDDEN
100
AcDbPolyline
 90
2
 70
0
 10
324.196588444576
 20
201.54013687943
 10
325.06299933892615
 20
200.94235169279162
  0
LWPOLYLINE
  5
30C
330
17
100
AcDbEntity
  8
HIDDEN
100
AcDbPolyline
 90
4
 70
0
 10
325.062999338925
 20
200.94235169279
 10
325.9108822839388
 20
200.5711060773106
 10
326.8082336368749
 20
200.33783970452563
 10
328.65040375592
 20
200.13531625598
  0
LWPOLYLINE
  5
30D
330
17
100
AcDbEntity
  8
HIDDEN
100
AcDbPolyline
 90
2
 70
0
 10
328.6504037559249
 20
200.13531625598588
 10
329.3658638647772
 20
201.3745295153077
  0
LWPOLYLINE
  5
30E
330
17
100
AcDbEntity
  8
HIDDEN
100
AcDbPolyline
 90
4
 70
0
 10
329.365863864773
 20
201.37452951531
 10
328.2693883539493
 20
202.86863391222147
 10
327.61869807280414
 20
203.52912979359184
 10
326.873248466248
 20
204.077795155665
  0
LWPOLYLINE
  5
30F
330
17
100
AcDbEntity
  8
HIDDEN
100
AcDbPolyline
 90
2
 70
0
 10
326.873248466248
 20
204.077795155665
 10
325.92234586144076
 20
204.52923640696753
  0
LWPOLYLINE
  5
310
330
17
100
AcDbEntity
  8
HIDDEN
100
AcDbPolyline
 90
2
 70
0
 10
325.92234586144286
 20
204.529236406974
 10
326.75373692952564
 20
206.53639199917612
  0
LWPOLYLINE
  5
311
330
17
100
AcDbEntity
  8
HIDDEN
100
AcDbPolyline
 90
2
 70
0
 10
326.753736929526
 20
206.536391999176
 10
327.74534377973714
 20
206.18321948917247
  0
LWPOLYLINE
  5
312
330
17
100
AcDbEntity
  8
HIDDEN
100
AcDbPolyline
 90
4
 70
0
 10
327.745343779737
 20
206.183219489172
 10
328.6604212496932
 20
206.04407201547107
 10
329.58756987660655
 20
206.05100562188477
 10
331.419386496574
 20
206.332171703635
  0
LWPOLYLINE
  5
313
330
17
100
AcDbEntity
  8
HIDDEN
100
AcDbPolyline
 90
2
 70
0
 10
331.41938649657214
 20
206.33217170362897
 10
331.7897359009384
 20
207.71433449727613
  0
LWPOLYLINE
  5
314
330
17
100
AcDbEntity
  8
HIDDEN
100
AcDbPolyline
 90
4
 70
0
 10
331.789735900939
 20
207.714334497276
 10
330.34391921384776
 20
208.87373977673766
 10
329.54445175306296
 20
209.3433187694887
 10
328.6823976808
 20
209.68035225737
  0
LWPOLYLINE
  5
315
330
17
100
AcDbEntity
  8
HIDDEN
100
AcDbPolyline
 90
2
 70
0
 10
328.6823976808
 20
209.68035225737
 10
327.647054702949
 20
209.8702993168939
  0
LWPOLYLINE
  5
316
330
17
100
AcDbEntity
  8
HIDDEN
100
AcDbPolyline
 90
25
 70
0
 10
312.5
 20
213.75
 10
312.3114989667718
 20
215.24213932298912
 10
311.7578400802632
 20
216.6405220446103
 10
310.87381176452845
 20
217.85728263557212
 10
309.714960769874
 20
218.8159675530121
 10
308.3541019662497
 20
219.45633909777092
 10
306.87674311717586
 20
219.73816037056963
 10
305.37571211248564
 20
219.64372350437213
 10
303.9453242506096
 20
219.1789623147961
 10
302.6754560615079
 20
218.37307945665475
 10
301.6458980337503
 20
217.27671151375483
 10
300.9213410846705
 20
215.95874731610806
 10
300.54731179211313
 20
214.50199940138583
 10
300.54731179211313
 20
212.99800059861417
 10
300.9213410846705
 20
211.54125268389194
 10
301.6458980337503
 20
210.22328848624517
 10
302.6754560615079
 20
209.12692054334528
 10
303.9453242506096
 20
208.3210376852039
 10
305.37571211248564
 20
207.85627649562787
 10
306.87674311717586
 20
207.76183962943037
 10
308.3541019662497
 20
208.04366090222908
 10
309.714960769874
 20
208.6840324469879
 10
310.87381176452845
 20
209.64271736442788
 10
311.7578400802632
 20
210.8594779553897
 10
312.3114989667718
 20
212.25786067701088
  0
TEXT
  5
317
330
17
100
AcDbEntity
  8
TEXT
100
AcDbText
 10
288.5
 20
180.75984577128
 30
0.0
 40
3.0
  1
TOP  1:1
100
AcDbText
  0
LWPOLYLINE
  5
318
330
17
100
AcDbEntity
  8
VISIBLE
100
AcDbPolyline
 90
15
 70
0
 10
111.62029931689524
 20
87.75
 10
111.76699578878798
 20
87.75
 10
111.91387167250507
 20
87.75
 10
112.06091990904824
 20
87.75
 10
112.20813343113579
 20
87.75
 10
112.35550516354222
 20
87.75
 10
112.5030280234383
 20
87.75
 10
112.65069492073144
 20
87.75
 10
112.79849875840651
 20
87.75
 10
112.94643243286687
 20
87.75
 10
113.0944888342758
 20
87.75
 10
113.24266084689818
 20
87.75
 10
113.39094134944256
 20
87.75
 10
113.53932321540329
 20
87.75
 10
113.68779931340315
 20
87.75
  0
LWPOLYLINE
  5
319
330
17
100
AcDbEntity
  8
VISIBLE
100
AcDbPolyline
 90
15
 70
0
 10
111.62029931689524
 20
102.75
 10
111.76699578878798
 20
102.75
 10
111.91387167250507
 20
102.75
 10
112.06091990904824
 20
102.75
 10
112.20813343113579
 20
102.75
 10
112.35550516354222
 20
102.75
 10
112.5030280234383
 20
102.75
 10
112.65069492073144
 20
102.75
 10
112.79849875840651
 20
102.75
 10
112.94643243286687
 20
102.75
 10
113.0944888342758
 20
102.75
 10
113.24266084689818
 20
102.75
 10
113.39094134944256
 20
102.75
 10
113.53932321540329
 20
102.75
 10
113.68779931340315
 20
102.75
  0
LWPOLYLINE
  5
31A
330
17
100
AcDbEntity
  8
VISIBLE
100
AcDbPolyline
 90
2
 70
0
 10
111.62029931689398
 20
87.75
 10
111.62029931689398
 20
102.75
  0
LWPOLYLINE
  5
31B
330
17
100
AcDbEntity
  8
VISIBLE
100
AcDbPolyline
 90
2
 70
0
 10
113.68975087267697
 20
102.75
 10
113.68779931340315
 20
102.75
  0
LWPOLYLINE
  5
31C
330
17
100
AcDbEntity
  8
VISIBLE
100
AcDbPolyline
 90
4
 70
0
 10
113.68779931340315
 20
102.75
 10
113.80361994510133
 20
102.75
 10
114.0505655035525
 20
102.75
 10
114.78453989114698
 20
102.75
  0
LWPOLYLINE
  5
31D
330
17
100
AcDbEntity
  8
VISIBLE
100
AcDbPolyline
 90
2
 70
0
 10
114.78453989114698
 20
87.75
 10
114.78453989114698
 20
102.75
  0
LWPOLYLINE
  5
31E
330
17
100
AcDbEntity
  8
VISIBLE
100
AcDbPolyline
 90
2
 70
0
 10
113.68975087267697
 20
87.75
 10
113.68779931340315
 20
87.75
  0
LWPOLYLINE
  5
31F
330
17
100
AcDbEntity
  8
VISIBLE
100
AcDbPolyline
 90
4
 70
0
 10
113.68779931340315
 20
87.75
 10
113.80361994510133
 20
87.75
 10
114.0505655035525
 20
87.75
 10
114.78453989114698
 20
87.75
  0
LWPOLYLINE
  5
320
330
17
100
AcDbEntity
  8
VISIBLE
100
AcDbPolyline
 90
15
 70
0
 10
114.78453989114645
 20
87.75
 10
114.88672793839442
 20
87.75
 10
114.98892546524961
 20
87.75
 10
115.09113089200137
 20
87.75
 10
115.19334263881692
 20
87.75
 10
115.29555912576578
 20
87.75
 10
115.39777877284425
 20
87.75
 10
115.49999999999972
 20
87.75
 10
115.60222122715517
 20
87.75
 10
115.70444087423364
 20
87.75
 10
115.8066573611825
 20
87.75
 10
115.90886910799804
 20
87.75
 10
116.01107453474981
 20
87.75
 10
116.113272061605
 20
87.75
 10
116.21546010885297
 20
87.75
  0
LWPOLYLINE
  5
321
330
17
100
AcDbEntity
  8
VISIBLE
100
AcDbPolyline
 90
4
 70
0
 10
116.21546010885297
 20
87.75
 10
116.94943449644748
 20
87.75
 10
117.19638005489863
 20
87.75
 10
117.3122006865968
 20
87.75
  0
LWPOLYLINE
  5
322
330
17
100
AcDbEntity
  8
VISIBLE
100
AcDbPolyline
 90
15
 70
0
 10
117.3122006865968
 20
87.75
 10
117.46067678459674
 20
87.75
 10
117.60905865055756
 20
87.75
 10
117.75733915310201
 20
87.75
 10
117.90551116572448
 20
87.75
 10
118.05356756713348
 20
87.75
 10
118.20150124159392
 20
87.75
 10
118.34930507926907
 20
87.75
 10
118.4969719765623
 20
87.75
 10
118.64449483645846
 20
87.75
 10
118.79186656886498
 20
87.75
 10
118.9390800909526
 20
87.75
 10
119.08612832749586
 20
87.75
 10
119.23300421121303
 20
87.75
 10
119.37970068310585
 20
87.75
  0
LWPOLYLINE
  5
323
330
17
100
AcDbEntity
  8
VISIBLE
100
AcDbPolyline
 90
2
 70
0
 10
119.37970068310597
 20
87.75
 10
119.56964774262987
 20
87.75
  0
LWPOLYLINE
  5
324
330
17
100
AcDbEntity
  8
VISIBLE
100
AcDbPolyline
 90
4
 70
0
 10
119.56964774262997
 20
87.75
 10
119.90668123051125
 20
87.75
 10
120.3762602232623
 20
87.75
 10
121.53566550272397
 20
87.75
  0
LWPOLYLINE
  5
325
330
17
100
AcDbEntity
  8
VISIBLE
100
AcDbPolyline
 90
15
 70
0
 10
121.53566550272456
 20
87.75
 10
121.63504761780834
 20
87.75
 10
121.73433490085043
 20
87.75
 10
121.83352581712502
 20
87.75
 10
121.93261883339595
 20
87.75
 10
122.03161241794027
 20
87.75
 10
122.13050504057202
 20
87.75
 10
122.22929517266586
 20
87.75
 10
122.32798128718066
 20
87.75
 10
122.42656185868319
 20
87.75
 10
122.52503536337159
 20
87.75
 10
122.62340027909897
 20
87.75
 10
122.721655085397
 20
87.75
 10
122.81979826349932
 20
87.75
 10
122.91782829636506
 20
87.75
  0
LWPOLYLINE
  5
326
330
17
100
AcDbEntity
  8
VISIBLE
100
AcDbPolyline
 90
3
 70
0
 10
122.91782829636497
 20
87.75
 10
123.13464388517484
 20
87.75
 10
123.21646164531344
 20
87.75
  0
LWPOLYLINE
  5
327
330
17
100
AcDbEntity
  8
VISIBLE
100
AcDbPolyline
 90
15
 70
0
 10
123.21646164531344
 20
87.75
 10
123.32549986800994
 20
87.75
 10
123.43430656814898
 20
87.75
 10
123.54287852661281
 20
87.75
 10
123.65121253122868
 20
87.75
 10
123.75930537686385
 20
87.75
 10
123.86715386552044
 20
87.75
 10
123.97475480643
 20
87.75
 10
124.08210501614798
 20
87.75
 10
124.18920131864786
 20
87.75
 10
124.29604054541512
 20
87.75
 10
124.40261953554105
 20
87.75
 10
124.50893513581613
 20
87.75
 10
124.61498420082344
 20
87.75
 10
124.72076359303172
 20
87.75
  0
LWPOLYLINE
  5
328
330
17
100
AcDbEntity
  8
VISIBLE
100
AcDbPolyline
 90
2
 70
0
 10
124.72076359303198
 20
87.75
 10
125.17220484433449
 20
87.75
  0
LWPOLYLINE
  5
329
330
17
100
AcDbEntity
  8
VISIBLE
100
AcDbPolyline
 90
4
 70
0
 10
125.17220484433497
 20
87.75
 10
125.72087020641257
 20
87.75
 10
126.38136608778456
 20
87.75
 10
127.87547048469897
 20
87.75
  0
LWPOLYLINE
  5
32A
330
17
100
AcDbEntity
  8
VISIBLE
100
AcDbPolyline
 90
15
 70
0
 10
127.8754704847045
 20
87.75
 10
127.96527394071761
 20
87.75
 10
128.05488471568702
 20
87.75
 10
128.14430142446085
 20
87.75
 10
128.233522684887
 20
87.75
 10
128.32254711783446
 20
87.75
 10
128.41137334721472
 20
87.75
 10
128.50000000000293
 20
87.75
 10
128.5884257062592
 20
87.75
 10
128.67664909914973
 20
87.75
 10
128.76466881496808
 20
87.75
 10
128.85248349315597
 20
87.75
 10
128.94009177632458
 20
87.75
 10
129.0274923102754
 20
87.75
 10
129.1146837440212
 20
87.75
  0
LWPOLYLINE
  5
32B
330
17
100
AcDbEntity
  8
VISIBLE
100
AcDbPolyline
 90
15
 70
0
 10
129.11468374402097
 20
87.75
 10
129.13762229891418
 20
87.75
 10
129.16053490882703
 20
87.75
 10
129.1834215301693
 20
87.75
 10
129.20628211940019
 20
87.75
 10
129.22911663302838
 20
87.75
 10
129.25192502761226
 20
87.75
 10
129.27470725975985
 20
87.75
 10
129.29746328612893
 20
87.75
 10
129.32019306342715
 20
87.75
 10
129.34289654841214
 20
87.75
 10
129.36557369789148
 20
87.75
 10
129.38822446872288
 20
87.75
 10
129.41084881781427
 20
87.75
 10
129.43344670212377
 20
87.75
  0
LWPOLYLINE
  5
32C
330
17
100
AcDbEntity
  8
VISIBLE
100
AcDbPolyline
 90
2
 70
0
 10
129.43344670212397
 20
87.75
 10
130.1156171699717
 20
87.75
  0
LWPOLYLINE
  5
32D
330
17
100
AcDbEntity
  8
VISIBLE
100
AcDbPolyline
 90
3
 70
0
 10
130.11561716997198
 20
87.75
 10
131.6449248357325
 20
87.75
 10
133.37190760457298
 20
87.75
  0
LWPOLYLINE
  5
32E
330
17
100
AcDbEntity
  8
VISIBLE
100
AcDbPolyline
 90
15
 70
0
 10
133.3719076045677
 20
87.75
 10
133.4460124443912
 20
87.75
 10
133.51983988506373
 20
87.75
 10
133.59338878540308
 20
87.75
 10
133.66665800853266
 20
87.75
 10
133.73964642189887
 20
87.75
 10
133.81235289728875
 20
87.75
 10
133.88477631084734
 20
87.75
 10
133.9569155430952
 20
87.75
 10
134.02876947894543
 20
87.75
 10
134.10033700772124
 20
87.75
 10
134.17161702317284
 20
87.75
 10
134.24260842349472
 20
87.75
 10
134.31331011134256
 20
87.75
 10
134.38372099385032
 20
87.75
  0
LWPOLYLINE
  5
32F
330
17
100
AcDbEntity
  8
VISIBLE
100
AcDbPolyline
 90
2
 70
0
 10
134.38372099384998
 20
87.75
 10
137.65040375591997
 20
87.75
  0
LWPOLYLINE
  5
330
330
17
100
AcDbEntity
  8
VISIBLE
100
AcDbPolyline
 90
15
 70
0
 10
137.6504037559253
 20
87.75
 10
137.70375985718766
 20
87.75
 10
137.7567727454855
 20
87.75
 10
137.809441601376
 20
87.75
 10
137.86176561073424
 20
87.75
 10
137.91374396476579
 20
87.75
 10
137.96537586001904
 20
87.75
 10
138.01666049839787
 20
87.75
 10
138.0675970871738
 20
87.75
 10
138.11818483899827
 20
87.75
 10
138.1684229719149
 20
87.75
 10
138.2183107093715
 20
87.75
 10
138.26784728023205
 20
87.75
 10
138.3170319187887
 20
87.75
 10
138.3658638647736
 20
87.75
  0
LWPOLYLINE
  5
331
330
17
100
AcDbEntity
  8
VISIBLE
100
AcDbPolyline
 90
2
 70
0
 10
138.36586386477296
 20
87.75
 10
140.41938649657396
 20
87.75
  0
LWPOLYLINE
  5
332
330
17
100
AcDbEntity
  8
VISIBLE
100
AcDbPolyline
 90
15
 70
0
 10
140.41938649657268
 20
87.75
 10
140.4483577291493
 20
87.75
 10
140.47694332434412
 20
87.75
 10
140.50514284029745
 20
87.75
 10
140.53295584111737
 20
87.75
 10
140.5603818968865
 20
87.75
 10
140.5874205836686
 20
87.75
 10
140.6140714835152
 20
87.75
 10
140.640334184472
 20
87.75
 10
140.66620828058527
 20
87.75
 10
140.69169337190806
 20
87.75
 10
140.7167890645065
 20
87.75
 10
140.74149497046574
 20
87.75
 10
140.76581070789615
 20
87.75
 10
140.78973590093898
 20
87.75
  0
LWPOLYLINE
  5
333
330
17
100
AcDbEntity
  8
VISIBLE
100
AcDbPolyline
 90
2
 70
0
 10
140.78973590093898
 20
87.75
 10
141.49015422871997
 20
87.75
  0
LWPOLYLINE
  5
334
330
17
100
AcDbEntity
  8
VISIBLE
100
AcDbPolyline
 90
15
 70
0
 10
141.49015422871972
 20
87.75
 10
141.49151046013162
 20
87.75
 10
141.4927662509871
 20
87.75
 10
141.49392159643338
 20
87.75
 10
141.49497649200575
 20
87.75
 10
141.49593093362773
 20
87.75
 10
141.496784917611
 20
87.75
 10
141.4975384406555
 20
87.75
 10
141.49819149984927
 20
87.75
 10
141.49874409266872
 20
87.75
 10
141.49919621697842
 20
87.75
 10
141.49954787103115
 20
87.75
 10
141.49979905346808
 20
87.75
 10
141.49994976331848
 20
87.75
 10
141.49999999999997
 20
87.75
  0
LWPOLYLINE
  5
335
330
17
100
AcDbEntity
  8
VISIBLE
100
AcDbPolyline
 90
15
 70
0
 10
89.50000000000003
 20
87.75
 10
89.50005023668157
 20
87.75
 10
89.500200946532
 20
87.75
 10
89.50045212896894
 20
87.75
 10
89.50080378302172
 20
87.75
 10
89.50125590733143
 20
87.75
 10
89.50180850015089
 20
87.75
 10
89.50246155934468
 20
87.75
 10
89.50321508238915
 20
87.75
 10
89.50406906637241
 20
87.75
 10
89.50502350799437
 20
87.75
 10
89.50607840356672
 20
87.75
 10
89.50723374901295
 20
87.75
 10
89.50848953986842
 20
87.75
 10
89.50984577128027
 20
87.75
  0
LWPOLYLINE
  5
336
330
17
100
AcDbEntity
  8
VISIBLE
100
AcDbPolyline
 90
2
 70
0
 10
89.50984577127997
 20
87.75
 10
90.21026409906997
 20
87.75
  0
LWPOLYLINE
  5
337
330
17
100
AcDbEntity
  8
VISIBLE
100
AcDbPolyline
 90
15
 70
0
 10
90.21026409906105
 20
87.75
 10
90.23418929210378
 20
87.75
 10
90.25850502953408
 20
87.75
 10
90.28321093549324
 20
87.75
 10
90.30830662809157
 20
87.75
 10
90.33379171941425
 20
87.75
 10
90.35966581552738
 20
87.75
 10
90.38592851648406
 20
87.75
 10
90.41257941633054
 20
87.75
 10
90.43961810311254
 20
87.75
 10
90.46704415888154
 20
87.75
 10
90.49485715970133
 20
87.75
 10
90.52305667565454
 20
87.75
 10
90.55164227084924
 20
87.75
 10
90.58061350342572
 20
87.75
  0
LWPOLYLINE
  5
338
330
17
100
AcDbEntity
  8
VISIBLE
100
AcDbPolyline
 90
2
 70
0
 10
90.58061350342997
 20
87.75
 10
92.63413613522998
 20
87.75
  0
LWPOLYLINE
  5
339
330
17
100
AcDbEntity
  8
VISIBLE
100
AcDbPolyline
 90
15
 70
0
 10
92.63413613522961
 20
87.75
 10
92.68296808121461
 20
87.75
 10
92.73215271977139
 20
87.75
 10
92.78168929063207
 20
87.75
 10
92.83157702808877
 20
87.75
 10
92.88181516100553
 20
87.75
 10
92.93240291283013
 20
87.75
 10
92.98333950160617
 20
87.75
 10
93.03462413998514
 20
87.75
 10
93.08625603523853
 20
87.75
 10
93.1382343892702
 20
87.75
 10
93.19055839862857
 20
87.75
 10
93.2432272545192
 20
87.75
 10
93.29624014281714
 20
87.75
 10
93.34959624407966
 20
87.75
  0
LWPOLYLINE
  5
33A
330
17
100
AcDbEntity
  8
VISIBLE
100
AcDbPolyline
 90
2
 70
0
 10
93.34959624407998
 20
87.75
 10
96.61627900614997
 20
87.75
  0
LWPOLYLINE
  5
33B
330
17
100
AcDbEntity
  8
VISIBLE
100
AcDbPolyline
 90
15
 70
0
 10
96.61627900614378
 20
87.75
 10
96.68668988865166
 20
87.75
 10
96.75739157649961
 20
87.75
 10
96.82838297682159
 20
87.75
 10
96.8996629922733
 20
87.75
 10
96.97123052104921
 20
87.75
 10
97.04308445689956
 20
87.75
 10
97.11522368914751
 20
87.75
 10
97.18764710270624
 20
87.75
 10
97.26035357809623
 20
87.75
 10
97.33334199146253
 20
87.75
 10
97.40661121459222
 20
87.75
 10
97.4801601149317
 20
87.75
 10
97.55398755560434
 20
87.75
 10
97.62809239542796
 20
87.75
  0
LWPOLYLINE
  5
33C
330
17
100
AcDbEntity
  8
VISIBLE
100
AcDbPolyline
 90
3
 70
0
 10
97.62809239542997
 20
87.75
 10
99.35507516427359
 20
87.75
 10
100.88438283002998
 20
87.75
  0
LWPOLYLINE
  5
33D
330
17
100
AcDbEntity
  8
VISIBLE
100
AcDbPolyline
 90
2
 70
0
 10
100.88438283002998
 20
87.75
 10
101.56655329787854
 20
87.75
  0
LWPOLYLINE
  5
33E
330
17
100
AcDbEntity
  8
VISIBLE
100
AcDbPolyline
 90
15
 70
0
 10
101.56655329787661
 20
87.75
 10
101.58915118218616
 20
87.75
 10
101.61177553127757
 20
87.75
 10
101.63442630210903
 20
87.75
 10
101.6571034515884
 20
87.75
 10
101.67980693657343
 20
87.75
 10
101.7025367138717
 20
87.75
 10
101.72529274024082
 20
87.75
 10
101.74807497238844
 20
87.75
 10
101.77088336697236
 20
87.75
 10
101.79371788060061
 20
87.75
 10
101.81657846983153
 20
87.75
 10
101.83946509117382
 20
87.75
 10
101.86237770108673
 20
87.75
 10
101.88531625597997
 20
87.75
  0
LWPOLYLINE
  5
33F
330
17
100
AcDbEntity
  8
VISIBLE
100
AcDbPolyline
 90
15
 70
0
 10
101.88531625598587
 20
87.75
 10
101.97250768973201
 20
87.75
 10
102.05990822368318
 20
87.75
 10
102.14751650685216
 20
87.75
 10
102.23533118504042
 20
87.75
 10
102.32335090085911
 20
87.75
 10
102.41157429375004
 20
87.75
 10
102.50000000000666
 20
87.75
 10
102.58862665279523
 20
87.75
 10
102.67745288217584
 20
87.75
 10
102.76647731512368
 20
87.75
 10
102.8556985755502
 20
87.75
 10
102.94511528432442
 20
87.75
 10
103.0347260592942
 20
87.75
 10
103.12452951530769
 20
87.75
  0
LWPOLYLINE
  5
340
330
17
100
AcDbEntity
  8
VISIBLE
100
AcDbPolyline
 90
4
 70
0
 10
103.12452951530997
 20
87.75
 10
104.61863391222143
 20
87.75
 10
105.27912979359179
 20
87.75
 10
105.82779515566497
 20
87.75
  0
LWPOLYLINE
  5
341
330
17
100
AcDbEntity
  8
VISIBLE
100
AcDbPolyline
 90
2
 70
0
 10
105.82779515566497
 20
87.75
 10
106.27923640696748
 20
87.75
  0
LWPOLYLINE
  5
342
330
17
100
AcDbEntity
  8
VISIBLE
100
AcDbPolyline
 90
15
 70
0
 10
106.27923640697396
 20
87.75
 10
106.38501579918184
 20
87.75
 10
106.49106486418877
 20
87.75
 10
106.59738046446344
 20
87.75
 10
106.70395945458895
 20
87.75
 10
106.81079868135582
 20
87.75
 10
106.9178949838553
 20
87.75
 10
107.02524519357287
 20
87.75
 10
107.13284613448202
 20
87.75
 10
107.24069462313818
 20
87.75
 10
107.34878746877294
 20
87.75
 10
107.4571214733884
 20
87.75
 10
107.56569343185181
 20
87.75
 10
107.67450013199043
 20
87.75
 10
107.7835383546865
 20
87.75
  0
LWPOLYLINE
  5
343
330
17
100
AcDbEntity
  8
VISIBLE
100
AcDbPolyline
 90
3
 70
0
 10
107.7835383546865
 20
87.75
 10
107.86535611482513
 20
87.75
 10
108.08217170363497
 20
87.75
  0
LWPOLYLINE
  5
344
330
17
100
AcDbEntity
  8
VISIBLE
100
AcDbPolyline
 90
15
 70
0
 10
108.08217170362896
 20
87.75
 10
108.18020173649516
 20
87.75
 10
108.27834491459795
 20
87.75
 10
108.37659972089645
 20
87.75
 10
108.47496463662432
 20
87.75
 10
108.57343814131318
 20
87.75
 10
108.67201871281617
 20
87.75
 10
108.77070482733146
 20
87.75
 10
108.86949495942578
 20
87.75
 10
108.968387582058
 20
87.75
 10
109.0673811666028
 20
87.75
 10
109.1664741828742
 20
87.75
 10
109.26566509914927
 20
87.75
 10
109.36495238219185
 20
87.75
 10
109.46433449727611
 20
87.75
  0
LWPOLYLINE
  5
345
330
17
100
AcDbEntity
  8
VISIBLE
100
AcDbPolyline
 90
4
 70
0
 10
109.46433449727597
 20
87.75
 10
110.62373977673764
 20
87.75
 10
111.09331876948866
 20
87.75
 10
111.43035225736998
 20
87.75
  0
LWPOLYLINE
  5
346
330
17
100
AcDbEntity
  8
VISIBLE
100
AcDbPolyline
 90
2
 70
0
 10
111.43035225736998
 20
87.75
 10
111.62029931689388
 20
87.75
  0
LWPOLYLINE
  5
347
330
17
100
AcDbEntity
  8
VISIBLE
100
AcDbPolyline
 90
15
 70
0
 10
114.78453989114645
 20
102.75
 10
114.88672793839442
 20
102.75
 10
114.98892546524961
 20
102.75
 10
115.09113089200137
 20
102.75
 10
115.19334263881692
 20
102.75
 10
115.29555912576578
 20
102.75
 10
115.39777877284425
 20
102.75
 10
115.49999999999972
 20
102.75
 10
115.60222122715517
 20
102.75
 10
115.70444087423364
 20
102.75
 10
115.8066573611825
 20
102.75
 10
115.90886910799804
 20
102.75
 10
116.01107453474981
 20
102.75
 10
116.113272061605
 20
102.75
 10
116.21546010885297
 20
102.75
  0
LWPOLYLINE
  5
348
330
17
100
AcDbEntity
  8
VISIBLE
100
AcDbPolyline
 90
4
 70
0
 10
116.21546010885297
 20
102.75
 10
116.94943449644748
 20
102.75
 10
117.19638005489863
 20
102.75
 10
117.3122006865968
 20
102.75
  0
LWPOLYLINE
  5
349
330
17
100
AcDbEntity
  8
VISIBLE
100
AcDbPolyline
 90
15
 70
0
 10
117.3122006865968
 20
102.75
 10
117.46067678459674
 20
102.75
 10
117.60905865055756
 20
102.75
 10
117.75733915310201
 20
102.75
 10
117.90551116572448
 20
102.75
 10
118.05356756713348
 20
102.75
 10
118.20150124159392
 20
102.75
 10
118.34930507926907
 20
102.75
 10
118.4969719765623
 20
102.75
 10
118.64449483645846
 20
102.75
 10
118.79186656886498
 20
102.75
 10
118.9390800909526
 20
102.75
 10
119.08612832749586
 20
102.75
 10
119.23300421121303
 20
102.75
 10
119.37970068310585
 20
102.75
  0
LWPOLYLINE
  5
34A
330
17
100
AcDbEntity
  8
VISIBLE
100
AcDbPolyline
 90
2
 70
0
 10
119.37970068310597
 20
102.75
 10
119.56964774262987
 20
102.75
  0
LWPOLYLINE
  5
34B
330
17
100
AcDbEntity
  8
VISIBLE
100
AcDbPolyline
 90
4
 70
0
 10
119.56964774262997
 20
102.75
 10
119.90668123051125
 20
102.75
 10
120.3762602232623
 20
102.75
 10
121.53566550272397
 20
102.75
  0
LWPOLYLINE
  5
34C
330
17
100
AcDbEntity
  8
VISIBLE
100
AcDbPolyline
 90
15
 70
0
 10
121.53566550272456
 20
102.75
 10
121.63504761780834
 20
102.75
 10
121.73433490085043
 20
102.75
 10
121.83352581712502
 20
102.75
 10
121.93261883339595
 20
102.75
 10
122.03161241794027
 20
102.75
 10
122.13050504057202
 20
102.75
 10
122.22929517266586
 20
102.75
 10
122.32798128718066
 20
102.75
 10
122.42656185868319
 20
102.75
 10
122.52503536337159
 20
102.75
 10
122.62340027909897
 20
102.75
 10
122.721655085397
 20
102.75
 10
122.81979826349932
 20
102.75
 10
122.91782829636506
 20
102.75
  0
LWPOLYLINE
  5
34D
330
17
100
AcDbEntity
  8
VISIBLE
100
AcDbPolyline
 90
3
 70
0
 10
122.91782829636497
 20
102.75
 10
123.13464388517484
 20
102.75
 10
123.21646164531344
 20
102.75
  0
LWPOLYLINE
  5
34E
330
17
100
AcDbEntity
  8
VISIBLE
100
AcDbPolyline
 90
15
 70
0
 10
123.21646164531344
 20
102.75
 10
123.32549986800994
 20
102.75
 10
123.43430656814898
 20
102.75
 10
123.54287852661281
 20
102.75
 10
123.65121253122868
 20
102.75
 10
123.75930537686385
 20
102.75
 10
123.86715386552044
 20
102.75
 10
123.97475480643
 20
102.75
 10
124.08210501614798
 20
102.75
 10
124.18920131864786
 20
102.75
 10
124.29604054541512
 20
102.75
 10
124.40261953554105
 20
102.75
 10
124.50893513581613
 20
102.75
 10
124.61498420082344
 20
102.75
 10
124.72076359303172
 20
102.75
  0
LWPOLYLINE
  5
34F
330
17
100
AcDbEntity
  8
VISIBLE
100
AcDbPolyline
 90
2
 70
0
 10
124.72076359303198
 20
102.75
 10
125.17220484433449
 20
102.75
  0
LWPOLYLINE
  5
350
330
17
100
AcDbEntity
  8
VISIBLE
100
AcDbPolyline
 90
4
 70
0
 10
125.17220484433497
 20
102.75
 10
125.72087020641257
 20
102.75
 10
126.38136608778456
 20
102.75
 10
127.87547048469897
 20
102.75
  0
LWPOLYLINE
  5
351
330
17
100
AcDbEntity
  8
VISIBLE
100
AcDbPolyline
 90
15
 70
0
 10
127.8754704847045
 20
102.75
 10
127.96527394071761
 20
102.75
 10
128.05488471568702
 20
102.75
 10
128.14430142446085
 20
102.75
 10
128.233522684887
 20
102.75
 10
128.32254711783446
 20
102.75
 10
128.41137334721472
 20
102.75
 10
128.50000000000293
 20
102.75
 10
128.5884257062592
 20
102.75
 10
128.67664909914973
 20
102.75
 10
128.76466881496808
 20
102.75
 10
128.85248349315597
 20
102.75
 10
128.94009177632458
 20
102.75
 10
129.0274923102754
 20
102.75
 10
129.1146837440212
 20
102.75
  0
LWPOLYLINE
  5
352
330
17
100
AcDbEntity
  8
VISIBLE
100
AcDbPolyline
 90
15
 70
0
 10
129.11468374402097
 20
102.75
 10
129.13762229891418
 20
102.75
 10
129.16053490882703
 20
102.75
 10
129.1834215301693
 20
102.75
 10
129.20628211940019
 20
102.75
 10
129.22911663302838
 20
102.75
 10
129.25192502761226
 20
102.75
 10
129.27470725975985
 20
102.75
 10
129.29746328612893
 20
102.75
 10
129.32019306342715
 20
102.75
 10
129.34289654841214
 20
102.75
 10
129.36557369789148
 20
102.75
 10
129.38822446872288
 20
102.75
 10
129.41084881781427
 20
102.75
 10
129.43344670212377
 20
102.75
  0
LWPOLYLINE
  5
353
330
17
100
AcDbEntity
  8
VISIBLE
100
AcDbPolyline
 90
2
 70
0
 10
129.43344670212397
 20
102.75
 10
130.1156171699717
 20
102.75
  0
LWPOLYLINE
  5
354
330
17
100
AcDbEntity
  8
VISIBLE
100
AcDbPolyline
 90
3
 70
0
 10
130.11561716997198
 20
102.75
 10
131.6449248357325
 20
102.75
 10
133.37190760457298
 20
102.75
  0
LWPOLYLINE
  5
355
330
17
100
AcDbEntity
  8
VISIBLE
100
AcDbPolyline
 90
15
 70
0
 10
133.3719076045677
 20
102.75
 10
133.4460124443912
 20
102.75
 10
133.51983988506373
 20
102.75
 10
133.59338878540308
 20
102.75
 10
133.66665800853266
 20
102.75
 10
133.73964642189887
 20
102.75
 10
133.81235289728875
 20
102.75
 10
133.88477631084734
 20
102.75
 10
133.9569155430952
 20
102.75
 10
134.02876947894543
 20
102.75
 10
134.10033700772124
 20
102.75
 10
134.17161702317284
 20
102.75
 10
134.24260842349472
 20
102.75
 10
134.31331011134256
 20
102.75
 10
134.38372099385032
 20
102.75
  0
LWPOLYLINE
  5
356
330
17
100
AcDbEntity
  8
VISIBLE
100
AcDbPolyline
 90
2
 70
0
 10
134.38372099384998
 20
102.75
 10
137.65040375591997
 20
102.75
  0
LWPOLYLINE
  5
357
330
17
100
AcDbEntity
  8
VISIBLE
100
AcDbPolyline
 90
15
 70
0
 10
137.6504037559253
 20
102.75
 10
137.70375985718766
 20
102.75
 10
137.7567727454855
 20
102.75
 10
137.809441601376
 20
102.75
 10
137.86176561073424
 20
102.75
 10
137.91374396476579
 20
102.75
 10
137.96537586001904
 20
102.75
 10
138.01666049839787
 20
102.75
 10
138.0675970871738
 20
102.75
 10
138.11818483899827
 20
102.75
 10
138.1684229719149
 20
102.75
 10
138.2183107093715
 20
102.75
 10
138.26784728023205
 20
102.75
 10
138.3170319187887
 20
102.75
 10
138.3658638647736
 20
102.75
  0
LWPOLYLINE
  5
358
330
17
100
AcDbEntity
  8
VISIBLE
100
AcDbPolyline
 90
2
 70
0
 10
138.36586386477296
 20
102.75
 10
140.41938649657396
 20
102.75
  0
LWPOLYLINE
  5
359
330
17
100
AcDbEntity
  8
VISIBLE
100
AcDbPolyline
 90
15
 70
0
 10
140.41938649657268
 20
102.75
 10
140.4483577291493
 20
102.75
 10
140.47694332434412
 20
102.75
 10
140.50514284029745
 20
102.75
 10
140.53295584111737
 20
102.75
 10
140.5603818968865
 20
102.75
 10
140.5874205836686
 20
102.75
 10
140.6140714835152
 20
102.75
 10
140.640334184472
 20
102.75
 10
140.66620828058527
 20
102.75
 10
140.69169337190806
 20
102.75
 10
140.7167890645065
 20
102.75
 10
140.74149497046574
 20
102.75
 10
140.76581070789615
 20
102.75
 10
140.78973590093898
 20
102.75
  0
LWPOLYLINE
  5
35A
330
17
100
AcDbEntity
  8
VISIBLE
100
AcDbPolyline
 90
2
 70
0
 10
140.78973590093898
 20
102.75
 10
141.49015422871997
 20
102.75
  0
LWPOLYLINE
  5
35B
330
17
100
AcDbEntity
  8
VISIBLE
100
AcDbPolyline
 90
15
 70
0
 10
141.49015422871972
 20
102.75
 10
141.49151046013162
 20
102.75
 10
141.4927662509871
 20
102.75
 10
141.49392159643338
 20
102.75
 10
141.49497649200575
 20
102.75
 10
141.49593093362773
 20
102.75
 10
141.496784917611
 20
102.75
 10
141.4975384406555
 20
102.75
 10
141.49819149984927
 20
102.75
 10
141.49874409266872
 20
102.75
 10
141.49919621697842
 20
102.75
 10
141.49954787103115
 20
102.75
 10
141.49979905346808
 20
102.75
 10
141.49994976331848
 20
102.75
 10
141.49999999999997
 20
102.75
  0
LWPOLYLINE
  5
35C
330
17
100
AcDbEntity
  8
VISIBLE
100
AcDbPolyline
 90
15
 70
0
 10
89.50000000000003
 20
102.75
 10
89.50005023668157
 20
102.75
 10
89.500200946532
 20
102.75
 10
89.50045212896894
 20
102.75
 10
89.50080378302172
 20
102.75
 10
89.50125590733143
 20
102.75
 10
89.50180850015089
 20
102.75
 10
89.50246155934468
 20
102.75
 10
89.50321508238915
 20
102.75
 10
89.50406906637241
 20
102.75
 10
89.50502350799437
 20
102.75
 10
89.50607840356672
 20
102.75
 10
89.50723374901295
 20
102.75
 10
89.50848953986842
 20
102.75
 10
89.50984577128027
 20
102.75
  0
LWPOLYLINE
  5
35D
330
17
100
AcDbEntity
  8
VISIBLE
100
AcDbPolyline
 90
2
 70
0
 10
89.50984577127997
 20
102.75
 10
90.21026409906997
 20
102.75
  0
LWPOLYLINE
  5
35E
330
17
100
AcDbEntity
  8
VISIBLE
100
AcDbPolyline
 90
15
 70
0
 10
90.21026409906105
 20
102.75
 10
90.23418929210378
 20
102.75
 10
90.25850502953408
 20
102.75
 10
90.28321093549324
 20
102.75
 10
90.30830662809157
 20
102.75
 10
90.33379171941425
 20
102.75
 10
90.35966581552738
 20
102.75
 10
90.38592851648406
 20
102.75
 10
90.41257941633054
 20
102.75
 10
90.43961810311254
 20
102.75
 10
90.46704415888154
 20
102.75
 10
90.49485715970133
 20
102.75
 10
90.52305667565454
 20
102.75
 10
90.55164227084924
 20
102.75
 10
90.58061350342572
 20
102.75
  0
LWPOLYLINE
  5
35F
330
17
100
AcDbEntity
  8
VISIBLE
100
AcDbPolyline
 90
2
 70
0
 10
90.58061350342997
 20
102.75
 10
92.63413613522998
 20
102.75
  0
LWPOLYLINE
  5
360
330
17
100
AcDbEntity
  8
VISIBLE
100
AcDbPolyline
 90
15
 70
0
 10
92.63413613522961
 20
102.75
 10
92.68296808121461
 20
102.75
 10
92.73215271977139
 20
102.75
 10
92.78168929063207
 20
102.75
 10
92.83157702808877
 20
102.75
 10
92.88181516100553
 20
102.75
 10
92.93240291283013
 20
102.75
 10
92.98333950160617
 20
102.75
 10
93.03462413998514
 20
102.75
 10
93.08625603523853
 20
102.75
 10
93.1382343892702
 20
102.75
 10
93.19055839862857
 20
102.75
 10
93.2432272545192
 20
102.75
 10
93.29624014281714
 20
102.75
 10
93.34959624407966
 20
102.75
  0
LWPOLYLINE
  5
361
330
17
100
AcDbEntity
  8
VISIBLE
100
AcDbPolyline
 90
2
 70
0
 10
93.34959624407998
 20
102.75
 10
96.61627900614997
 20
102.75
  0
LWPOLYLINE
  5
362
330
17
100
AcDbEntity
  8
VISIBLE
100
AcDbPolyline
 90
15
 70
0
 10
96.61627900614378
 20
102.75
 10
96.68668988865166
 20
102.75
 10
96.75739157649961
 20
102.75
 10
96.82838297682159
 20
102.75
 10
96.8996629922733
 20
102.75
 10
96.97123052104921
 20
102.75
 10
97.04308445689956
 20
102.75
 10
97.11522368914751
 20
102.75
 10
97.18764710270624
 20
102.75
 10
97.26035357809623
 20
102.75
 10
97.33334199146253
 20
102.75
 10
97.40661121459222
 20
102.75
 10
97.4801601149317
 20
102.75
 10
97.55398755560434
 20
102.75
 10
97.62809239542796
 20
102.75
  0
LWPOLYLINE
  5
363
330
17
100
AcDbEntity
  8
VISIBLE
100
AcDbPolyline
 90
3
 70
0
 10
97.62809239542997
 20
102.75
 10
99.35507516427359
 20
102.75
 10
100.88438283002998
 20
102.75
  0
LWPOLYLINE
  5
364
330
17
100
AcDbEntity
  8
VISIBLE
100
AcDbPolyline
 90
2
 70
0
 10
100.88438283002998
 20
102.75
 10
101.56655329787854
 20
102.75
  0
LWPOLYLINE
  5
365
330
17
100
AcDbEntity
  8
VISIBLE
100
AcDbPolyline
 90
15
 70
0
 10
101.56655329787661
 20
102.75
 10
101.58915118218616
 20
102.75
 10
101.61177553127757
 20
102.75
 10
101.63442630210903
 20
102.75
 10
101.6571034515884
 20
102.75
 10
101.67980693657343
 20
102.75
 10
101.7025367138717
 20
102.75
 10
101.72529274024082
 20
102.75
 10
101.74807497238844
 20
102.75
 10
101.77088336697236
 20
102.75
 10
101.79371788060061
 20
102.75
 10
101.81657846983153
 20
102.75
 10
101.83946509117382
 20
102.75
 10
101.86237770108673
 20
102.75
 10
101.88531625597997
 20
102.75
  0
LWPOLYLINE
  5
366
330
17
100
AcDbEntity
  8
VISIBLE
100
AcDbPolyline
 90
15
 70
0
 10
101.88531625598587
 20
102.75
 10
101.97250768973201
 20
102.75
 10
102.05990822368318
 20
102.75
 10
102.14751650685216
 20
102.75
 10
102.23533118504042
 20
102.75
 10
102.32335090085911
 20
102.75
 10
102.41157429375004
 20
102.75
 10
102.50000000000666
 20
102.75
 10
102.58862665279523
 20
102.75
 10
102.67745288217584
 20
102.75
 10
102.76647731512368
 20
102.75
 10
102.8556985755502
 20
102.75
 10
102.94511528432442
 20
102.75
 10
103.0347260592942
 20
102.75
 10
103.12452951530769
 20
102.75
  0
LWPOLYLINE
  5
367
330
17
100
AcDbEntity
  8
VISIBLE
100
AcDbPolyline
 90
4
 70
0
 10
103.12452951530997
 20
102.75
 10
104.61863391222143
 20
102.75
 10
105.27912979359179
 20
102.75
 10
105.82779515566497
 20
102.75
  0
LWPOLYLINE
  5
368
330
17
100
AcDbEntity
  8
VISIBLE
100
AcDbPolyline
 90
2
 70
0
 10
105.82779515566497
 20
102.75
 10
106.27923640696748
 20
102.75
  0
LWPOLYLINE
  5
369
330
17
100
AcDbEntity
  8
VISIBLE
100
AcDbPolyline
 90
15
 70
0
 10
106.27923640697396
 20
102.75
 10
106.38501579918184
 20
102.75
 10
106.49106486418877
 20
102.75
 10
106.59738046446344
 20
102.75
 10
106.70395945458895
 20
102.75
 10
106.81079868135582
 20
102.75
 10
106.9178949838553
 20
102.75
 10
107.02524519357287
 20
102.75
 10
107.13284613448202
 20
102.75
 10
107.24069462313818
 20
102.75
 10
107.34878746877294
 20
102.75
 10
107.4571214733884
 20
102.75
 10
107.56569343185181
 20
102.75
 10
107.67450013199043
 20
102.75
 10
107.7835383546865
 20
102.75
  0
LWPOLYLINE
  5
36A
330
17
100
AcDbEntity
  8
VISIBLE
100
AcDbPolyline
 90
3
 70
0
 10
107.7835383546865
 20
102.75
 10
107.86535611482513
 20
102.75
 10
108.08217170363497
 20
102.75
  0
LWPOLYLINE
  5
36B
330
17
100
AcDbEntity
  8
VISIBLE
100
AcDbPolyline
 90
15
 70
0
 10
108.08217170362896
 20
102.75
 10
108.18020173649516
 20
102.75
 10
108.27834491459795
 20
102.75
 10
108.37659972089645
 20
102.75
 10
108.47496463662432
 20
102.75
 10
108.57343814131318
 20
102.75
 10
108.67201871281617
 20
102.75
 10
108.77070482733146
 20
102.75
 10
108.86949495942578
 20
102.75
 10
108.968387582058
 20
102.75
 10
109.0673811666028
 20
102.75
 10
109.1664741828742
 20
102.75
 10
109.26566509914927
 20
102.75
 10
109.36495238219185
 20
102.75
 10
109.46433449727611
 20
102.75
  0
LWPOLYLINE
  5
36C
330
17
100
AcDbEntity
  8
VISIBLE
100
AcDbPolyline
 90
4
 70
0
 10
109.46433449727597
 20
102.75
 10
110.62373977673764
 20
102.75
 10
111.09331876948866
 20
102.75
 10
111.43035225736998
 20
102.75
  0
LWPOLYLINE
  5
36D
330
17
100
AcDbEntity
  8
VISIBLE
100
AcDbPolyline
 90
2
 70
0
 10
111.43035225736998
 20
102.75
 10
111.62029931689388
 20
102.75
  0
LWPOLYLINE
  5
36E
330
17
100
AcDbEntity
  8
VISIBLE
100
AcDbPolyline
 90
2
 70
0
 10
116.21546010885297
 20
87.75
 10
116.21546010885297
 20
102.75
  0
LWPOLYLINE
  5
36F
330
17
100
AcDbEntity
  8
VISIBLE
100
AcDbPolyline
 90
2
 70
0
 10
109.46433449727597
 20
87.75
 10
109.46433449727597
 20
102.75
  0
LWPOLYLINE
  5
370
330
17
100
AcDbEntity
  8
VISIBLE
100
AcDbPolyline
 90
2
 70
0
 10
108.08217170363497
 20
87.75
 10
108.08217170363497
 20
102.75
  0
LWPOLYLINE
  5
371
330
17
100
AcDbEntity
  8
VISIBLE
100
AcDbPolyline
 90
2
 70
0
 10
119.37970068310597
 20
87.75
 10
119.37970068310597
 20
102.75
  0
LWPOLYLINE
  5
372
330
17
100
AcDbEntity
  8
VISIBLE
100
AcDbPolyline
 90
2
 70
0
 10
106.27923640696797
 20
87.75
 10
106.27923640696797
 20
102.75
  0
LWPOLYLINE
  5
373
330
17
100
AcDbEntity
  8
VISIBLE
100
AcDbPolyline
 90
2
 70
0
 10
121.53566550272397
 20
87.75
 10
121.53566550272397
 20
102.75
  0
LWPOLYLINE
  5
374
330
17
100
AcDbEntity
  8
VISIBLE
100
AcDbPolyline
 90
2
 70
0
 10
122.91782829636497
 20
87.75
 10
122.91782829636497
 20
102.75
  0
LWPOLYLINE
  5
375
330
17
100
AcDbEntity
  8
VISIBLE
100
AcDbPolyline
 90
2
 70
0
 10
103.12452951530997
 20
87.75
 10
103.12452951530997
 20
102.75
  0
LWPOLYLINE
  5
376
330
17
100
AcDbEntity
  8
VISIBLE
100
AcDbPolyline
 90
2
 70
0
 10
101.88531625597997
 20
87.75
 10
101.88531625597997
 20
102.75
  0
LWPOLYLINE
  5
377
330
17
100
AcDbEntity
  8
VISIBLE
100
AcDbPolyline
 90
2
 70
0
 10
124.72076359303198
 20
87.75
 10
124.72076359303198
 20
102.75
  0
LWPOLYLINE
  5
378
330
17
100
AcDbEntity
  8
VISIBLE
100
AcDbPolyline
 90
2
 70
0
 10
101.56655329787998
 20
87.75
 10
101.56655329787998
 20
102.75
  0
LWPOLYLINE
  5
379
330
17
100
AcDbEntity
  8
VISIBLE
100
AcDbPolyline
 90
2
 70
0
 10
127.87547048469897
 20
87.75
 10
127.87547048469897
 20
102.75
  0
LWPOLYLINE
  5
37A
330
17
100
AcDbEntity
  8
VISIBLE
100
AcDbPolyline
 90
2
 70
0
 10
129.11468374402097
 20
87.75
 10
129.11468374402097
 20
102.75
  0
LWPOLYLINE
  5
37B
330
17
100
AcDbEntity
  8
VISIBLE
100
AcDbPolyline
 90
2
 70
0
 10
97.62809239542997
 20
87.75
 10
97.62809239542997
 20
102.75
  0
LWPOLYLINE
  5
37C
330
17
100
AcDbEntity
  8
VISIBLE
100
AcDbPolyline
 90
2
 70
0
 10
96.61627900614997
 20
87.75
 10
96.61627900614997
 20
102.75
  0
LWPOLYLINE
  5
37D
330
17
100
AcDbEntity
  8
VISIBLE
100
AcDbPolyline
 90
2
 70
0
 10
129.43344670212397
 20
87.75
 10
129.43344670212397
 20
102.75
  0
LWPOLYLINE
  5
37E
330
17
100
AcDbEntity
  8
VISIBLE
100
AcDbPolyline
 90
2
 70
0
 10
133.37190760457298
 20
87.75
 10
133.37190760457298
 20
102.75
  0
LWPOLYLINE
  5
37F
330
17
100
AcDbEntity
  8
VISIBLE
100
AcDbPolyline
 90
2
 70
0
 10
134.38372099384998
 20
87.75
 10
134.38372099384998
 20
102.75
  0
LWPOLYLINE
  5
380
330
17
100
AcDbEntity
  8
VISIBLE
100
AcDbPolyline
 90
2
 70
0
 10
93.34959624407998
 20
87.75
 10
93.34959624407998
 20
102.75
  0
LWPOLYLINE
  5
381
330
17
100
AcDbEntity
  8
VISIBLE
100
AcDbPolyline
 90
2
 70
0
 10
92.63413613522997
 20
87.75
 10
92.63413613522997
 20
102.75
  0
LWPOLYLINE
  5
382
330
17
100
AcDbEntity
  8
VISIBLE
100
AcDbPolyline
 90
2
 70
0
 10
137.65040375591997
 20
87.75
 10
137.65040375591997
 20
102.75
  0
LWPOLYLINE
  5
383
330
17
100
AcDbEntity
  8
VISIBLE
100
AcDbPolyline
 90
2
 70
0
 10
138.36586386477296
 20
87.75
 10
138.36586386477296
 20
102.75
  0
LWPOLYLINE
  5
384
330
17
100
AcDbEntity
  8
VISIBLE
100
AcDbPolyline
 90
2
 70
0
 10
90.58061350342997
 20
87.75
 10
90.58061350342997
 20
102.75
  0
LWPOLYLINE
  5
385
330
17
100
AcDbEntity
  8
VISIBLE
100
AcDbPolyline
 90
2
 70
0
 10
90.21026409906997
 20
87.75
 10
90.21026409906997
 20
102.75
  0
LWPOLYLINE
  5
386
330
17
100
AcDbEntity
  8
VISIBLE
100
AcDbPolyline
 90
2
 70
0
 10
140.41938649657396
 20
87.75
 10
140.41938649657396
 20
102.75
  0
LWPOLYLINE
  5
387
330
17
100
AcDbEntity
  8
VISIBLE
100
AcDbPolyline
 90
2
 70
0
 10
140.78973590093898
 20
87.75
 10
140.78973590093898
 20
102.75
  0
LWPOLYLINE
  5
388
330
17
100
AcDbEntity
  8
VISIBLE
100
AcDbPolyline
 90
2
 70
0
 10
89.50984577127997
 20
87.75
 10
89.50984577127997
 20
102.75
  0
LWPOLYLINE
  5
389
330
17
100
AcDbEntity
  8
VISIBLE
100
AcDbPolyline
 90
2
 70
0
 10
141.49015422871997
 20
87.75
 10
141.49015422871997
 20
102.75
  0
LWPOLYLINE
  5
38A
330
17
100
AcDbEntity
  8
VISIBLE
100
AcDbPolyline
 90
2
 70
0
 10
113.68779931340315
 20
102.75
 10
113.68779931340315
 20
87.75
  0
LWPOLYLINE
  5
38B
330
17
100
AcDbEntity
  8
VISIBLE
100
AcDbPolyline
 90
2
 70
0
 10
117.3122006865968
 20
102.75
 10
117.3122006865968
 20
87.75
  0
LWPOLYLINE
  5
38C
330
17
100
AcDbEntity
  8
VISIBLE
100
AcDbPolyline
 90
2
 70
0
 10
107.7835383546865
 20
102.75
 10
107.7835383546865
 20
87.75
  0
LWPOLYLINE
  5
38D
330
17
100
AcDbEntity
  8
VISIBLE
100
AcDbPolyline
 90
2
 70
0
 10
123.21646164531344
 20
102.75
 10
123.21646164531344
 20
87.75
  0
LWPOLYLINE
  5
38E
330
17
100
AcDbEntity
  8
VISIBLE
100
AcDbPolyline
 90
2
 70
0
 10
89.50000000000003
 20
102.75
 10
89.50000000000003
 20
87.75
  0
LWPOLYLINE
  5
38F
330
17
100
AcDbEntity
  8
VISIBLE
100
AcDbPolyline
 90
2
 70
0
 10
141.49999999999997
 20
102.75
 10
141.49999999999997
 20
87.75
  0
LWPOLYLINE
  5
390
330
17
100
AcDbEntity
  8
HIDDEN
100
AcDbPolyline
 90
2
 70
0
 10
113.77424258313597
 20
87.75
 10
113.77424258313597
 20
102.75
  0
LWPOLYLINE
  5
391
330
17
100
AcDbEntity
  8
HIDDEN
100
AcDbPolyline
 90
2
 70
0
 10
113.77424258313597
 20
102.75
 10
113.68975087267684
 20
102.75
  0
LWPOLYLINE
  5
392
330
17
100
AcDbEntity
  8
HIDDEN
100
AcDbPolyline
 90
2
 70
0
 10
113.77424258313597
 20
87.75
 10
113.68975087267684
 20
87.75
  0
LWPOLYLINE
  5
393
330
17
100
AcDbEntity
  8
HIDDEN
100
AcDbPolyline
 90
15
 70
0
 10
113.68779931340315
 20
87.75
 10
113.69397287119497
 20
87.75
 10
113.70014657895675
 20
87.75
 10
113.70632043617583
 20
87.75
 10
113.71249444233956
 20
87.75
 10
113.71866859693523
 20
87.75
 10
113.72484289945018
 20
87.75
 10
113.73101734937168
 20
87.75
 10
113.73719194618702
 20
87.75
 10
113.74336668938348
 20
87.75
 10
113.7495415784483
 20
87.75
 10
113.75571661286874
 20
87.75
 10
113.76189179213202
 20
87.75
 10
113.76806711572537
 20
87.75
 10
113.774242583136
 20
87.75
  0
LWPOLYLINE
  5
394
330
17
100
AcDbEntity
  8
HIDDEN
100
AcDbPolyline
 90
15
 70
0
 10
113.68779931340315
 20
102.75
 10
113.69397287119497
 20
102.75
 10
113.70014657895675
 20
102.75
 10
113.70632043617583
 20
102.75
 10
113.71249444233956
 20
102.75
 10
113.71866859693523
 20
102.75
 10
113.72484289945018
 20
102.75
 10
113.73101734937168
 20
102.75
 10
113.73719194618702
 20
102.75
 10
113.74336668938348
 20
102.75
 10
113.7495415784483
 20
102.75
 10
113.75571661286874
 20
102.75
 10
113.76189179213202
 20
102.75
 10
113.76806711572537
 20
102.75
 10
113.774242583136
 20
102.75
  0
LWPOLYLINE
  5
395
330
17
100
AcDbEntity
  8
HIDDEN
100
AcDbPolyline
 90
2
 70
0
 10
117.3122006865968
 20
87.75
 10
117.31024912732298
 20
87.75
  0
LWPOLYLINE
  5
396
330
17
100
AcDbEntity
  8
HIDDEN
100
AcDbPolyline
 90
2
 70
0
 10
117.31024912732298
 20
87.75
 10
117.22575741686383
 20
87.75
  0
LWPOLYLINE
  5
397
330
17
100
AcDbEntity
  8
HIDDEN
100
AcDbPolyline
 90
15
 70
0
 10
117.22575741686336
 20
87.75
 10
117.23193288427403
 20
87.75
 10
117.23810820786743
 20
87.75
 10
117.24428338713075
 20
87.75
 10
117.25045842155123
 20
87.75
 10
117.2566333106161
 20
87.75
 10
117.26280805381259
 20
87.75
 10
117.26898265062798
 20
87.75
 10
117.27515710054952
 20
87.75
 10
117.2813314030645
 20
87.75
 10
117.28750555766023
 20
87.75
 10
117.29367956382399
 20
87.75
 10
117.29985342104311
 20
87.75
 10
117.30602712880494
 20
87.75
 10
117.3122006865968
 20
87.75
  0
LWPOLYLINE
  5
398
330
17
100
AcDbEntity
  8
HIDDEN
100
AcDbPolyline
 90
2
 70
0
 10
123.21646164531344
 20
87.75
 10
123.06678051082797
 20
87.75
  0
LWPOLYLINE
  5
399
330
17
100
AcDbEntity
  8
HIDDEN
100
AcDbPolyline
 90
2
 70
0
 10
123.06678051082797
 20
87.75
 10
122.71360800082444
 20
87.75
  0
LWPOLYLINE
  5
39A
330
17
100
AcDbEntity
  8
HIDDEN
100
AcDbPolyline
 90
15
 70
0
 10
122.713608000821
 20
87.75
 10
122.74967864412537
 20
87.75
 10
122.785726278726
 20
87.75
 10
122.82175079021654
 20
87.75
 10
122.85775206426402
 20
87.75
 10
122.8937299866092
 20
87.75
 10
122.92968444306698
 20
87.75
 10
122.96561531952672
 20
87.75
 10
123.00152250195264
 20
87.75
 10
123.0374058763841
 20
87.75
 10
123.0732653289361
 20
87.75
 10
123.10910074579951
 20
87.75
 10
123.1449120132415
 20
87.75
 10
123.18069901760586
 20
87.75
 10
123.21646164531344
 20
87.75
  0
LWPOLYLINE
  5
39B
330
17
100
AcDbEntity
  8
HIDDEN
100
AcDbPolyline
 90
4
 70
0
 10
129.11468374402097
 20
87.75
 10
128.91216029547687
 20
87.75
 10
128.6788939226955
 20
87.75
 10
128.30764830721597
 20
87.75
  0
LWPOLYLINE
  5
39C
330
17
100
AcDbEntity
  8
HIDDEN
100
AcDbPolyline
 90
2
 70
0
 10
128.30764830721597
 20
87.75
 10
127.70986312057858
 20
87.75
  0
LWPOLYLINE
  5
39D
330
17
100
AcDbEntity
  8
HIDDEN
100
AcDbPolyline
 90
15
 70
0
 10
127.70986312058672
 20
87.75
 10
127.81302856660888
 20
87.75
 10
127.91577385704011
 20
87.75
 10
128.0180954859186
 20
87.75
 10
128.119989961739
 20
87.75
 10
128.22145380757175
 20
87.75
 10
128.3224835611815
 20
87.75
 10
128.4230757751455
 20
87.75
 10
128.5232270169709
 20
87.75
 10
128.6229338692123
 20
87.75
 10
128.72219292958795
 20
87.75
 10
128.82100081109616
 20
87.75
 10
128.91935414213066
 20
87.75
 10
129.0172495665958
 20
87.75
 10
129.11468374402097
 20
87.75
  0
LWPOLYLINE
  5
39E
330
17
100
AcDbEntity
  8
HIDDEN
100
AcDbPolyline
 90
4
 70
0
 10
134.38372099384998
 20
87.75
 10
133.71130965334433
 20
87.75
 10
133.25374001918172
 20
87.75
 10
132.67569603710697
 20
87.75
  0
LWPOLYLINE
  5
39F
330
17
100
AcDbEntity
  8
HIDDEN
100
AcDbPolyline
 90
2
 70
0
 10
132.67569603710697
 20
87.75
 10
131.87403624641973
 20
87.75
  0
LWPOLYLINE
  5
3A0
330
17
100
AcDbEntity
  8
HIDDEN
100
AcDbPolyline
 90
15
 70
0
 10
131.8740362464197
 20
87.75
 10
131.97421886496696
 20
87.75
 10
132.07354252690845
 20
87.75
 10
132.17200205356377
 20
87.75
 10
132.26959231130792
 20
87.75
 10
132.36630821183917
 20
87.75
 10
132.46214471244429
 20
87.75
 10
132.55709681626146
 20
87.75
 10
132.65115957254082
 20
87.75
 10
132.74432807690258
 20
87.75
 10
132.83659747159274
 20
87.75
 10
132.92796294573645
 20
87.75
 10
133.01841973558868
 20
87.75
 10
133.10796312478274
 20
87.75
 10
133.19658844457618
 20
87.75
  0
LWPOLYLINE
  5
3A1
330
17
100
AcDbEntity
  8
HIDDEN
100
AcDbPolyline
 90
2
 70
0
 10
133.19658844457598
 20
87.75
 10
134.0629993389247
 20
87.75
  0
LWPOLYLINE
  5
3A2
330
17
100
AcDbEntity
  8
HIDDEN
100
AcDbPolyline
 90
2
 70
0
 10
134.06299933892498
 20
87.75
 10
134.38372099384998
 20
87.75
  0
LWPOLYLINE
  5
3A3
330
17
100
AcDbEntity
  8
HIDDEN
100
AcDbPolyline
 90
3
 70
0
 10
138.36586386477296
 20
87.75
 10
137.26938835394927
 20
87.75
 10
135.87324846624796
 20
87.75
  0
LWPOLYLINE
  5
3A4
330
17
100
AcDbEntity
  8
HIDDEN
100
AcDbPolyline
 90
2
 70
0
 10
135.87324846624796
 20
87.75
 10
134.92234586144073
 20
87.75
  0
LWPOLYLINE
  5
3A5
330
17
100
AcDbEntity
  8
HIDDEN
100
AcDbPolyline
 90
15
 70
0
 10
134.92234586144343
 20
87.75
 10
134.9884200571027
 20
87.75
 10
135.05347813738308
 20
87.75
 10
135.11751671019252
 20
87.75
 10
135.1805324365954
 20
87.75
 10
135.2425220309869
 20
87.75
 10
135.30348226126395
 20
87.75
 10
135.3634099489941
 20
87.75
 10
135.4223019695811
 20
87.75
 10
135.48015525242772
 20
87.75
 10
135.536966781096
 20
87.75
 10
135.59273359346443
 20
87.75
 10
135.6474527818824
 20
87.75
 10
135.70112149332198
 20
87.75
 10
135.7537369295263
 20
87.75
  0
LWPOLYLINE
  5
3A6
330
17
100
AcDbEntity
  8
HIDDEN
100
AcDbPolyline
 90
2
 70
0
 10
135.75373692952599
 20
87.75
 10
136.74534377973714
 20
87.75
  0
LWPOLYLINE
  5
3A7
330
17
100
AcDbEntity
  8
HIDDEN
100
AcDbPolyline
 90
2
 70
0
 10
136.74534377973697
 20
87.75
 10
138.36586386477296
 20
87.75
  0
LWPOLYLINE
  5
3A8
330
17
100
AcDbEntity
  8
HIDDEN
100
AcDbPolyline
 90
3
 70
0
 10
140.78973590093898
 20
87.75
 10
139.3439192138477
 20
87.75
 10
137.68239768079997
 20
87.75
  0
LWPOLYLINE
  5
3A9
330
17
100
AcDbEntity
  8
HIDDEN
100
AcDbPolyline
 90
2
 70
0
 10
137.68239768079997
 20
87.75
 10
136.64705470294896
 20
87.75
  0
LWPOLYLINE
  5
3AA
330
17
100
AcDbEntity
  8
HIDDEN
100
AcDbPolyline
 90
15
 70
0
 10
136.64705470294908
 20
87.75
 10
136.67451762847924
 20
87.75
 10
136.7008765264413
 20
87.75
 10
136.72613002249696
 20
87.75
 10
136.75027679994298
 20
87.75
 10
136.7733155997798
 20
87.75
 10
136.79524522077728
 20
87.75
 10
136.81606451953712
 20
87.75
 10
136.8357724105527
 20
87.75
 10
136.8543678662655
 20
87.75
 10
136.87184991711888
 20
87.75
 10
136.8882176516084
 20
87.75
 10
136.90347021632942
 20
87.75
 10
136.91760681602182
 20
87.75
 10
136.9306267136111
 20
87.75
  0
LWPOLYLINE
  5
3AB
330
17
100
AcDbEntity
  8
HIDDEN
100
AcDbPolyline
 90
2
 70
0
 10
136.93062671361096
 20
87.75
 10
137.97985315155097
 20
87.75
  0
LWPOLYLINE
  5
3AC
330
17
100
AcDbEntity
  8
HIDDEN
100
AcDbPolyline
 90
2
 70
0
 10
137.97985315155097
 20
87.75
 10
140.78973590093898
 20
87.75
  0
LWPOLYLINE
  5
3AD
330
17
100
AcDbEntity
  8
HIDDEN
100
AcDbPolyline
 90
15
 70
0
 10
141.49999999999997
 20
87.75
 10
141.49994976331843
 20
87.75
 10
141.499799053468
 20
87.75
 10
141.49954787103107
 20
87.75
 10
141.49919621697828
 20
87.75
 10
141.49874409266857
 20
87.75
 10
141.49819149984913
 20
87.75
 10
141.49753844065532
 20
87.75
 10
141.49678491761085
 20
87.75
 10
141.4959309336276
 20
87.75
 10
141.49497649200563
 20
87.75
 10
141.4939215964333
 20
87.75
 10
141.49276625098705
 20
87.75
 10
141.4915104601316
 20
87.75
 10
141.49015422871975
 20
87.75
  0
LWPOLYLINE
  5
3AE
330
17
100
AcDbEntity
  8
HIDDEN
100
AcDbPolyline
 90
3
 70
0
 10
141.49015422871997
 20
87.75
 10
139.7935263832613
 20
87.75
 10
137.97985315155097
 20
87.75
  0
LWPOLYLINE
  5
3AF
330
17
100
AcDbEntity
  8
HIDDEN
100
AcDbPolyline
 90
2
 70
0
 10
137.97985315155097
 20
87.75
 10
136.930626713611
 20
87.75
  0
LWPOLYLINE
  5
3B0
330
17
100
AcDbEntity
  8
HIDDEN
100
AcDbPolyline
 90
15
 70
0
 10
136.93062671361074
 20
87.75
 10
136.91760681602145
 20
87.75
 10
136.90347021632905
 20
87.75
 10
136.888217651608
 20
87.75
 10
136.87184991711845
 20
87.75
 10
136.85436786626508
 20
87.75
 10
136.83577241055224
 20
87.75
 10
136.81606451953667
 20
87.75
 10
136.7952452207768
 20
87.75
 10
136.7733155997793
 20
87.75
 10
136.75027679994244
 20
87.75
 10
136.7261300224964
 20
87.75
 10
136.7008765264407
 20
87.75
 10
136.67451762847864
 20
87.75
 10
136.64705470294842
 20
87.75
  0
LWPOLYLINE
  5
3B1
330
17
100
AcDbEntity
  8
HIDDEN
100
AcDbPolyline
 90
2
 70
0
 10
136.64705470294896
 20
87.75
 10
137.6823976808
 20
87.75
  0
LWPOLYLINE
  5
3B2
330
17
100
AcDbEntity
  8
HIDDEN
100
AcDbPolyline
 90
3
 70
0
 10
137.68239768079997
 20
87.75
 10
139.34391921384773
 20
87.75
 10
140.78973590093898
 20
87.75
  0
LWPOLYLINE
  5
3B3
330
17
100
AcDbEntity
  8
HIDDEN
100
AcDbPolyline
 90
15
 70
0
 10
140.78973590093898
 20
87.75
 10
140.76581070789624
 20
87.75
 10
140.74149497046596
 20
87.75
 10
140.7167890645068
 20
87.75
 10
140.6916933719085
 20
87.75
 10
140.66620828058583
 20
87.75
 10
140.64033418447272
 20
87.75
 10
140.61407148351606
 20
87.75
 10
140.5874205836696
 20
87.75
 10
140.56038189688763
 20
87.75
 10
140.53295584111865
 20
87.75
 10
140.50514284029887
 20
87.75
 10
140.47694332434568
 20
87.75
 10
140.448357729151
 20
87.75
 10
140.41938649657453
 20
87.75
  0
LWPOLYLINE
  5
3B4
330
17
100
AcDbEntity
  8
HIDDEN
100
AcDbPolyline
 90
2
 70
0
 10
140.41938649657396
 20
87.75
 10
136.74534377973697
 20
87.75
  0
LWPOLYLINE
  5
3B5
330
17
100
AcDbEntity
  8
HIDDEN
100
AcDbPolyline
 90
2
 70
0
 10
136.74534377973697
 20
87.75
 10
135.75373692952581
 20
87.75
  0
LWPOLYLINE
  5
3B6
330
17
100
AcDbEntity
  8
HIDDEN
100
AcDbPolyline
 90
15
 70
0
 10
135.75373692952743
 20
87.75
 10
135.7011214933229
 20
87.75
 10
135.64745278188315
 20
87.75
 10
135.5927335934649
 20
87.75
 10
135.53696678109628
 20
87.75
 10
135.48015525242778
 20
87.75
 10
135.4223019695809
 20
87.75
 10
135.36340994899368
 20
87.75
 10
135.30348226126324
 20
87.75
 10
135.2425220309859
 20
87.75
 10
135.18053243659415
 20
87.75
 10
135.11751671019096
 20
87.75
 10
135.05347813738123
 20
87.75
 10
134.98842005710054
 20
87.75
 10
134.922345861441
 20
87.75
  0
LWPOLYLINE
  5
3B7
330
17
100
AcDbEntity
  8
HIDDEN
100
AcDbPolyline
 90
2
 70
0
 10
134.92234586144096
 20
87.75
 10
135.8732484662482
 20
87.75
  0
LWPOLYLINE
  5
3B8
330
17
100
AcDbEntity
  8
HIDDEN
100
AcDbPolyline
 90
3
 70
0
 10
135.87324846624796
 20
87.75
 10
137.26938835394927
 20
87.75
 10
138.36586386477296
 20
87.75
  0
LWPOLYLINE
  5
3B9
330
17
100
AcDbEntity
  8
HIDDEN
100
AcDbPolyline
 90
15
 70
0
 10
138.36586386477086
 20
87.75
 10
138.31703191878586
 20
87.75
 10
138.2678472802291
 20
87.75
 10
138.21831070936844
 20
87.75
 10
138.16842297191175
 20
87.75
 10
138.118184838995
 20
87.75
 10
138.0675970871704
 20
87.75
 10
138.01666049839437
 20
87.75
 10
137.96537586001543
 20
87.75
 10
137.91374396476203
 20
87.75
 10
137.8617656107304
 20
87.75
 10
137.80944160137204
 20
87.75
 10
137.7567727454814
 20
87.75
 10
137.70375985718348
 20
87.75
 10
137.650403755921
 20
87.75
  0
LWPOLYLINE
  5
3BA
330
17
100
AcDbEntity
  8
HIDDEN
100
AcDbPolyline
 90
2
 70
0
 10
137.65040375591997
 20
87.75
 10
134.06299933892498
 20
87.75
  0
LWPOLYLINE
  5
3BB
330
17
100
AcDbEntity
  8
HIDDEN
100
AcDbPolyline
 90
2
 70
0
 10
134.06299933892498
 20
87.75
 10
133.19658844457484
 20
87.75
  0
LWPOLYLINE
  5
3BC
330
17
100
AcDbEntity
  8
HIDDEN
100
AcDbPolyline
 90
15
 70
0
 10
133.1965884445708
 20
87.75
 10
133.10796312477785
 20
87.75
 10
133.01841973558422
 20
87.75
 10
132.92796294573247
 20
87.75
 10
132.83659747158924
 20
87.75
 10
132.74432807689954
 20
87.75
 10
132.6511595725383
 20
87.75
 10
132.55709681625945
 20
87.75
 10
132.46214471244278
 20
87.75
 10
132.36630821183817
 20
87.75
 10
132.26959231130746
 20
87.75
 10
132.17200205356386
 20
87.75
 10
132.0735425269091
 20
87.75
 10
131.97421886496818
 20
87.75
 10
131.8740362464215
 20
87.75
  0
LWPOLYLINE
  5
3BD
330
17
100
AcDbEntity
  8
HIDDEN
100
AcDbPolyline
 90
2
 70
0
 10
131.87403624641996
 20
87.75
 10
132.6756960371082
 20
87.75
  0
LWPOLYLINE
  5
3BE
330
17
100
AcDbEntity
  8
HIDDEN
100
AcDbPolyline
 90
4
 70
0
 10
132.67569603710697
 20
87.75
 10
133.2537400191817
 20
87.75
 10
133.71130965334433
 20
87.75
 10
134.38372099384998
 20
87.75
  0
LWPOLYLINE
  5
3BF
330
17
100
AcDbEntity
  8
HIDDEN
100
AcDbPolyline
 90
15
 70
0
 10
134.383720993856
 20
87.75
 10
134.31331011134824
 20
87.75
 10
134.24260842350037
 20
87.75
 10
134.17161702317853
 20
87.75
 10
134.10033700772692
 20
87.75
 10
134.02876947895112
 20
87.75
 10
133.95691554310088
 20
87.75
 10
133.88477631085306
 20
87.75
 10
133.81235289729443
 20
87.75
 10
133.73964642190458
 20
87.75
 10
133.66665800853838
 20
87.75
 10
133.59338878540882
 20
87.75
 10
133.51983988506944
 20
87.75
 10
133.44601244439693
 20
87.75
 10
133.37190760457344
 20
87.75
  0
LWPOLYLINE
  5
3C0
330
17
100
AcDbEntity
  8
HIDDEN
100
AcDbPolyline
 90
3
 70
0
 10
133.37190760457298
 20
87.75
 10
131.6449248357325
 20
87.75
 10
130.11561716997198
 20
87.75
  0
LWPOLYLINE
  5
3C1
330
17
100
AcDbEntity
  8
HIDDEN
100
AcDbPolyline
 90
2
 70
0
 10
130.11561716997198
 20
87.75
 10
129.4334467021277
 20
87.75
  0
LWPOLYLINE
  5
3C2
330
17
100
AcDbEntity
  8
HIDDEN
100
AcDbPolyline
 90
15
 70
0
 10
129.43344670212386
 20
87.75
 10
129.3148511678253
 20
87.75
 10
129.19553533487317
 20
87.75
 10
129.07550542432853
 20
87.75
 10
128.9547676944842
 20
87.75
 10
128.8333284405382
 20
87.75
 10
128.71119399426564
 20
87.75
 10
128.58837072368866
 20
87.75
 10
128.46486503274423
 20
87.75
 10
128.34068336095035
 20
87.75
 10
128.2158321830703
 20
87.75
 10
128.090318008775
 20
87.75
 10
127.96414738230371
 20
87.75
 10
127.83732688212268
 20
87.75
 10
127.70986312058221
 20
87.75
  0
LWPOLYLINE
  5
3C3
330
17
100
AcDbEntity
  8
HIDDEN
100
AcDbPolyline
 90
2
 70
0
 10
127.70986312057897
 20
87.75
 10
128.30764830721685
 20
87.75
  0
LWPOLYLINE
  5
3C4
330
17
100
AcDbEntity
  8
HIDDEN
100
AcDbPolyline
 90
4
 70
0
 10
128.30764830721597
 20
87.75
 10
128.67889392269547
 20
87.75
 10
128.91216029547687
 20
87.75
 10
129.11468374402097
 20
87.75
  0
LWPOLYLINE
  5
3C5
330
17
100
AcDbEntity
  8
HIDDEN
100
AcDbPolyline
 90
15
 70
0
 10
129.11468374401397
 20
87.75
 10
129.02749231026843
 20
87.75
 10
128.94009177631781
 20
87.75
 10
128.85248349314944
 20
87.75
 10
128.76466881496177
 20
87.75
 10
128.67664909914367
 20
87.75
 10
128.58842570625333
 20
87.75
 10
128.4999999999973
 20
87.75
 10
128.41137334720935
 20
87.75
 10
128.32254711782934
 20
87.75
 10
128.2335226848821
 20
87.75
 10
128.1443014244562
 20
87.75
 10
128.0548847156826
 20
87.75
 10
127.96527394071343
 20
87.75
 10
127.87547048470057
 20
87.75
  0
LWPOLYLINE
  5
3C6
330
17
100
AcDbEntity
  8
HIDDEN
100
AcDbPolyline
 90
4
 70
0
 10
127.87547048469897
 20
87.75
 10
126.38136608778456
 20
87.75
 10
125.7208702064126
 20
87.75
 10
125.17220484433497
 20
87.75
  0
LWPOLYLINE
  5
3C7
330
17
100
AcDbEntity
  8
HIDDEN
100
AcDbPolyline
 90
2
 70
0
 10
125.17220484433497
 20
87.75
 10
124.72076359303517
 20
87.75
  0
LWPOLYLINE
  5
3C8
330
17
100
AcDbEntity
  8
HIDDEN
100
AcDbPolyline
 90
15
 70
0
 10
124.72076359302632
 20
87.75
 10
124.58027993389679
 20
87.75
 10
124.43932283402359
 20
87.75
 10
124.29789964283145
 20
87.75
 10
124.15601773404688
 20
87.75
 10
124.01368450531369
 20
87.75
 10
123.87090737780721
 20
87.75
 10
123.72769379584743
 20
87.75
 10
123.58405122651085
 20
87.75
 10
123.4399871592411
 20
87.75
 10
123.2955091054585
 20
87.75
 10
123.15062459816839
 20
87.75
 10
123.00534119156836
 20
87.75
 10
122.85966646065441
 20
87.75
 10
122.71360800082596
 20
87.75
  0
LWPOLYLINE
  5
3C9
330
17
100
AcDbEntity
  8
HIDDEN
100
AcDbPolyline
 90
2
 70
0
 10
122.71360800082397
 20
87.75
 10
123.06678051082719
 20
87.75
  0
LWPOLYLINE
  5
3CA
330
17
100
AcDbEntity
  8
HIDDEN
100
AcDbPolyline
 90
2
 70
0
 10
123.06678051082797
 20
87.75
 10
123.21646164531344
 20
87.75
  0
LWPOLYLINE
  5
3CB
330
17
100
AcDbEntity
  8
HIDDEN
100
AcDbPolyline
 90
3
 70
0
 10
123.21646164531344
 20
87.75
 10
123.13464388517481
 20
87.75
 10
122.91782829636497
 20
87.75
  0
LWPOLYLINE
  5
3CC
330
17
100
AcDbEntity
  8
HIDDEN
100
AcDbPolyline
 90
15
 70
0
 10
122.91782829637127
 20
87.75
 10
122.81979826350519
 20
87.75
 10
122.72165508540253
 20
87.75
 10
122.62340027910416
 20
87.75
 10
122.52503536337643
 20
87.75
 10
122.4265618586877
 20
87.75
 10
122.32798128718484
 20
87.75
 10
122.22929517266968
 20
87.75
 10
122.1305050405755
 20
87.75
 10
122.0316124179434
 20
87.75
 10
121.93261883339873
 20
87.75
 10
121.83352581712748
 20
87.75
 10
121.73433490085253
 20
87.75
 10
121.6350476178101
 20
87.75
 10
121.53566550272598
 20
87.75
  0
LWPOLYLINE
  5
3CD
330
17
100
AcDbEntity
  8
HIDDEN
100
AcDbPolyline
 90
4
 70
0
 10
121.53566550272397
 20
87.75
 10
120.3762602232623
 20
87.75
 10
119.90668123051128
 20
87.75
 10
119.56964774262997
 20
87.75
  0
LWPOLYLINE
  5
3CE
330
17
100
AcDbEntity
  8
HIDDEN
100
AcDbPolyline
 90
2
 70
0
 10
119.56964774262997
 20
87.75
 10
119.37970068310447
 20
87.75
  0
LWPOLYLINE
  5
3CF
330
17
100
AcDbEntity
  8
HIDDEN
100
AcDbPolyline
 90
15
 70
0
 10
119.37970068310474
 20
87.75
 10
119.22690262835309
 20
87.75
 10
119.07391025497196
 20
87.75
 10
118.92073153989858
 20
87.75
 10
118.76737446978593
 20
87.75
 10
118.61384704058632
 20
87.75
 10
118.46015725713448
 20
87.75
 10
118.30631313273022
 20
87.75
 10
118.1523226887206
 20
87.75
 10
117.99819395408167
 20
87.75
 10
117.84393496499993
 20
87.75
 10
117.68955376445321
 20
87.75
 10
117.53505840179143
 20
87.75
 10
117.38045693231685
 20
87.75
 10
117.22575741686406
 20
87.75
  0
LWPOLYLINE
  5
3D0
330
17
100
AcDbEntity
  8
HIDDEN
100
AcDbPolyline
 90
2
 70
0
 10
117.22575741686397
 20
87.75
 10
117.3102491273231
 20
87.75
  0
LWPOLYLINE
  5
3D1
330
17
100
AcDbEntity
  8
HIDDEN
100
AcDbPolyline
 90
2
 70
0
 10
117.31024912732298
 20
87.75
 10
117.3122006865968
 20
87.75
  0
LWPOLYLINE
  5
3D2
330
17
100
AcDbEntity
  8
HIDDEN
100
AcDbPolyline
 90
4
 70
0
 10
117.3122006865968
 20
87.75
 10
117.19638005489861
 20
87.75
 10
116.94943449644744
 20
87.75
 10
116.21546010885297
 20
87.75
  0
LWPOLYLINE
  5
3D3
330
17
100
AcDbEntity
  8
HIDDEN
100
AcDbPolyline
 90
15
 70
0
 10
116.21546010885349
 20
87.75
 10
116.11327206160553
 20
87.75
 10
116.01107453475034
 20
87.75
 10
115.90886910799858
 20
87.75
 10
115.80665736118303
 20
87.75
 10
115.70444087423417
 20
87.75
 10
115.6022212271557
 20
87.75
 10
115.50000000000024
 20
87.75
 10
115.39777877284477
 20
87.75
 10
115.2955591257663
 20
87.75
 10
115.19334263881744
 20
87.75
 10
115.0911308920019
 20
87.75
 10
114.98892546525013
 20
87.75
 10
114.88672793839494
 20
87.75
 10
114.78453989114698
 20
87.75
  0
LWPOLYLINE
  5
3D4
330
17
100
AcDbEntity
  8
HIDDEN
100
AcDbPolyline
 90
4
 70
0
 10
114.78453989114698
 20
87.75
 10
114.05056550355246
 20
87.75
 10
113.80361994510132
 20
87.75
 10
113.68779931340315
 20
87.75
  0
LWPOLYLINE
  5
3D5
330
17
100
AcDbEntity
  8
HIDDEN
100
AcDbPolyline
 90
2
 70
0
 10
113.68779931340315
 20
87.75
 10
113.68975087267697
 20
87.75
  0
LWPOLYLINE
  5
3D6
330
17
100
AcDbEntity
  8
HIDDEN
100
AcDbPolyline
 90
2
 70
0
 10
113.68975087267697
 20
87.75
 10
113.77424258313611
 20
87.75
  0
LWPOLYLINE
  5
3D7
330
17
100
AcDbEntity
  8
HIDDEN
100
AcDbPolyline
 90
15
 70
0
 10
113.77424258313653
 20
87.75
 10
113.61954306768348
 20
87.75
 10
113.46494159820865
 20
87.75
 10
113.31044623554664
 20
87.75
 10
113.15606503499967
 20
87.75
 10
113.00180604591768
 20
87.75
 10
112.84767731127852
 20
87.75
 10
112.69368686726864
 20
87.75
 10
112.53984274286414
 20
87.75
 10
112.38615295941207
 20
87.75
 10
112.23262553021222
 20
87.75
 10
112.07926846009933
 20
87.75
 10
111.9260897450257
 20
87.75
 10
111.77309737164434
 20
87.75
 10
111.62029931689246
 20
87.75
  0
LWPOLYLINE
  5
3D8
330
17
100
AcDbEntity
  8
HIDDEN
100
AcDbPolyline
 90
2
 70
0
 10
111.62029931689398
 20
87.75
 10
111.43035225736847
 20
87.75
  0
LWPOLYLINE
  5
3D9
330
17
100
AcDbEntity
  8
HIDDEN
100
AcDbPolyline
 90
4
 70
0
 10
111.43035225736998
 20
87.75
 10
111.09331876948869
 20
87.75
 10
110.62373977673764
 20
87.75
 10
109.46433449727597
 20
87.75
  0
LWPOLYLINE
  5
3DA
330
17
100
AcDbEntity
  8
HIDDEN
100
AcDbPolyline
 90
15
 70
0
 10
109.46433449727546
 20
87.75
 10
109.3649523821916
 20
87.75
 10
109.26566509914943
 20
87.75
 10
109.16647418287475
 20
87.75
 10
109.06738116660375
 20
87.75
 10
108.96838758205935
 20
87.75
 10
108.86949495942753
 20
87.75
 10
108.7707048273336
 20
87.75
 10
108.67201871281871
 20
87.75
 10
108.5734381413161
 20
87.75
 10
108.47496463662765
 20
87.75
 10
108.37659972090017
 20
87.75
 10
108.27834491460206
 20
87.75
 10
108.18020173649967
 20
87.75
 10
108.08217170363385
 20
87.75
  0
LWPOLYLINE
  5
3DB
330
17
100
AcDbEntity
  8
HIDDEN
100
AcDbPolyline
 90
3
 70
0
 10
108.08217170363497
 20
87.75
 10
107.8653561148251
 20
87.75
 10
107.7835383546865
 20
87.75
  0
LWPOLYLINE
  5
3DC
330
17
100
AcDbEntity
  8
HIDDEN
100
AcDbPolyline
 90
2
 70
0
 10
107.7835383546865
 20
87.75
 10
107.93321948917198
 20
87.75
  0
LWPOLYLINE
  5
3DD
330
17
100
AcDbEntity
  8
HIDDEN
100
AcDbPolyline
 90
2
 70
0
 10
107.93321948917198
 20
87.75
 10
108.2863919991752
 20
87.75
  0
LWPOLYLINE
  5
3DE
330
17
100
AcDbEntity
  8
HIDDEN
100
AcDbPolyline
 90
15
 70
0
 10
108.286391999179
 20
87.75
 10
108.14033353934974
 20
87.75
 10
107.99465880843499
 20
87.75
 10
107.84937540183417
 20
87.75
 10
107.70449089454326
 20
87.75
 10
107.56001284075987
 20
87.75
 10
107.41594877348933
 20
87.75
 10
107.27230620415197
 20
87.75
 10
107.12909262219142
 20
87.75
 10
106.98631549468418
 20
87.75
 10
106.8439822659502
 20
87.75
 10
106.70210035716488
 20
87.75
 10
106.560677165972
 20
87.75
 10
106.41972006609804
 20
87.75
 10
106.27923640696777
 20
87.75
  0
LWPOLYLINE
  5
3DF
330
17
100
AcDbEntity
  8
HIDDEN
100
AcDbPolyline
 90
2
 70
0
 10
106.27923640696797
 20
87.75
 10
105.82779515566817
 20
87.75
  0
LWPOLYLINE
  5
3E0
330
17
100
AcDbEntity
  8
HIDDEN
100
AcDbPolyline
 90
4
 70
0
 10
105.82779515566497
 20
87.75
 10
105.27912979359184
 20
87.75
 10
104.61863391222143
 20
87.75
 10
103.12452951530997
 20
87.75
  0
LWPOLYLINE
  5
3E1
330
17
100
AcDbEntity
  8
HIDDEN
100
AcDbPolyline
 90
15
 70
0
 10
103.12452951529538
 20
87.75
 10
103.03472605928232
 20
87.75
 10
102.94511528431296
 20
87.75
 10
102.85569857553917
 20
87.75
 10
102.76647731511306
 20
87.75
 10
102.67745288216564
 20
87.75
 10
102.58862665278545
 20
87.75
 10
102.4999999999973
 20
87.75
 10
102.41157429374107
 20
87.75
 10
102.32335090085056
 20
87.75
 10
102.23533118503228
 20
87.75
 10
102.14751650684443
 20
87.75
 10
102.05990822367585
 20
87.75
 10
101.97250768972508
 20
87.75
 10
101.88531625597935
 20
87.75
  0
LWPOLYLINE
  5
3E2
330
17
100
AcDbEntity
  8
HIDDEN
100
AcDbPolyline
 90
4
 70
0
 10
101.88531625597997
 20
87.75
 10
102.0878397045256
 20
87.75
 10
102.32110607731053
 20
87.75
 10
102.69235169278997
 20
87.75
  0
LWPOLYLINE
  5
3E3
330
17
100
AcDbEntity
  8
HIDDEN
100
AcDbPolyline
 90
2
 70
0
 10
102.69235169278997
 20
87.75
 10
103.29013687942881
 20
87.75
  0
LWPOLYLINE
  5
3E4
330
17
100
AcDbEntity
  8
HIDDEN
100
AcDbPolyline
 90
15
 70
0
 10
103.290136879413
 20
87.75
 10
103.16267311787308
 20
87.75
 10
103.03585261769258
 20
87.75
 10
102.90968199122182
 20
87.75
 10
102.78416781692707
 20
87.75
 10
102.65931663904752
 20
87.75
 10
102.53513496725415
 20
87.75
 10
102.41162927631021
 20
87.75
 10
102.28880600573373
 20
87.75
 10
102.1666715594617
 20
87.75
 10
102.04523230551618
 20
87.75
 10
101.92449457567233
 20
87.75
 10
101.80446466512818
 20
87.75
 10
101.68514883217651
 20
87.75
 10
101.56655329787843
 20
87.75
  0
LWPOLYLINE
  5
3E5
330
17
100
AcDbEntity
  8
HIDDEN
100
AcDbPolyline
 90
2
 70
0
 10
101.56655329787998
 20
87.75
 10
100.88438283003485
 20
87.75
  0
LWPOLYLINE
  5
3E6
330
17
100
AcDbEntity
  8
HIDDEN
100
AcDbPolyline
 90
3
 70
0
 10
100.88438283002998
 20
87.75
 10
99.35507516427359
 20
87.75
 10
97.62809239542997
 20
87.75
  0
LWPOLYLINE
  5
3E7
330
17
100
AcDbEntity
  8
HIDDEN
100
AcDbPolyline
 90
15
 70
0
 10
97.62809239543239
 20
87.75
 10
97.55398755560874
 20
87.75
 10
97.48016011493608
 20
87.75
 10
97.40661121459658
 20
87.75
 10
97.33334199146688
 20
87.75
 10
97.26035357810053
 20
87.75
 10
97.18764710271054
 20
87.75
 10
97.11522368915179
 20
87.75
 10
97.04308445690381
 20
87.75
 10
96.97123052105344
 20
87.75
 10
96.89966299227751
 20
87.75
 10
96.8283829768258
 20
87.75
 10
96.7573915765038
 20
87.75
 10
96.68668988865582
 20
87.75
 10
96.61627900614792
 20
87.75
  0
LWPOLYLINE
  5
3E8
330
17
100
AcDbEntity
  8
HIDDEN
100
AcDbPolyline
 90
4
 70
0
 10
96.61627900614997
 20
87.75
 10
97.28869034666135
 20
87.75
 10
97.74625998082475
 20
87.75
 10
98.32430396289998
 20
87.75
  0
LWPOLYLINE
  5
3E9
330
17
100
AcDbEntity
  8
HIDDEN
100
AcDbPolyline
 90
2
 70
0
 10
98.32430396289998
 20
87.75
 10
99.12596375358413
 20
87.75
  0
LWPOLYLINE
  5
3EA
330
17
100
AcDbEntity
  8
HIDDEN
100
AcDbPolyline
 90
15
 70
0
 10
99.12596375357965
 20
87.75
 10
99.02578113503223
 20
87.75
 10
98.92645747309055
 20
87.75
 10
98.82799794643508
 20
87.75
 10
98.73040768869076
 20
87.75
 10
98.63369178815934
 20
87.75
 10
98.53785528755405
 20
87.75
 10
98.44290318373672
 20
87.75
 10
98.34884042745722
 20
87.75
 10
98.2556719230953
 20
87.75
 10
98.16340252840497
 20
87.75
 10
98.07203705426113
 20
87.75
 10
97.98158026440875
 20
87.75
 10
97.89203687521453
 20
87.75
 10
97.80341155542098
 20
87.75
  0
LWPOLYLINE
  5
3EB
330
17
100
AcDbEntity
  8
HIDDEN
100
AcDbPolyline
 90
2
 70
0
 10
97.80341155542997
 20
87.75
 10
96.93700066107917
 20
87.75
  0
LWPOLYLINE
  5
3EC
330
17
100
AcDbEntity
  8
HIDDEN
100
AcDbPolyline
 90
2
 70
0
 10
96.93700066107996
 20
87.75
 10
93.34959624407998
 20
87.75
  0
LWPOLYLINE
  5
3ED
330
17
100
AcDbEntity
  8
HIDDEN
100
AcDbPolyline
 90
15
 70
0
 10
93.3495962440751
 20
87.75
 10
93.29624014281247
 20
87.75
 10
93.2432272545144
 20
87.75
 10
93.19055839862364
 20
87.75
 10
93.13823438926514
 20
87.75
 10
93.08625603523336
 20
87.75
 10
93.03462413997984
 20
87.75
 10
92.98333950160077
 20
87.75
 10
92.9324029128246
 20
87.75
 10
92.88181516099988
 20
87.75
 10
92.83157702808302
 20
87.75
 10
92.78168929062619
 20
87.75
 10
92.73215271976542
 20
87.75
 10
92.68296808120853
 20
87.75
 10
92.63413613522343
 20
87.75
  0
LWPOLYLINE
  5
3EE
330
17
100
AcDbEntity
  8
HIDDEN
100
AcDbPolyline
 90
3
 70
0
 10
92.63413613522997
 20
87.75
 10
93.73061164605673
 20
87.75
 10
95.12675153375997
 20
87.75
  0
LWPOLYLINE
  5
3EF
330
17
100
AcDbEntity
  8
HIDDEN
100
AcDbPolyline
 90
2
 70
0
 10
95.12675153375997
 20
87.75
 10
96.07765413856148
 20
87.75
  0
LWPOLYLINE
  5
3F0
330
17
100
AcDbEntity
  8
HIDDEN
100
AcDbPolyline
 90
15
 70
0
 10
96.07765413855635
 20
87.75
 10
96.01157994289719
 20
87.75
 10
95.94652186261685
 20
87.75
 10
95.88248328980748
 20
87.75
 10
95.81946756340464
 20
87.75
 10
95.75747796901324
 20
87.75
 10
95.69651773873622
 20
87.75
 10
95.63659005100611
 20
87.75
 10
95.57769803041916
 20
87.75
 10
95.51984474757259
 20
87.75
 10
95.46303321890437
 20
87.75
 10
95.407266406536
 20
87.75
 10
95.35254721811805
 20
87.75
 10
95.29887850667853
 20
87.75
 10
95.24626307047424
 20
87.75
  0
LWPOLYLINE
  5
3F1
330
17
100
AcDbEntity
  8
HIDDEN
100
AcDbPolyline
 90
2
 70
0
 10
95.24626307047997
 20
87.75
 10
94.2546562202697
 20
87.75
  0
LWPOLYLINE
  5
3F2
330
17
100
AcDbEntity
  8
HIDDEN
100
AcDbPolyline
 90
2
 70
0
 10
94.25465622026996
 20
87.75
 10
90.58061350342997
 20
87.75
  0
LWPOLYLINE
  5
3F3
330
17
100
AcDbEntity
  8
HIDDEN
100
AcDbPolyline
 90
15
 70
0
 10
90.58061350342768
 20
87.75
 10
90.5516422708511
 20
87.75
 10
90.52305667565632
 20
87.75
 10
90.49485715970303
 20
87.75
 10
90.46704415888314
 20
87.75
 10
90.43961810311406
 20
87.75
 10
90.412579416332
 20
87.75
 10
90.38592851648542
 20
87.75
 10
90.35966581552866
 20
87.75
 10
90.33379171941544
 20
87.75
 10
90.3083066280927
 20
87.75
 10
90.2832109354943
 20
87.75
 10
90.25850502953506
 20
87.75
 10
90.2341892921047
 20
87.75
 10
90.21026409906189
 20
87.75
  0
LWPOLYLINE
  5
3F4
330
17
100
AcDbEntity
  8
HIDDEN
100
AcDbPolyline
 90
3
 70
0
 10
90.21026409906997
 20
87.75
 10
91.65608078615679
 20
87.75
 10
93.31760231919998
 20
87.75
  0
LWPOLYLINE
  5
3F5
330
17
100
AcDbEntity
  8
HIDDEN
100
AcDbPolyline
 90
2
 70
0
 10
93.31760231919998
 20
87.75
 10
94.3529452970597
 20
87.75
  0
LWPOLYLINE
  5
3F6
330
17
100
AcDbEntity
  8
HIDDEN
100
AcDbPolyline
 90
15
 70
0
 10
94.35294529705139
 20
87.75
 10
94.3254823715212
 20
87.75
 10
94.29912347355915
 20
87.75
 10
94.2738699775035
 20
87.75
 10
94.24972320005747
 20
87.75
 10
94.22668440022063
 20
87.75
 10
94.20475477922318
 20
87.75
 10
94.18393548046333
 20
87.75
 10
94.16422758944776
 20
87.75
 10
94.14563213373494
 20
87.75
 10
94.12815008288158
 20
87.75
 10
94.11178234839207
 20
87.75
 10
94.096529783671
 20
87.75
 10
94.08239318397861
 20
87.75
 10
94.06937328638934
 20
87.75
  0
LWPOLYLINE
  5
3F7
330
17
100
AcDbEntity
  8
HIDDEN
100
AcDbPolyline
 90
2
 70
0
 10
94.06937328638998
 20
87.75
 10
93.02014684844998
 20
87.75
  0
LWPOLYLINE
  5
3F8
330
17
100
AcDbEntity
  8
HIDDEN
100
AcDbPolyline
 90
3
 70
0
 10
93.02014684844997
 20
87.75
 10
91.20647361674044
 20
87.75
 10
89.50984577127997
 20
87.75
  0
LWPOLYLINE
  5
3F9
330
17
100
AcDbEntity
  8
HIDDEN
100
AcDbPolyline
 90
15
 70
0
 10
89.50984577128028
 20
87.75
 10
89.50848953986839
 20
87.75
 10
89.5072337490129
 20
87.75
 10
89.50607840356663
 20
87.75
 10
89.50502350799427
 20
87.75
 10
89.50406906637228
 20
87.75
 10
89.503215082389
 20
87.75
 10
89.50246155934454
 20
87.75
 10
89.50180850015074
 20
87.75
 10
89.5012559073313
 20
87.75
 10
89.50080378302161
 20
87.75
 10
89.50045212896885
 20
87.75
 10
89.50020094653193
 20
87.75
 10
89.50005023668153
 20
87.75
 10
89.50000000000003
 20
87.75
  0
LWPOLYLINE
  5
3FA
330
17
100
AcDbEntity
  8
HIDDEN
100
AcDbPolyline
 90
2
 70
0
 10
90.21026409906997
 20
87.75
 10
93.02014684844997
 20
87.75
  0
LWPOLYLINE
  5
3FB
330
17
100
AcDbEntity
  8
HIDDEN
100
AcDbPolyline
 90
2
 70
0
 10
93.02014684844997
 20
87.75
 10
94.06937328638996
 20
87.75
  0
LWPOLYLINE
  5
3FC
330
17
100
AcDbEntity
  8
HIDDEN
100
AcDbPolyline
 90
15
 70
0
 10
94.06937328638936
 20
87.75
 10
94.08239318397867
 20
87.75
 10
94.09652978367107
 20
87.75
 10
94.11178234839215
 20
87.75
 10
94.12815008288169
 20
87.75
 10
94.14563213373509
 20
87.75
 10
94.16422758944795
 20
87.75
 10
94.18393548046356
 20
87.75
 10
94.20475477922344
 20
87.75
 10
94.22668440022095
 20
87.75
 10
94.24972320005784
 20
87.75
 10
94.2738699775039
 20
87.75
 10
94.29912347355962
 20
87.75
 10
94.32548237152173
 20
87.75
 10
94.35294529705197
 20
87.75
  0
LWPOLYLINE
  5
3FD
330
17
100
AcDbEntity
  8
HIDDEN
100
AcDbPolyline
 90
2
 70
0
 10
94.35294529705997
 20
87.75
 10
93.31760231920025
 20
87.75
  0
LWPOLYLINE
  5
3FE
330
17
100
AcDbEntity
  8
HIDDEN
100
AcDbPolyline
 90
3
 70
0
 10
93.31760231919998
 20
87.75
 10
91.65608078615679
 20
87.75
 10
90.21026409906997
 20
87.75
  0
LWPOLYLINE
  5
3FF
330
17
100
AcDbEntity
  8
HIDDEN
100
AcDbPolyline
 90
2
 70
0
 10
92.63413613522998
 20
87.75
 10
94.25465622026996
 20
87.75
  0
LWPOLYLINE
  5
400
330
17
100
AcDbEntity
  8
HIDDEN
100
AcDbPolyline
 90
2
 70
0
 10
94.25465622026996
 20
87.75
 10
95.24626307048025
 20
87.75
  0
LWPOLYLINE
  5
401
330
17
100
AcDbEntity
  8
HIDDEN
100
AcDbPolyline
 90
15
 70
0
 10
95.24626307047266
 20
87.75
 10
95.29887850667721
 20
87.75
 10
95.35254721811698
 20
87.75
 10
95.40726640653521
 20
87.75
 10
95.46303321890389
 20
87.75
 10
95.5198447475724
 20
87.75
 10
95.57769803041928
 20
87.75
 10
95.63659005100655
 20
87.75
 10
95.696517738737
 20
87.75
 10
95.75747796901436
 20
87.75
 10
95.8194675634061
 20
87.75
 10
95.88248328980933
 20
87.75
 10
95.94652186261906
 20
87.75
 10
96.01157994289979
 20
87.75
 10
96.07765413855937
 20
87.75
  0
LWPOLYLINE
  5
402
330
17
100
AcDbEntity
  8
HIDDEN
100
AcDbPolyline
 90
2
 70
0
 10
96.07765413855998
 20
87.75
 10
95.12675153375845
 20
87.75
  0
LWPOLYLINE
  5
403
330
17
100
AcDbEntity
  8
HIDDEN
100
AcDbPolyline
 90
3
 70
0
 10
95.12675153375997
 20
87.75
 10
93.73061164605672
 20
87.75
 10
92.63413613522997
 20
87.75
  0
LWPOLYLINE
  5
404
330
17
100
AcDbEntity
  8
HIDDEN
100
AcDbPolyline
 90
2
 70
0
 10
96.61627900614997
 20
87.75
 10
96.93700066107996
 20
87.75
  0
LWPOLYLINE
  5
405
330
17
100
AcDbEntity
  8
HIDDEN
100
AcDbPolyline
 90
2
 70
0
 10
96.93700066107996
 20
87.75
 10
97.80341155542936
 20
87.75
  0
LWPOLYLINE
  5
406
330
17
100
AcDbEntity
  8
HIDDEN
100
AcDbPolyline
 90
15
 70
0
 10
97.80341155542854
 20
87.75
 10
97.89203687522163
 20
87.75
 10
97.98158026441538
 20
87.75
 10
98.07203705426728
 20
87.75
 10
98.16340252841064
 20
87.75
 10
98.25567192310048
 20
87.75
 10
98.34884042746188
 20
87.75
 10
98.44290318374087
 20
87.75
 10
98.53785528755766
 20
87.75
 10
98.63369178816241
 20
87.75
 10
98.73040768869328
 20
87.75
 10
98.82799794643704
 20
87.75
 10
98.92645747309194
 20
87.75
 10
99.02578113503304
 20
87.75
 10
99.12596375357987
 20
87.75
  0
LWPOLYLINE
  5
407
330
17
100
AcDbEntity
  8
HIDDEN
100
AcDbPolyline
 90
2
 70
0
 10
99.12596375357997
 20
87.75
 10
98.3243039628968
 20
87.75
  0
LWPOLYLINE
  5
408
330
17
100
AcDbEntity
  8
HIDDEN
100
AcDbPolyline
 90
4
 70
0
 10
98.32430396289998
 20
87.75
 10
97.74625998082477
 20
87.75
 10
97.28869034666137
 20
87.75
 10
96.61627900614997
 20
87.75
  0
LWPOLYLINE
  5
409
330
17
100
AcDbEntity
  8
HIDDEN
100
AcDbPolyline
 90
15
 70
0
 10
101.88531625597997
 20
87.75
 10
101.98275043340601
 20
87.75
 10
102.08064585787201
 20
87.75
 10
102.1789991889074
 20
87.75
 10
102.27780707041649
 20
87.75
 10
102.37706613079303
 20
87.75
 10
102.47677298303532
 20
87.75
 10
102.57692422486164
 20
87.75
 10
102.67751643882653
 20
87.75
 10
102.77854619243722
 20
87.75
 10
102.8800100382709
 20
87.75
 10
102.98190451409225
 20
87.75
 10
103.08422614297166
 20
87.75
 10
103.18697143340385
 20
87.75
 10
103.29013687942697
 20
87.75
  0
LWPOLYLINE
  5
40A
330
17
100
AcDbEntity
  8
HIDDEN
100
AcDbPolyline
 90
2
 70
0
 10
103.29013687942997
 20
87.75
 10
102.6923516927916
 20
87.75
  0
LWPOLYLINE
  5
40B
330
17
100
AcDbEntity
  8
HIDDEN
100
AcDbPolyline
 90
4
 70
0
 10
102.69235169278997
 20
87.75
 10
102.32110607731056
 20
87.75
 10
102.0878397045256
 20
87.75
 10
101.88531625597997
 20
87.75
  0
LWPOLYLINE
  5
40C
330
17
100
AcDbEntity
  8
HIDDEN
100
AcDbPolyline
 90
15
 70
0
 10
107.7835383546865
 20
87.75
 10
107.81930098239387
 20
87.75
 10
107.85508798675805
 20
87.75
 10
107.89089925419982
 20
87.75
 10
107.92673467106303
 20
87.75
 10
107.96259412361482
 20
87.75
 10
107.9984774980461
 20
87.75
 10
108.0343846804718
 20
87.75
 10
108.07031555693133
 20
87.75
 10
108.10627001338891
 20
87.75
 10
108.14224793573389
 20
87.75
 10
108.17824920978116
 20
87.75
 10
108.2142737212715
 20
87.75
 10
108.25032135587193
 20
87.75
 10
108.28639199917609
 20
87.75
  0
LWPOLYLINE
  5
40D
330
17
100
AcDbEntity
  8
HIDDEN
100
AcDbPolyline
 90
2
 70
0
 10
108.28639199917598
 20
87.75
 10
107.93321948917244
 20
87.75
  0
LWPOLYLINE
  5
40E
330
17
100
AcDbEntity
  8
HIDDEN
100
AcDbPolyline
 90
2
 70
0
 10
107.93321948917198
 20
87.75
 10
107.7835383546865
 20
87.75
  0
LWPOLYLINE
  5
40F
330
17
100
AcDbEntity
  8
HIDDEN
100
AcDbPolyline
 90
15
 70
0
 10
115.49999999999997
 20
87.75
 10
116.17178685661999
 20
87.75
 10
116.8351256037382
 20
87.75
 10
117.48167437173147
 20
87.75
 10
118.10330243470597
 20
87.75
 10
118.69219245909274
 20
87.75
 10
119.2409388111532
 20
87.75
 10
119.74264068712013
 20
87.75
 10
120.19098889480904
 20
87.75
 10
120.58034519537053
 20
87.75
 10
120.90581320741525
 20
87.75
 10
121.16329998185083
 20
87.75
 10
121.34956747309138
 20
87.75
 10
121.46227325935969
 20
87.75
 10
121.49999999999997
 20
87.75
  0
LWPOLYLINE
  5
410
330
17
100
AcDbEntity
  8
HIDDEN
100
AcDbPolyline
 90
15
 70
0
 10
121.49999999999997
 20
87.75
 10
121.34956747309036
 20
87.75
 10
120.90581320741342
 20
87.75
 10
120.19098889480661
 20
87.75
 10
119.24093881115043
 20
87.75
 10
118.10330243470308
 20
87.75
 10
116.83512560373543
 20
87.75
 10
115.49999999999748
 20
87.75
 10
114.16487439625966
 20
87.75
 10
112.89669756529238
 20
87.75
 10
111.75906118884564
 20
87.75
 10
110.80901110519025
 20
87.75
 10
110.09418679258438
 20
87.75
 10
109.65043252690847
 20
87.75
 10
109.49999999999997
 20
87.75
  0
LWPOLYLINE
  5
411
330
17
100
AcDbEntity
  8
HIDDEN
100
AcDbPolyline
 90
15
 70
0
 10
109.49999999999997
 20
87.75
 10
109.53772674064078
 20
87.75
 10
109.6504325269095
 20
87.75
 10
109.83670001815041
 20
87.75
 10
110.09418679258623
 20
87.75
 10
110.41965480463112
 20
87.75
 10
110.80901110519268
 20
87.75
 10
111.25735931288158
 20
87.75
 10
111.7590611888484
 20
87.75
 10
112.30780754090871
 20
87.75
 10
112.89669756529527
 20
87.75
 10
113.51832562826948
 20
87.75
 10
114.16487439626245
 20
87.75
 10
114.82821314338032
 20
87.75
 10
115.49999999999997
 20
87.75
  0
LWPOLYLINE
  5
412
330
17
100
AcDbEntity
  8
HIDDEN
100
AcDbPolyline
 90
2
 70
0
 10
117.3122006865968
 20
102.75
 10
117.31024912732298
 20
102.75
  0
LWPOLYLINE
  5
413
330
17
100
AcDbEntity
  8
HIDDEN
100
AcDbPolyline
 90
2
 70
0
 10
117.31024912732298
 20
102.75
 10
117.22575741686383
 20
102.75
  0
LWPOLYLINE
  5
414
330
17
100
AcDbEntity
  8
HIDDEN
100
AcDbPolyline
 90
15
 70
0
 10
117.22575741686336
 20
102.75
 10
117.23193288427403
 20
102.75
 10
117.23810820786743
 20
102.75
 10
117.24428338713075
 20
102.75
 10
117.25045842155123
 20
102.75
 10
117.2566333106161
 20
102.75
 10
117.26280805381259
 20
102.75
 10
117.26898265062798
 20
102.75
 10
117.27515710054952
 20
102.75
 10
117.2813314030645
 20
102.75
 10
117.28750555766023
 20
102.75
 10
117.29367956382399
 20
102.75
 10
117.29985342104311
 20
102.75
 10
117.30602712880494
 20
102.75
 10
117.3122006865968
 20
102.75
  0
LWPOLYLINE
  5
415
330
17
100
AcDbEntity
  8
HIDDEN
100
AcDbPolyline
 90
2
 70
0
 10
123.21646164531344
 20
102.75
 10
123.06678051082797
 20
102.75
  0
LWPOLYLINE
  5
416
330
17
100
AcDbEntity
  8
HIDDEN
100
AcDbPolyline
 90
2
 70
0
 10
123.06678051082797
 20
102.75
 10
122.71360800082444
 20
102.75
  0
LWPOLYLINE
  5
417
330
17
100
AcDbEntity
  8
HIDDEN
100
AcDbPolyline
 90
15
 70
0
 10
122.713608000821
 20
102.75
 10
122.74967864412537
 20
102.75
 10
122.785726278726
 20
102.75
 10
122.82175079021654
 20
102.75
 10
122.85775206426402
 20
102.75
 10
122.8937299866092
 20
102.75
 10
122.92968444306698
 20
102.75
 10
122.96561531952672
 20
102.75
 10
123.00152250195264
 20
102.75
 10
123.0374058763841
 20
102.75
 10
123.0732653289361
 20
102.75
 10
123.10910074579951
 20
102.75
 10
123.1449120132415
 20
102.75
 10
123.18069901760586
 20
102.75
 10
123.21646164531344
 20
102.75
  0
LWPOLYLINE
  5
418
330
17
100
AcDbEntity
  8
HIDDEN
100
AcDbPolyline
 90
4
 70
0
 10
129.11468374402097
 20
102.75
 10
128.91216029547687
 20
102.75
 10
128.6788939226955
 20
102.75
 10
128.30764830721597
 20
102.75
  0
LWPOLYLINE
  5
419
330
17
100
AcDbEntity
  8
HIDDEN
100
AcDbPolyline
 90
2
 70
0
 10
128.30764830721597
 20
102.75
 10
127.70986312057858
 20
102.75
  0
LWPOLYLINE
  5
41A
330
17
100
AcDbEntity
  8
HIDDEN
100
AcDbPolyline
 90
15
 70
0
 10
127.70986312058672
 20
102.75
 10
127.81302856660888
 20
102.75
 10
127.91577385704011
 20
102.75
 10
128.0180954859186
 20
102.75
 10
128.119989961739
 20
102.75
 10
128.22145380757175
 20
102.75
 10
128.3224835611815
 20
102.75
 10
128.4230757751455
 20
102.75
 10
128.5232270169709
 20
102.75
 10
128.6229338692123
 20
102.75
 10
128.72219292958795
 20
102.75
 10
128.82100081109616
 20
102.75
 10
128.91935414213066
 20
102.75
 10
129.0172495665958
 20
102.75
 10
129.11468374402097
 20
102.75
  0
LWPOLYLINE
  5
41B
330
17
100
AcDbEntity
  8
HIDDEN
100
AcDbPolyline
 90
4
 70
0
 10
134.38372099384998
 20
102.75
 10
133.71130965334433
 20
102.75
 10
133.25374001918172
 20
102.75
 10
132.67569603710697
 20
102.75
  0
LWPOLYLINE
  5
41C
330
17
100
AcDbEntity
  8
HIDDEN
100
AcDbPolyline
 90
2
 70
0
 10
132.67569603710697
 20
102.75
 10
131.87403624641973
 20
102.75
  0
LWPOLYLINE
  5
41D
330
17
100
AcDbEntity
  8
HIDDEN
100
AcDbPolyline
 90
15
 70
0
 10
131.8740362464197
 20
102.75
 10
131.97421886496696
 20
102.75
 10
132.07354252690845
 20
102.75
 10
132.17200205356377
 20
102.75
 10
132.26959231130792
 20
102.75
 10
132.36630821183917
 20
102.75
 10
132.46214471244429
 20
102.75
 10
132.55709681626146
 20
102.75
 10
132.65115957254082
 20
102.75
 10
132.74432807690258
 20
102.75
 10
132.83659747159274
 20
102.75
 10
132.92796294573645
 20
102.75
 10
133.01841973558868
 20
102.75
 10
133.10796312478274
 20
102.75
 10
133.19658844457618
 20
102.75
  0
LWPOLYLINE
  5
41E
330
17
100
AcDbEntity
  8
HIDDEN
100
AcDbPolyline
 90
2
 70
0
 10
133.19658844457598
 20
102.75
 10
134.0629993389247
 20
102.75
  0
LWPOLYLINE
  5
41F
330
17
100
AcDbEntity
  8
HIDDEN
100
AcDbPolyline
 90
2
 70
0
 10
134.06299933892498
 20
102.75
 10
134.38372099384998
 20
102.75
  0
LWPOLYLINE
  5
420
330
17
100
AcDbEntity
  8
HIDDEN
100
AcDbPolyline
 90
3
 70
0
 10
138.36586386477296
 20
102.75
 10
137.26938835394927
 20
102.75
 10
135.87324846624796
 20
102.75
  0
LWPOLYLINE
  5
421
330
17
100
AcDbEntity
  8
HIDDEN
100
AcDbPolyline
 90
2
 70
0
 10
135.87324846624796
 20
102.75
 10
134.92234586144073
 20
102.75
  0
LWPOLYLINE
  5
422
330
17
100
AcDbEntity
  8
HIDDEN
100
AcDbPolyline
 90
15
 70
0
 10
134.92234586144343
 20
102.75
 10
134.9884200571027
 20
102.75
 10
135.05347813738308
 20
102.75
 10
135.11751671019252
 20
102.75
 10
135.1805324365954
 20
102.75
 10
135.2425220309869
 20
102.75
 10
135.30348226126395
 20
102.75
 10
135.3634099489941
 20
102.75
 10
135.4223019695811
 20
102.75
 10
135.48015525242772
 20
102.75
 10
135.536966781096
 20
102.75
 10
135.59273359346443
 20
102.75
 10
135.6474527818824
 20
102.75
 10
135.70112149332198
 20
102.75
 10
135.7537369295263
 20
102.75
  0
LWPOLYLINE
  5
423
330
17
100
AcDbEntity
  8
HIDDEN
100
AcDbPolyline
 90
2
 70
0
 10
135.75373692952599
 20
102.75
 10
136.74534377973714
 20
102.75
  0
LWPOLYLINE
  5
424
330
17
100
AcDbEntity
  8
HIDDEN
100
AcDbPolyline
 90
2
 70
0
 10
136.74534377973697
 20
102.75
 10
138.36586386477296
 20
102.75
  0
LWPOLYLINE
  5
425
330
17
100
AcDbEntity
  8
HIDDEN
100
AcDbPolyline
 90
3
 70
0
 10
140.78973590093898
 20
102.75
 10
139.3439192138477
 20
102.75
 10
137.68239768079997
 20
102.75
  0
LWPOLYLINE
  5
426
330
17
100
AcDbEntity
  8
HIDDEN
100
AcDbPolyline
 90
2
 70
0
 10
137.68239768079997
 20
102.75
 10
136.64705470294896
 20
102.75
  0
LWPOLYLINE
  5
427
330
17
100
AcDbEntity
  8
HIDDEN
100
AcDbPolyline
 90
15
 70
0
 10
136.64705470294908
 20
102.75
 10
136.67451762847924
 20
102.75
 10
136.7008765264413
 20
102.75
 10
136.72613002249696
 20
102.75
 10
136.75027679994298
 20
102.75
 10
136.7733155997798
 20
102.75
 10
136.79524522077728
 20
102.75
 10
136.81606451953712
 20
102.75
 10
136.8357724105527
 20
102.75
 10
136.8543678662655
 20
102.75
 10
136.87184991711888
 20
102.75
 10
136.8882176516084
 20
102.75
 10
136.90347021632942
 20
102.75
 10
136.91760681602182
 20
102.75
 10
136.9306267136111
 20
102.75
  0
LWPOLYLINE
  5
428
330
17
100
AcDbEntity
  8
HIDDEN
100
AcDbPolyline
 90
2
 70
0
 10
136.93062671361096
 20
102.75
 10
137.97985315155097
 20
102.75
  0
LWPOLYLINE
  5
429
330
17
100
AcDbEntity
  8
HIDDEN
100
AcDbPolyline
 90
2
 70
0
 10
137.97985315155097
 20
102.75
 10
140.78973590093898
 20
102.75
  0
LWPOLYLINE
  5
42A
330
17
100
AcDbEntity
  8
HIDDEN
100
AcDbPolyline
 90
15
 70
0
 10
141.49999999999997
 20
102.75
 10
141.49994976331843
 20
102.75
 10
141.499799053468
 20
102.75
 10
141.49954787103107
 20
102.75
 10
141.49919621697828
 20
102.75
 10
141.49874409266857
 20
102.75
 10
141.49819149984913
 20
102.75
 10
141.49753844065532
 20
102.75
 10
141.49678491761085
 20
102.75
 10
141.4959309336276
 20
102.75
 10
141.49497649200563
 20
102.75
 10
141.4939215964333
 20
102.75
 10
141.49276625098705
 20
102.75
 10
141.4915104601316
 20
102.75
 10
141.49015422871975
 20
102.75
  0
LWPOLYLINE
  5
42B
330
17
100
AcDbEntity
  8
HIDDEN
100
AcDbPolyline
 90
3
 70
0
 10
141.49015422871997
 20
102.75
 10
139.7935263832613
 20
102.75
 10
137.97985315155097
 20
102.75
  0
LWPOLYLINE
  5
42C
330
17
100
AcDbEntity
  8
HIDDEN
100
AcDbPolyline
 90
2
 70
0
 10
137.97985315155097
 20
102.75
 10
136.930626713611
 20
102.75
  0
LWPOLYLINE
  5
42D
330
17
100
AcDbEntity
  8
HIDDEN
100
AcDbPolyline
 90
15
 70
0
 10
136.93062671361074
 20
102.75
 10
136.91760681602145
 20
102.75
 10
136.90347021632905
 20
102.75
 10
136.888217651608
 20
102.75
 10
136.87184991711845
 20
102.75
 10
136.85436786626508
 20
102.75
 10
136.83577241055224
 20
102.75
 10
136.81606451953667
 20
102.75
 10
136.7952452207768
 20
102.75
 10
136.7733155997793
 20
102.75
 10
136.75027679994244
 20
102.75
 10
136.7261300224964
 20
102.75
 10
136.7008765264407
 20
102.75
 10
136.67451762847864
 20
102.75
 10
136.64705470294842
 20
102.75
  0
LWPOLYLINE
  5
42E
330
17
100
AcDbEntity
  8
HIDDEN
100
AcDbPolyline
 90
2
 70
0
 10
136.64705470294896
 20
102.75
 10
137.6823976808
 20
102.75
  0
LWPOLYLINE
  5
42F
330
17
100
AcDbEntity
  8
HIDDEN
100
AcDbPolyline
 90
3
 70
0
 10
137.68239768079997
 20
102.75
 10
139.34391921384773
 20
102.75
 10
140.78973590093898
 20
102.75
  0
LWPOLYLINE
  5
430
330
17
100
AcDbEntity
  8
HIDDEN
100
AcDbPolyline
 90
15
 70
0
 10
140.78973590093898
 20
102.75
 10
140.76581070789624
 20
102.75
 10
140.74149497046596
 20
102.75
 10
140.7167890645068
 20
102.75
 10
140.6916933719085
 20
102.75
 10
140.66620828058583
 20
102.75
 10
140.64033418447272
 20
102.75
 10
140.61407148351606
 20
102.75
 10
140.5874205836696
 20
102.75
 10
140.56038189688763
 20
102.75
 10
140.53295584111865
 20
102.75
 10
140.50514284029887
 20
102.75
 10
140.47694332434568
 20
102.75
 10
140.448357729151
 20
102.75
 10
140.41938649657453
 20
102.75
  0
LWPOLYLINE
  5
431
330
17
100
AcDbEntity
  8
HIDDEN
100
AcDbPolyline
 90
2
 70
0
 10
140.41938649657396
 20
102.75
 10
136.74534377973697
 20
102.75
  0
LWPOLYLINE
  5
432
330
17
100
AcDbEntity
  8
HIDDEN
100
AcDbPolyline
 90
2
 70
0
 10
136.74534377973697
 20
102.75
 10
135.75373692952581
 20
102.75
  0
LWPOLYLINE
  5
433
330
17
100
AcDbEntity
  8
HIDDEN
100
AcDbPolyline
 90
15
 70
0
 10
135.75373692952743
 20
102.75
 10
135.7011214933229
 20
102.75
 10
135.64745278188315
 20
102.75
 10
135.5927335934649
 20
102.75
 10
135.53696678109628
 20
102.75
 10
135.48015525242778
 20
102.75
 10
135.4223019695809
 20
102.75
 10
135.36340994899368
 20
102.75
 10
135.30348226126324
 20
102.75
 10
135.2425220309859
 20
102.75
 10
135.18053243659415
 20
102.75
 10
135.11751671019096
 20
102.75
 10
135.05347813738123
 20
102.75
 10
134.98842005710054
 20
102.75
 10
134.922345861441
 20
102.75
  0
LWPOLYLINE
  5
434
330
17
100
AcDbEntity
  8
HIDDEN
100
AcDbPolyline
 90
2
 70
0
 10
134.92234586144096
 20
102.75
 10
135.8732484662482
 20
102.75
  0
LWPOLYLINE
  5
435
330
17
100
AcDbEntity
  8
HIDDEN
100
AcDbPolyline
 90
3
 70
0
 10
135.87324846624796
 20
102.75
 10
137.26938835394927
 20
102.75
 10
138.36586386477296
 20
102.75
  0
LWPOLYLINE
  5
436
330
17
100
AcDbEntity
  8
HIDDEN
100
AcDbPolyline
 90
15
 70
0
 10
138.36586386477086
 20
102.75
 10
138.31703191878586
 20
102.75
 10
138.2678472802291
 20
102.75
 10
138.21831070936844
 20
102.75
 10
138.16842297191175
 20
102.75
 10
138.118184838995
 20
102.75
 10
138.0675970871704
 20
102.75
 10
138.01666049839437
 20
102.75
 10
137.96537586001543
 20
102.75
 10
137.91374396476203
 20
102.75
 10
137.8617656107304
 20
102.75
 10
137.80944160137204
 20
102.75
 10
137.7567727454814
 20
102.75
 10
137.70375985718348
 20
102.75
 10
137.650403755921
 20
102.75
  0
LWPOLYLINE
  5
437
330
17
100
AcDbEntity
  8
HIDDEN
100
AcDbPolyline
 90
2
 70
0
 10
137.65040375591997
 20
102.75
 10
134.06299933892498
 20
102.75
  0
LWPOLYLINE
  5
438
330
17
100
AcDbEntity
  8
HIDDEN
100
AcDbPolyline
 90
2
 70
0
 10
134.06299933892498
 20
102.75
 10
133.19658844457484
 20
102.75
  0
LWPOLYLINE
  5
439
330
17
100
AcDbEntity
  8
HIDDEN
100
AcDbPolyline
 90
15
 70
0
 10
133.1965884445708
 20
102.75
 10
133.10796312477785
 20
102.75
 10
133.01841973558422
 20
102.75
 10
132.92796294573247
 20
102.75
 10
132.83659747158924
 20
102.75
 10
132.74432807689954
 20
102.75
 10
132.6511595725383
 20
102.75
 10
132.55709681625945
 20
102.75
 10
132.46214471244278
 20
102.75
 10
132.36630821183817
 20
102.75
 10
132.26959231130746
 20
102.75
 10
132.17200205356386
 20
102.75
 10
132.0735425269091
 20
102.75
 10
131.97421886496818
 20
102.75
 10
131.8740362464215
 20
102.75
  0
LWPOLYLINE
  5
43A
330
17
100
AcDbEntity
  8
HIDDEN
100
AcDbPolyline
 90
2
 70
0
 10
131.87403624641996
 20
102.75
 10
132.6756960371082
 20
102.75
  0
LWPOLYLINE
  5
43B
330
17
100
AcDbEntity
  8
HIDDEN
100
AcDbPolyline
 90
4
 70
0
 10
132.67569603710697
 20
102.75
 10
133.2537400191817
 20
102.75
 10
133.71130965334433
 20
102.75
 10
134.38372099384998
 20
102.75
  0
LWPOLYLINE
  5
43C
330
17
100
AcDbEntity
  8
HIDDEN
100
AcDbPolyline
 90
15
 70
0
 10
134.383720993856
 20
102.75
 10
134.31331011134824
 20
102.75
 10
134.24260842350037
 20
102.75
 10
134.17161702317853
 20
102.75
 10
134.10033700772692
 20
102.75
 10
134.02876947895112
 20
102.75
 10
133.95691554310088
 20
102.75
 10
133.88477631085306
 20
102.75
 10
133.81235289729443
 20
102.75
 10
133.73964642190458
 20
102.75
 10
133.66665800853838
 20
102.75
 10
133.59338878540882
 20
102.75
 10
133.51983988506944
 20
102.75
 10
133.44601244439693
 20
102.75
 10
133.37190760457344
 20
102.75
  0
LWPOLYLINE
  5
43D
330
17
100
AcDbEntity
  8
HIDDEN
100
AcDbPolyline
 90
3
 70
0
 10
133.37190760457298
 20
102.75
 10
131.6449248357325
 20
102.75
 10
130.11561716997198
 20
102.75
  0
LWPOLYLINE
  5
43E
330
17
100
AcDbEntity
  8
HIDDEN
100
AcDbPolyline
 90
2
 70
0
 10
130.11561716997198
 20
102.75
 10
129.4334467021277
 20
102.75
  0
LWPOLYLINE
  5
43F
330
17
100
AcDbEntity
  8
HIDDEN
100
AcDbPolyline
 90
15
 70
0
 10
129.43344670212386
 20
102.75
 10
129.3148511678253
 20
102.75
 10
129.19553533487317
 20
102.75
 10
129.07550542432853
 20
102.75
 10
128.9547676944842
 20
102.75
 10
128.8333284405382
 20
102.75
 10
128.71119399426564
 20
102.75
 10
128.58837072368866
 20
102.75
 10
128.46486503274423
 20
102.75
 10
128.34068336095035
 20
102.75
 10
128.2158321830703
 20
102.75
 10
128.090318008775
 20
102.75
 10
127.96414738230371
 20
102.75
 10
127.83732688212268
 20
102.75
 10
127.70986312058221
 20
102.75
  0
LWPOLYLINE
  5
440
330
17
100
AcDbEntity
  8
HIDDEN
100
AcDbPolyline
 90
2
 70
0
 10
127.70986312057897
 20
102.75
 10
128.30764830721685
 20
102.75
  0
LWPOLYLINE
  5
441
330
17
100
AcDbEntity
  8
HIDDEN
100
AcDbPolyline
 90
4
 70
0
 10
128.30764830721597
 20
102.75
 10
128.67889392269547
 20
102.75
 10
128.91216029547687
 20
102.75
 10
129.11468374402097
 20
102.75
  0
LWPOLYLINE
  5
442
330
17
100
AcDbEntity
  8
HIDDEN
100
AcDbPolyline
 90
15
 70
0
 10
129.11468374401397
 20
102.75
 10
129.02749231026843
 20
102.75
 10
128.94009177631781
 20
102.75
 10
128.85248349314944
 20
102.75
 10
128.76466881496177
 20
102.75
 10
128.67664909914367
 20
102.75
 10
128.58842570625333
 20
102.75
 10
128.4999999999973
 20
102.75
 10
128.41137334720935
 20
102.75
 10
128.32254711782934
 20
102.75
 10
128.2335226848821
 20
102.75
 10
128.1443014244562
 20
102.75
 10
128.0548847156826
 20
102.75
 10
127.96527394071343
 20
102.75
 10
127.87547048470057
 20
102.75
  0
LWPOLYLINE
  5
443
330
17
100
AcDbEntity
  8
HIDDEN
100
AcDbPolyline
 90
4
 70
0
 10
127.87547048469897
 20
102.75
 10
126.38136608778456
 20
102.75
 10
125.7208702064126
 20
102.75
 10
125.17220484433497
 20
102.75
  0
LWPOLYLINE
  5
444
330
17
100
AcDbEntity
  8
HIDDEN
100
AcDbPolyline
 90
2
 70
0
 10
125.17220484433497
 20
102.75
 10
124.72076359303517
 20
102.75
  0
LWPOLYLINE
  5
445
330
17
100
AcDbEntity
  8
HIDDEN
100
AcDbPolyline
 90
15
 70
0
 10
124.72076359302632
 20
102.75
 10
124.58027993389679
 20
102.75
 10
124.43932283402359
 20
102.75
 10
124.29789964283145
 20
102.75
 10
124.15601773404688
 20
102.75
 10
124.01368450531369
 20
102.75
 10
123.87090737780721
 20
102.75
 10
123.72769379584743
 20
102.75
 10
123.58405122651085
 20
102.75
 10
123.4399871592411
 20
102.75
 10
123.2955091054585
 20
102.75
 10
123.15062459816839
 20
102.75
 10
123.00534119156836
 20
102.75
 10
122.85966646065441
 20
102.75
 10
122.71360800082596
 20
102.75
  0
LWPOLYLINE
  5
446
330
17
100
AcDbEntity
  8
HIDDEN
100
AcDbPolyline
 90
2
 70
0
 10
122.71360800082397
 20
102.75
 10
123.06678051082719
 20
102.75
  0
LWPOLYLINE
  5
447
330
17
100
AcDbEntity
  8
HIDDEN
100
AcDbPolyline
 90
2
 70
0
 10
123.06678051082797
 20
102.75
 10
123.21646164531344
 20
102.75
  0
LWPOLYLINE
  5
448
330
17
100
AcDbEntity
  8
HIDDEN
100
AcDbPolyline
 90
3
 70
0
 10
123.21646164531344
 20
102.75
 10
123.13464388517481
 20
102.75
 10
122.91782829636497
 20
102.75
  0
LWPOLYLINE
  5
449
330
17
100
AcDbEntity
  8
HIDDEN
100
AcDbPolyline
 90
15
 70
0
 10
122.91782829637127
 20
102.75
 10
122.81979826350519
 20
102.75
 10
122.72165508540253
 20
102.75
 10
122.62340027910416
 20
102.75
 10
122.52503536337643
 20
102.75
 10
122.4265618586877
 20
102.75
 10
122.32798128718484
 20
102.75
 10
122.22929517266968
 20
102.75
 10
122.1305050405755
 20
102.75
 10
122.0316124179434
 20
102.75
 10
121.93261883339873
 20
102.75
 10
121.83352581712748
 20
102.75
 10
121.73433490085253
 20
102.75
 10
121.6350476178101
 20
102.75
 10
121.53566550272598
 20
102.75
  0
LWPOLYLINE
  5
44A
330
17
100
AcDbEntity
  8
HIDDEN
100
AcDbPolyline
 90
4
 70
0
 10
121.53566550272397
 20
102.75
 10
120.3762602232623
 20
102.75
 10
119.90668123051128
 20
102.75
 10
119.56964774262997
 20
102.75
  0
LWPOLYLINE
  5
44B
330
17
100
AcDbEntity
  8
HIDDEN
100
AcDbPolyline
 90
2
 70
0
 10
119.56964774262997
 20
102.75
 10
119.37970068310447
 20
102.75
  0
LWPOLYLINE
  5
44C
330
17
100
AcDbEntity
  8
HIDDEN
100
AcDbPolyline
 90
15
 70
0
 10
119.37970068310474
 20
102.75
 10
119.22690262835309
 20
102.75
 10
119.07391025497196
 20
102.75
 10
118.92073153989858
 20
102.75
 10
118.76737446978593
 20
102.75
 10
118.61384704058632
 20
102.75
 10
118.46015725713448
 20
102.75
 10
118.30631313273022
 20
102.75
 10
118.1523226887206
 20
102.75
 10
117.99819395408167
 20
102.75
 10
117.84393496499993
 20
102.75
 10
117.68955376445321
 20
102.75
 10
117.53505840179143
 20
102.75
 10
117.38045693231685
 20
102.75
 10
117.22575741686406
 20
102.75
  0
LWPOLYLINE
  5
44D
330
17
100
AcDbEntity
  8
HIDDEN
100
AcDbPolyline
 90
2
 70
0
 10
117.22575741686397
 20
102.75
 10
117.3102491273231
 20
102.75
  0
LWPOLYLINE
  5
44E
330
17
100
AcDbEntity
  8
HIDDEN
100
AcDbPolyline
 90
2
 70
0
 10
117.31024912732298
 20
102.75
 10
117.3122006865968
 20
102.75
  0
LWPOLYLINE
  5
44F
330
17
100
AcDbEntity
  8
HIDDEN
100
AcDbPolyline
 90
4
 70
0
 10
117.3122006865968
 20
102.75
 10
117.19638005489861
 20
102.75
 10
116.94943449644744
 20
102.75
 10
116.21546010885297
 20
102.75
  0
LWPOLYLINE
  5
450
330
17
100
AcDbEntity
  8
HIDDEN
100
AcDbPolyline
 90
15
 70
0
 10
116.21546010885349
 20
102.75
 10
116.11327206160553
 20
102.75
 10
116.01107453475034
 20
102.75
 10
115.90886910799858
 20
102.75
 10
115.80665736118303
 20
102.75
 10
115.70444087423417
 20
102.75
 10
115.6022212271557
 20
102.75
 10
115.50000000000024
 20
102.75
 10
115.39777877284477
 20
102.75
 10
115.2955591257663
 20
102.75
 10
115.19334263881744
 20
102.75
 10
115.0911308920019
 20
102.75
 10
114.98892546525013
 20
102.75
 10
114.88672793839494
 20
102.75
 10
114.78453989114698
 20
102.75
  0
LWPOLYLINE
  5
451
330
17
100
AcDbEntity
  8
HIDDEN
100
AcDbPolyline
 90
4
 70
0
 10
114.78453989114698
 20
102.75
 10
114.05056550355246
 20
102.75
 10
113.80361994510132
 20
102.75
 10
113.68779931340315
 20
102.75
  0
LWPOLYLINE
  5
452
330
17
100
AcDbEntity
  8
HIDDEN
100
AcDbPolyline
 90
2
 70
0
 10
113.68779931340315
 20
102.75
 10
113.68975087267697
 20
102.75
  0
LWPOLYLINE
  5
453
330
17
100
AcDbEntity
  8
HIDDEN
100
AcDbPolyline
 90
2
 70
0
 10
113.68975087267697
 20
102.75
 10
113.77424258313611
 20
102.75
  0
LWPOLYLINE
  5
454
330
17
100
AcDbEntity
  8
HIDDEN
100
AcDbPolyline
 90
15
 70
0
 10
113.77424258313653
 20
102.75
 10
113.61954306768348
 20
102.75
 10
113.46494159820865
 20
102.75
 10
113.31044623554664
 20
102.75
 10
113.15606503499967
 20
102.75
 10
113.00180604591768
 20
102.75
 10
112.84767731127852
 20
102.75
 10
112.69368686726864
 20
102.75
 10
112.53984274286414
 20
102.75
 10
112.38615295941207
 20
102.75
 10
112.23262553021222
 20
102.75
 10
112.07926846009933
 20
102.75
 10
111.9260897450257
 20
102.75
 10
111.77309737164434
 20
102.75
 10
111.62029931689246
 20
102.75
  0
LWPOLYLINE
  5
455
330
17
100
AcDbEntity
  8
HIDDEN
100
AcDbPolyline
 90
2
 70
0
 10
111.62029931689398
 20
102.75
 10
111.43035225736847
 20
102.75
  0
LWPOLYLINE
  5
456
330
17
100
AcDbEntity
  8
HIDDEN
100
AcDbPolyline
 90
4
 70
0
 10
111.43035225736998
 20
102.75
 10
111.09331876948869
 20
102.75
 10
110.62373977673764
 20
102.75
 10
109.46433449727597
 20
102.75
  0
LWPOLYLINE
  5
457
330
17
100
AcDbEntity
  8
HIDDEN
100
AcDbPolyline
 90
15
 70
0
 10
109.46433449727546
 20
102.75
 10
109.3649523821916
 20
102.75
 10
109.26566509914943
 20
102.75
 10
109.16647418287475
 20
102.75
 10
109.06738116660375
 20
102.75
 10
108.96838758205935
 20
102.75
 10
108.86949495942753
 20
102.75
 10
108.7707048273336
 20
102.75
 10
108.67201871281871
 20
102.75
 10
108.5734381413161
 20
102.75
 10
108.47496463662765
 20
102.75
 10
108.37659972090017
 20
102.75
 10
108.27834491460206
 20
102.75
 10
108.18020173649967
 20
102.75
 10
108.08217170363385
 20
102.75
  0
LWPOLYLINE
  5
458
330
17
100
AcDbEntity
  8
HIDDEN
100
AcDbPolyline
 90
3
 70
0
 10
108.08217170363497
 20
102.75
 10
107.8653561148251
 20
102.75
 10
107.7835383546865
 20
102.75
  0
LWPOLYLINE
  5
459
330
17
100
AcDbEntity
  8
HIDDEN
100
AcDbPolyline
 90
2
 70
0
 10
107.7835383546865
 20
102.75
 10
107.93321948917198
 20
102.75
  0
LWPOLYLINE
  5
45A
330
17
100
AcDbEntity
  8
HIDDEN
100
AcDbPolyline
 90
2
 70
0
 10
107.93321948917198
 20
102.75
 10
108.2863919991752
 20
102.75
  0
LWPOLYLINE
  5
45B
330
17
100
AcDbEntity
  8
HIDDEN
100
AcDbPolyline
 90
15
 70
0
 10
108.286391999179
 20
102.75
 10
108.14033353934974
 20
102.75
 10
107.99465880843499
 20
102.75
 10
107.84937540183417
 20
102.75
 10
107.70449089454326
 20
102.75
 10
107.56001284075987
 20
102.75
 10
107.41594877348933
 20
102.75
 10
107.27230620415197
 20
102.75
 10
107.12909262219142
 20
102.75
 10
106.98631549468418
 20
102.75
 10
106.8439822659502
 20
102.75
 10
106.70210035716488
 20
102.75
 10
106.560677165972
 20
102.75
 10
106.41972006609804
 20
102.75
 10
106.27923640696777
 20
102.75
  0
LWPOLYLINE
  5
45C
330
17
100
AcDbEntity
  8
HIDDEN
100
AcDbPolyline
 90
2
 70
0
 10
106.27923640696797
 20
102.75
 10
105.82779515566817
 20
102.75
  0
LWPOLYLINE
  5
45D
330
17
100
AcDbEntity
  8
HIDDEN
100
AcDbPolyline
 90
4
 70
0
 10
105.82779515566497
 20
102.75
 10
105.27912979359184
 20
102.75
 10
104.61863391222143
 20
102.75
 10
103.12452951530997
 20
102.75
  0
LWPOLYLINE
  5
45E
330
17
100
AcDbEntity
  8
HIDDEN
100
AcDbPolyline
 90
15
 70
0
 10
103.12452951529538
 20
102.75
 10
103.03472605928232
 20
102.75
 10
102.94511528431296
 20
102.75
 10
102.85569857553917
 20
102.75
 10
102.76647731511306
 20
102.75
 10
102.67745288216564
 20
102.75
 10
102.58862665278545
 20
102.75
 10
102.4999999999973
 20
102.75
 10
102.41157429374107
 20
102.75
 10
102.32335090085056
 20
102.75
 10
102.23533118503228
 20
102.75
 10
102.14751650684443
 20
102.75
 10
102.05990822367585
 20
102.75
 10
101.97250768972508
 20
102.75
 10
101.88531625597935
 20
102.75
  0
LWPOLYLINE
  5
45F
330
17
100
AcDbEntity
  8
HIDDEN
100
AcDbPolyline
 90
4
 70
0
 10
101.88531625597997
 20
102.75
 10
102.0878397045256
 20
102.75
 10
102.32110607731053
 20
102.75
 10
102.69235169278997
 20
102.75
  0
LWPOLYLINE
  5
460
330
17
100
AcDbEntity
  8
HIDDEN
100
AcDbPolyline
 90
2
 70
0
 10
102.69235169278997
 20
102.75
 10
103.29013687942881
 20
102.75
  0
LWPOLYLINE
  5
461
330
17
100
AcDbEntity
  8
HIDDEN
100
AcDbPolyline
 90
15
 70
0
 10
103.290136879413
 20
102.75
 10
103.16267311787308
 20
102.75
 10
103.03585261769258
 20
102.75
 10
102.90968199122182
 20
102.75
 10
102.78416781692707
 20
102.75
 10
102.65931663904752
 20
102.75
 10
102.53513496725415
 20
102.75
 10
102.41162927631021
 20
102.75
 10
102.28880600573373
 20
102.75
 10
102.1666715594617
 20
102.75
 10
102.04523230551618
 20
102.75
 10
101.92449457567233
 20
102.75
 10
101.80446466512818
 20
102.75
 10
101.68514883217651
 20
102.75
 10
101.56655329787843
 20
102.75
  0
LWPOLYLINE
  5
462
330
17
100
AcDbEntity
  8
HIDDEN
100
AcDbPolyline
 90
2
 70
0
 10
101.56655329787998
 20
102.75
 10
100.88438283003485
 20
102.75
  0
LWPOLYLINE
  5
463
330
17
100
AcDbEntity
  8
HIDDEN
100
AcDbPolyline
 90
3
 70
0
 10
100.88438283002998
 20
102.75
 10
99.35507516427359
 20
102.75
 10
97.62809239542997
 20
102.75
  0
LWPOLYLINE
  5
464
330
17
100
AcDbEntity
  8
HIDDEN
100
AcDbPolyline
 90
15
 70
0
 10
97.62809239543239
 20
102.75
 10
97.55398755560874
 20
102.75
 10
97.48016011493608
 20
102.75
 10
97.40661121459658
 20
102.75
 10
97.33334199146688
 20
102.75
 10
97.26035357810053
 20
102.75
 10
97.18764710271054
 20
102.75
 10
97.11522368915179
 20
102.75
 10
97.04308445690381
 20
102.75
 10
96.97123052105344
 20
102.75
 10
96.89966299227751
 20
102.75
 10
96.8283829768258
 20
102.75
 10
96.7573915765038
 20
102.75
 10
96.68668988865582
 20
102.75
 10
96.61627900614792
 20
102.75
  0
LWPOLYLINE
  5
465
330
17
100
AcDbEntity
  8
HIDDEN
100
AcDbPolyline
 90
4
 70
0
 10
96.61627900614997
 20
102.75
 10
97.28869034666135
 20
102.75
 10
97.74625998082475
 20
102.75
 10
98.32430396289998
 20
102.75
  0
LWPOLYLINE
  5
466
330
17
100
AcDbEntity
  8
HIDDEN
100
AcDbPolyline
 90
2
 70
0
 10
98.32430396289998
 20
102.75
 10
99.12596375358413
 20
102.75
  0
LWPOLYLINE
  5
467
330
17
100
AcDbEntity
  8
HIDDEN
100
AcDbPolyline
 90
15
 70
0
 10
99.12596375357965
 20
102.75
 10
99.02578113503223
 20
102.75
 10
98.92645747309055
 20
102.75
 10
98.82799794643508
 20
102.75
 10
98.73040768869076
 20
102.75
 10
98.63369178815934
 20
102.75
 10
98.53785528755405
 20
102.75
 10
98.44290318373672
 20
102.75
 10
98.34884042745722
 20
102.75
 10
98.2556719230953
 20
102.75
 10
98.16340252840497
 20
102.75
 10
98.07203705426113
 20
102.75
 10
97.98158026440875
 20
102.75
 10
97.89203687521453
 20
102.75
 10
97.80341155542098
 20
102.75
  0
LWPOLYLINE
  5
468
330
17
100
AcDbEntity
  8
HIDDEN
100
AcDbPolyline
 90
2
 70
0
 10
97.80341155542997
 20
102.75
 10
96.93700066107917
 20
102.75
  0
LWPOLYLINE
  5
469
330
17
100
AcDbEntity
  8
HIDDEN
100
AcDbPolyline
 90
2
 70
0
 10
96.93700066107996
 20
102.75
 10
93.34959624407998
 20
102.75
  0
LWPOLYLINE
  5
46A
330
17
100
AcDbEntity
  8
HIDDEN
100
AcDbPolyline
 90
15
 70
0
 10
93.3495962440751
 20
102.75
 10
93.29624014281247
 20
102.75
 10
93.2432272545144
 20
102.75
 10
93.19055839862364
 20
102.75
 10
93.13823438926514
 20
102.75
 10
93.08625603523336
 20
102.75
 10
93.03462413997984
 20
102.75
 10
92.98333950160077
 20
102.75
 10
92.9324029128246
 20
102.75
 10
92.88181516099988
 20
102.75
 10
92.83157702808302
 20
102.75
 10
92.78168929062619
 20
102.75
 10
92.73215271976542
 20
102.75
 10
92.68296808120853
 20
102.75
 10
92.63413613522343
 20
102.75
  0
LWPOLYLINE
  5
46B
330
17
100
AcDbEntity
  8
HIDDEN
100
AcDbPolyline
 90
3
 70
0
 10
92.63413613522997
 20
102.75
 10
93.73061164605673
 20
102.75
 10
95.12675153375997
 20
102.75
  0
LWPOLYLINE
  5
46C
330
17
100
AcDbEntity
  8
HIDDEN
100
AcDbPolyline
 90
2
 70
0
 10
95.12675153375997
 20
102.75
 10
96.07765413856148
 20
102.75
  0
LWPOLYLINE
  5
46D
330
17
100
AcDbEntity
  8
HIDDEN
100
AcDbPolyline
 90
15
 70
0
 10
96.07765413855635
 20
102.75
 10
96.01157994289719
 20
102.75
 10
95.94652186261685
 20
102.75
 10
95.88248328980748
 20
102.75
 10
95.81946756340464
 20
102.75
 10
95.75747796901324
 20
102.75
 10
95.69651773873622
 20
102.75
 10
95.63659005100611
 20
102.75
 10
95.57769803041916
 20
102.75
 10
95.51984474757259
 20
102.75
 10
95.46303321890437
 20
102.75
 10
95.407266406536
 20
102.75
 10
95.35254721811805
 20
102.75
 10
95.29887850667853
 20
102.75
 10
95.24626307047424
 20
102.75
  0
LWPOLYLINE
  5
46E
330
17
100
AcDbEntity
  8
HIDDEN
100
AcDbPolyline
 90
2
 70
0
 10
95.24626307047997
 20
102.75
 10
94.2546562202697
 20
102.75
  0
LWPOLYLINE
  5
46F
330
17
100
AcDbEntity
  8
HIDDEN
100
AcDbPolyline
 90
2
 70
0
 10
94.25465622026996
 20
102.75
 10
90.58061350342997
 20
102.75
  0
LWPOLYLINE
  5
470
330
17
100
AcDbEntity
  8
HIDDEN
100
AcDbPolyline
 90
15
 70
0
 10
90.58061350342768
 20
102.75
 10
90.5516422708511
 20
102.75
 10
90.52305667565632
 20
102.75
 10
90.49485715970303
 20
102.75
 10
90.46704415888314
 20
102.75
 10
90.43961810311406
 20
102.75
 10
90.412579416332
 20
102.75
 10
90.38592851648542
 20
102.75
 10
90.35966581552866
 20
102.75
 10
90.33379171941544
 20
102.75
 10
90.3083066280927
 20
102.75
 10
90.2832109354943
 20
102.75
 10
90.25850502953506
 20
102.75
 10
90.2341892921047
 20
102.75
 10
90.21026409906189
 20
102.75
  0
LWPOLYLINE
  5
471
330
17
100
AcDbEntity
  8
HIDDEN
100
AcDbPolyline
 90
3
 70
0
 10
90.21026409906997
 20
102.75
 10
91.65608078615679
 20
102.75
 10
93.31760231919998
 20
102.75
  0
LWPOLYLINE
  5
472
330
17
100
AcDbEntity
  8
HIDDEN
100
AcDbPolyline
 90
2
 70
0
 10
93.31760231919998
 20
102.75
 10
94.3529452970597
 20
102.75
  0
LWPOLYLINE
  5
473
330
17
100
AcDbEntity
  8
HIDDEN
100
AcDbPolyline
 90
15
 70
0
 10
94.35294529705139
 20
102.75
 10
94.3254823715212
 20
102.75
 10
94.29912347355915
 20
102.75
 10
94.2738699775035
 20
102.75
 10
94.24972320005747
 20
102.75
 10
94.22668440022063
 20
102.75
 10
94.20475477922318
 20
102.75
 10
94.18393548046333
 20
102.75
 10
94.16422758944776
 20
102.75
 10
94.14563213373494
 20
102.75
 10
94.12815008288158
 20
102.75
 10
94.11178234839207
 20
102.75
 10
94.096529783671
 20
102.75
 10
94.08239318397861
 20
102.75
 10
94.06937328638934
 20
102.75
  0
LWPOLYLINE
  5
474
330
17
100
AcDbEntity
  8
HIDDEN
100
AcDbPolyline
 90
2
 70
0
 10
94.06937328638998
 20
102.75
 10
93.02014684844998
 20
102.75
  0
LWPOLYLINE
  5
475
330
17
100
AcDbEntity
  8
HIDDEN
100
AcDbPolyline
 90
3
 70
0
 10
93.02014684844997
 20
102.75
 10
91.20647361674044
 20
102.75
 10
89.50984577127997
 20
102.75
  0
LWPOLYLINE
  5
476
330
17
100
AcDbEntity
  8
HIDDEN
100
AcDbPolyline
 90
15
 70
0
 10
89.50984577128028
 20
102.75
 10
89.50848953986839
 20
102.75
 10
89.5072337490129
 20
102.75
 10
89.50607840356663
 20
102.75
 10
89.50502350799427
 20
102.75
 10
89.50406906637228
 20
102.75
 10
89.503215082389
 20
102.75
 10
89.50246155934454
 20
102.75
 10
89.50180850015074
 20
102.75
 10
89.5012559073313
 20
102.75
 10
89.50080378302161
 20
102.75
 10
89.50045212896885
 20
102.75
 10
89.50020094653193
 20
102.75
 10
89.50005023668153
 20
102.75
 10
89.50000000000003
 20
102.75
  0
LWPOLYLINE
  5
477
330
17
100
AcDbEntity
  8
HIDDEN
100
AcDbPolyline
 90
2
 70
0
 10
90.21026409906997
 20
102.75
 10
93.02014684844997
 20
102.75
  0
LWPOLYLINE
  5
478
330
17
100
AcDbEntity
  8
HIDDEN
100
AcDbPolyline
 90
2
 70
0
 10
93.02014684844997
 20
102.75
 10
94.06937328638996
 20
102.75
  0
LWPOLYLINE
  5
479
330
17
100
AcDbEntity
  8
HIDDEN
100
AcDbPolyline
 90
15
 70
0
 10
94.06937328638936
 20
102.75
 10
94.08239318397867
 20
102.75
 10
94.09652978367107
 20
102.75
 10
94.11178234839215
 20
102.75
 10
94.12815008288169
 20
102.75
 10
94.14563213373509
 20
102.75
 10
94.16422758944795
 20
102.75
 10
94.18393548046356
 20
102.75
 10
94.20475477922344
 20
102.75
 10
94.22668440022095
 20
102.75
 10
94.24972320005784
 20
102.75
 10
94.2738699775039
 20
102.75
 10
94.29912347355962
 20
102.75
 10
94.32548237152173
 20
102.75
 10
94.35294529705197
 20
102.75
  0
LWPOLYLINE
  5
47A
330
17
100
AcDbEntity
  8
HIDDEN
100
AcDbPolyline
 90
2
 70
0
 10
94.35294529705997
 20
102.75
 10
93.31760231920025
 20
102.75
  0
LWPOLYLINE
  5
47B
330
17
100
AcDbEntity
  8
HIDDEN
100
AcDbPolyline
 90
3
 70
0
 10
93.31760231919998
 20
102.75
 10
91.65608078615679
 20
102.75
 10
90.21026409906997
 20
102.75
  0
LWPOLYLINE
  5
47C
330
17
100
AcDbEntity
  8
HIDDEN
100
AcDbPolyline
 90
2
 70
0
 10
92.63413613522998
 20
102.75
 10
94.25465622026996
 20
102.75
  0
LWPOLYLINE
  5
47D
330
17
100
AcDbEntity
  8
HIDDEN
100
AcDbPolyline
 90
2
 70
0
 10
94.25465622026996
 20
102.75
 10
95.24626307048025
 20
102.75
  0
LWPOLYLINE
  5
47E
330
17
100
AcDbEntity
  8
HIDDEN
100
AcDbPolyline
 90
15
 70
0
 10
95.24626307047266
 20
102.75
 10
95.29887850667721
 20
102.75
 10
95.35254721811698
 20
102.75
 10
95.40726640653521
 20
102.75
 10
95.46303321890389
 20
102.75
 10
95.5198447475724
 20
102.75
 10
95.57769803041928
 20
102.75
 10
95.63659005100655
 20
102.75
 10
95.696517738737
 20
102.75
 10
95.75747796901436
 20
102.75
 10
95.8194675634061
 20
102.75
 10
95.88248328980933
 20
102.75
 10
95.94652186261906
 20
102.75
 10
96.01157994289979
 20
102.75
 10
96.07765413855937
 20
102.75
  0
LWPOLYLINE
  5
47F
330
17
100
AcDbEntity
  8
HIDDEN
100
AcDbPolyline
 90
2
 70
0
 10
96.07765413855998
 20
102.75
 10
95.12675153375845
 20
102.75
  0
LWPOLYLINE
  5
480
330
17
100
AcDbEntity
  8
HIDDEN
100
AcDbPolyline
 90
3
 70
0
 10
95.12675153375997
 20
102.75
 10
93.73061164605672
 20
102.75
 10
92.63413613522997
 20
102.75
  0
LWPOLYLINE
  5
481
330
17
100
AcDbEntity
  8
HIDDEN
100
AcDbPolyline
 90
2
 70
0
 10
96.61627900614997
 20
102.75
 10
96.93700066107996
 20
102.75
  0
LWPOLYLINE
  5
482
330
17
100
AcDbEntity
  8
HIDDEN
100
AcDbPolyline
 90
2
 70
0
 10
96.93700066107996
 20
102.75
 10
97.80341155542936
 20
102.75
  0
LWPOLYLINE
  5
483
330
17
100
AcDbEntity
  8
HIDDEN
100
AcDbPolyline
 90
15
 70
0
 10
97.80341155542854
 20
102.75
 10
97.89203687522163
 20
102.75
 10
97.98158026441538
 20
102.75
 10
98.07203705426728
 20
102.75
 10
98.16340252841064
 20
102.75
 10
98.25567192310048
 20
102.75
 10
98.34884042746188
 20
102.75
 10
98.44290318374087
 20
102.75
 10
98.53785528755766
 20
102.75
 10
98.63369178816241
 20
102.75
 10
98.73040768869328
 20
102.75
 10
98.82799794643704
 20
102.75
 10
98.92645747309194
 20
102.75
 10
99.02578113503304
 20
102.75
 10
99.12596375357987
 20
102.75
  0
LWPOLYLINE
  5
484
330
17
100
AcDbEntity
  8
HIDDEN
100
AcDbPolyline
 90
2
 70
0
 10
99.12596375357997
 20
102.75
 10
98.3243039628968
 20
102.75
  0
LWPOLYLINE
  5
485
330
17
100
AcDbEntity
  8
HIDDEN
100
AcDbPolyline
 90
4
 70
0
 10
98.32430396289998
 20
102.75
 10
97.74625998082477
 20
102.75
 10
97.28869034666137
 20
102.75
 10
96.61627900614997
 20
102.75
  0
LWPOLYLINE
  5
486
330
17
100
AcDbEntity
  8
HIDDEN
100
AcDbPolyline
 90
15
 70
0
 10
101.88531625597997
 20
102.75
 10
101.98275043340601
 20
102.75
 10
102.08064585787201
 20
102.75
 10
102.1789991889074
 20
102.75
 10
102.27780707041649
 20
102.75
 10
102.37706613079303
 20
102.75
 10
102.47677298303532
 20
102.75
 10
102.57692422486164
 20
102.75
 10
102.67751643882653
 20
102.75
 10
102.77854619243722
 20
102.75
 10
102.8800100382709
 20
102.75
 10
102.98190451409225
 20
102.75
 10
103.08422614297166
 20
102.75
 10
103.18697143340385
 20
102.75
 10
103.29013687942697
 20
102.75
  0
LWPOLYLINE
  5
487
330
17
100
AcDbEntity
  8
HIDDEN
100
AcDbPolyline
 90
2
 70
0
 10
103.29013687942997
 20
102.75
 10
102.6923516927916
 20
102.75
  0
LWPOLYLINE
  5
488
330
17
100
AcDbEntity
  8
HIDDEN
100
AcDbPolyline
 90
4
 70
0
 10
102.69235169278997
 20
102.75
 10
102.32110607731056
 20
102.75
 10
102.0878397045256
 20
102.75
 10
101.88531625597997
 20
102.75
  0
LWPOLYLINE
  5
489
330
17
100
AcDbEntity
  8
HIDDEN
100
AcDbPolyline
 90
15
 70
0
 10
107.7835383546865
 20
102.75
 10
107.81930098239387
 20
102.75
 10
107.85508798675805
 20
102.75
 10
107.89089925419982
 20
102.75
 10
107.92673467106303
 20
102.75
 10
107.96259412361482
 20
102.75
 10
107.9984774980461
 20
102.75
 10
108.0343846804718
 20
102.75
 10
108.07031555693133
 20
102.75
 10
108.10627001338891
 20
102.75
 10
108.14224793573389
 20
102.75
 10
108.17824920978116
 20
102.75
 10
108.2142737212715
 20
102.75
 10
108.25032135587193
 20
102.75
 10
108.28639199917609
 20
102.75
  0
LWPOLYLINE
  5
48A
330
17
100
AcDbEntity
  8
HIDDEN
100
AcDbPolyline
 90
2
 70
0
 10
108.28639199917598
 20
102.75
 10
107.93321948917244
 20
102.75
  0
LWPOLYLINE
  5
48B
330
17
100
AcDbEntity
  8
HIDDEN
100
AcDbPolyline
 90
2
 70
0
 10
107.93321948917198
 20
102.75
 10
107.7835383546865
 20
102.75
  0
LWPOLYLINE
  5
48C
330
17
100
AcDbEntity
  8
HIDDEN
100
AcDbPolyline
 90
15
 70
0
 10
115.49999999999997
 20
102.75
 10
116.17178685661999
 20
102.75
 10
116.8351256037382
 20
102.75
 10
117.48167437173147
 20
102.75
 10
118.10330243470597
 20
102.75
 10
118.69219245909274
 20
102.75
 10
119.2409388111532
 20
102.75
 10
119.74264068712013
 20
102.75
 10
120.19098889480904
 20
102.75
 10
120.58034519537053
 20
102.75
 10
120.90581320741525
 20
102.75
 10
121.16329998185083
 20
102.75
 10
121.34956747309138
 20
102.75
 10
121.46227325935969
 20
102.75
 10
121.49999999999997
 20
102.75
  0
LWPOLYLINE
  5
48D
330
17
100
AcDbEntity
  8
HIDDEN
100
AcDbPolyline
 90
15
 70
0
 10
121.49999999999997
 20
102.75
 10
121.34956747309036
 20
102.75
 10
120.90581320741342
 20
102.75
 10
120.19098889480661
 20
102.75
 10
119.24093881115043
 20
102.75
 10
118.10330243470308
 20
102.75
 10
116.83512560373543
 20
102.75
 10
115.49999999999748
 20
102.75
 10
114.16487439625966
 20
102.75
 10
112.89669756529238
 20
102.75
 10
111.75906118884564
 20
102.75
 10
110.80901110519025
 20
102.75
 10
110.09418679258438
 20
102.75
 10
109.65043252690847
 20
102.75
 10
109.49999999999997
 20
102.75
  0
LWPOLYLINE
  5
48E
330
17
100
AcDbEntity
  8
HIDDEN
100
AcDbPolyline
 90
15
 70
0
 10
109.49999999999997
 20
102.75
 10
109.53772674064078
 20
102.75
 10
109.6504325269095
 20
102.75
 10
109.83670001815041
 20
102.75
 10
110.09418679258623
 20
102.75
 10
110.41965480463112
 20
102.75
 10
110.80901110519268
 20
102.75
 10
111.25735931288158
 20
102.75
 10
111.7590611888484
 20
102.75
 10
112.30780754090871
 20
102.75
 10
112.89669756529527
 20
102.75
 10
113.51832562826948
 20
102.75
 10
114.16487439626245
 20
102.75
 10
114.82821314338032
 20
102.75
 10
115.49999999999997
 20
102.75
  0
LWPOLYLINE
  5
48F
330
17
100
AcDbEntity
  8
HIDDEN
100
AcDbPolyline
 90
2
 70
0
 10
117.22575741686397
 20
87.75
 10
117.22575741686397
 20
102.75
  0
LWPOLYLINE
  5
490
330
17
100
AcDbEntity
  8
HIDDEN
100
AcDbPolyline
 90
2
 70
0
 10
108.28639199917598
 20
87.75
 10
108.28639199917598
 20
102.75
  0
LWPOLYLINE
  5
491
330
17
100
AcDbEntity
  8
HIDDEN
100
AcDbPolyline
 90
2
 70
0
 10
122.71360800082397
 20
87.75
 10
122.71360800082397
 20
102.75
  0
LWPOLYLINE
  5
492
330
17
100
AcDbEntity
  8
HIDDEN
100
AcDbPolyline
 90
2
 70
0
 10
103.29013687942997
 20
87.75
 10
103.29013687942997
 20
102.75
  0
LWPOLYLINE
  5
493
330
17
100
AcDbEntity
  8
HIDDEN
100
AcDbPolyline
 90
2
 70
0
 10
127.70986312057897
 20
87.75
 10
127.70986312057897
 20
102.75
  0
LWPOLYLINE
  5
494
330
17
100
AcDbEntity
  8
HIDDEN
100
AcDbPolyline
 90
2
 70
0
 10
99.12596375357997
 20
87.75
 10
99.12596375357997
 20
102.75
  0
LWPOLYLINE
  5
495
330
17
100
AcDbEntity
  8
HIDDEN
100
AcDbPolyline
 90
2
 70
0
 10
97.80341155542997
 20
87.75
 10
97.80341155542997
 20
102.75
  0
LWPOLYLINE
  5
496
330
17
100
AcDbEntity
  8
HIDDEN
100
AcDbPolyline
 90
2
 70
0
 10
131.87403624641996
 20
87.75
 10
131.87403624641996
 20
102.75
  0
LWPOLYLINE
  5
497
330
17
100
AcDbEntity
  8
HIDDEN
100
AcDbPolyline
 90
2
 70
0
 10
133.19658844457598
 20
87.75
 10
133.19658844457598
 20
102.75
  0
LWPOLYLINE
  5
498
330
17
100
AcDbEntity
  8
HIDDEN
100
AcDbPolyline
 90
2
 70
0
 10
96.07765413855998
 20
87.75
 10
96.07765413855998
 20
102.75
  0
LWPOLYLINE
  5
499
330
17
100
AcDbEntity
  8
HIDDEN
100
AcDbPolyline
 90
2
 70
0
 10
95.24626307047997
 20
87.75
 10
95.24626307047997
 20
102.75
  0
LWPOLYLINE
  5
49A
330
17
100
AcDbEntity
  8
HIDDEN
100
AcDbPolyline
 90
2
 70
0
 10
134.92234586144096
 20
87.75
 10
134.92234586144096
 20
102.75
  0
LWPOLYLINE
  5
49B
330
17
100
AcDbEntity
  8
HIDDEN
100
AcDbPolyline
 90
2
 70
0
 10
135.75373692952599
 20
87.75
 10
135.75373692952599
 20
102.75
  0
LWPOLYLINE
  5
49C
330
17
100
AcDbEntity
  8
HIDDEN
100
AcDbPolyline
 90
2
 70
0
 10
94.35294529705997
 20
87.75
 10
94.35294529705997
 20
102.75
  0
LWPOLYLINE
  5
49D
330
17
100
AcDbEntity
  8
HIDDEN
100
AcDbPolyline
 90
2
 70
0
 10
94.06937328638998
 20
87.75
 10
94.06937328638998
 20
102.75
  0
LWPOLYLINE
  5
49E
330
17
100
AcDbEntity
  8
HIDDEN
100
AcDbPolyline
 90
2
 70
0
 10
89.50984577127997
 20
87.75
 10
89.50984577127997
 20
102.75
  0
LWPOLYLINE
  5
49F
330
17
100
AcDbEntity
  8
HIDDEN
100
AcDbPolyline
 90
2
 70
0
 10
136.64705470294896
 20
87.75
 10
136.64705470294896
 20
102.75
  0
LWPOLYLINE
  5
4A0
330
17
100
AcDbEntity
  8
HIDDEN
100
AcDbPolyline
 90
2
 70
0
 10
136.93062671361096
 20
87.75
 10
136.93062671361096
 20
102.75
  0
LWPOLYLINE
  5
4A1
330
17
100
AcDbEntity
  8
HIDDEN
100
AcDbPolyline
 90
2
 70
0
 10
94.06937328638998
 20
87.75
 10
94.06937328638998
 20
102.75
  0
LWPOLYLINE
  5
4A2
330
17
100
AcDbEntity
  8
HIDDEN
100
AcDbPolyline
 90
2
 70
0
 10
94.35294529705997
 20
87.75
 10
94.35294529705997
 20
102.75
  0
LWPOLYLINE
  5
4A3
330
17
100
AcDbEntity
  8
HIDDEN
100
AcDbPolyline
 90
2
 70
0
 10
141.49015422871997
 20
87.75
 10
141.49015422871997
 20
102.75
  0
LWPOLYLINE
  5
4A4
330
17
100
AcDbEntity
  8
HIDDEN
100
AcDbPolyline
 90
2
 70
0
 10
90.21026409906997
 20
87.75
 10
90.21026409906997
 20
102.75
  0
LWPOLYLINE
  5
4A5
330
17
100
AcDbEntity
  8
HIDDEN
100
AcDbPolyline
 90
2
 70
0
 10
90.58061350342997
 20
87.75
 10
90.58061350342997
 20
102.75
  0
LWPOLYLINE
  5
4A6
330
17
100
AcDbEntity
  8
HIDDEN
100
AcDbPolyline
 90
2
 70
0
 10
136.93062671361096
 20
87.75
 10
136.93062671361096
 20
102.75
  0
LWPOLYLINE
  5
4A7
330
17
100
AcDbEntity
  8
HIDDEN
100
AcDbPolyline
 90
2
 70
0
 10
136.64705470294896
 20
87.75
 10
136.64705470294896
 20
102.75
  0
LWPOLYLINE
  5
4A8
330
17
100
AcDbEntity
  8
HIDDEN
100
AcDbPolyline
 90
2
 70
0
 10
95.24626307047997
 20
87.75
 10
95.24626307047997
 20
102.75
  0
LWPOLYLINE
  5
4A9
330
17
100
AcDbEntity
  8
HIDDEN
100
AcDbPolyline
 90
2
 70
0
 10
96.07765413855998
 20
87.75
 10
96.07765413855998
 20
102.75
  0
LWPOLYLINE
  5
4AA
330
17
100
AcDbEntity
  8
HIDDEN
100
AcDbPolyline
 90
2
 70
0
 10
140.78973590093898
 20
87.75
 10
140.78973590093898
 20
102.75
  0
LWPOLYLINE
  5
4AB
330
17
100
AcDbEntity
  8
HIDDEN
100
AcDbPolyline
 90
2
 70
0
 10
140.41938649657396
 20
87.75
 10
140.41938649657396
 20
102.75
  0
LWPOLYLINE
  5
4AC
330
17
100
AcDbEntity
  8
HIDDEN
100
AcDbPolyline
 90
2
 70
0
 10
92.63413613522997
 20
87.75
 10
92.63413613522997
 20
102.75
  0
LWPOLYLINE
  5
4AD
330
17
100
AcDbEntity
  8
HIDDEN
100
AcDbPolyline
 90
2
 70
0
 10
93.34959624407998
 20
87.75
 10
93.34959624407998
 20
102.75
  0
LWPOLYLINE
  5
4AE
330
17
100
AcDbEntity
  8
HIDDEN
100
AcDbPolyline
 90
2
 70
0
 10
135.75373692952599
 20
87.75
 10
135.75373692952599
 20
102.75
  0
LWPOLYLINE
  5
4AF
330
17
100
AcDbEntity
  8
HIDDEN
100
AcDbPolyline
 90
2
 70
0
 10
134.92234586144096
 20
87.75
 10
134.92234586144096
 20
102.75
  0
LWPOLYLINE
  5
4B0
330
17
100
AcDbEntity
  8
HIDDEN
100
AcDbPolyline
 90
2
 70
0
 10
97.80341155542997
 20
87.75
 10
97.80341155542997
 20
102.75
  0
LWPOLYLINE
  5
4B1
330
17
100
AcDbEntity
  8
HIDDEN
100
AcDbPolyline
 90
2
 70
0
 10
99.12596375357997
 20
87.75
 10
99.12596375357997
 20
102.75
  0
LWPOLYLINE
  5
4B2
330
17
100
AcDbEntity
  8
HIDDEN
100
AcDbPolyline
 90
2
 70
0
 10
138.36586386477296
 20
87.75
 10
138.36586386477296
 20
102.75
  0
LWPOLYLINE
  5
4B3
330
17
100
AcDbEntity
  8
HIDDEN
100
AcDbPolyline
 90
2
 70
0
 10
137.65040375591997
 20
87.75
 10
137.65040375591997
 20
102.75
  0
LWPOLYLINE
  5
4B4
330
17
100
AcDbEntity
  8
HIDDEN
100
AcDbPolyline
 90
2
 70
0
 10
96.61627900614997
 20
87.75
 10
96.61627900614997
 20
102.75
  0
LWPOLYLINE
  5
4B5
330
17
100
AcDbEntity
  8
HIDDEN
100
AcDbPolyline
 90
2
 70
0
 10
97.62809239542997
 20
87.75
 10
97.62809239542997
 20
102.75
  0
LWPOLYLINE
  5
4B6
330
17
100
AcDbEntity
  8
HIDDEN
100
AcDbPolyline
 90
2
 70
0
 10
133.19658844457598
 20
87.75
 10
133.19658844457598
 20
102.75
  0
LWPOLYLINE
  5
4B7
330
17
100
AcDbEntity
  8
HIDDEN
100
AcDbPolyline
 90
2
 70
0
 10
131.87403624641996
 20
87.75
 10
131.87403624641996
 20
102.75
  0
LWPOLYLINE
  5
4B8
330
17
100
AcDbEntity
  8
HIDDEN
100
AcDbPolyline
 90
2
 70
0
 10
101.56655329787998
 20
87.75
 10
101.56655329787998
 20
102.75
  0
LWPOLYLINE
  5
4B9
330
17
100
AcDbEntity
  8
HIDDEN
100
AcDbPolyline
 90
2
 70
0
 10
103.29013687942997
 20
87.75
 10
103.29013687942997
 20
102.75
  0
LWPOLYLINE
  5
4BA
330
17
100
AcDbEntity
  8
HIDDEN
100
AcDbPolyline
 90
2
 70
0
 10
134.38372099384998
 20
87.75
 10
134.38372099384998
 20
102.75
  0
LWPOLYLINE
  5
4BB
330
17
100
AcDbEntity
  8
HIDDEN
100
AcDbPolyline
 90
2
 70
0
 10
133.37190760457298
 20
87.75
 10
133.37190760457298
 20
102.75
  0
LWPOLYLINE
  5
4BC
330
17
100
AcDbEntity
  8
HIDDEN
100
AcDbPolyline
 90
2
 70
0
 10
101.88531625597997
 20
87.75
 10
101.88531625597997
 20
102.75
  0
LWPOLYLINE
  5
4BD
330
17
100
AcDbEntity
  8
HIDDEN
100
AcDbPolyline
 90
2
 70
0
 10
103.12452951530997
 20
87.75
 10
103.12452951530997
 20
102.75
  0
LWPOLYLINE
  5
4BE
330
17
100
AcDbEntity
  8
HIDDEN
100
AcDbPolyline
 90
2
 70
0
 10
129.43344670212397
 20
87.75
 10
129.43344670212397
 20
102.75
  0
LWPOLYLINE
  5
4BF
330
17
100
AcDbEntity
  8
HIDDEN
100
AcDbPolyline
 90
2
 70
0
 10
127.70986312057897
 20
87.75
 10
127.70986312057897
 20
102.75
  0
LWPOLYLINE
  5
4C0
330
17
100
AcDbEntity
  8
HIDDEN
100
AcDbPolyline
 90
2
 70
0
 10
106.27923640696797
 20
87.75
 10
106.27923640696797
 20
102.75
  0
LWPOLYLINE
  5
4C1
330
17
100
AcDbEntity
  8
HIDDEN
100
AcDbPolyline
 90
2
 70
0
 10
108.28639199917598
 20
87.75
 10
108.28639199917598
 20
102.75
  0
LWPOLYLINE
  5
4C2
330
17
100
AcDbEntity
  8
HIDDEN
100
AcDbPolyline
 90
2
 70
0
 10
129.11468374402097
 20
87.75
 10
129.11468374402097
 20
102.75
  0
LWPOLYLINE
  5
4C3
330
17
100
AcDbEntity
  8
HIDDEN
100
AcDbPolyline
 90
2
 70
0
 10
127.87547048469897
 20
87.75
 10
127.87547048469897
 20
102.75
  0
LWPOLYLINE
  5
4C4
330
17
100
AcDbEntity
  8
HIDDEN
100
AcDbPolyline
 90
2
 70
0
 10
108.08217170363497
 20
87.75
 10
108.08217170363497
 20
102.75
  0
LWPOLYLINE
  5
4C5
330
17
100
AcDbEntity
  8
HIDDEN
100
AcDbPolyline
 90
2
 70
0
 10
109.46433449727597
 20
87.75
 10
109.46433449727597
 20
102.75
  0
LWPOLYLINE
  5
4C6
330
17
100
AcDbEntity
  8
HIDDEN
100
AcDbPolyline
 90
2
 70
0
 10
124.72076359303198
 20
87.75
 10
124.72076359303198
 20
102.75
  0
LWPOLYLINE
  5
4C7
330
17
100
AcDbEntity
  8
HIDDEN
100
AcDbPolyline
 90
2
 70
0
 10
122.71360800082397
 20
87.75
 10
122.71360800082397
 20
102.75
  0
LWPOLYLINE
  5
4C8
330
17
100
AcDbEntity
  8
HIDDEN
100
AcDbPolyline
 90
2
 70
0
 10
111.62029931689398
 20
87.75
 10
111.62029931689398
 20
102.75
  0
LWPOLYLINE
  5
4C9
330
17
100
AcDbEntity
  8
HIDDEN
100
AcDbPolyline
 90
2
 70
0
 10
113.77424258313597
 20
87.75
 10
113.77424258313597
 20
102.75
  0
LWPOLYLINE
  5
4CA
330
17
100
AcDbEntity
  8
HIDDEN
100
AcDbPolyline
 90
2
 70
0
 10
122.91782829636497
 20
87.75
 10
122.91782829636497
 20
102.75
  0
LWPOLYLINE
  5
4CB
330
17
100
AcDbEntity
  8
HIDDEN
100
AcDbPolyline
 90
2
 70
0
 10
121.53566550272397
 20
87.75
 10
121.53566550272397
 20
102.75
  0
LWPOLYLINE
  5
4CC
330
17
100
AcDbEntity
  8
HIDDEN
100
AcDbPolyline
 90
2
 70
0
 10
114.78453989114698
 20
87.75
 10
114.78453989114698
 20
102.75
  0
LWPOLYLINE
  5
4CD
330
17
100
AcDbEntity
  8
HIDDEN
100
AcDbPolyline
 90
2
 70
0
 10
116.21546010885297
 20
87.75
 10
116.21546010885297
 20
102.75
  0
LWPOLYLINE
  5
4CE
330
17
100
AcDbEntity
  8
HIDDEN
100
AcDbPolyline
 90
2
 70
0
 10
119.37970068310597
 20
87.75
 10
119.37970068310597
 20
102.75
  0
LWPOLYLINE
  5
4CF
330
17
100
AcDbEntity
  8
HIDDEN
100
AcDbPolyline
 90
2
 70
0
 10
117.22575741686397
 20
87.75
 10
117.22575741686397
 20
102.75
  0
LWPOLYLINE
  5
4D0
330
17
100
AcDbEntity
  8
HIDDEN
100
AcDbPolyline
 90
2
 70
0
 10
107.7835383546865
 20
102.75
 10
107.7835383546865
 20
87.75
  0
LWPOLYLINE
  5
4D1
330
17
100
AcDbEntity
  8
HIDDEN
100
AcDbPolyline
 90
2
 70
0
 10
123.21646164531344
 20
102.75
 10
123.21646164531344
 20
87.75
  0
LWPOLYLINE
  5
4D2
330
17
100
AcDbEntity
  8
HIDDEN
100
AcDbPolyline
 90
2
 70
0
 10
113.68779931340315
 20
102.75
 10
113.68779931340315
 20
87.75
  0
LWPOLYLINE
  5
4D3
330
17
100
AcDbEntity
  8
HIDDEN
100
AcDbPolyline
 90
2
 70
0
 10
117.3122006865968
 20
102.75
 10
117.3122006865968
 20
87.75
  0
LWPOLYLINE
  5
4D4
330
17
100
AcDbEntity
  8
HIDDEN
100
AcDbPolyline
 90
2
 70
0
 10
109.49999999999997
 20
102.75
 10
109.49999999999997
 20
87.75
  0
LWPOLYLINE
  5
4D5
330
17
100
AcDbEntity
  8
HIDDEN
100
AcDbPolyline
 90
2
 70
0
 10
121.49999999999997
 20
102.75
 10
121.49999999999997
 20
87.75
  0
TEXT
  5
4D6
330
17
100
AcDbEntity
  8
TEXT
100
AcDbText
 10
97.5
 20
80.75
 30
0.0
 40
3.0
  1
RIGHT  1:1
100
AcDbText
  0
LWPOLYLINE
  5
4D7
330
17
100
AcDbEntity
  8
VISIBLE
100
AcDbPolyline
 90
2
 70
0
 10
312.49999999999994
 20
102.75
 10
332.49999999999994
 20
102.75
  0
LWPOLYLINE
  5
4D8
330
17
100
AcDbEntity
  8
VISIBLE
100
AcDbPolyline
 90
15
 70
0
 10
312.49999999999994
 20
102.75
 10
312.3495674730909
 20
102.75
 10
311.90581320741444
 20
102.75
 10
311.19098889480813
 20
102.75
 10
310.2409388111523
 20
102.75
 10
309.1033024347053
 20
102.75
 10
307.8351256037378
 20
102.75
 10
306.49999999999994
 20
102.75
 10
305.16487439626206
 20
102.75
 10
303.8966975652946
 20
102.75
 10
302.75906118884757
 20
102.75
 10
301.80901110519176
 20
102.75
 10
301.09418679258545
 20
102.75
 10
300.650432526909
 20
102.75
 10
300.49999999999994
 20
102.75
  0
LWPOLYLINE
  5
4D9
330
17
100
AcDbEntity
  8
VISIBLE
100
AcDbPolyline
 90
2
 70
0
 10
280.5
 20
102.75
 10
300.49999999999994
 20
102.75
  0
LWPOLYLINE
  5
4DA
330
17
100
AcDbEntity
  8
VISIBLE
100
AcDbPolyline
 90
2
 70
0
 10
280.5
 20
102.75
 10
280.5
 20
87.75
  0
LWPOLYLINE
  5
4DB
330
17
100
AcDbEntity
  8
VISIBLE
100
AcDbPolyline
 90
2
 70
0
 10
332.49999999999994
 20
102.75
 10
332.49999999999994
 20
87.75
  0
LWPOLYLINE
  5
4DC
330
17
100
AcDbEntity
  8
VISIBLE
100
AcDbPolyline
 90
2
 70
0
 10
312.49999999999994
 20
102.75
 10
312.49999999999994
 20
87.75
  0
LWPOLYLINE
  5
4DD
330
17
100
AcDbEntity
  8
VISIBLE
100
AcDbPolyline
 90
2
 70
0
 10
312.49999999999994
 20
87.75
 10
332.49999999999994
 20
87.75
  0
LWPOLYLINE
  5
4DE
330
17
100
AcDbEntity
  8
VISIBLE
100
AcDbPolyline
 90
2
 70
0
 10
300.49999999999994
 20
102.75
 10
300.49999999999994
 20
87.75
  0
LWPOLYLINE
  5
4DF
330
17
100
AcDbEntity
  8
VISIBLE
100
AcDbPolyline
 90
15
 70
0
 10
312.49999999999994
 20
87.75
 10
312.3495674730909
 20
87.75
 10
311.90581320741444
 20
87.75
 10
311.19098889480813
 20
87.75
 10
310.2409388111523
 20
87.75
 10
309.1033024347053
 20
87.75
 10
307.8351256037378
 20
87.75
 10
306.49999999999994
 20
87.75
 10
305.16487439626206
 20
87.75
 10
303.8966975652946
 20
87.75
 10
302.75906118884757
 20
87.75
 10
301.80901110519176
 20
87.75
 10
301.09418679258545
 20
87.75
 10
300.650432526909
 20
87.75
 10
300.49999999999994
 20
87.75
  0
LWPOLYLINE
  5
4E0
330
17
100
AcDbEntity
  8
VISIBLE
100
AcDbPolyline
 90
2
 70
0
 10
280.5
 20
87.75
 10
300.49999999999994
 20
87.75
  0
LWPOLYLINE
  5
4E1
330
17
100
AcDbEntity
  8
HIDDEN
100
AcDbPolyline
 90
15
 70
0
 10
280.50984577128025
 20
102.75
 10
280.5084895398684
 20
102.75
 10
280.5072337490129
 20
102.75
 10
280.5060784035667
 20
102.75
 10
280.5050235079943
 20
102.75
 10
280.5040690663723
 20
102.75
 10
280.50321508238903
 20
102.75
 10
280.50246155934457
 20
102.75
 10
280.5018085001508
 20
102.75
 10
280.5012559073313
 20
102.75
 10
280.50080378302164
 20
102.75
 10
280.50045212896885
 20
102.75
 10
280.50020094653195
 20
102.75
 10
280.50005023668155
 20
102.75
 10
280.5
 20
102.75
  0
LWPOLYLINE
  5
4E2
330
17
100
AcDbEntity
  8
HIDDEN
100
AcDbPolyline
 90
3
 70
0
 10
284.02014684844994
 20
102.75
 10
282.2064736167404
 20
102.75
 10
280.50984577127997
 20
102.75
  0
LWPOLYLINE
  5
4E3
330
17
100
AcDbEntity
  8
HIDDEN
100
AcDbPolyline
 90
2
 70
0
 10
285.0693732863899
 20
102.75
 10
284.02014684844994
 20
102.75
  0
LWPOLYLINE
  5
4E4
330
17
100
AcDbEntity
  8
HIDDEN
100
AcDbPolyline
 90
15
 70
0
 10
285.35294529705135
 20
102.75
 10
285.32548237152116
 20
102.75
 10
285.2991234735591
 20
102.75
 10
285.27386997750347
 20
102.75
 10
285.2497232000575
 20
102.75
 10
285.2266844002206
 20
102.75
 10
285.20475477922315
 20
102.75
 10
285.1839354804633
 20
102.75
 10
285.1642275894477
 20
102.75
 10
285.1456321337349
 20
102.75
 10
285.1281500828815
 20
102.75
 10
285.111782348392
 20
102.75
 10
285.096529783671
 20
102.75
 10
285.0823931839786
 20
102.75
 10
285.0693732863893
 20
102.75
  0
LWPOLYLINE
  5
4E5
330
17
100
AcDbEntity
  8
HIDDEN
100
AcDbPolyline
 90
2
 70
0
 10
284.3176023191999
 20
102.75
 10
285.35294529705965
 20
102.75
  0
LWPOLYLINE
  5
4E6
330
17
100
AcDbEntity
  8
HIDDEN
100
AcDbPolyline
 90
3
 70
0
 10
281.21026409906995
 20
102.75
 10
282.65608078615674
 20
102.75
 10
284.3176023191999
 20
102.75
  0
LWPOLYLINE
  5
4E7
330
17
100
AcDbEntity
  8
HIDDEN
100
AcDbPolyline
 90
15
 70
0
 10
281.5806135034276
 20
102.75
 10
281.55164227085106
 20
102.75
 10
281.5230566756563
 20
102.75
 10
281.494857159703
 20
102.75
 10
281.46704415888314
 20
102.75
 10
281.439618103114
 20
102.75
 10
281.41257941633194
 20
102.75
 10
281.38592851648536
 20
102.75
 10
281.3596658155286
 20
102.75
 10
281.33379171941544
 20
102.75
 10
281.3083066280927
 20
102.75
 10
281.28321093549425
 20
102.75
 10
281.25850502953506
 20
102.75
 10
281.23418929210465
 20
102.75
 10
281.2102640990619
 20
102.75
  0
LWPOLYLINE
  5
4E8
330
17
100
AcDbEntity
  8
HIDDEN
100
AcDbPolyline
 90
2
 70
0
 10
285.25465622026996
 20
102.75
 10
281.58061350342996
 20
102.75
  0
LWPOLYLINE
  5
4E9
330
17
100
AcDbEntity
  8
HIDDEN
100
AcDbPolyline
 90
2
 70
0
 10
286.2462630704799
 20
102.75
 10
285.2546562202697
 20
102.75
  0
LWPOLYLINE
  5
4EA
330
17
100
AcDbEntity
  8
HIDDEN
100
AcDbPolyline
 90
15
 70
0
 10
287.07765413855634
 20
102.75
 10
287.01157994289713
 20
102.75
 10
286.9465218626168
 20
102.75
 10
286.88248328980745
 20
102.75
 10
286.8194675634046
 20
102.75
 10
286.7574779690132
 20
102.75
 10
286.6965177387362
 20
102.75
 10
286.63659005100607
 20
102.75
 10
286.5776980304191
 20
102.75
 10
286.51984474757256
 20
102.75
 10
286.46303321890434
 20
102.75
 10
286.407266406536
 20
102.75
 10
286.352547218118
 20
102.75
 10
286.29887850667853
 20
102.75
 10
286.24626307047424
 20
102.75
  0
LWPOLYLINE
  5
4EB
330
17
100
AcDbEntity
  8
HIDDEN
100
AcDbPolyline
 90
2
 70
0
 10
286.12675153375994
 20
102.75
 10
287.07765413856146
 20
102.75
  0
LWPOLYLINE
  5
4EC
330
17
100
AcDbEntity
  8
HIDDEN
100
AcDbPolyline
 90
3
 70
0
 10
283.63413613522994
 20
102.75
 10
284.7306116460567
 20
102.75
 10
286.12675153375994
 20
102.75
  0
LWPOLYLINE
  5
4ED
330
17
100
AcDbEntity
  8
HIDDEN
100
AcDbPolyline
 90
15
 70
0
 10
284.3495962440751
 20
102.75
 10
284.29624014281245
 20
102.75
 10
284.24322725451435
 20
102.75
 10
284.1905583986236
 20
102.75
 10
284.1382343892651
 20
102.75
 10
284.0862560352333
 20
102.75
 10
284.0346241399798
 20
102.75
 10
283.9833395016007
 20
102.75
 10
283.93240291282456
 20
102.75
 10
283.88181516099985
 20
102.75
 10
283.83157702808296
 20
102.75
 10
283.78168929062616
 20
102.75
 10
283.7321527197654
 20
102.75
 10
283.6829680812085
 20
102.75
 10
283.6341361352234
 20
102.75
  0
LWPOLYLINE
  5
4EE
330
17
100
AcDbEntity
  8
HIDDEN
100
AcDbPolyline
 90
2
 70
0
 10
287.93700066107994
 20
102.75
 10
284.3495962440799
 20
102.75
  0
LWPOLYLINE
  5
4EF
330
17
100
AcDbEntity
  8
HIDDEN
100
AcDbPolyline
 90
2
 70
0
 10
288.80341155542993
 20
102.75
 10
287.93700066107914
 20
102.75
  0
LWPOLYLINE
  5
4F0
330
17
100
AcDbEntity
  8
HIDDEN
100
AcDbPolyline
 90
15
 70
0
 10
290.12596375357964
 20
102.75
 10
290.0257811350322
 20
102.75
 10
289.9264574730905
 20
102.75
 10
289.82799794643506
 20
102.75
 10
289.7304076886907
 20
102.75
 10
289.6336917881593
 20
102.75
 10
289.537855287554
 20
102.75
 10
289.4429031837367
 20
102.75
 10
289.34884042745716
 20
102.75
 10
289.2556719230953
 20
102.75
 10
289.16340252840496
 20
102.75
 10
289.0720370542611
 20
102.75
 10
288.9815802644087
 20
102.75
 10
288.8920368752145
 20
102.75
 10
288.80341155542095
 20
102.75
  0
LWPOLYLINE
  5
4F1
330
17
100
AcDbEntity
  8
HIDDEN
100
AcDbPolyline
 90
2
 70
0
 10
289.32430396289993
 20
102.75
 10
290.1259637535841
 20
102.75
  0
LWPOLYLINE
  5
4F2
330
17
100
AcDbEntity
  8
HIDDEN
100
AcDbPolyline
 90
4
 70
0
 10
287.61627900614997
 20
102.75
 10
288.2886903466613
 20
102.75
 10
288.74625998082473
 20
102.75
 10
289.32430396289993
 20
102.75
  0
LWPOLYLINE
  5
4F3
330
17
100
AcDbEntity
  8
HIDDEN
100
AcDbPolyline
 90
15
 70
0
 10
288.62809239543236
 20
102.75
 10
288.5539875556087
 20
102.75
 10
288.48016011493604
 20
102.75
 10
288.4066112145965
 20
102.75
 10
288.33334199146685
 20
102.75
 10
288.26035357810053
 20
102.75
 10
288.1876471027105
 20
102.75
 10
288.1152236891518
 20
102.75
 10
288.0430844569038
 20
102.75
 10
287.9712305210534
 20
102.75
 10
287.8996629922775
 20
102.75
 10
287.82838297682576
 20
102.75
 10
287.7573915765038
 20
102.75
 10
287.6866898886558
 20
102.75
 10
287.6162790061479
 20
102.75
  0
LWPOLYLINE
  5
4F4
330
17
100
AcDbEntity
  8
HIDDEN
100
AcDbPolyline
 90
3
 70
0
 10
291.88438283002995
 20
102.75
 10
290.35507516427356
 20
102.75
 10
288.6280923954299
 20
102.75
  0
LWPOLYLINE
  5
4F5
330
17
100
AcDbEntity
  8
HIDDEN
100
AcDbPolyline
 90
2
 70
0
 10
292.5665532978799
 20
102.75
 10
291.88438283003484
 20
102.75
  0
LWPOLYLINE
  5
4F6
330
17
100
AcDbEntity
  8
HIDDEN
100
AcDbPolyline
 90
15
 70
0
 10
294.29013687941296
 20
102.75
 10
294.16267311787306
 20
102.75
 10
294.03585261769257
 20
102.75
 10
293.9096819912218
 20
102.75
 10
293.78416781692704
 20
102.75
 10
293.6593166390475
 20
102.75
 10
293.5351349672541
 20
102.75
 10
293.4116292763102
 20
102.75
 10
293.2888060057337
 20
102.75
 10
293.1666715594617
 20
102.75
 10
293.04523230551615
 20
102.75
 10
292.92449457567227
 20
102.75
 10
292.80446466512814
 20
102.75
 10
292.6851488321765
 20
102.75
 10
292.5665532978784
 20
102.75
  0
LWPOLYLINE
  5
4F7
330
17
100
AcDbEntity
  8
HIDDEN
100
AcDbPolyline
 90
2
 70
0
 10
293.69235169278994
 20
102.75
 10
294.29013687942876
 20
102.75
  0
LWPOLYLINE
  5
4F8
330
17
100
AcDbEntity
  8
HIDDEN
100
AcDbPolyline
 90
4
 70
0
 10
292.88531625597994
 20
102.75
 10
293.0878397045256
 20
102.75
 10
293.3211060773105
 20
102.75
 10
293.69235169278994
 20
102.75
  0
LWPOLYLINE
  5
4F9
330
17
100
AcDbEntity
  8
HIDDEN
100
AcDbPolyline
 90
15
 70
0
 10
294.12452951529536
 20
102.75
 10
294.0347260592823
 20
102.75
 10
293.9451152843129
 20
102.75
 10
293.8556985755391
 20
102.75
 10
293.76647731511304
 20
102.75
 10
293.6774528821656
 20
102.75
 10
293.5886266527854
 20
102.75
 10
293.49999999999727
 20
102.75
 10
293.41157429374107
 20
102.75
 10
293.3233509008505
 20
102.75
 10
293.23533118503224
 20
102.75
 10
293.1475165068444
 20
102.75
 10
293.05990822367585
 20
102.75
 10
292.97250768972503
 20
102.75
 10
292.8853162559793
 20
102.75
  0
LWPOLYLINE
  5
4FA
330
17
100
AcDbEntity
  8
HIDDEN
100
AcDbPolyline
 90
4
 70
0
 10
296.82779515566494
 20
102.75
 10
296.2791297935918
 20
102.75
 10
295.6186339122214
 20
102.75
 10
294.1245295153099
 20
102.75
  0
LWPOLYLINE
  5
4FB
330
17
100
AcDbEntity
  8
HIDDEN
100
AcDbPolyline
 90
2
 70
0
 10
297.2792364069679
 20
102.75
 10
296.8277951556681
 20
102.75
  0
LWPOLYLINE
  5
4FC
330
17
100
AcDbEntity
  8
HIDDEN
100
AcDbPolyline
 90
15
 70
0
 10
299.286391999179
 20
102.75
 10
299.1403335393497
 20
102.75
 10
298.99465880843496
 20
102.75
 10
298.84937540183415
 20
102.75
 10
298.70449089454326
 20
102.75
 10
298.56001284075984
 20
102.75
 10
298.41594877348933
 20
102.75
 10
298.27230620415196
 20
102.75
 10
298.1290926221914
 20
102.75
 10
297.98631549468416
 20
102.75
 10
297.84398226595016
 20
102.75
 10
297.70210035716485
 20
102.75
 10
297.560677165972
 20
102.75
 10
297.419720066098
 20
102.75
 10
297.27923640696775
 20
102.75
  0
LWPOLYLINE
  5
4FD
330
17
100
AcDbEntity
  8
HIDDEN
100
AcDbPolyline
 90
2
 70
0
 10
298.93321948917196
 20
102.75
 10
299.2863919991752
 20
102.75
  0
LWPOLYLINE
  5
4FE
330
17
100
AcDbEntity
  8
HIDDEN
100
AcDbPolyline
 90
3
 70
0
 10
299.08217170363497
 20
102.75
 10
298.8653561148251
 20
102.75
 10
298.78353835468647
 20
102.75
  0
LWPOLYLINE
  5
4FF
330
17
100
AcDbEntity
  8
HIDDEN
100
AcDbPolyline
 90
2
 70
0
 10
298.78353835468647
 20
102.75
 10
298.93321948917196
 20
102.75
  0
LWPOLYLINE
  5
500
330
17
100
AcDbEntity
  8
HIDDEN
100
AcDbPolyline
 90
15
 70
0
 10
300.46433449727544
 20
102.75
 10
300.3649523821916
 20
102.75
 10
300.26566509914943
 20
102.75
 10
300.1664741828747
 20
102.75
 10
300.0673811666037
 20
102.75
 10
299.96838758205934
 20
102.75
 10
299.86949495942747
 20
102.75
 10
299.7707048273336
 20
102.75
 10
299.67201871281867
 20
102.75
 10
299.5734381413161
 20
102.75
 10
299.4749646366276
 20
102.75
 10
299.3765997209001
 20
102.75
 10
299.27834491460203
 20
102.75
 10
299.1802017364996
 20
102.75
 10
299.08217170363383
 20
102.75
  0
LWPOLYLINE
  5
501
330
17
100
AcDbEntity
  8
HIDDEN
100
AcDbPolyline
 90
4
 70
0
 10
302.4303522573699
 20
102.75
 10
302.0933187694887
 20
102.75
 10
301.62373977673764
 20
102.75
 10
300.46433449727596
 20
102.75
  0
LWPOLYLINE
  5
502
330
17
100
AcDbEntity
  8
HIDDEN
100
AcDbPolyline
 90
2
 70
0
 10
302.6202993168939
 20
102.75
 10
302.43035225736844
 20
102.75
  0
LWPOLYLINE
  5
503
330
17
100
AcDbEntity
  8
HIDDEN
100
AcDbPolyline
 90
15
 70
0
 10
304.77424258313647
 20
102.75
 10
304.6195430676835
 20
102.75
 10
304.4649415982086
 20
102.75
 10
304.31044623554664
 20
102.75
 10
304.15606503499964
 20
102.75
 10
304.00180604591765
 20
102.75
 10
303.84767731127846
 20
102.75
 10
303.69368686726864
 20
102.75
 10
303.5398427428641
 20
102.75
 10
303.386152959412
 20
102.75
 10
303.2326255302122
 20
102.75
 10
303.0792684600993
 20
102.75
 10
302.9260897450257
 20
102.75
 10
302.7730973716443
 20
102.75
 10
302.62029931689244
 20
102.75
  0
LWPOLYLINE
  5
504
330
17
100
AcDbEntity
  8
HIDDEN
100
AcDbPolyline
 90
2
 70
0
 10
304.68975087267694
 20
102.75
 10
304.7742425831361
 20
102.75
  0
LWPOLYLINE
  5
505
330
17
100
AcDbEntity
  8
HIDDEN
100
AcDbPolyline
 90
4
 70
0
 10
305.78453989114695
 20
102.75
 10
305.05056550355243
 20
102.75
 10
304.8036199451013
 20
102.75
 10
304.6877993134031
 20
102.75
  0
LWPOLYLINE
  5
506
330
17
100
AcDbEntity
  8
HIDDEN
100
AcDbPolyline
 90
2
 70
0
 10
304.6877993134031
 20
102.75
 10
304.68975087267694
 20
102.75
  0
LWPOLYLINE
  5
507
330
17
100
AcDbEntity
  8
HIDDEN
100
AcDbPolyline
 90
15
 70
0
 10
307.21546010885345
 20
102.75
 10
307.11327206160547
 20
102.75
 10
307.0110745347503
 20
102.75
 10
306.90886910799856
 20
102.75
 10
306.806657361183
 20
102.75
 10
306.70444087423414
 20
102.75
 10
306.60222122715567
 20
102.75
 10
306.5000000000002
 20
102.75
 10
306.39777877284473
 20
102.75
 10
306.29555912576626
 20
102.75
 10
306.1933426388174
 20
102.75
 10
306.09113089200184
 20
102.75
 10
305.98892546525013
 20
102.75
 10
305.8867279383949
 20
102.75
 10
305.78453989114695
 20
102.75
  0
LWPOLYLINE
  5
508
330
17
100
AcDbEntity
  8
HIDDEN
100
AcDbPolyline
 90
2
 70
0
 10
308.31024912732295
 20
102.75
 10
308.3122006865968
 20
102.75
  0
LWPOLYLINE
  5
509
330
17
100
AcDbEntity
  8
HIDDEN
100
AcDbPolyline
 90
4
 70
0
 10
308.3122006865968
 20
102.75
 10
308.19638005489855
 20
102.75
 10
307.9494344964474
 20
102.75
 10
307.21546010885294
 20
102.75
  0
LWPOLYLINE
  5
50A
330
17
100
AcDbEntity
  8
HIDDEN
100
AcDbPolyline
 90
2
 70
0
 10
308.2257574168639
 20
102.75
 10
308.31024912732306
 20
102.75
  0
LWPOLYLINE
  5
50B
330
17
100
AcDbEntity
  8
HIDDEN
100
AcDbPolyline
 90
15
 70
0
 10
310.3797006831047
 20
102.75
 10
310.22690262835306
 20
102.75
 10
310.0739102549719
 20
102.75
 10
309.92073153989855
 20
102.75
 10
309.7673744697859
 20
102.75
 10
309.6138470405863
 20
102.75
 10
309.4601572571345
 20
102.75
 10
309.3063131327302
 20
102.75
 10
309.1523226887206
 20
102.75
 10
308.99819395408167
 20
102.75
 10
308.8439349649999
 20
102.75
 10
308.6895537644532
 20
102.75
 10
308.5350584017914
 20
102.75
 10
308.3804569323168
 20
102.75
 10
308.22575741686404
 20
102.75
  0
LWPOLYLINE
  5
50C
330
17
100
AcDbEntity
  8
HIDDEN
100
AcDbPolyline
 90
2
 70
0
 10
310.56964774262997
 20
102.75
 10
310.37970068310443
 20
102.75
  0
LWPOLYLINE
  5
50D
330
17
100
AcDbEntity
  8
HIDDEN
100
AcDbPolyline
 90
4
 70
0
 10
312.53566550272393
 20
102.75
 10
311.37626022326225
 20
102.75
 10
310.90668123051125
 20
102.75
 10
310.56964774262997
 20
102.75
  0
LWPOLYLINE
  5
50E
330
17
100
AcDbEntity
  8
HIDDEN
100
AcDbPolyline
 90
15
 70
0
 10
313.9178282963712
 20
102.75
 10
313.81979826350516
 20
102.75
 10
313.7216550854025
 20
102.75
 10
313.62340027910415
 20
102.75
 10
313.5250353633764
 20
102.75
 10
313.42656185868765
 20
102.75
 10
313.3279812871848
 20
102.75
 10
313.22929517266965
 20
102.75
 10
313.1305050405755
 20
102.75
 10
313.0316124179434
 20
102.75
 10
312.9326188333987
 20
102.75
 10
312.83352581712745
 20
102.75
 10
312.7343349008525
 20
102.75
 10
312.6350476178101
 20
102.75
 10
312.5356655027259
 20
102.75
  0
LWPOLYLINE
  5
50F
330
17
100
AcDbEntity
  8
HIDDEN
100
AcDbPolyline
 90
2
 70
0
 10
314.0667805108279
 20
102.75
 10
314.2164616453134
 20
102.75
  0
LWPOLYLINE
  5
510
330
17
100
AcDbEntity
  8
HIDDEN
100
AcDbPolyline
 90
3
 70
0
 10
314.2164616453134
 20
102.75
 10
314.1346438851748
 20
102.75
 10
313.9178282963649
 20
102.75
  0
LWPOLYLINE
  5
511
330
17
100
AcDbEntity
  8
HIDDEN
100
AcDbPolyline
 90
2
 70
0
 10
313.71360800082397
 20
102.75
 10
314.0667805108272
 20
102.75
  0
LWPOLYLINE
  5
512
330
17
100
AcDbEntity
  8
HIDDEN
100
AcDbPolyline
 90
15
 70
0
 10
315.7207635930263
 20
102.75
 10
315.58027993389675
 20
102.75
 10
315.4393228340235
 20
102.75
 10
315.2978996428314
 20
102.75
 10
315.1560177340469
 20
102.75
 10
315.0136845053137
 20
102.75
 10
314.87090737780716
 20
102.75
 10
314.7276937958474
 20
102.75
 10
314.58405122651084
 20
102.75
 10
314.43998715924107
 20
102.75
 10
314.29550910545845
 20
102.75
 10
314.15062459816835
 20
102.75
 10
314.00534119156833
 20
102.75
 10
313.8596664606544
 20
102.75
 10
313.71360800082596
 20
102.75
  0
LWPOLYLINE
  5
513
330
17
100
AcDbEntity
  8
HIDDEN
100
AcDbPolyline
 90
2
 70
0
 10
316.17220484433494
 20
102.75
 10
315.72076359303514
 20
102.75
  0
LWPOLYLINE
  5
514
330
17
100
AcDbEntity
  8
HIDDEN
100
AcDbPolyline
 90
4
 70
0
 10
318.87547048469895
 20
102.75
 10
317.3813660877845
 20
102.75
 10
316.7208702064126
 20
102.75
 10
316.17220484433494
 20
102.75
  0
LWPOLYLINE
  5
515
330
17
100
AcDbEntity
  8
HIDDEN
100
AcDbPolyline
 90
15
 70
0
 10
320.1146837440139
 20
102.75
 10
320.02749231026837
 20
102.75
 10
319.9400917763178
 20
102.75
 10
319.8524834931494
 20
102.75
 10
319.76466881496174
 20
102.75
 10
319.6766490991436
 20
102.75
 10
319.5884257062533
 20
102.75
 10
319.49999999999727
 20
102.75
 10
319.4113733472093
 20
102.75
 10
319.3225471178293
 20
102.75
 10
319.2335226848821
 20
102.75
 10
319.14430142445616
 20
102.75
 10
319.0548847156826
 20
102.75
 10
318.9652739407134
 20
102.75
 10
318.87547048470054
 20
102.75
  0
LWPOLYLINE
  5
516
330
17
100
AcDbEntity
  8
HIDDEN
100
AcDbPolyline
 90
4
 70
0
 10
319.30764830721597
 20
102.75
 10
319.67889392269547
 20
102.75
 10
319.91216029547684
 20
102.75
 10
320.11468374402097
 20
102.75
  0
LWPOLYLINE
  5
517
330
17
100
AcDbEntity
  8
HIDDEN
100
AcDbPolyline
 90
2
 70
0
 10
318.7098631205789
 20
102.75
 10
319.3076483072168
 20
102.75
  0
LWPOLYLINE
  5
518
330
17
100
AcDbEntity
  8
HIDDEN
100
AcDbPolyline
 90
15
 70
0
 10
320.43344670212383
 20
102.75
 10
320.3148511678253
 20
102.75
 10
320.1955353348731
 20
102.75
 10
320.0755054243285
 20
102.75
 10
319.95476769448413
 20
102.75
 10
319.83332844053814
 20
102.75
 10
319.7111939942656
 20
102.75
 10
319.5883707236886
 20
102.75
 10
319.4648650327442
 20
102.75
 10
319.3406833609503
 20
102.75
 10
319.21583218307023
 20
102.75
 10
319.09031800877494
 20
102.75
 10
318.9641473823037
 20
102.75
 10
318.8373268821226
 20
102.75
 10
318.7098631205822
 20
102.75
  0
LWPOLYLINE
  5
519
330
17
100
AcDbEntity
  8
HIDDEN
100
AcDbPolyline
 90
2
 70
0
 10
321.1156171699719
 20
102.75
 10
320.43344670212764
 20
102.75
  0
LWPOLYLINE
  5
51A
330
17
100
AcDbEntity
  8
HIDDEN
100
AcDbPolyline
 90
3
 70
0
 10
324.3719076045729
 20
102.75
 10
322.64492483573247
 20
102.75
 10
321.1156171699719
 20
102.75
  0
LWPOLYLINE
  5
51B
330
17
100
AcDbEntity
  8
HIDDEN
100
AcDbPolyline
 90
15
 70
0
 10
325.38372099385595
 20
102.75
 10
325.3133101113482
 20
102.75
 10
325.24260842350037
 20
102.75
 10
325.1716170231785
 20
102.75
 10
325.1003370077269
 20
102.75
 10
325.0287694789511
 20
102.75
 10
324.9569155431009
 20
102.75
 10
324.884776310853
 20
102.75
 10
324.81235289729443
 20
102.75
 10
324.7396464219045
 20
102.75
 10
324.6666580085383
 20
102.75
 10
324.59338878540876
 20
102.75
 10
324.5198398850694
 20
102.75
 10
324.4460124443969
 20
102.75
 10
324.3719076045734
 20
102.75
  0
LWPOLYLINE
  5
51C
330
17
100
AcDbEntity
  8
HIDDEN
100
AcDbPolyline
 90
4
 70
0
 10
323.67569603710695
 20
102.75
 10
324.2537400191817
 20
102.75
 10
324.7113096533443
 20
102.75
 10
325.3837209938499
 20
102.75
  0
LWPOLYLINE
  5
51D
330
17
100
AcDbEntity
  8
HIDDEN
100
AcDbPolyline
 90
2
 70
0
 10
322.87403624641996
 20
102.75
 10
323.67569603710814
 20
102.75
  0
LWPOLYLINE
  5
51E
330
17
100
AcDbEntity
  8
HIDDEN
100
AcDbPolyline
 90
15
 70
0
 10
324.1965884445708
 20
102.75
 10
324.1079631247778
 20
102.75
 10
324.0184197355842
 20
102.75
 10
323.9279629457324
 20
102.75
 10
323.8365974715892
 20
102.75
 10
323.74432807689954
 20
102.75
 10
323.65115957253823
 20
102.75
 10
323.5570968162594
 20
102.75
 10
323.46214471244275
 20
102.75
 10
323.36630821183815
 20
102.75
 10
323.2695923113074
 20
102.75
 10
323.1720020535638
 20
102.75
 10
323.0735425269091
 20
102.75
 10
322.9742188649681
 20
102.75
 10
322.8740362464215
 20
102.75
  0
LWPOLYLINE
  5
51F
330
17
100
AcDbEntity
  8
HIDDEN
100
AcDbPolyline
 90
2
 70
0
 10
325.06299933892495
 20
102.75
 10
324.19658844457484
 20
102.75
  0
LWPOLYLINE
  5
520
330
17
100
AcDbEntity
  8
HIDDEN
100
AcDbPolyline
 90
2
 70
0
 10
328.65040375591997
 20
102.75
 10
325.06299933892495
 20
102.75
  0
LWPOLYLINE
  5
521
330
17
100
AcDbEntity
  8
HIDDEN
100
AcDbPolyline
 90
15
 70
0
 10
329.36586386477086
 20
102.75
 10
329.31703191878586
 20
102.75
 10
329.2678472802291
 20
102.75
 10
329.21831070936844
 20
102.75
 10
329.1684229719117
 20
102.75
 10
329.118184838995
 20
102.75
 10
329.0675970871704
 20
102.75
 10
329.01666049839434
 20
102.75
 10
328.9653758600154
 20
102.75
 10
328.91374396476203
 20
102.75
 10
328.86176561073034
 20
102.75
 10
328.809441601372
 20
102.75
 10
328.7567727454814
 20
102.75
 10
328.70375985718346
 20
102.75
 10
328.65040375592093
 20
102.75
  0
LWPOLYLINE
  5
522
330
17
100
AcDbEntity
  8
HIDDEN
100
AcDbPolyline
 90
3
 70
0
 10
326.87324846624796
 20
102.75
 10
328.26938835394924
 20
102.75
 10
329.36586386477296
 20
102.75
  0
LWPOLYLINE
  5
523
330
17
100
AcDbEntity
  8
HIDDEN
100
AcDbPolyline
 90
2
 70
0
 10
325.92234586144093
 20
102.75
 10
326.8732484662482
 20
102.75
  0
LWPOLYLINE
  5
524
330
17
100
AcDbEntity
  8
HIDDEN
100
AcDbPolyline
 90
15
 70
0
 10
326.7537369295274
 20
102.75
 10
326.7011214933229
 20
102.75
 10
326.6474527818831
 20
102.75
 10
326.5927335934649
 20
102.75
 10
326.5369667810962
 20
102.75
 10
326.4801552524277
 20
102.75
 10
326.4223019695809
 20
102.75
 10
326.36340994899365
 20
102.75
 10
326.3034822612632
 20
102.75
 10
326.24252203098587
 20
102.75
 10
326.18053243659415
 20
102.75
 10
326.11751671019096
 20
102.75
 10
326.0534781373812
 20
102.75
 10
325.98842005710054
 20
102.75
 10
325.92234586144093
 20
102.75
  0
LWPOLYLINE
  5
525
330
17
100
AcDbEntity
  8
HIDDEN
100
AcDbPolyline
 90
2
 70
0
 10
327.7453437797369
 20
102.75
 10
326.75373692952576
 20
102.75
  0
LWPOLYLINE
  5
526
330
17
100
AcDbEntity
  8
HIDDEN
100
AcDbPolyline
 90
2
 70
0
 10
331.41938649657396
 20
102.75
 10
327.7453437797369
 20
102.75
  0
LWPOLYLINE
  5
527
330
17
100
AcDbEntity
  8
HIDDEN
100
AcDbPolyline
 90
15
 70
0
 10
331.7897359009389
 20
102.75
 10
331.7658107078962
 20
102.75
 10
331.7414949704659
 20
102.75
 10
331.71678906450677
 20
102.75
 10
331.69169337190846
 20
102.75
 10
331.6662082805858
 20
102.75
 10
331.6403341844727
 20
102.75
 10
331.614071483516
 20
102.75
 10
331.58742058366954
 20
102.75
 10
331.5603818968876
 20
102.75
 10
331.5329558411186
 20
102.75
 10
331.50514284029884
 20
102.75
 10
331.47694332434565
 20
102.75
 10
331.448357729151
 20
102.75
 10
331.41938649657453
 20
102.75
  0
LWPOLYLINE
  5
528
330
17
100
AcDbEntity
  8
HIDDEN
100
AcDbPolyline
 90
3
 70
0
 10
328.68239768079997
 20
102.75
 10
330.3439192138477
 20
102.75
 10
331.7897359009389
 20
102.75
  0
LWPOLYLINE
  5
529
330
17
100
AcDbEntity
  8
HIDDEN
100
AcDbPolyline
 90
2
 70
0
 10
327.64705470294894
 20
102.75
 10
328.68239768079997
 20
102.75
  0
LWPOLYLINE
  5
52A
330
17
100
AcDbEntity
  8
HIDDEN
100
AcDbPolyline
 90
15
 70
0
 10
327.9306267136107
 20
102.75
 10
327.9176068160214
 20
102.75
 10
327.903470216329
 20
102.75
 10
327.88821765160793
 20
102.75
 10
327.8718499171184
 20
102.75
 10
327.8543678662651
 20
102.75
 10
327.83577241055224
 20
102.75
 10
327.8160645195366
 20
102.75
 10
327.79524522077674
 20
102.75
 10
327.77331559977927
 20
102.75
 10
327.7502767999424
 20
102.75
 10
327.72613002249636
 20
102.75
 10
327.7008765264407
 20
102.75
 10
327.6745176284786
 20
102.75
 10
327.64705470294837
 20
102.75
  0
LWPOLYLINE
  5
52B
330
17
100
AcDbEntity
  8
HIDDEN
100
AcDbPolyline
 90
2
 70
0
 10
328.97985315155097
 20
102.75
 10
327.93062671361093
 20
102.75
  0
LWPOLYLINE
  5
52C
330
17
100
AcDbEntity
  8
HIDDEN
100
AcDbPolyline
 90
3
 70
0
 10
332.4901542287199
 20
102.75
 10
330.7935263832613
 20
102.75
 10
328.97985315155097
 20
102.75
  0
LWPOLYLINE
  5
52D
330
17
100
AcDbEntity
  8
HIDDEN
100
AcDbPolyline
 90
15
 70
0
 10
332.49999999999994
 20
102.75
 10
332.49994976331845
 20
102.75
 10
332.499799053468
 20
102.75
 10
332.4995478710311
 20
102.75
 10
332.4991962169783
 20
102.75
 10
332.49874409266863
 20
102.75
 10
332.49819149984916
 20
102.75
 10
332.4975384406554
 20
102.75
 10
332.4967849176109
 20
102.75
 10
332.4959309336276
 20
102.75
 10
332.49497649200566
 20
102.75
 10
332.4939215964333
 20
102.75
 10
332.4927662509871
 20
102.75
 10
332.49151046013156
 20
102.75
 10
332.4901542287197
 20
102.75
  0
LWPOLYLINE
  5
52E
330
17
100
AcDbEntity
  8
HIDDEN
100
AcDbPolyline
 90
2
 70
0
 10
280.50984577127997
 20
87.75
 10
280.50984577127997
 20
102.75
  0
LWPOLYLINE
  5
52F
330
17
100
AcDbEntity
  8
HIDDEN
100
AcDbPolyline
 90
15
 70
0
 10
280.50984577128025
 20
87.75
 10
280.5084895398684
 20
87.75
 10
280.5072337490129
 20
87.75
 10
280.5060784035667
 20
87.75
 10
280.5050235079943
 20
87.75
 10
280.5040690663723
 20
87.75
 10
280.50321508238903
 20
87.75
 10
280.50246155934457
 20
87.75
 10
280.5018085001508
 20
87.75
 10
280.5012559073313
 20
87.75
 10
280.50080378302164
 20
87.75
 10
280.50045212896885
 20
87.75
 10
280.50020094653195
 20
87.75
 10
280.50005023668155
 20
87.75
 10
280.5
 20
87.75
  0
LWPOLYLINE
  5
530
330
17
100
AcDbEntity
  8
HIDDEN
100
AcDbPolyline
 90
3
 70
0
 10
284.02014684844994
 20
87.75
 10
282.2064736167404
 20
87.75
 10
280.50984577127997
 20
87.75
  0
LWPOLYLINE
  5
531
330
17
100
AcDbEntity
  8
HIDDEN
100
AcDbPolyline
 90
2
 70
0
 10
285.0693732863899
 20
87.75
 10
285.0693732863899
 20
102.75
  0
LWPOLYLINE
  5
532
330
17
100
AcDbEntity
  8
HIDDEN
100
AcDbPolyline
 90
2
 70
0
 10
285.0693732863899
 20
87.75
 10
284.02014684844994
 20
87.75
  0
LWPOLYLINE
  5
533
330
17
100
AcDbEntity
  8
HIDDEN
100
AcDbPolyline
 90
15
 70
0
 10
285.35294529705135
 20
87.75
 10
285.32548237152116
 20
87.75
 10
285.2991234735591
 20
87.75
 10
285.27386997750347
 20
87.75
 10
285.2497232000575
 20
87.75
 10
285.2266844002206
 20
87.75
 10
285.20475477922315
 20
87.75
 10
285.1839354804633
 20
87.75
 10
285.1642275894477
 20
87.75
 10
285.1456321337349
 20
87.75
 10
285.1281500828815
 20
87.75
 10
285.111782348392
 20
87.75
 10
285.096529783671
 20
87.75
 10
285.0823931839786
 20
87.75
 10
285.0693732863893
 20
87.75
  0
LWPOLYLINE
  5
534
330
17
100
AcDbEntity
  8
HIDDEN
100
AcDbPolyline
 90
2
 70
0
 10
285.35294529705993
 20
87.75
 10
285.35294529705993
 20
102.75
  0
LWPOLYLINE
  5
535
330
17
100
AcDbEntity
  8
HIDDEN
100
AcDbPolyline
 90
2
 70
0
 10
284.3176023191999
 20
87.75
 10
285.35294529705965
 20
87.75
  0
LWPOLYLINE
  5
536
330
17
100
AcDbEntity
  8
HIDDEN
100
AcDbPolyline
 90
2
 70
0
 10
281.21026409906995
 20
87.75
 10
281.21026409906995
 20
102.75
  0
LWPOLYLINE
  5
537
330
17
100
AcDbEntity
  8
HIDDEN
100
AcDbPolyline
 90
3
 70
0
 10
281.21026409906995
 20
87.75
 10
282.65608078615674
 20
87.75
 10
284.3176023191999
 20
87.75
  0
LWPOLYLINE
  5
538
330
17
100
AcDbEntity
  8
HIDDEN
100
AcDbPolyline
 90
15
 70
0
 10
281.5806135034276
 20
87.75
 10
281.55164227085106
 20
87.75
 10
281.5230566756563
 20
87.75
 10
281.494857159703
 20
87.75
 10
281.46704415888314
 20
87.75
 10
281.439618103114
 20
87.75
 10
281.41257941633194
 20
87.75
 10
281.38592851648536
 20
87.75
 10
281.3596658155286
 20
87.75
 10
281.33379171941544
 20
87.75
 10
281.3083066280927
 20
87.75
 10
281.28321093549425
 20
87.75
 10
281.25850502953506
 20
87.75
 10
281.23418929210465
 20
87.75
 10
281.2102640990619
 20
87.75
  0
LWPOLYLINE
  5
539
330
17
100
AcDbEntity
  8
HIDDEN
100
AcDbPolyline
 90
2
 70
0
 10
281.58061350342996
 20
87.75
 10
281.58061350342996
 20
102.75
  0
LWPOLYLINE
  5
53A
330
17
100
AcDbEntity
  8
HIDDEN
100
AcDbPolyline
 90
2
 70
0
 10
285.25465622026996
 20
87.75
 10
281.58061350342996
 20
87.75
  0
LWPOLYLINE
  5
53B
330
17
100
AcDbEntity
  8
HIDDEN
100
AcDbPolyline
 90
2
 70
0
 10
286.2462630704799
 20
87.75
 10
286.2462630704799
 20
102.75
  0
LWPOLYLINE
  5
53C
330
17
100
AcDbEntity
  8
HIDDEN
100
AcDbPolyline
 90
2
 70
0
 10
286.2462630704799
 20
87.75
 10
285.2546562202697
 20
87.75
  0
LWPOLYLINE
  5
53D
330
17
100
AcDbEntity
  8
HIDDEN
100
AcDbPolyline
 90
15
 70
0
 10
287.07765413855634
 20
87.75
 10
287.01157994289713
 20
87.75
 10
286.9465218626168
 20
87.75
 10
286.88248328980745
 20
87.75
 10
286.8194675634046
 20
87.75
 10
286.7574779690132
 20
87.75
 10
286.6965177387362
 20
87.75
 10
286.63659005100607
 20
87.75
 10
286.5776980304191
 20
87.75
 10
286.51984474757256
 20
87.75
 10
286.46303321890434
 20
87.75
 10
286.407266406536
 20
87.75
 10
286.352547218118
 20
87.75
 10
286.29887850667853
 20
87.75
 10
286.24626307047424
 20
87.75
  0
LWPOLYLINE
  5
53E
330
17
100
AcDbEntity
  8
HIDDEN
100
AcDbPolyline
 90
2
 70
0
 10
287.0776541385599
 20
87.75
 10
287.0776541385599
 20
102.75
  0
LWPOLYLINE
  5
53F
330
17
100
AcDbEntity
  8
HIDDEN
100
AcDbPolyline
 90
2
 70
0
 10
286.12675153375994
 20
87.75
 10
287.07765413856146
 20
87.75
  0
LWPOLYLINE
  5
540
330
17
100
AcDbEntity
  8
HIDDEN
100
AcDbPolyline
 90
2
 70
0
 10
283.63413613522994
 20
87.75
 10
283.63413613522994
 20
102.75
  0
LWPOLYLINE
  5
541
330
17
100
AcDbEntity
  8
HIDDEN
100
AcDbPolyline
 90
3
 70
0
 10
283.63413613522994
 20
87.75
 10
284.7306116460567
 20
87.75
 10
286.12675153375994
 20
87.75
  0
LWPOLYLINE
  5
542
330
17
100
AcDbEntity
  8
HIDDEN
100
AcDbPolyline
 90
15
 70
0
 10
284.3495962440751
 20
87.75
 10
284.29624014281245
 20
87.75
 10
284.24322725451435
 20
87.75
 10
284.1905583986236
 20
87.75
 10
284.1382343892651
 20
87.75
 10
284.0862560352333
 20
87.75
 10
284.0346241399798
 20
87.75
 10
283.9833395016007
 20
87.75
 10
283.93240291282456
 20
87.75
 10
283.88181516099985
 20
87.75
 10
283.83157702808296
 20
87.75
 10
283.78168929062616
 20
87.75
 10
283.7321527197654
 20
87.75
 10
283.6829680812085
 20
87.75
 10
283.6341361352234
 20
87.75
  0
LWPOLYLINE
  5
543
330
17
100
AcDbEntity
  8
HIDDEN
100
AcDbPolyline
 90
2
 70
0
 10
284.3495962440799
 20
87.75
 10
284.3495962440799
 20
102.75
  0
LWPOLYLINE
  5
544
330
17
100
AcDbEntity
  8
HIDDEN
100
AcDbPolyline
 90
2
 70
0
 10
287.93700066107994
 20
87.75
 10
284.3495962440799
 20
87.75
  0
LWPOLYLINE
  5
545
330
17
100
AcDbEntity
  8
HIDDEN
100
AcDbPolyline
 90
2
 70
0
 10
288.80341155542993
 20
87.75
 10
288.80341155542993
 20
102.75
  0
LWPOLYLINE
  5
546
330
17
100
AcDbEntity
  8
HIDDEN
100
AcDbPolyline
 90
2
 70
0
 10
288.80341155542993
 20
87.75
 10
287.93700066107914
 20
87.75
  0
LWPOLYLINE
  5
547
330
17
100
AcDbEntity
  8
HIDDEN
100
AcDbPolyline
 90
15
 70
0
 10
290.12596375357964
 20
87.75
 10
290.0257811350322
 20
87.75
 10
289.9264574730905
 20
87.75
 10
289.82799794643506
 20
87.75
 10
289.7304076886907
 20
87.75
 10
289.6336917881593
 20
87.75
 10
289.537855287554
 20
87.75
 10
289.4429031837367
 20
87.75
 10
289.34884042745716
 20
87.75
 10
289.2556719230953
 20
87.75
 10
289.16340252840496
 20
87.75
 10
289.0720370542611
 20
87.75
 10
288.9815802644087
 20
87.75
 10
288.8920368752145
 20
87.75
 10
288.80341155542095
 20
87.75
  0
LWPOLYLINE
  5
548
330
17
100
AcDbEntity
  8
HIDDEN
100
AcDbPolyline
 90
2
 70
0
 10
290.1259637535799
 20
87.75
 10
290.1259637535799
 20
102.75
  0
LWPOLYLINE
  5
549
330
17
100
AcDbEntity
  8
HIDDEN
100
AcDbPolyline
 90
2
 70
0
 10
289.32430396289993
 20
87.75
 10
290.1259637535841
 20
87.75
  0
LWPOLYLINE
  5
54A
330
17
100
AcDbEntity
  8
HIDDEN
100
AcDbPolyline
 90
2
 70
0
 10
287.61627900614997
 20
87.75
 10
287.61627900614997
 20
102.75
  0
LWPOLYLINE
  5
54B
330
17
100
AcDbEntity
  8
HIDDEN
100
AcDbPolyline
 90
4
 70
0
 10
287.61627900614997
 20
87.75
 10
288.2886903466613
 20
87.75
 10
288.74625998082473
 20
87.75
 10
289.32430396289993
 20
87.75
  0
LWPOLYLINE
  5
54C
330
17
100
AcDbEntity
  8
HIDDEN
100
AcDbPolyline
 90
15
 70
0
 10
288.62809239543236
 20
87.75
 10
288.5539875556087
 20
87.75
 10
288.48016011493604
 20
87.75
 10
288.4066112145965
 20
87.75
 10
288.33334199146685
 20
87.75
 10
288.26035357810053
 20
87.75
 10
288.1876471027105
 20
87.75
 10
288.1152236891518
 20
87.75
 10
288.0430844569038
 20
87.75
 10
287.9712305210534
 20
87.75
 10
287.8996629922775
 20
87.75
 10
287.82838297682576
 20
87.75
 10
287.7573915765038
 20
87.75
 10
287.6866898886558
 20
87.75
 10
287.6162790061479
 20
87.75
  0
LWPOLYLINE
  5
54D
330
17
100
AcDbEntity
  8
HIDDEN
100
AcDbPolyline
 90
2
 70
0
 10
288.6280923954299
 20
87.75
 10
288.6280923954299
 20
102.75
  0
LWPOLYLINE
  5
54E
330
17
100
AcDbEntity
  8
HIDDEN
100
AcDbPolyline
 90
3
 70
0
 10
291.88438283002995
 20
87.75
 10
290.35507516427356
 20
87.75
 10
288.6280923954299
 20
87.75
  0
LWPOLYLINE
  5
54F
330
17
100
AcDbEntity
  8
HIDDEN
100
AcDbPolyline
 90
2
 70
0
 10
292.5665532978799
 20
87.75
 10
292.5665532978799
 20
102.75
  0
LWPOLYLINE
  5
550
330
17
100
AcDbEntity
  8
HIDDEN
100
AcDbPolyline
 90
2
 70
0
 10
292.5665532978799
 20
87.75
 10
291.88438283003484
 20
87.75
  0
LWPOLYLINE
  5
551
330
17
100
AcDbEntity
  8
HIDDEN
100
AcDbPolyline
 90
15
 70
0
 10
294.29013687941296
 20
87.75
 10
294.16267311787306
 20
87.75
 10
294.03585261769257
 20
87.75
 10
293.9096819912218
 20
87.75
 10
293.78416781692704
 20
87.75
 10
293.6593166390475
 20
87.75
 10
293.5351349672541
 20
87.75
 10
293.4116292763102
 20
87.75
 10
293.2888060057337
 20
87.75
 10
293.1666715594617
 20
87.75
 10
293.04523230551615
 20
87.75
 10
292.92449457567227
 20
87.75
 10
292.80446466512814
 20
87.75
 10
292.6851488321765
 20
87.75
 10
292.5665532978784
 20
87.75
  0
LWPOLYLINE
  5
552
330
17
100
AcDbEntity
  8
HIDDEN
100
AcDbPolyline
 90
2
 70
0
 10
294.29013687942995
 20
87.75
 10
294.29013687942995
 20
102.75
  0
LWPOLYLINE
  5
553
330
17
100
AcDbEntity
  8
HIDDEN
100
AcDbPolyline
 90
2
 70
0
 10
293.69235169278994
 20
87.75
 10
294.29013687942876
 20
87.75
  0
LWPOLYLINE
  5
554
330
17
100
AcDbEntity
  8
HIDDEN
100
AcDbPolyline
 90
2
 70
0
 10
292.88531625597994
 20
87.75
 10
292.88531625597994
 20
102.75
  0
LWPOLYLINE
  5
555
330
17
100
AcDbEntity
  8
HIDDEN
100
AcDbPolyline
 90
4
 70
0
 10
292.88531625597994
 20
87.75
 10
293.0878397045256
 20
87.75
 10
293.3211060773105
 20
87.75
 10
293.69235169278994
 20
87.75
  0
LWPOLYLINE
  5
556
330
17
100
AcDbEntity
  8
HIDDEN
100
AcDbPolyline
 90
15
 70
0
 10
294.12452951529536
 20
87.75
 10
294.0347260592823
 20
87.75
 10
293.9451152843129
 20
87.75
 10
293.8556985755391
 20
87.75
 10
293.76647731511304
 20
87.75
 10
293.6774528821656
 20
87.75
 10
293.5886266527854
 20
87.75
 10
293.49999999999727
 20
87.75
 10
293.41157429374107
 20
87.75
 10
293.3233509008505
 20
87.75
 10
293.23533118503224
 20
87.75
 10
293.1475165068444
 20
87.75
 10
293.05990822367585
 20
87.75
 10
292.97250768972503
 20
87.75
 10
292.8853162559793
 20
87.75
  0
LWPOLYLINE
  5
557
330
17
100
AcDbEntity
  8
HIDDEN
100
AcDbPolyline
 90
2
 70
0
 10
294.1245295153099
 20
87.75
 10
294.1245295153099
 20
102.75
  0
LWPOLYLINE
  5
558
330
17
100
AcDbEntity
  8
HIDDEN
100
AcDbPolyline
 90
4
 70
0
 10
296.82779515566494
 20
87.75
 10
296.2791297935918
 20
87.75
 10
295.6186339122214
 20
87.75
 10
294.1245295153099
 20
87.75
  0
LWPOLYLINE
  5
559
330
17
100
AcDbEntity
  8
HIDDEN
100
AcDbPolyline
 90
2
 70
0
 10
297.2792364069679
 20
87.75
 10
297.2792364069679
 20
102.75
  0
LWPOLYLINE
  5
55A
330
17
100
AcDbEntity
  8
HIDDEN
100
AcDbPolyline
 90
2
 70
0
 10
297.2792364069679
 20
87.75
 10
296.8277951556681
 20
87.75
  0
LWPOLYLINE
  5
55B
330
17
100
AcDbEntity
  8
HIDDEN
100
AcDbPolyline
 90
15
 70
0
 10
299.286391999179
 20
87.75
 10
299.1403335393497
 20
87.75
 10
298.99465880843496
 20
87.75
 10
298.84937540183415
 20
87.75
 10
298.70449089454326
 20
87.75
 10
298.56001284075984
 20
87.75
 10
298.41594877348933
 20
87.75
 10
298.27230620415196
 20
87.75
 10
298.1290926221914
 20
87.75
 10
297.98631549468416
 20
87.75
 10
297.84398226595016
 20
87.75
 10
297.70210035716485
 20
87.75
 10
297.560677165972
 20
87.75
 10
297.419720066098
 20
87.75
 10
297.27923640696775
 20
87.75
  0
LWPOLYLINE
  5
55C
330
17
100
AcDbEntity
  8
HIDDEN
100
AcDbPolyline
 90
2
 70
0
 10
299.2863919991759
 20
87.75
 10
299.2863919991759
 20
102.75
  0
LWPOLYLINE
  5
55D
330
17
100
AcDbEntity
  8
HIDDEN
100
AcDbPolyline
 90
2
 70
0
 10
298.93321948917196
 20
87.75
 10
299.2863919991752
 20
87.75
  0
LWPOLYLINE
  5
55E
330
17
100
AcDbEntity
  8
HIDDEN
100
AcDbPolyline
 90
2
 70
0
 10
299.08217170363497
 20
87.75
 10
299.08217170363497
 20
102.75
  0
LWPOLYLINE
  5
55F
330
17
100
AcDbEntity
  8
HIDDEN
100
AcDbPolyline
 90
3
 70
0
 10
299.08217170363497
 20
87.75
 10
298.8653561148251
 20
87.75
 10
298.78353835468647
 20
87.75
  0
LWPOLYLINE
  5
560
330
17
100
AcDbEntity
  8
HIDDEN
100
AcDbPolyline
 90
2
 70
0
 10
298.78353835468647
 20
87.75
 10
298.93321948917196
 20
87.75
  0
LWPOLYLINE
  5
561
330
17
100
AcDbEntity
  8
HIDDEN
100
AcDbPolyline
 90
15
 70
0
 10
300.46433449727544
 20
87.75
 10
300.3649523821916
 20
87.75
 10
300.26566509914943
 20
87.75
 10
300.1664741828747
 20
87.75
 10
300.0673811666037
 20
87.75
 10
299.96838758205934
 20
87.75
 10
299.86949495942747
 20
87.75
 10
299.7707048273336
 20
87.75
 10
299.67201871281867
 20
87.75
 10
299.5734381413161
 20
87.75
 10
299.4749646366276
 20
87.75
 10
299.3765997209001
 20
87.75
 10
299.27834491460203
 20
87.75
 10
299.1802017364996
 20
87.75
 10
299.08217170363383
 20
87.75
  0
LWPOLYLINE
  5
562
330
17
100
AcDbEntity
  8
HIDDEN
100
AcDbPolyline
 90
2
 70
0
 10
300.46433449727596
 20
87.75
 10
300.46433449727596
 20
102.75
  0
LWPOLYLINE
  5
563
330
17
100
AcDbEntity
  8
HIDDEN
100
AcDbPolyline
 90
4
 70
0
 10
302.4303522573699
 20
87.75
 10
302.0933187694887
 20
87.75
 10
301.62373977673764
 20
87.75
 10
300.46433449727596
 20
87.75
  0
LWPOLYLINE
  5
564
330
17
100
AcDbEntity
  8
HIDDEN
100
AcDbPolyline
 90
2
 70
0
 10
302.6202993168939
 20
87.75
 10
302.6202993168939
 20
102.75
  0
LWPOLYLINE
  5
565
330
17
100
AcDbEntity
  8
HIDDEN
100
AcDbPolyline
 90
2
 70
0
 10
302.6202993168939
 20
87.75
 10
302.43035225736844
 20
87.75
  0
LWPOLYLINE
  5
566
330
17
100
AcDbEntity
  8
HIDDEN
100
AcDbPolyline
 90
15
 70
0
 10
304.77424258313647
 20
87.75
 10
304.6195430676835
 20
87.75
 10
304.4649415982086
 20
87.75
 10
304.31044623554664
 20
87.75
 10
304.15606503499964
 20
87.75
 10
304.00180604591765
 20
87.75
 10
303.84767731127846
 20
87.75
 10
303.69368686726864
 20
87.75
 10
303.5398427428641
 20
87.75
 10
303.386152959412
 20
87.75
 10
303.2326255302122
 20
87.75
 10
303.0792684600993
 20
87.75
 10
302.9260897450257
 20
87.75
 10
302.7730973716443
 20
87.75
 10
302.62029931689244
 20
87.75
  0
LWPOLYLINE
  5
567
330
17
100
AcDbEntity
  8
HIDDEN
100
AcDbPolyline
 90
2
 70
0
 10
304.77424258313596
 20
87.75
 10
304.77424258313596
 20
102.75
  0
LWPOLYLINE
  5
568
330
17
100
AcDbEntity
  8
HIDDEN
100
AcDbPolyline
 90
2
 70
0
 10
304.68975087267694
 20
87.75
 10
304.7742425831361
 20
87.75
  0
LWPOLYLINE
  5
569
330
17
100
AcDbEntity
  8
HIDDEN
100
AcDbPolyline
 90
2
 70
0
 10
305.78453989114695
 20
87.75
 10
305.78453989114695
 20
102.75
  0
LWPOLYLINE
  5
56A
330
17
100
AcDbEntity
  8
HIDDEN
100
AcDbPolyline
 90
4
 70
0
 10
305.78453989114695
 20
87.75
 10
305.05056550355243
 20
87.75
 10
304.8036199451013
 20
87.75
 10
304.6877993134031
 20
87.75
  0
LWPOLYLINE
  5
56B
330
17
100
AcDbEntity
  8
HIDDEN
100
AcDbPolyline
 90
2
 70
0
 10
304.6877993134031
 20
87.75
 10
304.68975087267694
 20
87.75
  0
LWPOLYLINE
  5
56C
330
17
100
AcDbEntity
  8
HIDDEN
100
AcDbPolyline
 90
15
 70
0
 10
307.21546010885345
 20
87.75
 10
307.11327206160547
 20
87.75
 10
307.0110745347503
 20
87.75
 10
306.90886910799856
 20
87.75
 10
306.806657361183
 20
87.75
 10
306.70444087423414
 20
87.75
 10
306.60222122715567
 20
87.75
 10
306.5000000000002
 20
87.75
 10
306.39777877284473
 20
87.75
 10
306.29555912576626
 20
87.75
 10
306.1933426388174
 20
87.75
 10
306.09113089200184
 20
87.75
 10
305.98892546525013
 20
87.75
 10
305.8867279383949
 20
87.75
 10
305.78453989114695
 20
87.75
  0
LWPOLYLINE
  5
56D
330
17
100
AcDbEntity
  8
HIDDEN
100
AcDbPolyline
 90
2
 70
0
 10
307.21546010885294
 20
87.75
 10
307.21546010885294
 20
102.75
  0
LWPOLYLINE
  5
56E
330
17
100
AcDbEntity
  8
HIDDEN
100
AcDbPolyline
 90
2
 70
0
 10
308.31024912732295
 20
87.75
 10
308.3122006865968
 20
87.75
  0
LWPOLYLINE
  5
56F
330
17
100
AcDbEntity
  8
HIDDEN
100
AcDbPolyline
 90
4
 70
0
 10
308.3122006865968
 20
87.75
 10
308.19638005489855
 20
87.75
 10
307.9494344964474
 20
87.75
 10
307.21546010885294
 20
87.75
  0
LWPOLYLINE
  5
570
330
17
100
AcDbEntity
  8
HIDDEN
100
AcDbPolyline
 90
2
 70
0
 10
308.2257574168639
 20
87.75
 10
308.2257574168639
 20
102.75
  0
LWPOLYLINE
  5
571
330
17
100
AcDbEntity
  8
HIDDEN
100
AcDbPolyline
 90
2
 70
0
 10
308.2257574168639
 20
87.75
 10
308.31024912732306
 20
87.75
  0
LWPOLYLINE
  5
572
330
17
100
AcDbEntity
  8
HIDDEN
100
AcDbPolyline
 90
15
 70
0
 10
310.3797006831047
 20
87.75
 10
310.22690262835306
 20
87.75
 10
310.0739102549719
 20
87.75
 10
309.92073153989855
 20
87.75
 10
309.7673744697859
 20
87.75
 10
309.6138470405863
 20
87.75
 10
309.4601572571345
 20
87.75
 10
309.3063131327302
 20
87.75
 10
309.1523226887206
 20
87.75
 10
308.99819395408167
 20
87.75
 10
308.8439349649999
 20
87.75
 10
308.6895537644532
 20
87.75
 10
308.5350584017914
 20
87.75
 10
308.3804569323168
 20
87.75
 10
308.22575741686404
 20
87.75
  0
LWPOLYLINE
  5
573
330
17
100
AcDbEntity
  8
HIDDEN
100
AcDbPolyline
 90
2
 70
0
 10
310.37970068310597
 20
87.75
 10
310.37970068310597
 20
102.75
  0
LWPOLYLINE
  5
574
330
17
100
AcDbEntity
  8
HIDDEN
100
AcDbPolyline
 90
2
 70
0
 10
310.56964774262997
 20
87.75
 10
310.37970068310443
 20
87.75
  0
LWPOLYLINE
  5
575
330
17
100
AcDbEntity
  8
HIDDEN
100
AcDbPolyline
 90
2
 70
0
 10
312.53566550272393
 20
87.75
 10
312.53566550272393
 20
102.75
  0
LWPOLYLINE
  5
576
330
17
100
AcDbEntity
  8
HIDDEN
100
AcDbPolyline
 90
4
 70
0
 10
312.53566550272393
 20
87.75
 10
311.37626022326225
 20
87.75
 10
310.90668123051125
 20
87.75
 10
310.56964774262997
 20
87.75
  0
LWPOLYLINE
  5
577
330
17
100
AcDbEntity
  8
HIDDEN
100
AcDbPolyline
 90
15
 70
0
 10
313.9178282963712
 20
87.75
 10
313.81979826350516
 20
87.75
 10
313.7216550854025
 20
87.75
 10
313.62340027910415
 20
87.75
 10
313.5250353633764
 20
87.75
 10
313.42656185868765
 20
87.75
 10
313.3279812871848
 20
87.75
 10
313.22929517266965
 20
87.75
 10
313.1305050405755
 20
87.75
 10
313.0316124179434
 20
87.75
 10
312.9326188333987
 20
87.75
 10
312.83352581712745
 20
87.75
 10
312.7343349008525
 20
87.75
 10
312.6350476178101
 20
87.75
 10
312.5356655027259
 20
87.75
  0
LWPOLYLINE
  5
578
330
17
100
AcDbEntity
  8
HIDDEN
100
AcDbPolyline
 90
2
 70
0
 10
313.9178282963649
 20
87.75
 10
313.9178282963649
 20
102.75
  0
LWPOLYLINE
  5
579
330
17
100
AcDbEntity
  8
HIDDEN
100
AcDbPolyline
 90
2
 70
0
 10
314.0667805108279
 20
87.75
 10
314.2164616453134
 20
87.75
  0
LWPOLYLINE
  5
57A
330
17
100
AcDbEntity
  8
HIDDEN
100
AcDbPolyline
 90
3
 70
0
 10
314.2164616453134
 20
87.75
 10
314.1346438851748
 20
87.75
 10
313.9178282963649
 20
87.75
  0
LWPOLYLINE
  5
57B
330
17
100
AcDbEntity
  8
HIDDEN
100
AcDbPolyline
 90
2
 70
0
 10
313.71360800082397
 20
87.75
 10
313.71360800082397
 20
102.75
  0
LWPOLYLINE
  5
57C
330
17
100
AcDbEntity
  8
HIDDEN
100
AcDbPolyline
 90
2
 70
0
 10
313.71360800082397
 20
87.75
 10
314.0667805108272
 20
87.75
  0
LWPOLYLINE
  5
57D
330
17
100
AcDbEntity
  8
HIDDEN
100
AcDbPolyline
 90
15
 70
0
 10
315.7207635930263
 20
87.75
 10
315.58027993389675
 20
87.75
 10
315.4393228340235
 20
87.75
 10
315.2978996428314
 20
87.75
 10
315.1560177340469
 20
87.75
 10
315.0136845053137
 20
87.75
 10
314.87090737780716
 20
87.75
 10
314.7276937958474
 20
87.75
 10
314.58405122651084
 20
87.75
 10
314.43998715924107
 20
87.75
 10
314.29550910545845
 20
87.75
 10
314.15062459816835
 20
87.75
 10
314.00534119156833
 20
87.75
 10
313.8596664606544
 20
87.75
 10
313.71360800082596
 20
87.75
  0
LWPOLYLINE
  5
57E
330
17
100
AcDbEntity
  8
HIDDEN
100
AcDbPolyline
 90
2
 70
0
 10
315.72076359303196
 20
87.75
 10
315.72076359303196
 20
102.75
  0
LWPOLYLINE
  5
57F
330
17
100
AcDbEntity
  8
HIDDEN
100
AcDbPolyline
 90
2
 70
0
 10
316.17220484433494
 20
87.75
 10
315.72076359303514
 20
87.75
  0
LWPOLYLINE
  5
580
330
17
100
AcDbEntity
  8
HIDDEN
100
AcDbPolyline
 90
2
 70
0
 10
318.87547048469895
 20
87.75
 10
318.87547048469895
 20
102.75
  0
LWPOLYLINE
  5
581
330
17
100
AcDbEntity
  8
HIDDEN
100
AcDbPolyline
 90
4
 70
0
 10
318.87547048469895
 20
87.75
 10
317.3813660877845
 20
87.75
 10
316.7208702064126
 20
87.75
 10
316.17220484433494
 20
87.75
  0
LWPOLYLINE
  5
582
330
17
100
AcDbEntity
  8
HIDDEN
100
AcDbPolyline
 90
15
 70
0
 10
320.1146837440139
 20
87.75
 10
320.02749231026837
 20
87.75
 10
319.9400917763178
 20
87.75
 10
319.8524834931494
 20
87.75
 10
319.76466881496174
 20
87.75
 10
319.6766490991436
 20
87.75
 10
319.5884257062533
 20
87.75
 10
319.49999999999727
 20
87.75
 10
319.4113733472093
 20
87.75
 10
319.3225471178293
 20
87.75
 10
319.2335226848821
 20
87.75
 10
319.14430142445616
 20
87.75
 10
319.0548847156826
 20
87.75
 10
318.9652739407134
 20
87.75
 10
318.87547048470054
 20
87.75
  0
LWPOLYLINE
  5
583
330
17
100
AcDbEntity
  8
HIDDEN
100
AcDbPolyline
 90
2
 70
0
 10
320.11468374402097
 20
87.75
 10
320.11468374402097
 20
102.75
  0
LWPOLYLINE
  5
584
330
17
100
AcDbEntity
  8
HIDDEN
100
AcDbPolyline
 90
4
 70
0
 10
319.30764830721597
 20
87.75
 10
319.67889392269547
 20
87.75
 10
319.91216029547684
 20
87.75
 10
320.11468374402097
 20
87.75
  0
LWPOLYLINE
  5
585
330
17
100
AcDbEntity
  8
HIDDEN
100
AcDbPolyline
 90
2
 70
0
 10
318.7098631205789
 20
87.75
 10
318.7098631205789
 20
102.75
  0
LWPOLYLINE
  5
586
330
17
100
AcDbEntity
  8
HIDDEN
100
AcDbPolyline
 90
2
 70
0
 10
318.7098631205789
 20
87.75
 10
319.3076483072168
 20
87.75
  0
LWPOLYLINE
  5
587
330
17
100
AcDbEntity
  8
HIDDEN
100
AcDbPolyline
 90
15
 70
0
 10
320.43344670212383
 20
87.75
 10
320.3148511678253
 20
87.75
 10
320.1955353348731
 20
87.75
 10
320.0755054243285
 20
87.75
 10
319.95476769448413
 20
87.75
 10
319.83332844053814
 20
87.75
 10
319.7111939942656
 20
87.75
 10
319.5883707236886
 20
87.75
 10
319.4648650327442
 20
87.75
 10
319.3406833609503
 20
87.75
 10
319.21583218307023
 20
87.75
 10
319.09031800877494
 20
87.75
 10
318.9641473823037
 20
87.75
 10
318.8373268821226
 20
87.75
 10
318.7098631205822
 20
87.75
  0
LWPOLYLINE
  5
588
330
17
100
AcDbEntity
  8
HIDDEN
100
AcDbPolyline
 90
2
 70
0
 10
320.43344670212394
 20
87.75
 10
320.43344670212394
 20
102.75
  0
LWPOLYLINE
  5
589
330
17
100
AcDbEntity
  8
HIDDEN
100
AcDbPolyline
 90
2
 70
0
 10
321.1156171699719
 20
87.75
 10
320.43344670212764
 20
87.75
  0
LWPOLYLINE
  5
58A
330
17
100
AcDbEntity
  8
HIDDEN
100
AcDbPolyline
 90
2
 70
0
 10
324.3719076045729
 20
87.75
 10
324.3719076045729
 20
102.75
  0
LWPOLYLINE
  5
58B
330
17
100
AcDbEntity
  8
HIDDEN
100
AcDbPolyline
 90
3
 70
0
 10
324.3719076045729
 20
87.75
 10
322.64492483573247
 20
87.75
 10
321.1156171699719
 20
87.75
  0
LWPOLYLINE
  5
58C
330
17
100
AcDbEntity
  8
HIDDEN
100
AcDbPolyline
 90
15
 70
0
 10
325.38372099385595
 20
87.75
 10
325.3133101113482
 20
87.75
 10
325.24260842350037
 20
87.75
 10
325.1716170231785
 20
87.75
 10
325.1003370077269
 20
87.75
 10
325.0287694789511
 20
87.75
 10
324.9569155431009
 20
87.75
 10
324.884776310853
 20
87.75
 10
324.81235289729443
 20
87.75
 10
324.7396464219045
 20
87.75
 10
324.6666580085383
 20
87.75
 10
324.59338878540876
 20
87.75
 10
324.5198398850694
 20
87.75
 10
324.4460124443969
 20
87.75
 10
324.3719076045734
 20
87.75
  0
LWPOLYLINE
  5
58D
330
17
100
AcDbEntity
  8
HIDDEN
100
AcDbPolyline
 90
2
 70
0
 10
325.3837209938499
 20
87.75
 10
325.3837209938499
 20
102.75
  0
LWPOLYLINE
  5
58E
330
17
100
AcDbEntity
  8
HIDDEN
100
AcDbPolyline
 90
4
 70
0
 10
323.67569603710695
 20
87.75
 10
324.2537400191817
 20
87.75
 10
324.7113096533443
 20
87.75
 10
325.3837209938499
 20
87.75
  0
LWPOLYLINE
  5
58F
330
17
100
AcDbEntity
  8
HIDDEN
100
AcDbPolyline
 90
2
 70
0
 10
322.87403624641996
 20
87.75
 10
322.87403624641996
 20
102.75
  0
LWPOLYLINE
  5
590
330
17
100
AcDbEntity
  8
HIDDEN
100
AcDbPolyline
 90
2
 70
0
 10
322.87403624641996
 20
87.75
 10
323.67569603710814
 20
87.75
  0
LWPOLYLINE
  5
591
330
17
100
AcDbEntity
  8
HIDDEN
100
AcDbPolyline
 90
15
 70
0
 10
324.1965884445708
 20
87.75
 10
324.1079631247778
 20
87.75
 10
324.0184197355842
 20
87.75
 10
323.9279629457324
 20
87.75
 10
323.8365974715892
 20
87.75
 10
323.74432807689954
 20
87.75
 10
323.65115957253823
 20
87.75
 10
323.5570968162594
 20
87.75
 10
323.46214471244275
 20
87.75
 10
323.36630821183815
 20
87.75
 10
323.2695923113074
 20
87.75
 10
323.1720020535638
 20
87.75
 10
323.0735425269091
 20
87.75
 10
322.9742188649681
 20
87.75
 10
322.8740362464215
 20
87.75
  0
LWPOLYLINE
  5
592
330
17
100
AcDbEntity
  8
HIDDEN
100
AcDbPolyline
 90
2
 70
0
 10
324.1965884445759
 20
87.75
 10
324.1965884445759
 20
102.75
  0
LWPOLYLINE
  5
593
330
17
100
AcDbEntity
  8
HIDDEN
100
AcDbPolyline
 90
2
 70
0
 10
325.06299933892495
 20
87.75
 10
324.19658844457484
 20
87.75
  0
LWPOLYLINE
  5
594
330
17
100
AcDbEntity
  8
HIDDEN
100
AcDbPolyline
 90
2
 70
0
 10
328.65040375591997
 20
87.75
 10
328.65040375591997
 20
102.75
  0
LWPOLYLINE
  5
595
330
17
100
AcDbEntity
  8
HIDDEN
100
AcDbPolyline
 90
2
 70
0
 10
328.65040375591997
 20
87.75
 10
325.06299933892495
 20
87.75
  0
LWPOLYLINE
  5
596
330
17
100
AcDbEntity
  8
HIDDEN
100
AcDbPolyline
 90
15
 70
0
 10
329.36586386477086
 20
87.75
 10
329.31703191878586
 20
87.75
 10
329.2678472802291
 20
87.75
 10
329.21831070936844
 20
87.75
 10
329.1684229719117
 20
87.75
 10
329.118184838995
 20
87.75
 10
329.0675970871704
 20
87.75
 10
329.01666049839434
 20
87.75
 10
328.9653758600154
 20
87.75
 10
328.91374396476203
 20
87.75
 10
328.86176561073034
 20
87.75
 10
328.809441601372
 20
87.75
 10
328.7567727454814
 20
87.75
 10
328.70375985718346
 20
87.75
 10
328.65040375592093
 20
87.75
  0
LWPOLYLINE
  5
597
330
17
100
AcDbEntity
  8
HIDDEN
100
AcDbPolyline
 90
2
 70
0
 10
329.36586386477296
 20
87.75
 10
329.36586386477296
 20
102.75
  0
LWPOLYLINE
  5
598
330
17
100
AcDbEntity
  8
HIDDEN
100
AcDbPolyline
 90
3
 70
0
 10
326.87324846624796
 20
87.75
 10
328.26938835394924
 20
87.75
 10
329.36586386477296
 20
87.75
  0
LWPOLYLINE
  5
599
330
17
100
AcDbEntity
  8
HIDDEN
100
AcDbPolyline
 90
2
 70
0
 10
325.92234586144093
 20
87.75
 10
325.92234586144093
 20
102.75
  0
LWPOLYLINE
  5
59A
330
17
100
AcDbEntity
  8
HIDDEN
100
AcDbPolyline
 90
2
 70
0
 10
325.92234586144093
 20
87.75
 10
326.8732484662482
 20
87.75
  0
LWPOLYLINE
  5
59B
330
17
100
AcDbEntity
  8
HIDDEN
100
AcDbPolyline
 90
15
 70
0
 10
326.7537369295274
 20
87.75
 10
326.7011214933229
 20
87.75
 10
326.6474527818831
 20
87.75
 10
326.5927335934649
 20
87.75
 10
326.5369667810962
 20
87.75
 10
326.4801552524277
 20
87.75
 10
326.4223019695809
 20
87.75
 10
326.36340994899365
 20
87.75
 10
326.3034822612632
 20
87.75
 10
326.24252203098587
 20
87.75
 10
326.18053243659415
 20
87.75
 10
326.11751671019096
 20
87.75
 10
326.0534781373812
 20
87.75
 10
325.98842005710054
 20
87.75
 10
325.92234586144093
 20
87.75
  0
LWPOLYLINE
  5
59C
330
17
100
AcDbEntity
  8
HIDDEN
100
AcDbPolyline
 90
2
 70
0
 10
326.7537369295259
 20
87.75
 10
326.7537369295259
 20
102.75
  0
LWPOLYLINE
  5
59D
330
17
100
AcDbEntity
  8
HIDDEN
100
AcDbPolyline
 90
2
 70
0
 10
327.7453437797369
 20
87.75
 10
326.75373692952576
 20
87.75
  0
LWPOLYLINE
  5
59E
330
17
100
AcDbEntity
  8
HIDDEN
100
AcDbPolyline
 90
2
 70
0
 10
331.41938649657396
 20
87.75
 10
331.41938649657396
 20
102.75
  0
LWPOLYLINE
  5
59F
330
17
100
AcDbEntity
  8
HIDDEN
100
AcDbPolyline
 90
2
 70
0
 10
331.41938649657396
 20
87.75
 10
327.7453437797369
 20
87.75
  0
LWPOLYLINE
  5
5A0
330
17
100
AcDbEntity
  8
HIDDEN
100
AcDbPolyline
 90
15
 70
0
 10
331.7897359009389
 20
87.75
 10
331.7658107078962
 20
87.75
 10
331.7414949704659
 20
87.75
 10
331.71678906450677
 20
87.75
 10
331.69169337190846
 20
87.75
 10
331.6662082805858
 20
87.75
 10
331.6403341844727
 20
87.75
 10
331.614071483516
 20
87.75
 10
331.58742058366954
 20
87.75
 10
331.5603818968876
 20
87.75
 10
331.5329558411186
 20
87.75
 10
331.50514284029884
 20
87.75
 10
331.47694332434565
 20
87.75
 10
331.448357729151
 20
87.75
 10
331.41938649657453
 20
87.75
  0
LWPOLYLINE
  5
5A1
330
17
100
AcDbEntity
  8
HIDDEN
100
AcDbPolyline
 90
2
 70
0
 10
331.7897359009389
 20
87.75
 10
331.7897359009389
 20
102.75
  0
LWPOLYLINE
  5
5A2
330
17
100
AcDbEntity
  8
HIDDEN
100
AcDbPolyline
 90
3
 70
0
 10
328.68239768079997
 20
87.75
 10
330.3439192138477
 20
87.75
 10
331.7897359009389
 20
87.75
  0
LWPOLYLINE
  5
5A3
330
17
100
AcDbEntity
  8
HIDDEN
100
AcDbPolyline
 90
2
 70
0
 10
327.64705470294894
 20
87.75
 10
327.64705470294894
 20
102.75
  0
LWPOLYLINE
  5
5A4
330
17
100
AcDbEntity
  8
HIDDEN
100
AcDbPolyline
 90
2
 70
0
 10
327.64705470294894
 20
87.75
 10
328.68239768079997
 20
87.75
  0
LWPOLYLINE
  5
5A5
330
17
100
AcDbEntity
  8
HIDDEN
100
AcDbPolyline
 90
15
 70
0
 10
327.9306267136107
 20
87.75
 10
327.9176068160214
 20
87.75
 10
327.903470216329
 20
87.75
 10
327.88821765160793
 20
87.75
 10
327.8718499171184
 20
87.75
 10
327.8543678662651
 20
87.75
 10
327.83577241055224
 20
87.75
 10
327.8160645195366
 20
87.75
 10
327.79524522077674
 20
87.75
 10
327.77331559977927
 20
87.75
 10
327.7502767999424
 20
87.75
 10
327.72613002249636
 20
87.75
 10
327.7008765264407
 20
87.75
 10
327.6745176284786
 20
87.75
 10
327.64705470294837
 20
87.75
  0
LWPOLYLINE
  5
5A6
330
17
100
AcDbEntity
  8
HIDDEN
100
AcDbPolyline
 90
2
 70
0
 10
327.93062671361093
 20
87.75
 10
327.93062671361093
 20
102.75
  0
LWPOLYLINE
  5
5A7
330
17
100
AcDbEntity
  8
HIDDEN
100
AcDbPolyline
 90
2
 70
0
 10
328.97985315155097
 20
87.75
 10
327.93062671361093
 20
87.75
  0
LWPOLYLINE
  5
5A8
330
17
100
AcDbEntity
  8
HIDDEN
100
AcDbPolyline
 90
2
 70
0
 10
332.4901542287199
 20
87.75
 10
332.4901542287199
 20
102.75
  0
LWPOLYLINE
  5
5A9
330
17
100
AcDbEntity
  8
HIDDEN
100
AcDbPolyline
 90
3
 70
0
 10
332.4901542287199
 20
87.75
 10
330.7935263832613
 20
87.75
 10
328.97985315155097
 20
87.75
  0
LWPOLYLINE
  5
5AA
330
17
100
AcDbEntity
  8
HIDDEN
100
AcDbPolyline
 90
15
 70
0
 10
332.49999999999994
 20
87.75
 10
332.49994976331845
 20
87.75
 10
332.499799053468
 20
87.75
 10
332.4995478710311
 20
87.75
 10
332.4991962169783
 20
87.75
 10
332.49874409266863
 20
87.75
 10
332.49819149984916
 20
87.75
 10
332.4975384406554
 20
87.75
 10
332.4967849176109
 20
87.75
 10
332.4959309336276
 20
87.75
 10
332.49497649200566
 20
87.75
 10
332.4939215964333
 20
87.75
 10
332.4927662509871
 20
87.75
 10
332.49151046013156
 20
87.75
 10
332.4901542287197
 20
87.75
  0
LWPOLYLINE
  5
5AB
330
17
100
AcDbEntity
  8
HIDDEN
100
AcDbPolyline
 90
2
 70
0
 10
298.78353835468647
 20
102.75
 10
298.78353835468647
 20
87.75
  0
LWPOLYLINE
  5
5AC
330
17
100
AcDbEntity
  8
HIDDEN
100
AcDbPolyline
 90
2
 70
0
 10
304.6877993134031
 20
102.75
 10
304.6877993134031
 20
87.75
  0
LWPOLYLINE
  5
5AD
330
17
100
AcDbEntity
  8
HIDDEN
100
AcDbPolyline
 90
2
 70
0
 10
308.3122006865968
 20
102.75
 10
308.3122006865968
 20
87.75
  0
LWPOLYLINE
  5
5AE
330
17
100
AcDbEntity
  8
HIDDEN
100
AcDbPolyline
 90
2
 70
0
 10
314.2164616453134
 20
102.75
 10
314.2164616453134
 20
87.75
  0
LWPOLYLINE
  5
5AF
330
17
100
AcDbEntity
  8
SECTION
100
AcDbPolyline
 90
2
 70
0
 10
330.49999999999994
 20
87.75
 10
332.49999999999994
 20
89.75
  0
LWPOLYLINE
  5
5B0
330
17
100
AcDbEntity
  8
SECTION
100
AcDbPolyline
 90
2
 70
0
 10
328.49999999999994
 20
87.75
 10
332.49999999999994
 20
91.75
  0
LWPOLYLINE
  5
5B1
330
17
100
AcDbEntity
  8
SECTION
100
AcDbPolyline
 90
2
 70
0
 10
326.49999999999994
 20
87.75
 10
332.49999999999994
 20
93.75
  0
LWPOLYLINE
  5
5B2
330
17
100
AcDbEntity
  8
SECTION
100
AcDbPolyline
 90
2
 70
0
 10
324.49999999999994
 20
87.75
 10
332.49999999999994
 20
95.75
  0
LWPOLYLINE
  5
5B3
330
17
100
AcDbEntity
  8
SECTION
100
AcDbPolyline
 90
2
 70
0
 10
322.49999999999994
 20
87.75
 10
332.49999999999994
 20
97.75
  0
LWPOLYLINE
  5
5B4
330
17
100
AcDbEntity
  8
SECTION
100
AcDbPolyline
 90
2
 70
0
 10
320.49999999999994
 20
87.75
 10
332.49999999999994
 20
99.75
  0
LWPOLYLINE
  5
5B5
330
17
100
AcDbEntity
  8
SECTION
100
AcDbPolyline
 90
2
 70
0
 10
318.49999999999994
 20
87.75
 10
332.49999999999994
 20
101.75
  0
LWPOLYLINE
  5
5B6
330
17
100
AcDbEntity
  8
SECTION
100
AcDbPolyline
 90
2
 70
0
 10
316.49999999999994
 20
87.75
 10
331.49999999999994
 20
102.75
  0
LWPOLYLINE
  5
5B7
330
17
100
AcDbEntity
  8
SECTION
100
AcDbPolyline
 90
2
 70
0
 10
314.49999999999994
 20
87.75
 10
329.49999999999994
 20
102.75
  0
LWPOLYLINE
  5
5B8
330
17
100
AcDbEntity
  8
SECTION
100
AcDbPolyline
 90
2
 70
0
 10
312.49999999999994
 20
87.75
 10
327.49999999999994
 20
102.75
  0
LWPOLYLINE
  5
5B9
330
17
100
AcDbEntity
  8
SECTION
100
AcDbPolyline
 90
2
 70
0
 10
312.49999999999994
 20
89.75
 10
325.49999999999994
 20
102.75
  0
LWPOLYLINE
  5
5BA
330
17
100
AcDbEntity
  8
SECTION
100
AcDbPolyline
 90
2
 70
0
 10
312.49999999999994
 20
91.75
 10
323.49999999999994
 20
102.75
  0
LWPOLYLINE
  5
5BB
330
17
100
AcDbEntity
  8
SECTION
100
AcDbPolyline
 90
2
 70
0
 10
312.49999999999994
 20
93.75
 10
321.49999999999994
 20
102.75
  0
LWPOLYLINE
  5
5BC
330
17
100
AcDbEntity
  8
SECTION
100
AcDbPolyline
 90
2
 70
0
 10
312.49999999999994
 20
95.75
 10
319.49999999999994
 20
102.75
  0
LWPOLYLINE
  5
5BD
330
17
100
AcDbEntity
  8
SECTION
100
AcDbPolyline
 90
2
 70
0
 10
312.49999999999994
 20
97.75
 10
317.49999999999994
 20
102.75
  0
LWPOLYLINE
  5
5BE
330
17
100
AcDbEntity
  8
SECTION
100
AcDbPolyline
 90
2
 70
0
 10
312.49999999999994
 20
99.75
 10
315.49999999999994
 20
102.75
  0
LWPOLYLINE
  5
5BF
330
17
100
AcDbEntity
  8
SECTION
100
AcDbPolyline
 90
2
 70
0
 10
298.49999999999994
 20
87.75
 10
300.49999999999994
 20
89.75
  0
LWPOLYLINE
  5
5C0
330
17
100
AcDbEntity
  8
SECTION
100
AcDbPolyline
 90
2
 70
0
 10
312.49999999999994
 20
101.75
 10
313.49999999999994
 20
102.75
  0
LWPOLYLINE
  5
5C1
330
17
100
AcDbEntity
  8
SECTION
100
AcDbPolyline
 90
2
 70
0
 10
296.49999999999994
 20
87.75
 10
300.49999999999994
 20
91.75
  0
LWPOLYLINE
  5
5C2
330
17
100
AcDbEntity
  8
SECTION
100
AcDbPolyline
 90
2
 70
0
 10
294.49999999999994
 20
87.75
 10
300.49999999999994
 20
93.75
  0
LWPOLYLINE
  5
5C3
330
17
100
AcDbEntity
  8
SECTION
100
AcDbPolyline
 90
2
 70
0
 10
292.49999999999994
 20
87.75
 10
300.49999999999994
 20
95.75
  0
LWPOLYLINE
  5
5C4
330
17
100
AcDbEntity
  8
SECTION
100
AcDbPolyline
 90
2
 70
0
 10
290.49999999999994
 20
87.75
 10
300.49999999999994
 20
97.75
  0
LWPOLYLINE
  5
5C5
330
17
100
AcDbEntity
  8
SECTION
100
AcDbPolyline
 90
2
 70
0
 10
288.49999999999994
 20
87.75
 10
300.49999999999994
 20
99.75
  0
LWPOLYLINE
  5
5C6
330
17
100
AcDbEntity
  8
SECTION
100
AcDbPolyline
 90
2
 70
0
 10
286.49999999999994
 20
87.75
 10
300.49999999999994
 20
101.75
  0
LWPOLYLINE
  5
5C7
330
17
100
AcDbEntity
  8
SECTION
100
AcDbPolyline
 90
2
 70
0
 10
284.49999999999994
 20
87.75
 10
299.49999999999994
 20
102.75
  0
LWPOLYLINE
  5
5C8
330
17
100
AcDbEntity
  8
SECTION
100
AcDbPolyline
 90
2
 70
0
 10
282.49999999999994
 20
87.75
 10
297.49999999999994
 20
102.75
  0
LWPOLYLINE
  5
5C9
330
17
100
AcDbEntity
  8
SECTION
100
AcDbPolyline
 90
2
 70
0
 10
280.5
 20
87.75000000000006
 10
295.49999999999994
 20
102.75
  0
LWPOLYLINE
  5
5CA
330
17
100
AcDbEntity
  8
SECTION
100
AcDbPolyline
 90
2
 70
0
 10
280.5
 20
89.75000000000006
 10
293.49999999999994
 20
102.75
  0
LWPOLYLINE
  5
5CB
330
17
100
AcDbEntity
  8
SECTION
100
AcDbPolyline
 90
2
 70
0
 10
280.5
 20
91.75000000000006
 10
291.49999999999994
 20
102.75
  0
LWPOLYLINE
  5
5CC
330
17
100
AcDbEntity
  8
SECTION
100
AcDbPolyline
 90
2
 70
0
 10
280.5
 20
93.75000000000006
 10
289.49999999999994
 20
102.75
  0
LWPOLYLINE
  5
5CD
330
17
100
AcDbEntity
  8
SECTION
100
AcDbPolyline
 90
2
 70
0
 10
280.5
 20
95.75000000000006
 10
287.49999999999994
 20
102.75
  0
LWPOLYLINE
  5
5CE
330
17
100
AcDbEntity
  8
SECTION
100
AcDbPolyline
 90
2
 70
0
 10
280.5
 20
97.75000000000006
 10
285.49999999999994
 20
102.75
  0
LWPOLYLINE
  5
5CF
330
17
100
AcDbEntity
  8
SECTION
100
AcDbPolyline
 90
2
 70
0
 10
280.5
 20
99.75000000000006
 10
283.49999999999994
 20
102.75
  0
LWPOLYLINE
  5
5D0
330
17
100
AcDbEntity
  8
SECTION
100
AcDbPolyline
 90
2
 70
0
 10
280.5
 20
101.75000000000006
 10
281.49999999999994
 20
102.75
  0
TEXT
  5
5D1
330
17
100
AcDbEntity
  8
TEXT
100
AcDbText
 10
288.5
 20
80.75
 30
0.0
 40
3.0
  1
SECTION X=0  1:1
100
AcDbText
  0
DIMENSION
  5
5D2
330
17
100
AcDbEntity
  8
DIM
100
AcDbDimension
280
0
  2
*D1
  3
Standard
 10
125.49999999999854
 20
206.25
 30
0.0
 11
123.62499999999854
 21
213.75
 31
0.0
 70
32
 71
5
  1
<>
100
AcDbAlignedDimension
 13
115.49999999999854
 23
206.25
 33
0.0
 14
115.49999999999854
 24
221.25
 34
0.0
 50
90.0
100
AcDbRotatedDimension
1001
ACAD
1000
DSTYLE
1002
{
1070
144
1040
1.0
1070
140
1040
2.5
1070
41
1040
1.5
1070
77
1070
1
1070
176
1070
7
1002
}
  0
ENDSEC
  0
SECTION
  2
OBJECTS
  0
DICTIONARY
  5
A
330
0
100
AcDbDictionary
281
1
  3
ACAD_COLOR
350
B
  3
ACAD_GROUP
350
C
  3
ACAD_LAYOUT
350
D
  3
ACAD_MATERIAL
350
E
  3
ACAD_MLEADERSTYLE
350
F
  3
ACAD_MLINESTYLE
350
10
  3
ACAD_PLOTSETTINGS
350
11
  3
ACAD_PLOTSTYLENAME
350
12
  3
ACAD_SCALELIST
350
14
  3
ACAD_TABLESTYLE
350
15
  3
ACAD_VISUALSTYLE
350
16
  3
EZDXF_META
350
2D
  0
DICTIONARY
  5
B
330
A
100
AcDbDictionary
281
1
  0
DICTIONARY
  5
C
330
A
100
AcDbDictionary
281
1
  0
DICTIONARY
  5
D
330
A
100
AcDbDictionary
281
1
  3
Model
350
1A
  3
Layout1
350
1E
  0
DICTIONARY
  5
E
330
A
100
AcDbDictionary
281
1
  3
ByBlock
350
1F
  3
ByLayer
350
20
  3
Global
350
21
  0
DICTIONARY
  5
F
330
A
100
AcDbDictionary
281
1
  3
Standard
350
2C
  0
DICTIONARY
  5
10
330
A
100
AcDbDictionary
281
1
  3
Standard
350
22
  0
DICTIONARY
  5
11
330
A
100
AcDbDictionary
281
1
  0
ACDBDICTIONARYWDFLT
  5
12
330
A
100
AcDbDictionary
281
1
  3
Normal
350
13
100
AcDbDictionaryWithDefault
340
13
  0
ACDBPLACEHOLDER
  5
13
330
12
  0
DICTIONARY
  5
14
330
A
100
AcDbDictionary
281
1
  0
DICTIONARY
  5
15
330
A
100
AcDbDictionary
281
1
  0
DICTIONARY
  5
16
330
A
100
AcDbDictionary
281
1
  0
LAYOUT
  5
1A
330
D
100
AcDbPlotSettings
  1

  4
A3
  6

 40
7.5
 41
20.0
 42
7.5
 43
20.0
 44
420.0
 45
297.0
 46
0.0
 47
0.0
 48
0.0
 49
0.0
140
0.0
141
0.0
142
1.0
143
1.0
 70
1024
 72
1
 73
0
 74
5
  7

 75
16
 76
0
 77
2
 78
300
147
1.0
148
0.0
149
0.0
100
AcDbLayout
  1
Model
 70
1
 71
0
 10
0.0
 20
0.0
 11
420.0
 21
297.0
 12
0.0
 22
0.0
 32
0.0
 14
1e+20
 24
1e+20
 34
1e+20
 15
-1e+20
 25
-1e+20
 35
-1e+20
146
0.0
 13
0.0
 23
0.0
 33
0.0
 16
1.0
 26
0.0
 36
0.0
 17
0.0
 27
1.0
 37
0.0
 76
1
330
17
  0
LAYOUT
  5
1E
330
D
100
AcDbPlotSettings
  1

  4
A3
  6

 40
7.5
 41
20.0
 42
7.5
 43
20.0
 44
420.0
 45
297.0
 46
0.0
 47
0.0
 48
0.0
 49
0.0
140
0.0
141
0.0
142
1.0
143
1.0
 70
0
 72
1
 73
0
 74
5
  7

 75
16
 76
0
 77
2
 78
300
147
1.0
148
0.0
149
0.0
100
AcDbLayout
  1
Layout1
 70
1
 71
1
 10
0.0
 20
0.0
 11
420.0
 21
297.0
 12
0.0
 22
0.0
 32
0.0
 14
1e+20
 24
1e+20
 34
1e+20
 15
-1e+20
 25
-1e+20
 35
-1e+20
146
0.0
 13
0.0
 23
0.0
 33
0.0
 16
1.0
 26
0.0
 36
0.0
 17
0.0
 27
1.0
 37
0.0
 76
1
330
1B
  0
MATERIAL
  5
1F
102
{ACAD_REACTORS
330
E
102
}
330
E
100
AcDbMaterial
  1
ByBlock
  2

 70
0
 40
1.0
 71
1
 41
1.0
 91
-1023410177
 42
1.0
 72
1
  3

 73
1
 74
1
 75
1
 44
0.5
 73
0
 45
1.0
 46
1.0
 77
1
  4

 78
1
 79
1
170
1
 48
1.0
171
1
  6

172
1
173
1
174
1
140
1.0
141
1.0
175
1
  7

176
1
177
1
178
1
143
1.0
179
1
  8

270
1
271
1
272
1
145
1.0
146
1.0
273
1
  9

274
1
275
1
276
1
 42
1.0
 72
1
  3

 73
1
 74
1
 75
1
 94
63
  0
MATERIAL
  5
20
102
{ACAD_REACTORS
330
E
102
}
330
E
100
AcDbMaterial
  1
ByLayer
  2

 70
0
 40
1.0
 71
1
 41
1.0
 91
-1023410177
 42
1.0
 72
1
  3

 73
1
 74
1
 75
1
 44
0.5
 73
0
 45
1.0
 46
1.0
 77
1
  4

 78
1
 79
1
170
1
 48
1.0
171
1
  6

172
1
173
1
174
1
140
1.0
141
1.0
175
1
  7

176
1
177
1
178
1
143
1.0
179
1
  8

270
1
271
1
272
1
145
1.0
146
1.0
273
1
  9

274
1
275
1
276
1
 42
1.0
 72
1
  3

 73
1
 74
1
 75
1
 94
63
  0
MATERIAL
  5
21
102
{ACAD_REACTORS
330
E
102
}
330
E
100
AcDbMaterial
  1
Global
  2

 70
0
 40
1.0
 71
1
 41
1.0
 91
-1023410177
 42
1.0
 72
1
  3

 73
1
 74
1
 75
1
 44
0.5
 73
0
 45
1.0
 46
1.0
 77
1
  4

 78
1
 79
1
170
1
 48
1.0
171
1
  6

172
1
173
1
174
1
140
1.0
141
1.0
175
1
  7

176
1
177
1
178
1
143
1.0
179
1
  8

270
1
271
1
272
1
145
1.0
146
1.0
273
1
  9

274
1
275
1
276
1
 42
1.0
 72
1
  3

 73
1
 74
1
 75
1
 94
63
  0
MLINESTYLE
  5
22
102
{ACAD_REACTORS
330
10
102
}
330
10
100
AcDbMlineStyle
  2
Standard
 70
0
  3

 62
256
 51
90.0
 52
90.0
 71
2
 49
0.5
 62
256
  6
BYLAYER
 49
-0.5
 62
256
  6
BYLAYER
  0
MLEADERSTYLE
  5
2C
102
{ACAD_REACTORS
330
F
102
}
330
F
100
AcDbMLeaderStyle
179
2
170
2
171
1
172
0
 90
2
 40
0.0
 41
0.0
173
1
 91
-1056964608
 92
-2
290
1
 42
2.0
291
1
 43
8.0
  3
Standard
 44
4.0
300

342
29
174
1
175
1
176
0
178
1
 93
-1056964608
 45
4.0
292
0
297
0
 46
4.0
 94
-1056964608
 47
1.0
 49
1.0
140
1.0
294
1
141
0.0
177
0
142
1.0
295
0
296
0
143
3.75
271
0
272
9
273
9
  0
DICTIONARY
  5
2D
330
A
100
AcDbDictionary
280
1
281
1
  3
CREATED_BY_EZDXF
350
2E
  3
WRITTEN_BY_EZDXF
350
5ED
  0
DICTIONARYVAR
  5
2E
330
2D
100
DictionaryVariables
280
0
  1
1.4.4 @ 2026-09-12T12:06:41.901006+00:00
  0
DICTIONARYVAR
  5
5ED
330
2D
100
DictionaryVariables
280
0
  1
1.4.4 @ 2026-09-12T12:06:46.767815+00:00
  0
ENDSEC
  0
EOF
