ISO-10303-21;
HEADER;
FILE_DESCRIPTION(('Open CASCADE Model'),'2;1');
FILE_NAME('Open CASCADE Shape Model','2026-09-13T17:15:16',('Author'),(
    'Open CASCADE'),'Open CASCADE STEP processor 7.9','Open CASCADE 7.9'
  ,'Unknown');
FILE_SCHEMA(('AUTOMOTIVE_DESIGN { 1 0 10303 214 1 1 1 1 }'));
ENDSEC;
DATA;
#1 = APPLICATION_PROTOCOL_DEFINITION('international standard',
  'automotive_design',2000,#2);
#2 = APPLICATION_CONTEXT(
  'core data for automotive mechanical design processes');
#3 = SHAPE_DEFINITION_REPRESENTATION(#4,#10);
#4 = PRODUCT_DEFINITION_SHAPE('','',#5);
#5 = PRODUCT_DEFINITION('design','',#6,#9);
#6 = PRODUCT_DEFINITION_FORMATION('','',#7);
#7 = PRODUCT('Open CASCADE STEP translator 7.9 1',
  'Open CASCADE STEP translator 7.9 1','',(#8));
#8 = PRODUCT_CONTEXT('',#2,'mechanical');
#9 = PRODUCT_DEFINITION_CONTEXT('part definition',#2,'design');
#10 = SHAPE_REPRESENTATION('',(#11,#15,#19),#23);
#11 = AXIS2_PLACEMENT_3D('',#12,#13,#14);
#12 = CARTESIAN_POINT('',(0.,0.,0.));
#13 = DIRECTION('',(0.,0.,1.));
#14 = DIRECTION('',(1.,0.,-0.));
#15 = AXIS2_PLACEMENT_3D('',#16,#17,#18);
#16 = CARTESIAN_POINT('',(0.,0.,0.));
#17 = DIRECTION('',(0.,0.,1.));
#18 = DIRECTION('',(1.,0.,-0.));
#19 = AXIS2_PLACEMENT_3D('',#20,#21,#22);
#20 = CARTESIAN_POINT('',(0.,0.,0.));
#21 = DIRECTION('',(0.,0.,1.));
#22 = DIRECTION('',(1.,0.,-0.));
#23 = ( GEOMETRIC_REPRESENTATION_CONTEXT(3) 
GLOBAL_UNCERTAINTY_ASSIGNED_CONTEXT((#27)) GLOBAL_UNIT_ASSIGNED_CONTEXT(
(#24,#25,#26)) REPRESENTATION_CONTEXT('Context #1',
  '3D Context with UNIT and UNCERTAINTY') );
#24 = ( LENGTH_UNIT() NAMED_UNIT(*) SI_UNIT(.MILLI.,.METRE.) );
#25 = ( NAMED_UNIT(*) PLANE_ANGLE_UNIT() SI_UNIT($,.RADIAN.) );
#26 = ( NAMED_UNIT(*) SI_UNIT($,.STERADIAN.) SOLID_ANGLE_UNIT() );
#27 = UNCERTAINTY_MEASURE_WITH_UNIT(LENGTH_MEASURE(5.E-05),#24,
  'distance_accuracy_value','confusion accuracy');
#28 = PRODUCT_RELATED_PRODUCT_CATEGORY('part',$,(#7));
#29 = SHAPE_DEFINITION_REPRESENTATION(#30,#36);
#30 = PRODUCT_DEFINITION_SHAPE('','',#31);
#31 = PRODUCT_DEFINITION('design','',#32,#35);
#32 = PRODUCT_DEFINITION_FORMATION('','',#33);
#33 = PRODUCT('Open CASCADE STEP translator 7.9 1.1',
  'Open CASCADE STEP translator 7.9 1.1','',(#34));
#34 = PRODUCT_CONTEXT('',#2,'mechanical');
#35 = PRODUCT_DEFINITION_CONTEXT('part definition',#2,'design');
#36 = ADVANCED_BREP_SHAPE_REPRESENTATION('',(#11,#37),#367);
#37 = MANIFOLD_SOLID_BREP('',#38);
#38 = CLOSED_SHELL('',(#39,#159,#259,#306,#353,#360));
#39 = ADVANCED_FACE('',(#40),#54,.F.);
#40 = FACE_BOUND('',#41,.F.);
#41 = EDGE_LOOP('',(#42,#77,#105,#133));
#42 = ORIENTED_EDGE('',*,*,#43,.F.);
#43 = EDGE_CURVE('',#44,#46,#48,.T.);
#44 = VERTEX_POINT('',#45);
#45 = CARTESIAN_POINT('',(0.,0.,0.));
#46 = VERTEX_POINT('',#47);
#47 = CARTESIAN_POINT('',(0.,0.,10.));
#48 = SURFACE_CURVE('',#49,(#53,#65),.PCURVE_S1.);
#49 = LINE('',#50,#51);
#50 = CARTESIAN_POINT('',(0.,0.,0.));
#51 = VECTOR('',#52,1.);
#52 = DIRECTION('',(0.,0.,1.));
#53 = PCURVE('',#54,#59);
#54 = PLANE('',#55);
#55 = AXIS2_PLACEMENT_3D('',#56,#57,#58);
#56 = CARTESIAN_POINT('',(0.,0.,0.));
#57 = DIRECTION('',(1.,0.,0.));
#58 = DIRECTION('',(0.,0.,1.));
#59 = DEFINITIONAL_REPRESENTATION('',(#60),#64);
#60 = LINE('',#61,#62);
#61 = CARTESIAN_POINT('',(0.,0.));
#62 = VECTOR('',#63,1.);
#63 = DIRECTION('',(1.,0.));
#64 = ( GEOMETRIC_REPRESENTATION_CONTEXT(2) 
PARAMETRIC_REPRESENTATION_CONTEXT() REPRESENTATION_CONTEXT('2D SPACE',''
  ) );
#65 = PCURVE('',#66,#71);
#66 = PLANE('',#67);
#67 = AXIS2_PLACEMENT_3D('',#68,#69,#70);
#68 = CARTESIAN_POINT('',(0.,0.,0.));
#69 = DIRECTION('',(0.,1.,0.));
#70 = DIRECTION('',(0.,-0.,1.));
#71 = DEFINITIONAL_REPRESENTATION('',(#72),#76);
#72 = LINE('',#73,#74);
#73 = CARTESIAN_POINT('',(0.,0.));
#74 = VECTOR('',#75,1.);
#75 = DIRECTION('',(1.,0.));
#76 = ( GEOMETRIC_REPRESENTATION_CONTEXT(2) 
PARAMETRIC_REPRESENTATION_CONTEXT() REPRESENTATION_CONTEXT('2D SPACE',''
  ) );
#77 = ORIENTED_EDGE('',*,*,#78,.T.);
#78 = EDGE_CURVE('',#44,#79,#81,.T.);
#79 = VERTEX_POINT('',#80);
#80 = CARTESIAN_POINT('',(0.,16.,0.));
#81 = SURFACE_CURVE('',#82,(#86,#93),.PCURVE_S1.);
#82 = LINE('',#83,#84);
#83 = CARTESIAN_POINT('',(0.,0.,0.));
#84 = VECTOR('',#85,1.);
#85 = DIRECTION('',(0.,1.,0.));
#86 = PCURVE('',#54,#87);
#87 = DEFINITIONAL_REPRESENTATION('',(#88),#92);
#88 = LINE('',#89,#90);
#89 = CARTESIAN_POINT('',(0.,0.));
#90 = VECTOR('',#91,1.);
#91 = DIRECTION('',(0.,-1.));
#92 = ( GEOMETRIC_REPRESENTATION_CONTEXT(2) 
PARAMETRIC_REPRESENTATION_CONTEXT() REPRESENTATION_CONTEXT('2D SPACE',''
  ) );
#93 = PCURVE('',#94,#99);
#94 = PLANE('',#95);
#95 = AXIS2_PLACEMENT_3D('',#96,#97,#98);
#96 = CARTESIAN_POINT('',(0.,0.,0.));
#97 = DIRECTION('',(0.,0.,1.));
#98 = DIRECTION('',(1.,0.,-0.));
#99 = DEFINITIONAL_REPRESENTATION('',(#100),#104);
#100 = LINE('',#101,#102);
#101 = CARTESIAN_POINT('',(0.,0.));
#102 = VECTOR('',#103,1.);
#103 = DIRECTION('',(0.,1.));
#104 = ( GEOMETRIC_REPRESENTATION_CONTEXT(2) 
PARAMETRIC_REPRESENTATION_CONTEXT() REPRESENTATION_CONTEXT('2D SPACE',''
  ) );
#105 = ORIENTED_EDGE('',*,*,#106,.T.);
#106 = EDGE_CURVE('',#79,#107,#109,.T.);
#107 = VERTEX_POINT('',#108);
#108 = CARTESIAN_POINT('',(0.,16.,10.));
#109 = SURFACE_CURVE('',#110,(#114,#121),.PCURVE_S1.);
#110 = LINE('',#111,#112);
#111 = CARTESIAN_POINT('',(0.,16.,0.));
#112 = VECTOR('',#113,1.);
#113 = DIRECTION('',(0.,0.,1.));
#114 = PCURVE('',#54,#115);
#115 = DEFINITIONAL_REPRESENTATION('',(#116),#120);
#116 = LINE('',#117,#118);
#117 = CARTESIAN_POINT('',(0.,-16.));
#118 = VECTOR('',#119,1.);
#119 = DIRECTION('',(1.,0.));
#120 = ( GEOMETRIC_REPRESENTATION_CONTEXT(2) 
PARAMETRIC_REPRESENTATION_CONTEXT() REPRESENTATION_CONTEXT('2D SPACE',''
  ) );
#121 = PCURVE('',#122,#127);
#122 = PLANE('',#123);
#123 = AXIS2_PLACEMENT_3D('',#124,#125,#126);
#124 = CARTESIAN_POINT('',(0.,16.,0.));
#125 = DIRECTION('',(0.,1.,0.));
#126 = DIRECTION('',(0.,-0.,1.));
#127 = DEFINITIONAL_REPRESENTATION('',(#128),#132);
#128 = LINE('',#129,#130);
#129 = CARTESIAN_POINT('',(0.,0.));
#130 = VECTOR('',#131,1.);
#131 = DIRECTION('',(1.,0.));
#132 = ( GEOMETRIC_REPRESENTATION_CONTEXT(2) 
PARAMETRIC_REPRESENTATION_CONTEXT() REPRESENTATION_CONTEXT('2D SPACE',''
  ) );
#133 = ORIENTED_EDGE('',*,*,#134,.F.);
#134 = EDGE_CURVE('',#46,#107,#135,.T.);
#135 = SURFACE_CURVE('',#136,(#140,#147),.PCURVE_S1.);
#136 = LINE('',#137,#138);
#137 = CARTESIAN_POINT('',(0.,0.,10.));
#138 = VECTOR('',#139,1.);
#139 = DIRECTION('',(0.,1.,0.));
#140 = PCURVE('',#54,#141);
#141 = DEFINITIONAL_REPRESENTATION('',(#142),#146);
#142 = LINE('',#143,#144);
#143 = CARTESIAN_POINT('',(10.,0.));
#144 = VECTOR('',#145,1.);
#145 = DIRECTION('',(0.,-1.));
#146 = ( GEOMETRIC_REPRESENTATION_CONTEXT(2) 
PARAMETRIC_REPRESENTATION_CONTEXT() REPRESENTATION_CONTEXT('2D SPACE',''
  ) );
#147 = PCURVE('',#148,#153);
#148 = PLANE('',#149);
#149 = AXIS2_PLACEMENT_3D('',#150,#151,#152);
#150 = CARTESIAN_POINT('',(0.,0.,10.));
#151 = DIRECTION('',(0.,0.,1.));
#152 = DIRECTION('',(1.,0.,-0.));
#153 = DEFINITIONAL_REPRESENTATION('',(#154),#158);
#154 = LINE('',#155,#156);
#155 = CARTESIAN_POINT('',(0.,0.));
#156 = VECTOR('',#157,1.);
#157 = DIRECTION('',(0.,1.));
#158 = ( GEOMETRIC_REPRESENTATION_CONTEXT(2) 
PARAMETRIC_REPRESENTATION_CONTEXT() REPRESENTATION_CONTEXT('2D SPACE',''
  ) );
#159 = ADVANCED_FACE('',(#160),#174,.T.);
#160 = FACE_BOUND('',#161,.T.);
#161 = EDGE_LOOP('',(#162,#192,#215,#238));
#162 = ORIENTED_EDGE('',*,*,#163,.F.);
#163 = EDGE_CURVE('',#164,#166,#168,.T.);
#164 = VERTEX_POINT('',#165);
#165 = CARTESIAN_POINT('',(20.,0.,0.));
#166 = VERTEX_POINT('',#167);
#167 = CARTESIAN_POINT('',(20.,0.,10.));
#168 = SURFACE_CURVE('',#169,(#173,#185),.PCURVE_S1.);
#169 = LINE('',#170,#171);
#170 = CARTESIAN_POINT('',(20.,0.,0.));
#171 = VECTOR('',#172,1.);
#172 = DIRECTION('',(0.,0.,1.));
#173 = PCURVE('',#174,#179);
#174 = PLANE('',#175);
#175 = AXIS2_PLACEMENT_3D('',#176,#177,#178);
#176 = CARTESIAN_POINT('',(20.,0.,0.));
#177 = DIRECTION('',(1.,0.,0.));
#178 = DIRECTION('',(0.,0.,1.));
#179 = DEFINITIONAL_REPRESENTATION('',(#180),#184);
#180 = LINE('',#181,#182);
#181 = CARTESIAN_POINT('',(0.,0.));
#182 = VECTOR('',#183,1.);
#183 = DIRECTION('',(1.,0.));
#184 = ( GEOMETRIC_REPRESENTATION_CONTEXT(2) 
PARAMETRIC_REPRESENTATION_CONTEXT() REPRESENTATION_CONTEXT('2D SPACE',''
  ) );
#185 = PCURVE('',#66,#186);
#186 = DEFINITIONAL_REPRESENTATION('',(#187),#191);
#187 = LINE('',#188,#189);
#188 = CARTESIAN_POINT('',(0.,20.));
#189 = VECTOR('',#190,1.);
#190 = DIRECTION('',(1.,0.));
#191 = ( GEOMETRIC_REPRESENTATION_CONTEXT(2) 
PARAMETRIC_REPRESENTATION_CONTEXT() REPRESENTATION_CONTEXT('2D SPACE',''
  ) );
#192 = ORIENTED_EDGE('',*,*,#193,.T.);
#193 = EDGE_CURVE('',#164,#194,#196,.T.);
#194 = VERTEX_POINT('',#195);
#195 = CARTESIAN_POINT('',(20.,16.,0.));
#196 = SURFACE_CURVE('',#197,(#201,#208),.PCURVE_S1.);
#197 = LINE('',#198,#199);
#198 = CARTESIAN_POINT('',(20.,0.,0.));
#199 = VECTOR('',#200,1.);
#200 = DIRECTION('',(0.,1.,0.));
#201 = PCURVE('',#174,#202);
#202 = DEFINITIONAL_REPRESENTATION('',(#203),#207);
#203 = LINE('',#204,#205);
#204 = CARTESIAN_POINT('',(0.,0.));
#205 = VECTOR('',#206,1.);
#206 = DIRECTION('',(0.,-1.));
#207 = ( GEOMETRIC_REPRESENTATION_CONTEXT(2) 
PARAMETRIC_REPRESENTATION_CONTEXT() REPRESENTATION_CONTEXT('2D SPACE',''
  ) );
#208 = PCURVE('',#94,#209);
#209 = DEFINITIONAL_REPRESENTATION('',(#210),#214);
#210 = LINE('',#211,#212);
#211 = CARTESIAN_POINT('',(20.,0.));
#212 = VECTOR('',#213,1.);
#213 = DIRECTION('',(0.,1.));
#214 = ( GEOMETRIC_REPRESENTATION_CONTEXT(2) 
PARAMETRIC_REPRESENTATION_CONTEXT() REPRESENTATION_CONTEXT('2D SPACE',''
  ) );
#215 = ORIENTED_EDGE('',*,*,#216,.T.);
#216 = EDGE_CURVE('',#194,#217,#219,.T.);
#217 = VERTEX_POINT('',#218);
#218 = CARTESIAN_POINT('',(20.,16.,10.));
#219 = SURFACE_CURVE('',#220,(#224,#231),.PCURVE_S1.);
#220 = LINE('',#221,#222);
#221 = CARTESIAN_POINT('',(20.,16.,0.));
#222 = VECTOR('',#223,1.);
#223 = DIRECTION('',(0.,0.,1.));
#224 = PCURVE('',#174,#225);
#225 = DEFINITIONAL_REPRESENTATION('',(#226),#230);
#226 = LINE('',#227,#228);
#227 = CARTESIAN_POINT('',(0.,-16.));
#228 = VECTOR('',#229,1.);
#229 = DIRECTION('',(1.,0.));
#230 = ( GEOMETRIC_REPRESENTATION_CONTEXT(2) 
PARAMETRIC_REPRESENTATION_CONTEXT() REPRESENTATION_CONTEXT('2D SPACE',''
  ) );
#231 = PCURVE('',#122,#232);
#232 = DEFINITIONAL_REPRESENTATION('',(#233),#237);
#233 = LINE('',#234,#235);
#234 = CARTESIAN_POINT('',(0.,20.));
#235 = VECTOR('',#236,1.);
#236 = DIRECTION('',(1.,0.));
#237 = ( GEOMETRIC_REPRESENTATION_CONTEXT(2) 
PARAMETRIC_REPRESENTATION_CONTEXT() REPRESENTATION_CONTEXT('2D SPACE',''
  ) );
#238 = ORIENTED_EDGE('',*,*,#239,.F.);
#239 = EDGE_CURVE('',#166,#217,#240,.T.);
#240 = SURFACE_CURVE('',#241,(#245,#252),.PCURVE_S1.);
#241 = LINE('',#242,#243);
#242 = CARTESIAN_POINT('',(20.,0.,10.));
#243 = VECTOR('',#244,1.);
#244 = DIRECTION('',(0.,1.,0.));
#245 = PCURVE('',#174,#246);
#246 = DEFINITIONAL_REPRESENTATION('',(#247),#251);
#247 = LINE('',#248,#249);
#248 = CARTESIAN_POINT('',(10.,0.));
#249 = VECTOR('',#250,1.);
#250 = DIRECTION('',(0.,-1.));
#251 = ( GEOMETRIC_REPRESENTATION_CONTEXT(2) 
PARAMETRIC_REPRESENTATION_CONTEXT() REPRESENTATION_CONTEXT('2D SPACE',''
  ) );
#252 = PCURVE('',#148,#253);
#253 = DEFINITIONAL_REPRESENTATION('',(#254),#258);
#254 = LINE('',#255,#256);
#255 = CARTESIAN_POINT('',(20.,0.));
#256 = VECTOR('',#257,1.);
#257 = DIRECTION('',(0.,1.));
#258 = ( GEOMETRIC_REPRESENTATION_CONTEXT(2) 
PARAMETRIC_REPRESENTATION_CONTEXT() REPRESENTATION_CONTEXT('2D SPACE',''
  ) );
#259 = ADVANCED_FACE('',(#260),#66,.F.);
#260 = FACE_BOUND('',#261,.F.);
#261 = EDGE_LOOP('',(#262,#283,#284,#305));
#262 = ORIENTED_EDGE('',*,*,#263,.F.);
#263 = EDGE_CURVE('',#44,#164,#264,.T.);
#264 = SURFACE_CURVE('',#265,(#269,#276),.PCURVE_S1.);
#265 = LINE('',#266,#267);
#266 = CARTESIAN_POINT('',(0.,0.,0.));
#267 = VECTOR('',#268,1.);
#268 = DIRECTION('',(1.,0.,0.));
#269 = PCURVE('',#66,#270);
#270 = DEFINITIONAL_REPRESENTATION('',(#271),#275);
#271 = LINE('',#272,#273);
#272 = CARTESIAN_POINT('',(0.,0.));
#273 = VECTOR('',#274,1.);
#274 = DIRECTION('',(0.,1.));
#275 = ( GEOMETRIC_REPRESENTATION_CONTEXT(2) 
PARAMETRIC_REPRESENTATION_CONTEXT() REPRESENTATION_CONTEXT('2D SPACE',''
  ) );
#276 = PCURVE('',#94,#277);
#277 = DEFINITIONAL_REPRESENTATION('',(#278),#282);
#278 = LINE('',#279,#280);
#279 = CARTESIAN_POINT('',(0.,0.));
#280 = VECTOR('',#281,1.);
#281 = DIRECTION('',(1.,0.));
#282 = ( GEOMETRIC_REPRESENTATION_CONTEXT(2) 
PARAMETRIC_REPRESENTATION_CONTEXT() REPRESENTATION_CONTEXT('2D SPACE',''
  ) );
#283 = ORIENTED_EDGE('',*,*,#43,.T.);
#284 = ORIENTED_EDGE('',*,*,#285,.T.);
#285 = EDGE_CURVE('',#46,#166,#286,.T.);
#286 = SURFACE_CURVE('',#287,(#291,#298),.PCURVE_S1.);
#287 = LINE('',#288,#289);
#288 = CARTESIAN_POINT('',(0.,0.,10.));
#289 = VECTOR('',#290,1.);
#290 = DIRECTION('',(1.,0.,0.));
#291 = PCURVE('',#66,#292);
#292 = DEFINITIONAL_REPRESENTATION('',(#293),#297);
#293 = LINE('',#294,#295);
#294 = CARTESIAN_POINT('',(10.,0.));
#295 = VECTOR('',#296,1.);
#296 = DIRECTION('',(0.,1.));
#297 = ( GEOMETRIC_REPRESENTATION_CONTEXT(2) 
PARAMETRIC_REPRESENTATION_CONTEXT() REPRESENTATION_CONTEXT('2D SPACE',''
  ) );
#298 = PCURVE('',#148,#299);
#299 = DEFINITIONAL_REPRESENTATION('',(#300),#304);
#300 = LINE('',#301,#302);
#301 = CARTESIAN_POINT('',(0.,0.));
#302 = VECTOR('',#303,1.);
#303 = DIRECTION('',(1.,0.));
#304 = ( GEOMETRIC_REPRESENTATION_CONTEXT(2) 
PARAMETRIC_REPRESENTATION_CONTEXT() REPRESENTATION_CONTEXT('2D SPACE',''
  ) );
#305 = ORIENTED_EDGE('',*,*,#163,.F.);
#306 = ADVANCED_FACE('',(#307),#122,.T.);
#307 = FACE_BOUND('',#308,.T.);
#308 = EDGE_LOOP('',(#309,#330,#331,#352));
#309 = ORIENTED_EDGE('',*,*,#310,.F.);
#310 = EDGE_CURVE('',#79,#194,#311,.T.);
#311 = SURFACE_CURVE('',#312,(#316,#323),.PCURVE_S1.);
#312 = LINE('',#313,#314);
#313 = CARTESIAN_POINT('',(0.,16.,0.));
#314 = VECTOR('',#315,1.);
#315 = DIRECTION('',(1.,0.,0.));
#316 = PCURVE('',#122,#317);
#317 = DEFINITIONAL_REPRESENTATION('',(#318),#322);
#318 = LINE('',#319,#320);
#319 = CARTESIAN_POINT('',(0.,0.));
#320 = VECTOR('',#321,1.);
#321 = DIRECTION('',(0.,1.));
#322 = ( GEOMETRIC_REPRESENTATION_CONTEXT(2) 
PARAMETRIC_REPRESENTATION_CONTEXT() REPRESENTATION_CONTEXT('2D SPACE',''
  ) );
#323 = PCURVE('',#94,#324);
#324 = DEFINITIONAL_REPRESENTATION('',(#325),#329);
#325 = LINE('',#326,#327);
#326 = CARTESIAN_POINT('',(0.,16.));
#327 = VECTOR('',#328,1.);
#328 = DIRECTION('',(1.,0.));
#329 = ( GEOMETRIC_REPRESENTATION_CONTEXT(2) 
PARAMETRIC_REPRESENTATION_CONTEXT() REPRESENTATION_CONTEXT('2D SPACE',''
  ) );
#330 = ORIENTED_EDGE('',*,*,#106,.T.);
#331 = ORIENTED_EDGE('',*,*,#332,.T.);
#332 = EDGE_CURVE('',#107,#217,#333,.T.);
#333 = SURFACE_CURVE('',#334,(#338,#345),.PCURVE_S1.);
#334 = LINE('',#335,#336);
#335 = CARTESIAN_POINT('',(0.,16.,10.));
#336 = VECTOR('',#337,1.);
#337 = DIRECTION('',(1.,0.,0.));
#338 = PCURVE('',#122,#339);
#339 = DEFINITIONAL_REPRESENTATION('',(#340),#344);
#340 = LINE('',#341,#342);
#341 = CARTESIAN_POINT('',(10.,0.));
#342 = VECTOR('',#343,1.);
#343 = DIRECTION('',(0.,1.));
#344 = ( GEOMETRIC_REPRESENTATION_CONTEXT(2) 
PARAMETRIC_REPRESENTATION_CONTEXT() REPRESENTATION_CONTEXT('2D SPACE',''
  ) );
#345 = PCURVE('',#148,#346);
#346 = DEFINITIONAL_REPRESENTATION('',(#347),#351);
#347 = LINE('',#348,#349);
#348 = CARTESIAN_POINT('',(0.,16.));
#349 = VECTOR('',#350,1.);
#350 = DIRECTION('',(1.,0.));
#351 = ( GEOMETRIC_REPRESENTATION_CONTEXT(2) 
PARAMETRIC_REPRESENTATION_CONTEXT() REPRESENTATION_CONTEXT('2D SPACE',''
  ) );
#352 = ORIENTED_EDGE('',*,*,#216,.F.);
#353 = ADVANCED_FACE('',(#354),#94,.F.);
#354 = FACE_BOUND('',#355,.F.);
#355 = EDGE_LOOP('',(#356,#357,#358,#359));
#356 = ORIENTED_EDGE('',*,*,#78,.F.);
#357 = ORIENTED_EDGE('',*,*,#263,.T.);
#358 = ORIENTED_EDGE('',*,*,#193,.T.);
#359 = ORIENTED_EDGE('',*,*,#310,.F.);
#360 = ADVANCED_FACE('',(#361),#148,.T.);
#361 = FACE_BOUND('',#362,.T.);
#362 = EDGE_LOOP('',(#363,#364,#365,#366));
#363 = ORIENTED_EDGE('',*,*,#134,.F.);
#364 = ORIENTED_EDGE('',*,*,#285,.T.);
#365 = ORIENTED_EDGE('',*,*,#239,.T.);
#366 = ORIENTED_EDGE('',*,*,#332,.F.);
#367 = ( GEOMETRIC_REPRESENTATION_CONTEXT(3) 
GLOBAL_UNCERTAINTY_ASSIGNED_CONTEXT((#371)) GLOBAL_UNIT_ASSIGNED_CONTEXT
((#368,#369,#370)) REPRESENTATION_CONTEXT('Context #1',
  '3D Context with UNIT and UNCERTAINTY') );
#368 = ( LENGTH_UNIT() NAMED_UNIT(*) SI_UNIT(.MILLI.,.METRE.) );
#369 = ( NAMED_UNIT(*) PLANE_ANGLE_UNIT() SI_UNIT($,.RADIAN.) );
#370 = ( NAMED_UNIT(*) SI_UNIT($,.STERADIAN.) SOLID_ANGLE_UNIT() );
#371 = UNCERTAINTY_MEASURE_WITH_UNIT(LENGTH_MEASURE(1.E-07),#368,
  'distance_accuracy_value','confusion accuracy');
#372 = CONTEXT_DEPENDENT_SHAPE_REPRESENTATION(#373,#375);
#373 = ( REPRESENTATION_RELATIONSHIP('','',#36,#10) 
REPRESENTATION_RELATIONSHIP_WITH_TRANSFORMATION(#374) 
SHAPE_REPRESENTATION_RELATIONSHIP() );
#374 = ITEM_DEFINED_TRANSFORMATION('','',#11,#15);
#375 = PRODUCT_DEFINITION_SHAPE('Placement','Placement of an item',#376
  );
#376 = NEXT_ASSEMBLY_USAGE_OCCURRENCE('1','','',#5,#31,$);
#377 = PRODUCT_RELATED_PRODUCT_CATEGORY('part',$,(#33));
#378 = SHAPE_DEFINITION_REPRESENTATION(#379,#385);
#379 = PRODUCT_DEFINITION_SHAPE('','',#380);
#380 = PRODUCT_DEFINITION('design','',#381,#384);
#381 = PRODUCT_DEFINITION_FORMATION('','',#382);
#382 = PRODUCT('Open CASCADE STEP translator 7.9 1.2',
  'Open CASCADE STEP translator 7.9 1.2','',(#383));
#383 = PRODUCT_CONTEXT('',#2,'mechanical');
#384 = PRODUCT_DEFINITION_CONTEXT('part definition',#2,'design');
#385 = ADVANCED_BREP_SHAPE_REPRESENTATION('',(#11,#386),#11848);
#386 = MANIFOLD_SOLID_BREP('',#387);
#387 = CLOSED_SHELL('',(#388,#476,#2729,#3259,#7012,#7279,#7491,#7663,
    #7856,#8028,#8221,#8411,#8583,#8776,#8948,#9120,#9292,#9485,#9678,
    #9871,#10064,#10236,#10450,#10643,#10821,#10848,#10934,#11185,#11304
    ,#11311,#11366,#11540,#11616,#11733,#11760,#11787,#11814,#11841));
#388 = ADVANCED_FACE('',(#389),#403,.T.);
#389 = FACE_BOUND('',#390,.F.);
#390 = EDGE_LOOP('',(#391,#421,#448,#449));
#391 = ORIENTED_EDGE('',*,*,#392,.T.);
#392 = EDGE_CURVE('',#393,#395,#397,.T.);
#393 = VERTEX_POINT('',#394);
#394 = CARTESIAN_POINT('',(55.,0.,20.));
#395 = VERTEX_POINT('',#396);
#396 = CARTESIAN_POINT('',(55.,0.,25.4));
#397 = SEAM_CURVE('',#398,(#402,#414),.PCURVE_S1.);
#398 = LINE('',#399,#400);
#399 = CARTESIAN_POINT('',(55.,0.,20.));
#400 = VECTOR('',#401,1.);
#401 = DIRECTION('',(0.,0.,1.));
#402 = PCURVE('',#403,#408);
#403 = CYLINDRICAL_SURFACE('',#404,5.);
#404 = AXIS2_PLACEMENT_3D('',#405,#406,#407);
#405 = CARTESIAN_POINT('',(50.,0.,20.));
#406 = DIRECTION('',(-0.,-0.,-1.));
#407 = DIRECTION('',(1.,0.,0.));
#408 = DEFINITIONAL_REPRESENTATION('',(#409),#413);
#409 = LINE('',#410,#411);
#410 = CARTESIAN_POINT('',(-0.,0.));
#411 = VECTOR('',#412,1.);
#412 = DIRECTION('',(-0.,-1.));
#413 = ( GEOMETRIC_REPRESENTATION_CONTEXT(2) 
PARAMETRIC_REPRESENTATION_CONTEXT() REPRESENTATION_CONTEXT('2D SPACE',''
  ) );
#414 = PCURVE('',#403,#415);
#415 = DEFINITIONAL_REPRESENTATION('',(#416),#420);
#416 = LINE('',#417,#418);
#417 = CARTESIAN_POINT('',(-6.28318530718,0.));
#418 = VECTOR('',#419,1.);
#419 = DIRECTION('',(-0.,-1.));
#420 = ( GEOMETRIC_REPRESENTATION_CONTEXT(2) 
PARAMETRIC_REPRESENTATION_CONTEXT() REPRESENTATION_CONTEXT('2D SPACE',''
  ) );
#421 = ORIENTED_EDGE('',*,*,#422,.T.);
#422 = EDGE_CURVE('',#395,#395,#423,.T.);
#423 = SURFACE_CURVE('',#424,(#429,#436),.PCURVE_S1.);
#424 = CIRCLE('',#425,5.);
#425 = AXIS2_PLACEMENT_3D('',#426,#427,#428);
#426 = CARTESIAN_POINT('',(50.,0.,25.4));
#427 = DIRECTION('',(0.,0.,1.));
#428 = DIRECTION('',(1.,0.,-0.));
#429 = PCURVE('',#403,#430);
#430 = DEFINITIONAL_REPRESENTATION('',(#431),#435);
#431 = LINE('',#432,#433);
#432 = CARTESIAN_POINT('',(-0.,-5.4));
#433 = VECTOR('',#434,1.);
#434 = DIRECTION('',(-1.,0.));
#435 = ( GEOMETRIC_REPRESENTATION_CONTEXT(2) 
PARAMETRIC_REPRESENTATION_CONTEXT() REPRESENTATION_CONTEXT('2D SPACE',''
  ) );
#436 = PCURVE('',#437,#442);
#437 = CONICAL_SURFACE('',#438,5.,0.785398163397);
#438 = AXIS2_PLACEMENT_3D('',#439,#440,#441);
#439 = CARTESIAN_POINT('',(50.,0.,25.4));
#440 = DIRECTION('',(-0.,-0.,-1.));
#441 = DIRECTION('',(1.,0.,0.));
#442 = DEFINITIONAL_REPRESENTATION('',(#443),#447);
#443 = LINE('',#444,#445);
#444 = CARTESIAN_POINT('',(-0.,-0.));
#445 = VECTOR('',#446,1.);
#446 = DIRECTION('',(-1.,-0.));
#447 = ( GEOMETRIC_REPRESENTATION_CONTEXT(2) 
PARAMETRIC_REPRESENTATION_CONTEXT() REPRESENTATION_CONTEXT('2D SPACE',''
  ) );
#448 = ORIENTED_EDGE('',*,*,#392,.F.);
#449 = ORIENTED_EDGE('',*,*,#450,.F.);
#450 = EDGE_CURVE('',#393,#393,#451,.T.);
#451 = SURFACE_CURVE('',#452,(#457,#464),.PCURVE_S1.);
#452 = CIRCLE('',#453,5.);
#453 = AXIS2_PLACEMENT_3D('',#454,#455,#456);
#454 = CARTESIAN_POINT('',(50.,0.,20.));
#455 = DIRECTION('',(0.,0.,1.));
#456 = DIRECTION('',(1.,0.,0.));
#457 = PCURVE('',#403,#458);
#458 = DEFINITIONAL_REPRESENTATION('',(#459),#463);
#459 = LINE('',#460,#461);
#460 = CARTESIAN_POINT('',(-0.,0.));
#461 = VECTOR('',#462,1.);
#462 = DIRECTION('',(-1.,0.));
#463 = ( GEOMETRIC_REPRESENTATION_CONTEXT(2) 
PARAMETRIC_REPRESENTATION_CONTEXT() REPRESENTATION_CONTEXT('2D SPACE',''
  ) );
#464 = PCURVE('',#465,#470);
#465 = PLANE('',#466);
#466 = AXIS2_PLACEMENT_3D('',#467,#468,#469);
#467 = CARTESIAN_POINT('',(50.,3.428682531579E-16,20.));
#468 = DIRECTION('',(0.,0.,1.));
#469 = DIRECTION('',(1.,0.,-0.));
#470 = DEFINITIONAL_REPRESENTATION('',(#471),#475);
#471 = CIRCLE('',#472,5.);
#472 = AXIS2_PLACEMENT_2D('',#473,#474);
#473 = CARTESIAN_POINT('',(0.,-3.428682531579E-16));
#474 = DIRECTION('',(1.,0.));
#475 = ( GEOMETRIC_REPRESENTATION_CONTEXT(2) 
PARAMETRIC_REPRESENTATION_CONTEXT() REPRESENTATION_CONTEXT('2D SPACE',''
  ) );
#476 = ADVANCED_FACE('',(#477,#480),#465,.F.);
#477 = FACE_BOUND('',#478,.F.);
#478 = EDGE_LOOP('',(#479));
#479 = ORIENTED_EDGE('',*,*,#450,.T.);
#480 = FACE_BOUND('',#481,.F.);
#481 = EDGE_LOOP('',(#482,#513,#541,#2198));
#482 = ORIENTED_EDGE('',*,*,#483,.F.);
#483 = EDGE_CURVE('',#484,#486,#488,.T.);
#484 = VERTEX_POINT('',#485);
#485 = CARTESIAN_POINT('',(53.,0.,20.));
#486 = VERTEX_POINT('',#487);
#487 = CARTESIAN_POINT('',(47.228357523393,-1.14804093214,20.));
#488 = SURFACE_CURVE('',#489,(#494,#501),.PCURVE_S1.);
#489 = CIRCLE('',#490,3.);
#490 = AXIS2_PLACEMENT_3D('',#491,#492,#493);
#491 = CARTESIAN_POINT('',(50.,0.,20.));
#492 = DIRECTION('',(0.,0.,1.));
#493 = DIRECTION('',(1.,0.,0.));
#494 = PCURVE('',#465,#495);
#495 = DEFINITIONAL_REPRESENTATION('',(#496),#500);
#496 = CIRCLE('',#497,3.);
#497 = AXIS2_PLACEMENT_2D('',#498,#499);
#498 = CARTESIAN_POINT('',(0.,-3.428682531579E-16));
#499 = DIRECTION('',(1.,0.));
#500 = ( GEOMETRIC_REPRESENTATION_CONTEXT(2) 
PARAMETRIC_REPRESENTATION_CONTEXT() REPRESENTATION_CONTEXT('2D SPACE',''
  ) );
#501 = PCURVE('',#502,#507);
#502 = CYLINDRICAL_SURFACE('',#503,3.);
#503 = AXIS2_PLACEMENT_3D('',#504,#505,#506);
#504 = CARTESIAN_POINT('',(50.,0.,0.));
#505 = DIRECTION('',(-0.,-0.,-1.));
#506 = DIRECTION('',(1.,0.,0.));
#507 = DEFINITIONAL_REPRESENTATION('',(#508),#512);
#508 = LINE('',#509,#510);
#509 = CARTESIAN_POINT('',(-0.,-20.));
#510 = VECTOR('',#511,1.);
#511 = DIRECTION('',(-1.,0.));
#512 = ( GEOMETRIC_REPRESENTATION_CONTEXT(2) 
PARAMETRIC_REPRESENTATION_CONTEXT() REPRESENTATION_CONTEXT('2D SPACE',''
  ) );
#513 = ORIENTED_EDGE('',*,*,#514,.F.);
#514 = EDGE_CURVE('',#515,#484,#517,.T.);
#515 = VERTEX_POINT('',#516);
#516 = CARTESIAN_POINT('',(52.386565338987,-5.534455884055E-08,20.));
#517 = SURFACE_CURVE('',#518,(#522,#529),.PCURVE_S1.);
#518 = LINE('',#519,#520);
#519 = CARTESIAN_POINT('',(51.427074929935,-1.419111168538E-07,20.));
#520 = VECTOR('',#521,1.);
#521 = DIRECTION('',(1.,9.022138967036E-08,-0.));
#522 = PCURVE('',#465,#523);
#523 = DEFINITIONAL_REPRESENTATION('',(#524),#528);
#524 = LINE('',#525,#526);
#525 = CARTESIAN_POINT('',(1.427074929935,-1.419111171967E-07));
#526 = VECTOR('',#527,1.);
#527 = DIRECTION('',(1.,9.022138967036E-08));
#528 = ( GEOMETRIC_REPRESENTATION_CONTEXT(2) 
PARAMETRIC_REPRESENTATION_CONTEXT() REPRESENTATION_CONTEXT('2D SPACE',''
  ) );
#529 = PCURVE('',#530,#535);
#530 = PLANE('',#531);
#531 = AXIS2_PLACEMENT_3D('',#532,#533,#534);
#532 = CARTESIAN_POINT('',(52.854149859871,-1.315843351116E-08,
    20.000000248037));
#533 = DIRECTION('',(-9.022138967036E-08,1.,-4.907028058987E-13));
#534 = DIRECTION('',(1.,9.022138967036E-08,-3.045102446193E-36));
#535 = DEFINITIONAL_REPRESENTATION('',(#536),#540);
#536 = LINE('',#537,#538);
#537 = CARTESIAN_POINT('',(-1.427074929935,2.480374767799E-07));
#538 = VECTOR('',#539,1.);
#539 = DIRECTION('',(1.,-1.604295498297E-35));
#540 = ( GEOMETRIC_REPRESENTATION_CONTEXT(2) 
PARAMETRIC_REPRESENTATION_CONTEXT() REPRESENTATION_CONTEXT('2D SPACE',''
  ) );
#541 = ORIENTED_EDGE('',*,*,#542,.F.);
#542 = EDGE_CURVE('',#543,#515,#545,.T.);
#543 = VERTEX_POINT('',#544);
#544 = CARTESIAN_POINT('',(51.738599249984,-1.738600353931,20.));
#545 = SURFACE_CURVE('',#546,(#567,#591),.PCURVE_S1.);
#546 = B_SPLINE_CURVE_WITH_KNOTS('',7,(#547,#548,#549,#550,#551,#552,
    #553,#554,#555,#556,#557,#558,#559,#560,#561,#562,#563,#564,#565,
    #566),.UNSPECIFIED.,.F.,.F.,(8,6,6,8),(0.,0.198811355787,
    0.439858318286,1.),.UNSPECIFIED.);
#547 = CARTESIAN_POINT('',(51.738599249984,-1.738600353931,20.));
#548 = CARTESIAN_POINT('',(51.767838405729,-1.701973378509,20.));
#549 = CARTESIAN_POINT('',(51.797649334938,-1.663884913431,20.));
#550 = CARTESIAN_POINT('',(51.827616751803,-1.624494543584,20.));
#551 = CARTESIAN_POINT('',(51.85746056009,-1.583917257999,20.));
#552 = CARTESIAN_POINT('',(51.886977951135,-1.542241064824,20.));
#553 = CARTESIAN_POINT('',(51.916012829617,-1.499532214189,20.));
#554 = CARTESIAN_POINT('',(51.978934059934,-1.402839299788,20.));
#555 = CARTESIAN_POINT('',(52.012525878781,-1.348409569343,20.));
#556 = CARTESIAN_POINT('',(52.045008399222,-1.292636323654,20.));
#557 = CARTESIAN_POINT('',(52.07621777898,-1.23560869108,20.));
#558 = CARTESIAN_POINT('',(52.106024015385,-1.17741155101,20.));
#559 = CARTESIAN_POINT('',(52.13431874964,-1.118127176426,20.));
#560 = CARTESIAN_POINT('',(52.223044133863,-0.917726893361,20.));
#561 = CARTESIAN_POINT('',(52.276429031544,-0.772178882718,20.));
#562 = CARTESIAN_POINT('',(52.320022229661,-0.622236932836,20.));
#563 = CARTESIAN_POINT('',(52.353172855083,-0.468943915744,20.));
#564 = CARTESIAN_POINT('',(52.375431027182,-0.313382635209,20.));
#565 = CARTESIAN_POINT('',(52.386565277594,-0.156675869961,20.));
#566 = CARTESIAN_POINT('',(52.386565338987,-5.534455782552E-08,20.));
#567 = PCURVE('',#465,#568);
#568 = DEFINITIONAL_REPRESENTATION('',(#569),#590);
#569 = B_SPLINE_CURVE_WITH_KNOTS('',7,(#570,#571,#572,#573,#574,#575,
    #576,#577,#578,#579,#580,#581,#582,#583,#584,#585,#586,#587,#588,
    #589),.UNSPECIFIED.,.F.,.F.,(8,6,6,8),(0.,0.198811355787,
    0.439858318286,1.),.UNSPECIFIED.);
#570 = CARTESIAN_POINT('',(1.738599249984,-1.738600353931));
#571 = CARTESIAN_POINT('',(1.767838405729,-1.701973378509));
#572 = CARTESIAN_POINT('',(1.797649334938,-1.663884913431));
#573 = CARTESIAN_POINT('',(1.827616751803,-1.624494543584));
#574 = CARTESIAN_POINT('',(1.85746056009,-1.583917257999));
#575 = CARTESIAN_POINT('',(1.886977951135,-1.542241064824));
#576 = CARTESIAN_POINT('',(1.916012829617,-1.499532214189));
#577 = CARTESIAN_POINT('',(1.978934059934,-1.402839299788));
#578 = CARTESIAN_POINT('',(2.012525878781,-1.348409569343));
#579 = CARTESIAN_POINT('',(2.045008399222,-1.292636323654));
#580 = CARTESIAN_POINT('',(2.07621777898,-1.23560869108));
#581 = CARTESIAN_POINT('',(2.106024015385,-1.17741155101));
#582 = CARTESIAN_POINT('',(2.13431874964,-1.118127176426));
#583 = CARTESIAN_POINT('',(2.223044133863,-0.917726893361));
#584 = CARTESIAN_POINT('',(2.276429031544,-0.772178882718));
#585 = CARTESIAN_POINT('',(2.320022229661,-0.622236932836));
#586 = CARTESIAN_POINT('',(2.353172855083,-0.468943915744));
#587 = CARTESIAN_POINT('',(2.375431027182,-0.313382635209));
#588 = CARTESIAN_POINT('',(2.386565277594,-0.156675869961));
#589 = CARTESIAN_POINT('',(2.386565338987,-5.534455816839E-08));
#590 = ( GEOMETRIC_REPRESENTATION_CONTEXT(2) 
PARAMETRIC_REPRESENTATION_CONTEXT() REPRESENTATION_CONTEXT('2D SPACE',''
  ) );
#591 = PCURVE('',#592,#2175);
#592 = ( BOUNDED_SURFACE() B_SPLINE_SURFACE(6,8,(
    (#593,#594,#595,#596,#597,#598,#599,#600,#601,#602,#603,#604,#605
      ,#606,#607,#608,#609,#610,#611,#612,#613,#614,#615,#616,#617,#618
      ,#619,#620,#621,#622,#623,#624,#625,#626,#627,#628,#629,#630,#631
      ,#632,#633,#634,#635,#636,#637,#638,#639,#640,#641,#642,#643,#644
      ,#645,#646,#647,#648,#649,#650,#651,#652,#653,#654,#655,#656,#657
      ,#658,#659,#660,#661,#662,#663,#664,#665,#666,#667,#668,#669,#670
      ,#671,#672,#673,#674,#675,#676,#677,#678,#679,#680,#681,#682,#683
      ,#684,#685,#686,#687,#688,#689,#690,#691,#692,#693,#694,#695,#696
      ,#697,#698,#699,#700,#701,#702,#703,#704,#705,#706,#707,#708,#709
      ,#710,#711,#712,#713,#714,#715,#716,#717,#718,#719,#720,#721,#722
      ,#723,#724,#725,#726,#727,#728,#729,#730,#731,#732,#733,#734,#735
      ,#736,#737,#738,#739,#740,#741,#742,#743,#744,#745,#746,#747,#748
      ,#749,#750,#751,#752,#753,#754,#755,#756,#757,#758,#759,#760,#761
      ,#762,#763,#764,#765,#766,#767,#768,#769,#770,#771,#772,#773,#774
      ,#775,#776,#777,#778,#779,#780,#781,#782,#783,#784,#785,#786,#787
      ,#788,#789,#790,#791,#792,#793,#794,#795,#796,#797,#798,#799,#800
      ,#801,#802,#803,#804,#805,#806,#807,#808,#809,#810,#811,#812,#813
      ,#814,#815,#816,#817,#818)
    ,(#819,#820,#821,#822,#823,#824,#825,#826,#827,#828,#829,#830,#831
      ,#832,#833,#834,#835,#836,#837,#838,#839,#840,#841,#842,#843,#844
      ,#845,#846,#847,#848,#849,#850,#851,#852,#853,#854,#855,#856,#857
      ,#858,#859,#860,#861,#862,#863,#864,#865,#866,#867,#868,#869,#870
      ,#871,#872,#873,#874,#875,#876,#877,#878,#879,#880,#881,#882,#883
      ,#884,#885,#886,#887,#888,#889,#890,#891,#892,#893,#894,#895,#896
      ,#897,#898,#899,#900,#901,#902,#903,#904,#905,#906,#907,#908,#909
      ,#910,#911,#912,#913,#914,#915,#916,#917,#918,#919,#920,#921,#922
      ,#923,#924,#925,#926,#927,#928,#929,#930,#931,#932,#933,#934,#935
      ,#936,#937,#938,#939,#940,#941,#942,#943,#944,#945,#946,#947,#948
      ,#949,#950,#951,#952,#953,#954,#955,#956,#957,#958,#959,#960,#961
      ,#962,#963,#964,#965,#966,#967,#968,#969,#970,#971,#972,#973,#974
      ,#975,#976,#977,#978,#979,#980,#981,#982,#983,#984,#985,#986,#987
      ,#988,#989,#990,#991,#992,#993,#994,#995,#996,#997,#998,#999,#1000
      ,#1001,#1002,#1003,#1004,#1005,#1006,#1007,#1008,#1009,#1010,#1011
      ,#1012,#1013,#1014,#1015,#1016,#1017,#1018,#1019,#1020,#1021,#1022
      ,#1023,#1024,#1025,#1026,#1027,#1028,#1029,#1030,#1031,#1032,#1033
      ,#1034,#1035,#1036,#1037,#1038,#1039,#1040,#1041,#1042,#1043,#1044
      )
    ,(#1045,#1046,#1047,#1048,#1049,#1050,#1051,#1052,#1053,#1054,#1055
      ,#1056,#1057,#1058,#1059,#1060,#1061,#1062,#1063,#1064,#1065,#1066
      ,#1067,#1068,#1069,#1070,#1071,#1072,#1073,#1074,#1075,#1076,#1077
      ,#1078,#1079,#1080,#1081,#1082,#1083,#1084,#1085,#1086,#1087,#1088
      ,#1089,#1090,#1091,#1092,#1093,#1094,#1095,#1096,#1097,#1098,#1099
      ,#1100,#1101,#1102,#1103,#1104,#1105,#1106,#1107,#1108,#1109,#1110
      ,#1111,#1112,#1113,#1114,#1115,#1116,#1117,#1118,#1119,#1120,#1121
      ,#1122,#1123,#1124,#1125,#1126,#1127,#1128,#1129,#1130,#1131,#1132
      ,#1133,#1134,#1135,#1136,#1137,#1138,#1139,#1140,#1141,#1142,#1143
      ,#1144,#1145,#1146,#1147,#1148,#1149,#1150,#1151,#1152,#1153,#1154
      ,#1155,#1156,#1157,#1158,#1159,#1160,#1161,#1162,#1163,#1164,#1165
      ,#1166,#1167,#1168,#1169,#1170,#1171,#1172,#1173,#1174,#1175,#1176
      ,#1177,#1178,#1179,#1180,#1181,#1182,#1183,#1184,#1185,#1186,#1187
      ,#1188,#1189,#1190,#1191,#1192,#1193,#1194,#1195,#1196,#1197,#1198
      ,#1199,#1200,#1201,#1202,#1203,#1204,#1205,#1206,#1207,#1208,#1209
      ,#1210,#1211,#1212,#1213,#1214,#1215,#1216,#1217,#1218,#1219,#1220
      ,#1221,#1222,#1223,#1224,#1225,#1226,#1227,#1228,#1229,#1230,#1231
      ,#1232,#1233,#1234,#1235,#1236,#1237,#1238,#1239,#1240,#1241,#1242
      ,#1243,#1244,#1245,#1246,#1247,#1248,#1249,#1250,#1251,#1252,#1253
      ,#1254,#1255,#1256,#1257,#1258,#1259,#1260,#1261,#1262,#1263,#1264
      ,#1265,#1266,#1267,#1268,#1269,#1270)
    ,(#1271,#1272,#1273,#1274,#1275,#1276,#1277,#1278,#1279,#1280,#1281
      ,#1282,#1283,#1284,#1285,#1286,#1287,#1288,#1289,#1290,#1291,#1292
      ,#1293,#1294,#1295,#1296,#1297,#1298,#1299,#1300,#1301,#1302,#1303
      ,#1304,#1305,#1306,#1307,#1308,#1309,#1310,#1311,#1312,#1313,#1314
      ,#1315,#1316,#1317,#1318,#1319,#1320,#1321,#1322,#1323,#1324,#1325
      ,#1326,#1327,#1328,#1329,#1330,#1331,#1332,#1333,#1334,#1335,#1336
      ,#1337,#1338,#1339,#1340,#1341,#1342,#1343,#1344,#1345,#1346,#1347
      ,#1348,#1349,#1350,#1351,#1352,#1353,#1354,#1355,#1356,#1357,#1358
      ,#1359,#1360,#1361,#1362,#1363,#1364,#1365,#1366,#1367,#1368,#1369
      ,#1370,#1371,#1372,#1373,#1374,#1375,#1376,#1377,#1378,#1379,#1380
      ,#1381,#1382,#1383,#1384,#1385,#1386,#1387,#1388,#1389,#1390,#1391
      ,#1392,#1393,#1394,#1395,#1396,#1397,#1398,#1399,#1400,#1401,#1402
      ,#1403,#1404,#1405,#1406,#1407,#1408,#1409,#1410,#1411,#1412,#1413
      ,#1414,#1415,#1416,#1417,#1418,#1419,#1420,#1421,#1422,#1423,#1424
      ,#1425,#1426,#1427,#1428,#1429,#1430,#1431,#1432,#1433,#1434,#1435
      ,#1436,#1437,#1438,#1439,#1440,#1441,#1442,#1443,#1444,#1445,#1446
      ,#1447,#1448,#1449,#1450,#1451,#1452,#1453,#1454,#1455,#1456,#1457
      ,#1458,#1459,#1460,#1461,#1462,#1463,#1464,#1465,#1466,#1467,#1468
      ,#1469,#1470,#1471,#1472,#1473,#1474,#1475,#1476,#1477,#1478,#1479
      ,#1480,#1481,#1482,#1483,#1484,#1485,#1486,#1487,#1488,#1489,#1490
      ,#1491,#1492,#1493,#1494,#1495,#1496)
    ,(#1497,#1498,#1499,#1500,#1501,#1502,#1503,#1504,#1505,#1506,#1507
      ,#1508,#1509,#1510,#1511,#1512,#1513,#1514,#1515,#1516,#1517,#1518
      ,#1519,#1520,#1521,#1522,#1523,#1524,#1525,#1526,#1527,#1528,#1529
      ,#1530,#1531,#1532,#1533,#1534,#1535,#1536,#1537,#1538,#1539,#1540
      ,#1541,#1542,#1543,#1544,#1545,#1546,#1547,#1548,#1549,#1550,#1551
      ,#1552,#1553,#1554,#1555,#1556,#1557,#1558,#1559,#1560,#1561,#1562
      ,#1563,#1564,#1565,#1566,#1567,#1568,#1569,#1570,#1571,#1572,#1573
      ,#1574,#1575,#1576,#1577,#1578,#1579,#1580,#1581,#1582,#1583,#1584
      ,#1585,#1586,#1587,#1588,#1589,#1590,#1591,#1592,#1593,#1594,#1595
      ,#1596,#1597,#1598,#1599,#1600,#1601,#1602,#1603,#1604,#1605,#1606
      ,#1607,#1608,#1609,#1610,#1611,#1612,#1613,#1614,#1615,#1616,#1617
      ,#1618,#1619,#1620,#1621,#1622,#1623,#1624,#1625,#1626,#1627,#1628
      ,#1629,#1630,#1631,#1632,#1633,#1634,#1635,#1636,#1637,#1638,#1639
      ,#1640,#1641,#1642,#1643,#1644,#1645,#1646,#1647,#1648,#1649,#1650
      ,#1651,#1652,#1653,#1654,#1655,#1656,#1657,#1658,#1659,#1660,#1661
      ,#1662,#1663,#1664,#1665,#1666,#1667,#1668,#1669,#1670,#1671,#1672
      ,#1673,#1674,#1675,#1676,#1677,#1678,#1679,#1680,#1681,#1682,#1683
      ,#1684,#1685,#1686,#1687,#1688,#1689,#1690,#1691,#1692,#1693,#1694
      ,#1695,#1696,#1697,#1698,#1699,#1700,#1701,#1702,#1703,#1704,#1705
      ,#1706,#1707,#1708,#1709,#1710,#1711,#1712,#1713,#1714,#1715,#1716
      ,#1717,#1718,#1719,#1720,#1721,#1722)
    ,(#1723,#1724,#1725,#1726,#1727,#1728,#1729,#1730,#1731,#1732,#1733
      ,#1734,#1735,#1736,#1737,#1738,#1739,#1740,#1741,#1742,#1743,#1744
      ,#1745,#1746,#1747,#1748,#1749,#1750,#1751,#1752,#1753,#1754,#1755
      ,#1756,#1757,#1758,#1759,#1760,#1761,#1762,#1763,#1764,#1765,#1766
      ,#1767,#1768,#1769,#1770,#1771,#1772,#1773,#1774,#1775,#1776,#1777
      ,#1778,#1779,#1780,#1781,#1782,#1783,#1784,#1785,#1786,#1787,#1788
      ,#1789,#1790,#1791,#1792,#1793,#1794,#1795,#1796,#1797,#1798,#1799
      ,#1800,#1801,#1802,#1803,#1804,#1805,#1806,#1807,#1808,#1809,#1810
      ,#1811,#1812,#1813,#1814,#1815,#1816,#1817,#1818,#1819,#1820,#1821
      ,#1822,#1823,#1824,#1825,#1826,#1827,#1828,#1829,#1830,#1831,#1832
      ,#1833,#1834,#1835,#1836,#1837,#1838,#1839,#1840,#1841,#1842,#1843
      ,#1844,#1845,#1846,#1847,#1848,#1849,#1850,#1851,#1852,#1853,#1854
      ,#1855,#1856,#1857,#1858,#1859,#1860,#1861,#1862,#1863,#1864,#1865
      ,#1866,#1867,#1868,#1869,#1870,#1871,#1872,#1873,#1874,#1875,#1876
      ,#1877,#1878,#1879,#1880,#1881,#1882,#1883,#1884,#1885,#1886,#1887
      ,#1888,#1889,#1890,#1891,#1892,#1893,#1894,#1895,#1896,#1897,#1898
      ,#1899,#1900,#1901,#1902,#1903,#1904,#1905,#1906,#1907,#1908,#1909
      ,#1910,#1911,#1912,#1913,#1914,#1915,#1916,#1917,#1918,#1919,#1920
      ,#1921,#1922,#1923,#1924,#1925,#1926,#1927,#1928,#1929,#1930,#1931
      ,#1932,#1933,#1934,#1935,#1936,#1937,#1938,#1939,#1940,#1941,#1942
      ,#1943,#1944,#1945,#1946,#1947,#1948)
    ,(#1949,#1950,#1951,#1952,#1953,#1954,#1955,#1956,#1957,#1958,#1959
      ,#1960,#1961,#1962,#1963,#1964,#1965,#1966,#1967,#1968,#1969,#1970
      ,#1971,#1972,#1973,#1974,#1975,#1976,#1977,#1978,#1979,#1980,#1981
      ,#1982,#1983,#1984,#1985,#1986,#1987,#1988,#1989,#1990,#1991,#1992
      ,#1993,#1994,#1995,#1996,#1997,#1998,#1999,#2000,#2001,#2002,#2003
      ,#2004,#2005,#2006,#2007,#2008,#2009,#2010,#2011,#2012,#2013,#2014
      ,#2015,#2016,#2017,#2018,#2019,#2020,#2021,#2022,#2023,#2024,#2025
      ,#2026,#2027,#2028,#2029,#2030,#2031,#2032,#2033,#2034,#2035,#2036
      ,#2037,#2038,#2039,#2040,#2041,#2042,#2043,#2044,#2045,#2046,#2047
      ,#2048,#2049,#2050,#2051,#2052,#2053,#2054,#2055,#2056,#2057,#2058
      ,#2059,#2060,#2061,#2062,#2063,#2064,#2065,#2066,#2067,#2068,#2069
      ,#2070,#2071,#2072,#2073,#2074,#2075,#2076,#2077,#2078,#2079,#2080
      ,#2081,#2082,#2083,#2084,#2085,#2086,#2087,#2088,#2089,#2090,#2091
      ,#2092,#2093,#2094,#2095,#2096,#2097,#2098,#2099,#2100,#2101,#2102
      ,#2103,#2104,#2105,#2106,#2107,#2108,#2109,#2110,#2111,#2112,#2113
      ,#2114,#2115,#2116,#2117,#2118,#2119,#2120,#2121,#2122,#2123,#2124
      ,#2125,#2126,#2127,#2128,#2129,#2130,#2131,#2132,#2133,#2134,#2135
      ,#2136,#2137,#2138,#2139,#2140,#2141,#2142,#2143,#2144,#2145,#2146
      ,#2147,#2148,#2149,#2150,#2151,#2152,#2153,#2154,#2155,#2156,#2157
      ,#2158,#2159,#2160,#2161,#2162,#2163,#2164,#2165,#2166,#2167,#2168
      ,#2169,#2170,#2171,#2172,#2173,#2174
)),.UNSPECIFIED.,.F.,.F.,.F.) B_SPLINE_SURFACE_WITH_KNOTS((7,7),(9,7,7,7
    ,7,7,7,7,7,7,7,7,7,7,7,7,7,7,7,7,7,7,7,7,7,7,7,7,7,7,7,7,9),(0.,
    2.094395102393),(0.,4.175236492591,8.350472985182,12.525709477773,
    16.700945970364,20.876182462955,25.051418955546,29.226655448137,
    33.401891940728,37.57712843332,41.752364925911,45.927601418502,
    50.102837911093,54.278074403684,58.453310896275,62.628547388866,
    66.803783881457,70.979020374048,75.154256866639,79.32949335923,
    83.504729851821,87.679966344412,91.855202837003,96.030439329594,
    100.20567582218,104.38091231477,108.55614880736,112.73138529995,
    116.90662179255,121.08185828514,125.25709477773,129.43233127032,
133.60756776291),.UNSPECIFIED.) GEOMETRIC_REPRESENTATION_ITEM() 
RATIONAL_B_SPLINE_SURFACE((
    (1.056590953773,1.056590953773,1.056590953773,1.056590953773
      ,1.056590953773,1.056590953773,1.056590953773,1.056590953773
      ,1.056590953773,1.056590953773,1.056590953773,1.056590953773
      ,1.056590953773,1.056590953773,1.056590953773,1.056590953773
      ,1.056590953773,1.056590953773,1.056590953773,1.056590953773
      ,1.056590953773,1.056590953773,1.056590953773,1.056590953773
      ,1.056590953773,1.056590953773,1.056590953773,1.056590953773
      ,1.056590953773,1.056590953773,1.056590953773,1.056590953773
      ,1.056590953773,1.056590953773,1.056590953773,1.056590953773
      ,1.056590953773,1.056590953773,1.056590953773,1.056590953773
      ,1.056590953773,1.056590953773,1.056590953773,1.056590953773
      ,1.056590953773,1.056590953773,1.056590953773,1.056590953773
      ,1.056590953773,1.056590953773,1.056590953773,1.056590953773
      ,1.056590953773,1.056590953773,1.056590953773,1.056590953773
      ,1.056590953773,1.056590953773,1.056590953773,1.056590953773
      ,1.056590953773,1.056590953773,1.056590953773,1.056590953773
      ,1.056590953773,1.056590953773,1.056590953773,1.056590953773
      ,1.056590953773,1.056590953773,1.056590953773,1.056590953773
      ,1.056590953773,1.056590953773,1.056590953773,1.056590953773
      ,1.056590953773,1.056590953773,1.056590953773,1.056590953773
      ,1.056590953773,1.056590953773,1.056590953773,1.056590953773
      ,1.056590953773,1.056590953773,1.056590953773,1.056590953773
      ,1.056590953773,1.056590953773,1.056590953773,1.056590953773
      ,1.056590953773,1.056590953773,1.056590953773,1.056590953773
      ,1.056590953773,1.056590953773,1.056590953773,1.056590953773
      ,1.056590953773,1.056590953773,1.056590953773,1.056590953773
      ,1.056590953773,1.056590953773,1.056590953773,1.056590953773
      ,1.056590953773,1.056590953773,1.056590953773,1.056590953773
      ,1.056590953773,1.056590953773,1.056590953773,1.056590953773
      ,1.056590953773,1.056590953773,1.056590953773,1.056590953773
      ,1.056590953773,1.056590953773,1.056590953773,1.056590953773
      ,1.056590953773,1.056590953773,1.056590953773,1.056590953773
      ,1.056590953773,1.056590953773,1.056590953773,1.056590953773
      ,1.056590953773,1.056590953773,1.056590953773,1.056590953773
      ,1.056590953773,1.056590953773,1.056590953773,1.056590953773
      ,1.056590953773,1.056590953773,1.056590953773,1.056590953773
      ,1.056590953773,1.056590953773,1.056590953773,1.056590953773
      ,1.056590953773,1.056590953773,1.056590953773,1.056590953773
      ,1.056590953773,1.056590953773,1.056590953773,1.056590953773
      ,1.056590953773,1.056590953773,1.056590953773,1.056590953773
      ,1.056590953773,1.056590953773,1.056590953773,1.056590953773
      ,1.056590953773,1.056590953773,1.056590953773,1.056590953773
      ,1.056590953773,1.056590953773,1.056590953773,1.056590953773
      ,1.056590953773,1.056590953773,1.056590953773,1.056590953773
      ,1.056590953773,1.056590953773,1.056590953773,1.056590953773
      ,1.056590953773,1.056590953773,1.056590953773,1.056590953773
      ,1.056590953773,1.056590953773,1.056590953773,1.056590953773
      ,1.056590953773,1.056590953773,1.056590953773,1.056590953773
      ,1.056590953773,1.056590953773,1.056590953773,1.056590953773
      ,1.056590953773,1.056590953773,1.056590953773,1.056590953773
      ,1.056590953773,1.056590953773,1.056590953773,1.056590953773
      ,1.056590953773,1.056590953773,1.056590953773,1.056590953773
      ,1.056590953773,1.056590953773,1.056590953773,1.056590953773
      ,1.056590953773,1.056590953773,1.056590953773,1.056590953773
      ,1.056590953773,1.056590953773,1.056590953773,1.056590953773
      ,1.056590953773,1.056590953773,1.056590953773,1.056590953773
      ,1.056590953773,1.056590953773)
    ,(1.017435169568,1.017435169568,1.017435169568,1.017435169568
      ,1.017435169568,1.017435169568,1.017435169568,1.017435169568
      ,1.017435169568,1.017435169568,1.017435169568,1.017435169568
      ,1.017435169568,1.017435169568,1.017435169568,1.017435169568
      ,1.017435169568,1.017435169568,1.017435169568,1.017435169568
      ,1.017435169568,1.017435169568,1.017435169568,1.017435169568
      ,1.017435169568,1.017435169568,1.017435169568,1.017435169568
      ,1.017435169568,1.017435169568,1.017435169568,1.017435169568
      ,1.017435169568,1.017435169568,1.017435169568,1.017435169568
      ,1.017435169568,1.017435169568,1.017435169568,1.017435169568
      ,1.017435169568,1.017435169568,1.017435169568,1.017435169568
      ,1.017435169568,1.017435169568,1.017435169568,1.017435169568
      ,1.017435169568,1.017435169568,1.017435169568,1.017435169568
      ,1.017435169568,1.017435169568,1.017435169568,1.017435169568
      ,1.017435169568,1.017435169568,1.017435169568,1.017435169568
      ,1.017435169568,1.017435169568,1.017435169568,1.017435169568
      ,1.017435169568,1.017435169568,1.017435169568,1.017435169568
      ,1.017435169568,1.017435169568,1.017435169568,1.017435169568
      ,1.017435169568,1.017435169568,1.017435169568,1.017435169568
      ,1.017435169568,1.017435169568,1.017435169568,1.017435169568
      ,1.017435169568,1.017435169568,1.017435169568,1.017435169568
      ,1.017435169568,1.017435169568,1.017435169568,1.017435169568
      ,1.017435169568,1.017435169568,1.017435169568,1.017435169568
      ,1.017435169568,1.017435169568,1.017435169568,1.017435169568
      ,1.017435169568,1.017435169568,1.017435169568,1.017435169568
      ,1.017435169568,1.017435169568,1.017435169568,1.017435169568
      ,1.017435169568,1.017435169568,1.017435169568,1.017435169568
      ,1.017435169568,1.017435169568,1.017435169568,1.017435169568
      ,1.017435169568,1.017435169568,1.017435169568,1.017435169568
      ,1.017435169568,1.017435169568,1.017435169568,1.017435169568
      ,1.017435169568,1.017435169568,1.017435169568,1.017435169568
      ,1.017435169568,1.017435169568,1.017435169568,1.017435169568
      ,1.017435169568,1.017435169568,1.017435169568,1.017435169568
      ,1.017435169568,1.017435169568,1.017435169568,1.017435169568
      ,1.017435169568,1.017435169568,1.017435169568,1.017435169568
      ,1.017435169568,1.017435169568,1.017435169568,1.017435169568
      ,1.017435169568,1.017435169568,1.017435169568,1.017435169568
      ,1.017435169568,1.017435169568,1.017435169568,1.017435169568
      ,1.017435169568,1.017435169568,1.017435169568,1.017435169568
      ,1.017435169568,1.017435169568,1.017435169568,1.017435169568
      ,1.017435169568,1.017435169568,1.017435169568,1.017435169568
      ,1.017435169568,1.017435169568,1.017435169568,1.017435169568
      ,1.017435169568,1.017435169568,1.017435169568,1.017435169568
      ,1.017435169568,1.017435169568,1.017435169568,1.017435169568
      ,1.017435169568,1.017435169568,1.017435169568,1.017435169568
      ,1.017435169568,1.017435169568,1.017435169568,1.017435169568
      ,1.017435169568,1.017435169568,1.017435169568,1.017435169568
      ,1.017435169568,1.017435169568,1.017435169568,1.017435169568
      ,1.017435169568,1.017435169568,1.017435169568,1.017435169568
      ,1.017435169568,1.017435169568,1.017435169568,1.017435169568
      ,1.017435169568,1.017435169568,1.017435169568,1.017435169568
      ,1.017435169568,1.017435169568,1.017435169568,1.017435169568
      ,1.017435169568,1.017435169568,1.017435169568,1.017435169568
      ,1.017435169568,1.017435169568,1.017435169568,1.017435169568
      ,1.017435169568,1.017435169568,1.017435169568,1.017435169568
      ,1.017435169568,1.017435169568,1.017435169568,1.017435169568
      ,1.017435169568,1.017435169568)
    ,(0.996326512422,0.996326512422,0.996326512422,0.996326512422
      ,0.996326512422,0.996326512422,0.996326512422,0.996326512422
      ,0.996326512422,0.996326512422,0.996326512422,0.996326512422
      ,0.996326512422,0.996326512422,0.996326512422,0.996326512422
      ,0.996326512422,0.996326512422,0.996326512422,0.996326512422
      ,0.996326512422,0.996326512422,0.996326512422,0.996326512422
      ,0.996326512422,0.996326512422,0.996326512422,0.996326512422
      ,0.996326512422,0.996326512422,0.996326512422,0.996326512422
      ,0.996326512422,0.996326512422,0.996326512422,0.996326512422
      ,0.996326512422,0.996326512422,0.996326512422,0.996326512422
      ,0.996326512422,0.996326512422,0.996326512422,0.996326512422
      ,0.996326512422,0.996326512422,0.996326512422,0.996326512422
      ,0.996326512422,0.996326512422,0.996326512422,0.996326512422
      ,0.996326512422,0.996326512422,0.996326512422,0.996326512422
      ,0.996326512422,0.996326512422,0.996326512422,0.996326512422
      ,0.996326512422,0.996326512422,0.996326512422,0.996326512422
      ,0.996326512422,0.996326512422,0.996326512422,0.996326512422
      ,0.996326512422,0.996326512422,0.996326512422,0.996326512422
      ,0.996326512422,0.996326512422,0.996326512422,0.996326512422
      ,0.996326512422,0.996326512422,0.996326512422,0.996326512422
      ,0.996326512422,0.996326512422,0.996326512422,0.996326512422
      ,0.996326512422,0.996326512422,0.996326512422,0.996326512422
      ,0.996326512422,0.996326512422,0.996326512422,0.996326512422
      ,0.996326512422,0.996326512422,0.996326512422,0.996326512422
      ,0.996326512422,0.996326512422,0.996326512422,0.996326512422
      ,0.996326512422,0.996326512422,0.996326512422,0.996326512422
      ,0.996326512422,0.996326512422,0.996326512422,0.996326512422
      ,0.996326512422,0.996326512422,0.996326512422,0.996326512422
      ,0.996326512422,0.996326512422,0.996326512422,0.996326512422
      ,0.996326512422,0.996326512422,0.996326512422,0.996326512422
      ,0.996326512422,0.996326512422,0.996326512422,0.996326512422
      ,0.996326512422,0.996326512422,0.996326512422,0.996326512422
      ,0.996326512422,0.996326512422,0.996326512422,0.996326512422
      ,0.996326512422,0.996326512422,0.996326512422,0.996326512422
      ,0.996326512422,0.996326512422,0.996326512422,0.996326512422
      ,0.996326512422,0.996326512422,0.996326512422,0.996326512422
      ,0.996326512422,0.996326512422,0.996326512422,0.996326512422
      ,0.996326512422,0.996326512422,0.996326512422,0.996326512422
      ,0.996326512422,0.996326512422,0.996326512422,0.996326512422
      ,0.996326512422,0.996326512422,0.996326512422,0.996326512422
      ,0.996326512422,0.996326512422,0.996326512422,0.996326512422
      ,0.996326512422,0.996326512422,0.996326512422,0.996326512422
      ,0.996326512422,0.996326512422,0.996326512422,0.996326512422
      ,0.996326512422,0.996326512422,0.996326512422,0.996326512422
      ,0.996326512422,0.996326512422,0.996326512422,0.996326512422
      ,0.996326512422,0.996326512422,0.996326512422,0.996326512422
      ,0.996326512422,0.996326512422,0.996326512422,0.996326512422
      ,0.996326512422,0.996326512422,0.996326512422,0.996326512422
      ,0.996326512422,0.996326512422,0.996326512422,0.996326512422
      ,0.996326512422,0.996326512422,0.996326512422,0.996326512422
      ,0.996326512422,0.996326512422,0.996326512422,0.996326512422
      ,0.996326512422,0.996326512422,0.996326512422,0.996326512422
      ,0.996326512422,0.996326512422,0.996326512422,0.996326512422
      ,0.996326512422,0.996326512422,0.996326512422,0.996326512422
      ,0.996326512422,0.996326512422,0.996326512422,0.996326512422
      ,0.996326512422,0.996326512422,0.996326512422,0.996326512422
      ,0.996326512422,0.996326512422)
    ,(0.989390034249,0.989390034249,0.989390034249,0.989390034249
      ,0.989390034249,0.989390034249,0.989390034249,0.989390034249
      ,0.989390034249,0.989390034249,0.989390034249,0.989390034249
      ,0.989390034249,0.989390034249,0.989390034249,0.989390034249
      ,0.989390034249,0.989390034249,0.989390034249,0.989390034249
      ,0.989390034249,0.989390034249,0.989390034249,0.989390034249
      ,0.989390034249,0.989390034249,0.989390034249,0.989390034249
      ,0.989390034249,0.989390034249,0.989390034249,0.989390034249
      ,0.989390034248,0.989390034249,0.989390034249,0.989390034249
      ,0.989390034249,0.989390034249,0.989390034249,0.989390034249
      ,0.989390034249,0.989390034249,0.989390034249,0.989390034249
      ,0.989390034249,0.989390034249,0.989390034249,0.989390034249
      ,0.989390034249,0.989390034249,0.989390034249,0.989390034249
      ,0.989390034249,0.989390034249,0.989390034249,0.989390034249
      ,0.989390034249,0.989390034249,0.989390034249,0.989390034249
      ,0.989390034248,0.989390034249,0.989390034249,0.989390034249
      ,0.989390034249,0.989390034249,0.989390034249,0.989390034248
      ,0.989390034249,0.989390034249,0.989390034249,0.989390034249
      ,0.989390034249,0.989390034249,0.989390034249,0.989390034249
      ,0.989390034249,0.989390034249,0.989390034249,0.989390034249
      ,0.989390034249,0.989390034249,0.989390034249,0.989390034249
      ,0.989390034249,0.989390034249,0.989390034249,0.989390034249
      ,0.989390034248,0.989390034249,0.989390034249,0.989390034249
      ,0.989390034249,0.989390034249,0.989390034249,0.989390034249
      ,0.989390034249,0.989390034249,0.989390034249,0.989390034249
      ,0.989390034249,0.989390034249,0.989390034249,0.989390034249
      ,0.989390034249,0.989390034249,0.989390034249,0.989390034249
      ,0.989390034249,0.989390034248,0.989390034249,0.989390034249
      ,0.989390034249,0.989390034249,0.989390034249,0.989390034248
      ,0.989390034249,0.989390034249,0.989390034249,0.989390034249
      ,0.989390034249,0.989390034249,0.989390034249,0.989390034249
      ,0.989390034249,0.989390034249,0.989390034249,0.989390034249
      ,0.989390034249,0.989390034249,0.989390034249,0.989390034249
      ,0.989390034249,0.989390034249,0.989390034249,0.989390034249
      ,0.989390034249,0.989390034248,0.989390034249,0.989390034249
      ,0.989390034249,0.989390034249,0.989390034249,0.989390034249
      ,0.989390034249,0.989390034249,0.989390034249,0.989390034249
      ,0.989390034249,0.989390034249,0.989390034249,0.989390034249
      ,0.989390034249,0.989390034249,0.989390034249,0.989390034249
      ,0.989390034249,0.989390034249,0.989390034248,0.989390034249
      ,0.989390034249,0.989390034249,0.989390034249,0.989390034249
      ,0.989390034249,0.989390034249,0.989390034249,0.989390034249
      ,0.989390034249,0.989390034249,0.989390034249,0.989390034249
      ,0.989390034249,0.989390034249,0.989390034249,0.989390034249
      ,0.989390034249,0.989390034249,0.989390034249,0.989390034249
      ,0.989390034249,0.989390034249,0.989390034249,0.989390034249
      ,0.989390034249,0.989390034249,0.989390034249,0.989390034249
      ,0.989390034249,0.989390034249,0.989390034249,0.989390034249
      ,0.989390034249,0.989390034249,0.989390034249,0.989390034249
      ,0.989390034249,0.989390034249,0.989390034249,0.989390034248
      ,0.989390034249,0.989390034249,0.989390034249,0.989390034249
      ,0.989390034249,0.989390034249,0.989390034249,0.989390034249
      ,0.989390034249,0.989390034249,0.989390034249,0.989390034249
      ,0.989390034249,0.989390034249,0.989390034249,0.989390034249
      ,0.989390034249,0.989390034249,0.989390034249,0.989390034249
      ,0.989390034249,0.989390034248,0.989390034249,0.989390034249
      ,0.989390034249,0.989390034249)
    ,(0.996326512422,0.996326512422,0.996326512422,0.996326512422
      ,0.996326512422,0.996326512422,0.996326512422,0.996326512422
      ,0.996326512422,0.996326512422,0.996326512422,0.996326512422
      ,0.996326512422,0.996326512422,0.996326512422,0.996326512422
      ,0.996326512422,0.996326512422,0.996326512422,0.996326512422
      ,0.996326512422,0.996326512422,0.996326512422,0.996326512422
      ,0.996326512422,0.996326512422,0.996326512422,0.996326512422
      ,0.996326512422,0.996326512422,0.996326512422,0.996326512422
      ,0.996326512422,0.996326512422,0.996326512422,0.996326512422
      ,0.996326512422,0.996326512422,0.996326512422,0.996326512422
      ,0.996326512422,0.996326512422,0.996326512422,0.996326512422
      ,0.996326512422,0.996326512422,0.996326512422,0.996326512422
      ,0.996326512422,0.996326512422,0.996326512422,0.996326512422
      ,0.996326512422,0.996326512422,0.996326512422,0.996326512422
      ,0.996326512422,0.996326512422,0.996326512422,0.996326512422
      ,0.996326512422,0.996326512422,0.996326512422,0.996326512422
      ,0.996326512422,0.996326512422,0.996326512422,0.996326512422
      ,0.996326512422,0.996326512422,0.996326512422,0.996326512422
      ,0.996326512422,0.996326512422,0.996326512422,0.996326512422
      ,0.996326512422,0.996326512422,0.996326512422,0.996326512422
      ,0.996326512422,0.996326512422,0.996326512422,0.996326512422
      ,0.996326512422,0.996326512422,0.996326512422,0.996326512422
      ,0.996326512422,0.996326512422,0.996326512422,0.996326512422
      ,0.996326512422,0.996326512422,0.996326512422,0.996326512422
      ,0.996326512422,0.996326512422,0.996326512422,0.996326512422
      ,0.996326512422,0.996326512422,0.996326512422,0.996326512422
      ,0.996326512422,0.996326512422,0.996326512422,0.996326512422
      ,0.996326512422,0.996326512422,0.996326512422,0.996326512422
      ,0.996326512422,0.996326512422,0.996326512422,0.996326512422
      ,0.996326512422,0.996326512422,0.996326512422,0.996326512422
      ,0.996326512422,0.996326512422,0.996326512422,0.996326512422
      ,0.996326512422,0.996326512422,0.996326512422,0.996326512422
      ,0.996326512422,0.996326512422,0.996326512422,0.996326512422
      ,0.996326512422,0.996326512422,0.996326512422,0.996326512422
      ,0.996326512422,0.996326512422,0.996326512422,0.996326512422
      ,0.996326512422,0.996326512422,0.996326512422,0.996326512422
      ,0.996326512422,0.996326512422,0.996326512422,0.996326512422
      ,0.996326512422,0.996326512422,0.996326512422,0.996326512422
      ,0.996326512422,0.996326512422,0.996326512422,0.996326512422
      ,0.996326512422,0.996326512422,0.996326512422,0.996326512422
      ,0.996326512422,0.996326512422,0.996326512422,0.996326512422
      ,0.996326512422,0.996326512422,0.996326512422,0.996326512422
      ,0.996326512422,0.996326512422,0.996326512422,0.996326512422
      ,0.996326512422,0.996326512422,0.996326512422,0.996326512422
      ,0.996326512422,0.996326512422,0.996326512422,0.996326512422
      ,0.996326512422,0.996326512422,0.996326512422,0.996326512422
      ,0.996326512422,0.996326512422,0.996326512422,0.996326512422
      ,0.996326512422,0.996326512422,0.996326512422,0.996326512422
      ,0.996326512422,0.996326512422,0.996326512422,0.996326512422
      ,0.996326512422,0.996326512422,0.996326512422,0.996326512422
      ,0.996326512422,0.996326512422,0.996326512422,0.996326512422
      ,0.996326512422,0.996326512422,0.996326512422,0.996326512422
      ,0.996326512422,0.996326512422,0.996326512422,0.996326512422
      ,0.996326512422,0.996326512422,0.996326512422,0.996326512422
      ,0.996326512422,0.996326512422,0.996326512422,0.996326512422
      ,0.996326512422,0.996326512422,0.996326512422,0.996326512422
      ,0.996326512422,0.996326512422)
    ,(1.017435169568,1.017435169568,1.017435169568,1.017435169568
      ,1.017435169568,1.017435169568,1.017435169568,1.017435169568
      ,1.017435169568,1.017435169568,1.017435169568,1.017435169568
      ,1.017435169568,1.017435169568,1.017435169568,1.017435169568
      ,1.017435169568,1.017435169568,1.017435169568,1.017435169568
      ,1.017435169568,1.017435169568,1.017435169568,1.017435169568
      ,1.017435169568,1.017435169568,1.017435169568,1.017435169568
      ,1.017435169568,1.017435169568,1.017435169568,1.017435169568
      ,1.017435169568,1.017435169568,1.017435169568,1.017435169568
      ,1.017435169568,1.017435169568,1.017435169568,1.017435169568
      ,1.017435169568,1.017435169568,1.017435169568,1.017435169568
      ,1.017435169568,1.017435169568,1.017435169568,1.017435169568
      ,1.017435169568,1.017435169568,1.017435169568,1.017435169568
      ,1.017435169568,1.017435169568,1.017435169568,1.017435169568
      ,1.017435169568,1.017435169568,1.017435169568,1.017435169568
      ,1.017435169568,1.017435169568,1.017435169568,1.017435169568
      ,1.017435169568,1.017435169568,1.017435169568,1.017435169568
      ,1.017435169568,1.017435169568,1.017435169568,1.017435169568
      ,1.017435169568,1.017435169568,1.017435169568,1.017435169568
      ,1.017435169568,1.017435169568,1.017435169568,1.017435169568
      ,1.017435169568,1.017435169568,1.017435169568,1.017435169568
      ,1.017435169568,1.017435169568,1.017435169568,1.017435169568
      ,1.017435169568,1.017435169568,1.017435169568,1.017435169568
      ,1.017435169568,1.017435169568,1.017435169568,1.017435169568
      ,1.017435169568,1.017435169568,1.017435169568,1.017435169568
      ,1.017435169568,1.017435169568,1.017435169568,1.017435169568
      ,1.017435169568,1.017435169568,1.017435169568,1.017435169568
      ,1.017435169568,1.017435169568,1.017435169568,1.017435169568
      ,1.017435169568,1.017435169568,1.017435169568,1.017435169568
      ,1.017435169568,1.017435169568,1.017435169568,1.017435169568
      ,1.017435169568,1.017435169568,1.017435169568,1.017435169568
      ,1.017435169568,1.017435169568,1.017435169568,1.017435169568
      ,1.017435169568,1.017435169568,1.017435169568,1.017435169568
      ,1.017435169568,1.017435169568,1.017435169568,1.017435169568
      ,1.017435169568,1.017435169568,1.017435169568,1.017435169568
      ,1.017435169568,1.017435169568,1.017435169568,1.017435169568
      ,1.017435169568,1.017435169568,1.017435169568,1.017435169568
      ,1.017435169568,1.017435169568,1.017435169568,1.017435169568
      ,1.017435169568,1.017435169568,1.017435169568,1.017435169568
      ,1.017435169568,1.017435169568,1.017435169568,1.017435169568
      ,1.017435169568,1.017435169568,1.017435169568,1.017435169568
      ,1.017435169568,1.017435169568,1.017435169568,1.017435169568
      ,1.017435169568,1.017435169568,1.017435169568,1.017435169568
      ,1.017435169568,1.017435169568,1.017435169568,1.017435169568
      ,1.017435169568,1.017435169568,1.017435169568,1.017435169568
      ,1.017435169568,1.017435169568,1.017435169568,1.017435169568
      ,1.017435169568,1.017435169568,1.017435169568,1.017435169568
      ,1.017435169568,1.017435169568,1.017435169568,1.017435169568
      ,1.017435169568,1.017435169568,1.017435169568,1.017435169568
      ,1.017435169568,1.017435169568,1.017435169568,1.017435169568
      ,1.017435169568,1.017435169568,1.017435169568,1.017435169568
      ,1.017435169568,1.017435169568,1.017435169568,1.017435169568
      ,1.017435169568,1.017435169568,1.017435169568,1.017435169568
      ,1.017435169568,1.017435169568,1.017435169568,1.017435169568
      ,1.017435169568,1.017435169568,1.017435169568,1.017435169568
      ,1.017435169568,1.017435169568,1.017435169568,1.017435169568
      ,1.017435169568,1.017435169568)
    ,(1.056590953773,1.056590953773,1.056590953773,1.056590953773
      ,1.056590953773,1.056590953773,1.056590953773,1.056590953773
      ,1.056590953773,1.056590953773,1.056590953773,1.056590953773
      ,1.056590953773,1.056590953773,1.056590953773,1.056590953773
      ,1.056590953773,1.056590953773,1.056590953773,1.056590953773
      ,1.056590953773,1.056590953773,1.056590953773,1.056590953773
      ,1.056590953773,1.056590953773,1.056590953773,1.056590953773
      ,1.056590953773,1.056590953773,1.056590953773,1.056590953773
      ,1.056590953773,1.056590953773,1.056590953773,1.056590953773
      ,1.056590953773,1.056590953773,1.056590953773,1.056590953773
      ,1.056590953773,1.056590953773,1.056590953773,1.056590953773
      ,1.056590953773,1.056590953773,1.056590953773,1.056590953773
      ,1.056590953773,1.056590953773,1.056590953773,1.056590953773
      ,1.056590953773,1.056590953773,1.056590953773,1.056590953773
      ,1.056590953773,1.056590953773,1.056590953773,1.056590953773
      ,1.056590953773,1.056590953773,1.056590953773,1.056590953773
      ,1.056590953773,1.056590953773,1.056590953773,1.056590953773
      ,1.056590953773,1.056590953773,1.056590953773,1.056590953773
      ,1.056590953773,1.056590953773,1.056590953773,1.056590953773
      ,1.056590953773,1.056590953773,1.056590953773,1.056590953773
      ,1.056590953773,1.056590953773,1.056590953773,1.056590953773
      ,1.056590953773,1.056590953773,1.056590953773,1.056590953773
      ,1.056590953773,1.056590953773,1.056590953773,1.056590953773
      ,1.056590953773,1.056590953773,1.056590953773,1.056590953773
      ,1.056590953773,1.056590953773,1.056590953773,1.056590953773
      ,1.056590953773,1.056590953773,1.056590953773,1.056590953773
      ,1.056590953773,1.056590953773,1.056590953773,1.056590953773
      ,1.056590953773,1.056590953773,1.056590953773,1.056590953773
      ,1.056590953773,1.056590953773,1.056590953773,1.056590953773
      ,1.056590953773,1.056590953773,1.056590953773,1.056590953773
      ,1.056590953773,1.056590953773,1.056590953773,1.056590953773
      ,1.056590953773,1.056590953773,1.056590953773,1.056590953773
      ,1.056590953773,1.056590953773,1.056590953773,1.056590953773
      ,1.056590953773,1.056590953773,1.056590953773,1.056590953773
      ,1.056590953773,1.056590953773,1.056590953773,1.056590953773
      ,1.056590953773,1.056590953773,1.056590953773,1.056590953773
      ,1.056590953773,1.056590953773,1.056590953773,1.056590953773
      ,1.056590953773,1.056590953773,1.056590953773,1.056590953773
      ,1.056590953773,1.056590953773,1.056590953773,1.056590953773
      ,1.056590953773,1.056590953773,1.056590953773,1.056590953773
      ,1.056590953773,1.056590953773,1.056590953773,1.056590953773
      ,1.056590953773,1.056590953773,1.056590953773,1.056590953773
      ,1.056590953773,1.056590953773,1.056590953773,1.056590953773
      ,1.056590953773,1.056590953773,1.056590953773,1.056590953773
      ,1.056590953773,1.056590953773,1.056590953773,1.056590953773
      ,1.056590953773,1.056590953773,1.056590953773,1.056590953773
      ,1.056590953773,1.056590953773,1.056590953773,1.056590953773
      ,1.056590953773,1.056590953773,1.056590953773,1.056590953773
      ,1.056590953773,1.056590953773,1.056590953773,1.056590953773
      ,1.056590953773,1.056590953773,1.056590953773,1.056590953773
      ,1.056590953773,1.056590953773,1.056590953773,1.056590953773
      ,1.056590953773,1.056590953773,1.056590953773,1.056590953773
      ,1.056590953773,1.056590953773,1.056590953773,1.056590953773
      ,1.056590953773,1.056590953773,1.056590953773,1.056590953773
      ,1.056590953773,1.056590953773,1.056590953773,1.056590953773
      ,1.056590953773,1.056590953773,1.056590953773,1.056590953773
,1.056590953773,1.056590953773))) REPRESENTATION_ITEM('') SURFACE() );
#593 = CARTESIAN_POINT('',(52.458734122635,1.110223024625E-15,-1.125));
#594 = CARTESIAN_POINT('',(52.458733302538,1.267269717883,
    -1.042965200972));
#595 = CARTESIAN_POINT('',(51.711229818907,2.534206044665,
    -0.960945220842));
#596 = CARTESIAN_POINT('',(50.22443915728,3.290266049766,-0.878893770907
    ));
#597 = CARTESIAN_POINT('',(48.388622147456,3.014710528497,
    -0.796885041188));
#598 = CARTESIAN_POINT('',(47.139524424957,1.641357099903,
    -0.714838006585));
#599 = CARTESIAN_POINT('',(46.942191539103,-1.490949524047E-02,
    -0.63281331612));
#600 = CARTESIAN_POINT('',(47.5803005853,-1.340302735514,-0.55078075645)
  );
#601 = CARTESIAN_POINT('',(49.687700549987,-2.748422435587,
    -0.386718301873));
#602 = CARTESIAN_POINT('',(51.156398142001,-2.830752808155,
    -0.304685941521));
#603 = CARTESIAN_POINT('',(52.611072206229,-2.01461247021,
    -0.222660601581));
#604 = CARTESIAN_POINT('',(53.401878153861,-0.335043702215,
    -0.140614854235));
#605 = CARTESIAN_POINT('',(52.953918878932,1.466489946061,
    -5.86042634627E-02));
#606 = CARTESIAN_POINT('',(51.686442952167,2.550765526877,
    2.344511072346E-02));
#607 = CARTESIAN_POINT('',(50.229887668756,2.756537668647,0.105466909882
    ));
#608 = CARTESIAN_POINT('',(47.888278834555,1.786610408561,0.269534010127
    ));
#609 = CARTESIAN_POINT('',(47.003839749661,0.611171328002,0.351555813881
    ));
#610 = CARTESIAN_POINT('',(46.874301243878,-1.051775347687,
    0.433605173104));
#611 = CARTESIAN_POINT('',(47.831418371628,-2.642398958838,
    0.515615793516));
#612 = CARTESIAN_POINT('',(49.578240311136,-3.270854905401,
    0.597661498028));
#613 = CARTESIAN_POINT('',(51.183947243337,-2.81934107544,0.679686885732
    ));
#614 = CARTESIAN_POINT('',(52.164257136465,-1.722599104871,
    0.761719204231));
#615 = CARTESIAN_POINT('',(52.658723062954,0.763248657681,0.925781716278
    ));
#616 = CARTESIAN_POINT('',(52.172740167528,2.15165478045,1.007814034673)
  );
#617 = CARTESIAN_POINT('',(50.862045156571,3.183274979318,1.089839422714
    ));
#618 = CARTESIAN_POINT('',(49.007697607848,3.271141276277,1.171885126563
    ));
#619 = CARTESIAN_POINT('',(47.514724140298,2.167863784566,1.253895747931
    ));
#620 = CARTESIAN_POINT('',(46.998026159402,0.581934420202,1.335945106082
    ));
#621 = CARTESIAN_POINT('',(47.365317065331,-0.842492784724,
    1.417966910786));
#622 = CARTESIAN_POINT('',(49.15750791469,-2.634682166489,1.582034009709
    ));
#623 = CARTESIAN_POINT('',(50.581932207794,-3.001976273087,
    1.664055814428));
#624 = CARTESIAN_POINT('',(52.167866844981,-2.485272105333,
    1.746105172545));
#625 = CARTESIAN_POINT('',(53.271138575772,-0.992305877877,
    1.828115793958));
#626 = CARTESIAN_POINT('',(53.183276346244,0.86204683784,1.910161497766)
  );
#627 = CARTESIAN_POINT('',(52.151654519964,2.172739745428,1.992186885838
    ));
#628 = CARTESIAN_POINT('',(50.763248706207,2.658723009517,2.07421920421)
  );
#629 = CARTESIAN_POINT('',(48.277400919513,2.164257204408,2.238281716288
    ));
#630 = CARTESIAN_POINT('',(47.180658522362,1.183947533598,2.32031403466)
  );
#631 = CARTESIAN_POINT('',(46.729147000888,-0.42176071899,2.402339422727
    ));
#632 = CARTESIAN_POINT('',(47.35759721226,-2.168579441532,2.484385126553
    ));
#633 = CARTESIAN_POINT('',(48.948228916538,-3.125701053396,
    2.566395747937));
#634 = CARTESIAN_POINT('',(50.611168353098,-2.996158849799,2.64844510608
    ));
#635 = CARTESIAN_POINT('',(51.786611348729,-2.111721607397,
    2.730466910787));
#636 = CARTESIAN_POINT('',(52.756536691238,0.229888020743,2.894534009707
    ));
#637 = CARTESIAN_POINT('',(52.550768621106,1.686441840153,2.976555814434
    ));
#638 = CARTESIAN_POINT('',(51.466485305692,2.953920266918,3.058605172538
    ));
#639 = CARTESIAN_POINT('',(49.664960552642,3.401876997465,3.140615793963
    ));
#640 = CARTESIAN_POINT('',(47.985385452106,2.611072819859,3.222661497764
    ));
#641 = CARTESIAN_POINT('',(47.169247682762,1.156398068613,3.304686885838
    ));
#642 = CARTESIAN_POINT('',(47.251577594251,-0.31229938911,3.386719204211
    ));
#643 = CARTESIAN_POINT('',(48.659697194467,-2.419699408688,
    3.550781716288));
#644 = CARTESIAN_POINT('',(49.985090379813,-3.057808992252,3.63281403466
    ));
#645 = CARTESIAN_POINT('',(51.641357348352,-2.860473300137,
    3.714839422726));
#646 = CARTESIAN_POINT('',(53.014709929162,-1.61138242823,3.796885126556
    ));
#647 = CARTESIAN_POINT('',(53.290266596261,0.224444230791,3.878895747933
    ));
#648 = CARTESIAN_POINT('',(52.534205834365,1.711226284885,3.960945106083
    ));
#649 = CARTESIAN_POINT('',(51.267269808204,2.45873453056,4.042966910786)
  );
#650 = CARTESIAN_POINT('',(48.732730240422,2.458733492814,4.207034009708
    ));
#651 = CARTESIAN_POINT('',(47.465794010021,1.711229569339,4.289055814433
    ));
#652 = CARTESIAN_POINT('',(46.709733894425,0.224439411979,4.371105172539
    ));
#653 = CARTESIAN_POINT('',(46.985289515617,-1.611378053871,
    4.453115793962));
#654 = CARTESIAN_POINT('',(48.358642873915,-2.860475455558,
    4.535161497764));
#655 = CARTESIAN_POINT('',(50.014909505909,-3.057808509582,
    4.617186885838));
#656 = CARTESIAN_POINT('',(51.340302733436,-2.419699405217,4.69921920421
    ));
#657 = CARTESIAN_POINT('',(52.748422436546,-0.312299454391,
    4.863281716288));
#658 = CARTESIAN_POINT('',(52.830752806897,1.156398147743,4.94531403466)
  );
#659 = CARTESIAN_POINT('',(52.014612471493,2.611072200367,5.027339422726
    ));
#660 = CARTESIAN_POINT('',(50.335043701202,3.401878158497,5.109385126554
    ));
#661 = CARTESIAN_POINT('',(48.53351005454,2.953918876179,5.191395747935)
  );
#662 = CARTESIAN_POINT('',(47.449234472879,1.686442953288,5.27344510608)
  );
#663 = CARTESIAN_POINT('',(47.243462331401,0.229887668538,5.355466910788
    ));
#664 = CARTESIAN_POINT('',(48.213389591414,-2.111721165345,5.5195340097)
  );
#665 = CARTESIAN_POINT('',(49.388828672037,-2.996160250474,
    5.601555814455));
#666 = CARTESIAN_POINT('',(51.051775347642,-3.12569875598,5.683605172511
    ));
#667 = CARTESIAN_POINT('',(52.642398958875,-2.168581628486,
    5.765615793982));
#668 = CARTESIAN_POINT('',(53.270854905381,-0.421759688797,
    5.847661497758));
#669 = CARTESIAN_POINT('',(52.819341075447,1.18394724331,5.929686885838)
  );
#670 = CARTESIAN_POINT('',(51.722599104871,2.164257136471,6.011719204211
    ));
#671 = CARTESIAN_POINT('',(49.236751342319,2.658723062952,6.175781716288
    ));
#672 = CARTESIAN_POINT('',(47.848345219548,2.17274016753,6.257814034661)
  );
#673 = CARTESIAN_POINT('',(46.816725020686,0.862045156571,6.33983942272)
  );
#674 = CARTESIAN_POINT('',(46.728858723716,-0.992302392153,
    6.421885126569));
#675 = CARTESIAN_POINT('',(47.83213621544,-2.485275859702,6.503895747917
    ));
#676 = CARTESIAN_POINT('',(49.418065579796,-3.001973840597,
    6.585945106093));
#677 = CARTESIAN_POINT('',(50.842492784722,-2.634682934669,
    6.667966910785));
#678 = CARTESIAN_POINT('',(52.634682166491,-0.842492085312,
    6.832034009696));
#679 = CARTESIAN_POINT('',(53.001976273082,0.581932207805,6.914055814467
    ));
#680 = CARTESIAN_POINT('',(52.485272105336,2.167866844962,6.996105172496
    ));
#681 = CARTESIAN_POINT('',(50.992305877876,3.271138575788,7.078115793993
    ));
#682 = CARTESIAN_POINT('',(49.137953162159,3.183276346237,7.160161497754
    ));
#683 = CARTESIAN_POINT('',(47.827260254573,2.151654519965,7.242186885837
    ));
#684 = CARTESIAN_POINT('',(47.341276990482,0.763248706207,7.324219204212
    ));
#685 = CARTESIAN_POINT('',(47.835742795592,-1.722599080487,
    7.488281716288));
#686 = CARTESIAN_POINT('',(48.816052466402,-2.819341477641,
    7.570314034661));
#687 = CARTESIAN_POINT('',(50.42176071899,-3.270852999101,7.652339422716
    ));
#688 = CARTESIAN_POINT('',(52.168579441531,-2.642402787762,7.73438512658
    ));
#689 = CARTESIAN_POINT('',(53.125701053398,-1.051771083439,
    7.816395747902));
#690 = CARTESIAN_POINT('',(52.996158849797,0.611168353086,7.898445106106
    ));
#691 = CARTESIAN_POINT('',(52.111721607398,1.786611348729,7.980466910777
    ));
#692 = CARTESIAN_POINT('',(49.770111979256,2.756536691238,8.14453400971)
  );
#693 = CARTESIAN_POINT('',(48.313558159849,2.550768621105,8.226555814431
    ));
#694 = CARTESIAN_POINT('',(47.046079733079,1.466485305693,8.30860517254)
  );
#695 = CARTESIAN_POINT('',(46.598123002538,-0.335039447359,
    8.390615793961));
#696 = CARTESIAN_POINT('',(47.38892718014,-2.014614547894,8.472661497765
    ));
#697 = CARTESIAN_POINT('',(48.843601931387,-2.830752317238,
    8.554686885838));
#698 = CARTESIAN_POINT('',(50.31229938911,-2.748422405749,8.636719204211
    ));
#699 = CARTESIAN_POINT('',(52.419699408688,-1.340302805533,
    8.800781716287));
#700 = CARTESIAN_POINT('',(53.057808992249,-1.490962018733E-02,
    8.88281403466));
#701 = CARTESIAN_POINT('',(52.860473300148,1.641357348355,8.964839422726
    ));
#702 = CARTESIAN_POINT('',(51.611382428211,3.014709929158,9.046885126553
    ));
#703 = CARTESIAN_POINT('',(49.775555769228,3.290266596265,9.128895747937
    ));
#704 = CARTESIAN_POINT('',(48.288773715107,2.534205834365,9.21094510608)
  );
#705 = CARTESIAN_POINT('',(47.541265469438,1.267269808202,9.292966910786
    ));
#706 = CARTESIAN_POINT('',(47.541266507188,-1.267269759578,
    9.457034009713));
#707 = CARTESIAN_POINT('',(48.288770430656,-2.53420598998,9.539055814418
    ));
#708 = CARTESIAN_POINT('',(49.775560588028,-3.290266105575,
    9.621105172558));
#709 = CARTESIAN_POINT('',(51.611378053865,-3.014710484383,
    9.703115793949));
#710 = CARTESIAN_POINT('',(52.860475455561,-1.641357126085,
    9.785161497769));
#711 = CARTESIAN_POINT('',(53.057808509582,1.490950590869E-02,
    9.867186885839));
#712 = CARTESIAN_POINT('',(52.419699405217,1.340302733436,9.94921920421)
  );
#713 = CARTESIAN_POINT('',(50.312299454391,2.748422436546,
    10.113281716288));
#714 = CARTESIAN_POINT('',(48.843601852257,2.830752806896,10.19531403466
    ));
#715 = CARTESIAN_POINT('',(47.388927799632,2.014612471497,
    10.277339422729));
#716 = CARTESIAN_POINT('',(46.598121841506,0.335043701194,
    10.359385126546));
#717 = CARTESIAN_POINT('',(47.046081123817,-1.466489945451,
    10.441395747946));
#718 = CARTESIAN_POINT('',(48.313557046714,-2.550765527126,
    10.523445106074));
#719 = CARTESIAN_POINT('',(49.770112331462,-2.756537668598,
    10.605466910787));
#720 = CARTESIAN_POINT('',(52.111721165344,-1.786610408582,
    10.769534009714));
#721 = CARTESIAN_POINT('',(52.996160250472,-0.611171327979,
    10.851555814414));
#722 = CARTESIAN_POINT('',(53.125698755986,1.051775347666,
    10.933605172565));
#723 = CARTESIAN_POINT('',(52.168581628479,2.642398958855,
    11.015615793943));
#724 = CARTESIAN_POINT('',(50.421759688801,3.27085490539,11.097661497771
    ));
#725 = CARTESIAN_POINT('',(48.816052756689,2.819341075446,
    11.179686885838));
#726 = CARTESIAN_POINT('',(47.83574286353,1.72259910487,11.26171920421)
  );
#727 = CARTESIAN_POINT('',(47.341276937048,-0.763248657681,
    11.425781716288));
#728 = CARTESIAN_POINT('',(47.827259832469,-2.151654780454,
    11.507814034659));
#729 = CARTESIAN_POINT('',(49.137954843432,-3.183274979308,
    11.589839422731));
#730 = CARTESIAN_POINT('',(50.99230239215,-3.271141276293,
    11.671885126543));
#731 = CARTESIAN_POINT('',(52.485275859702,-2.167863784552,
    11.753895747949));
#732 = CARTESIAN_POINT('',(53.001973840599,-0.581934420209,
    11.835945106072));
#733 = CARTESIAN_POINT('',(52.634682934668,0.842492784724,
    11.917966910789));
#734 = CARTESIAN_POINT('',(50.84249208531,2.634682166488,12.082034009707
    ));
#735 = CARTESIAN_POINT('',(49.418067792206,3.001976273088,
    12.164055814432));
#736 = CARTESIAN_POINT('',(47.83213315502,2.48527210533,12.246105172542)
  );
#737 = CARTESIAN_POINT('',(46.728861424228,0.99230587788,12.328115793959
    ));
#738 = CARTESIAN_POINT('',(46.816723653756,-0.862046837842,
    12.410161497766));
#739 = CARTESIAN_POINT('',(47.848345480036,-2.172739745427,
    12.492186885838));
#740 = CARTESIAN_POINT('',(49.236751293793,-2.658723009517,
    12.574219204211));
#741 = CARTESIAN_POINT('',(51.722599080487,-2.164257204408,
    12.738281716288));
#742 = CARTESIAN_POINT('',(52.819341477641,-1.183947533599,
    12.82031403466));
#743 = CARTESIAN_POINT('',(53.270852999103,0.421760718992,
    12.902339422727));
#744 = CARTESIAN_POINT('',(52.642402787757,2.168579441529,
    12.984385126552));
#745 = CARTESIAN_POINT('',(51.051771083445,3.125701053399,
    13.066395747937));
#746 = CARTESIAN_POINT('',(49.38883164691,2.996158849798,13.14844510608)
  );
#747 = CARTESIAN_POINT('',(48.213388651272,2.111721607397,
    13.230466910785));
#748 = CARTESIAN_POINT('',(47.243463308763,-0.229888020744,
    13.394534009714));
#749 = CARTESIAN_POINT('',(47.44923137889,-1.686441840149,
    13.476555814414));
#750 = CARTESIAN_POINT('',(48.533514694314,-2.953920266925,
    13.558605172563));
#751 = CARTESIAN_POINT('',(50.335039447354,-3.401876997458,
    13.640615793946));
#752 = CARTESIAN_POINT('',(52.014614547895,-2.611072819862,
    13.722661497769));
#753 = CARTESIAN_POINT('',(52.830752317238,-1.156398068613,
    13.804686885839));
#754 = CARTESIAN_POINT('',(52.748422405749,0.31229938911,13.88671920421)
  );
#755 = CARTESIAN_POINT('',(51.340302805533,2.419699408688,
    14.050781716288));
#756 = CARTESIAN_POINT('',(50.014909620187,3.057808992249,
    14.132814034659));
#757 = CARTESIAN_POINT('',(48.358642651645,2.860473300151,
    14.214839422732));
#758 = CARTESIAN_POINT('',(46.985290070841,1.611382428205,14.29688512654
    ));
#759 = CARTESIAN_POINT('',(46.709733403736,-0.224444230765,
    14.378895747953));
#760 = CARTESIAN_POINT('',(47.465794165635,-1.711226284899,
    14.460945106068));
#761 = CARTESIAN_POINT('',(48.732730191797,-2.45873453056,
    14.542966910792));
#762 = CARTESIAN_POINT('',(51.267269759579,-2.458733492814,
    14.707034009701));
#763 = CARTESIAN_POINT('',(52.534205989977,-1.711229569337,
    14.789055814449));
#764 = CARTESIAN_POINT('',(53.290266105578,-0.224439411981,
    14.871105172517));
#765 = CARTESIAN_POINT('',(53.01471048438,1.611378053872,14.953115793979
    ));
#766 = CARTESIAN_POINT('',(51.641357126086,2.860475455557,
    15.035161497757));
#767 = CARTESIAN_POINT('',(49.985090494091,3.057808509582,
    15.117186885839));
#768 = CARTESIAN_POINT('',(48.659697266564,2.419699405217,
    15.199219204211));
#769 = CARTESIAN_POINT('',(47.251577563453,0.312299454391,
    15.363281716288));
#770 = CARTESIAN_POINT('',(47.169247193104,-1.156398147745,
    15.44531403466));
#771 = CARTESIAN_POINT('',(47.985387528506,-2.611072200358,
    15.527339422719));
#772 = CARTESIAN_POINT('',(49.664956298798,-3.401878158514,
    15.609385126574));
#773 = CARTESIAN_POINT('',(51.466489945462,-2.953918876163,
    15.691395747908));
#774 = CARTESIAN_POINT('',(52.550765527119,-1.686442953297,
    15.773445106102));
#775 = CARTESIAN_POINT('',(52.756537668599,-0.229887668538,
    15.855466910778));
#776 = CARTESIAN_POINT('',(51.786610408583,2.111721165345,
    16.019534009712));
#777 = CARTESIAN_POINT('',(50.611171327975,2.996160250473,
    16.101555814423));
#778 = CARTESIAN_POINT('',(48.94822465234,3.125698755983,16.183605172552
    ));
#779 = CARTESIAN_POINT('',(47.35760104114,2.168581628482,16.265615793951
    ));
#780 = CARTESIAN_POINT('',(46.729145094612,0.421759688799,
    16.347661497769));
#781 = CARTESIAN_POINT('',(47.180658924554,-1.18394724331,
    16.429686885838));
#782 = CARTESIAN_POINT('',(48.27740089513,-2.16425713647,16.51171920421)
  );
#783 = CARTESIAN_POINT('',(50.763248657681,-2.658723062952,
    16.675781716288));
#784 = CARTESIAN_POINT('',(52.151654780455,-2.172740167532,
    16.75781403466));
#785 = CARTESIAN_POINT('',(53.183274979303,-0.862045156565,
    16.839839422727));
#786 = CARTESIAN_POINT('',(53.271141276303,0.992302392144,
    16.921885126552));
#787 = CARTESIAN_POINT('',(52.167863784541,2.485275859708,
    17.003895747936));
#788 = CARTESIAN_POINT('',(50.581934420215,3.001973840594,
    17.085945106083));
#789 = CARTESIAN_POINT('',(49.157507215275,2.634682934669,
    17.167966910782));
#790 = CARTESIAN_POINT('',(47.365317833513,0.842492085306,
    17.332034009723));
#791 = CARTESIAN_POINT('',(46.99802372691,-0.58193220778,17.414055814389
    ));
#792 = CARTESIAN_POINT('',(47.51472789467,-2.167866845003,
    17.496105172597));
#793 = CARTESIAN_POINT('',(49.007694122123,-3.271138575752,
    17.578115793916));
#794 = CARTESIAN_POINT('',(50.862046837838,-3.183276346254,
    17.660161497789));
#795 = CARTESIAN_POINT('',(52.172739745431,-2.151654519962,
    17.742186885827));
#796 = CARTESIAN_POINT('',(52.658723009515,-0.763248706207,
    17.824219204218));
#797 = CARTESIAN_POINT('',(52.164257204412,1.722599080488,
    17.988281716267));
#798 = CARTESIAN_POINT('',(51.183947533574,2.819341477635,
    18.070314034765));
#799 = CARTESIAN_POINT('',(49.578239281073,3.270852999119,
    18.152339422472));
#800 = CARTESIAN_POINT('',(47.831420558361,2.642402787728,
    18.234385126977));
#801 = CARTESIAN_POINT('',(46.874298946737,1.051771083481,
    18.316395747399));
#802 = CARTESIAN_POINT('',(47.003841150074,-0.611168353123,
    18.398445106614));
#803 = CARTESIAN_POINT('',(47.888278392695,-1.786611348706,
    18.48046691037));
#804 = CARTESIAN_POINT('',(50.229888020545,-2.756536691284,
    18.644534010624));
#805 = CARTESIAN_POINT('',(51.686441841171,-2.550768620867,
    18.726555809753));
#806 = CARTESIAN_POINT('',(52.953920264413,-1.466485306288,
    18.808605183986));
#807 = CARTESIAN_POINT('',(53.401877001695,0.335039448373,
    18.890615774716));
#808 = CARTESIAN_POINT('',(52.611072814498,2.014614546602,
    18.972661522083));
#809 = CARTESIAN_POINT('',(51.156398073872,2.830752318507,19.05468686202
    ));
#810 = CARTESIAN_POINT('',(49.68770060688,2.748422404781,19.13671922237)
  );
#811 = CARTESIAN_POINT('',(47.580300599999,1.340302807629,
    19.300781676948));
#812 = CARTESIAN_POINT('',(46.942190963153,1.490960942504E-02,
    19.382814236616));
#813 = CARTESIAN_POINT('',(47.139526809306,-1.641357321939,
    19.464838927089));
#814 = CARTESIAN_POINT('',(48.388617387365,-3.014709973668,
    19.546885961674));
#815 = CARTESIAN_POINT('',(50.224444464083,-3.29026653996,
    19.628894691421));
#816 = CARTESIAN_POINT('',(51.711226056286,-2.534205889529,
    19.710946141325));
#817 = CARTESIAN_POINT('',(52.458734704853,-1.267269766149,
    19.792966121479));
#818 = CARTESIAN_POINT('',(52.458733910055,-4.883347104467E-08,
    19.875000920494));
#819 = CARTESIAN_POINT('',(52.41342282541,-1.110223024625E-15,
    -1.09883951035));
#820 = CARTESIAN_POINT('',(52.413422176928,1.24391507883,-1.01680441422)
  );
#821 = CARTESIAN_POINT('',(51.679693674685,2.48750551159,-0.934785377532
    ));
#822 = CARTESIAN_POINT('',(50.220303625271,3.229628228184,
    -0.852732236587));
#823 = CARTESIAN_POINT('',(48.418317327416,2.959155643269,
    -0.770725392123));
#824 = CARTESIAN_POINT('',(47.192239424342,1.611107717149,
    -0.688677036133));
#825 = CARTESIAN_POINT('',(46.998542943559,-1.463435555902E-02,
    -0.606652894791));
#826 = CARTESIAN_POINT('',(47.624892510058,-1.315602702177,
    -0.524620225483));
#827 = CARTESIAN_POINT('',(49.693455812101,-2.697772568764,
    -0.360557774709));
#828 = CARTESIAN_POINT('',(51.135087552635,-2.778585503397,
    -0.278525321405));
#829 = CARTESIAN_POINT('',(52.562952391564,-1.97748656938,
    -0.196500476217));
#830 = CARTESIAN_POINT('',(53.339188016414,-0.328867961812,
    -0.114453515249));
#831 = CARTESIAN_POINT('',(52.899479758893,1.439463090278,
    -3.24446539305E-02));
#832 = CARTESIAN_POINT('',(51.655365404413,2.503759089735,
    4.960623749333E-02));
#833 = CARTESIAN_POINT('',(50.225650720143,2.705737974514,0.13162724549)
  );
#834 = CARTESIAN_POINT('',(47.927195535728,1.753685784465,0.295694730836
    ));
#835 = CARTESIAN_POINT('',(47.059053761694,0.599907297309,0.377715743813
    ));
#836 = CARTESIAN_POINT('',(46.931905900563,-1.03239103954,0.459766619022
    ));
#837 = CARTESIAN_POINT('',(47.871380527895,-2.593704217621,0.54177551246
    ));
#838 = CARTESIAN_POINT('',(49.586013946797,-3.210576681391,
    0.623822427008));
#839 = CARTESIAN_POINT('',(51.162128295703,-2.767384448426,0.70584732396
    ));
#840 = CARTESIAN_POINT('',(52.124372690943,-1.690853833602,
    0.787879731906));
#841 = CARTESIAN_POINT('',(52.609726243957,0.749182962496,0.951942244962
    ));
#842 = CARTESIAN_POINT('',(52.132699072215,2.112002798782,1.033974652795
    ));
#843 = CARTESIAN_POINT('',(50.846159952168,3.12461060139,1.115999550112)
  );
#844 = CARTESIAN_POINT('',(49.025982444936,3.210859786988,1.198046463942
    ));
#845 = CARTESIAN_POINT('',(47.560526648335,2.127911326252,1.280055358417
    ));
#846 = CARTESIAN_POINT('',(47.053347307283,0.571211094408,1.362106232464
    ));
#847 = CARTESIAN_POINT('',(47.413871273023,-0.826967013472,
    1.444127246469));
#848 = CARTESIAN_POINT('',(49.173033524233,-2.586128114662,
    1.608194730384));
#849 = CARTESIAN_POINT('',(50.571209327557,-2.946654619508,
    1.690215744405));
#850 = CARTESIAN_POINT('',(52.127913731699,-2.439470395646,
    1.772266618417));
#851 = CARTESIAN_POINT('',(53.210857645889,-0.974020330314,
    1.854275512937));
#852 = CARTESIAN_POINT('',(53.124611687253,0.846161263048,1.936322426725
    ));
#853 = CARTESIAN_POINT('',(52.112002605456,2.132698725933,2.018347324075
    ));
#854 = CARTESIAN_POINT('',(50.749183016338,2.609726197262,2.100379731884
    ));
#855 = CARTESIAN_POINT('',(48.309146198274,2.124372754691,2.264442244972
    ));
#856 = CARTESIAN_POINT('',(47.232615240439,1.162128541623,2.346474652782
    ));
#857 = CARTESIAN_POINT('',(46.789424823487,-0.413986848704,
    2.428499550125));
#858 = CARTESIAN_POINT('',(47.406292742187,-2.128617727562,
    2.510546463932));
#859 = CARTESIAN_POINT('',(48.967612314062,-3.068095909804,
    2.592555358423));
#860 = CARTESIAN_POINT('',(50.599904927566,-2.940945134436,
    2.674606232461));
#861 = CARTESIAN_POINT('',(51.753686515587,-2.072804824125,2.75662724647
    ));
#862 = CARTESIAN_POINT('',(52.705737202986,0.225650982421,2.920694730382
    ));
#863 = CARTESIAN_POINT('',(52.503761546274,1.655364510297,3.002715744411
    ));
#864 = CARTESIAN_POINT('',(51.439459438083,2.899480847826,3.08476661841)
  );
#865 = CARTESIAN_POINT('',(49.671135422661,3.339187104041,3.166775512943
    ));
#866 = CARTESIAN_POINT('',(48.022511802581,2.562952888421,3.248822426723
    ));
#867 = CARTESIAN_POINT('',(47.221414891878,1.135087511151,3.330847324075
    ));
#868 = CARTESIAN_POINT('',(47.302227452729,-0.306544123802,
    3.412879731884));
#869 = CARTESIAN_POINT('',(48.684397228989,-2.375107477271,
    3.576942244972));
#870 = CARTESIAN_POINT('',(49.985365524711,-3.001457477104,
    3.658974652782));
#871 = CARTESIAN_POINT('',(51.611107904659,-2.807758784937,
    3.740999550124));
#872 = CARTESIAN_POINT('',(52.959155147009,-1.581686310671,
    3.823046463935));
#873 = CARTESIAN_POINT('',(53.229628678034,0.220307620962,3.905055358419
    ));
#874 = CARTESIAN_POINT('',(52.48750533917,1.679690862461,3.987106232464)
  );
#875 = CARTESIAN_POINT('',(51.243915176824,2.41342314291,4.069127246469)
  );
#876 = CARTESIAN_POINT('',(48.756084875932,2.413422329724,4.233194730383
    ));
#877 = CARTESIAN_POINT('',(47.512494547742,1.679693474276,4.31521574441)
  );
#878 = CARTESIAN_POINT('',(46.770371711265,0.2203038298,4.397266618411)
  );
#879 = CARTESIAN_POINT('',(47.040844404594,-1.581682834254,
    4.479275512942));
#880 = CARTESIAN_POINT('',(48.388892254445,-2.80776047971,4.561322426723
    ));
#881 = CARTESIAN_POINT('',(50.014634367134,-3.001457095536,
    4.643347324075));
#882 = CARTESIAN_POINT('',(51.315602699922,-2.375107482326,
    4.725379731884));
#883 = CARTESIAN_POINT('',(52.697772569805,-0.306544191414,
    4.889442244972));
#884 = CARTESIAN_POINT('',(52.778585502032,1.135087557247,4.971474652782
    ));
#885 = CARTESIAN_POINT('',(51.977486570773,2.562952386856,5.053499550125
    ));
#886 = CARTESIAN_POINT('',(50.328867960712,3.339188020137,5.135546463933
    ));
#887 = CARTESIAN_POINT('',(48.560536910374,2.899479756682,5.217555358421
    ));
#888 = CARTESIAN_POINT('',(47.496240909999,1.655365405314,5.299606232462
    ));
#889 = CARTESIAN_POINT('',(47.294262025539,0.225650719968,5.381627246472
    ));
#890 = CARTESIAN_POINT('',(48.246314215509,-2.072804464191,
    5.545694730374));
#891 = CARTESIAN_POINT('',(49.400092702731,-2.940946238415,
    5.627715744433));
#892 = CARTESIAN_POINT('',(51.032391039494,-3.068094099323,
    5.709766618382));
#893 = CARTESIAN_POINT('',(52.593704217658,-2.128619472197,
    5.791775512963));
#894 = CARTESIAN_POINT('',(53.21057668137,-0.413986053149,5.873822426716
    ));
#895 = CARTESIAN_POINT('',(52.767384448433,1.162128295681,5.955847324074
    ));
#896 = CARTESIAN_POINT('',(51.690853833601,2.124372690947,6.037879731885
    ));
#897 = CARTESIAN_POINT('',(49.250817037504,2.609726243955,6.201942244972
    ));
#898 = CARTESIAN_POINT('',(47.887997201216,2.132699072216,6.283974652783
    ));
#899 = CARTESIAN_POINT('',(46.875389398614,0.846159952168,6.365999550118
    ));
#900 = CARTESIAN_POINT('',(46.789140213006,-0.974017555066,6.44804646395
    ));
#901 = CARTESIAN_POINT('',(47.872088673754,-2.439473351664,
    6.530055358401));
#902 = CARTESIAN_POINT('',(49.428788905591,-2.946652692717,
    6.612106232476));
#903 = CARTESIAN_POINT('',(50.826967013471,-2.586128726977,
    6.694127246468));
#904 = CARTESIAN_POINT('',(52.586128114664,-0.826966475769,
    6.858194730371));
#905 = CARTESIAN_POINT('',(52.946654619504,0.571209327567,6.940215744445
    ));
#906 = CARTESIAN_POINT('',(52.439470395649,2.127913731683,7.022266618366
    ));
#907 = CARTESIAN_POINT('',(50.974020330313,3.210857645903,7.104275512973
    ));
#908 = CARTESIAN_POINT('',(49.153838736952,3.124611687246,7.186322426713
    ));
#909 = CARTESIAN_POINT('',(47.867301274068,2.112002605457,7.268347324074
    ));
#910 = CARTESIAN_POINT('',(47.390273802738,0.749183016338,7.350379731885
    ));
#911 = CARTESIAN_POINT('',(47.87562724531,-1.690853801726,7.514442244973
    ));
#912 = CARTESIAN_POINT('',(48.837871458377,-2.767384759563,
    7.596474652783));
#913 = CARTESIAN_POINT('',(50.413986848705,-3.210575176502,
    7.678499550115));
#914 = CARTESIAN_POINT('',(52.128617727562,-2.593707257834,7.76054646396
    ));
#915 = CARTESIAN_POINT('',(53.068095909806,-1.032387685917,
    7.842555358386));
#916 = CARTESIAN_POINT('',(52.940945134434,0.599904927555,7.924606232489
    ));
#917 = CARTESIAN_POINT('',(52.072804824126,1.753686515587,8.00662724646)
  );
#918 = CARTESIAN_POINT('',(49.774349017578,2.705737202986,8.170694730385
    ));
#919 = CARTESIAN_POINT('',(48.344635489705,2.503761546273,8.252715744409
    ));
#920 = CARTESIAN_POINT('',(47.10051915217,1.439459438083,8.334766618412)
  );
#921 = CARTESIAN_POINT('',(46.660812895962,-0.32886457734,8.416775512941
    ));
#922 = CARTESIAN_POINT('',(47.437047111577,-1.977488197419,
    8.498822426724));
#923 = CARTESIAN_POINT('',(48.86491248885,-2.778585108122,8.580847324074
    ));
#924 = CARTESIAN_POINT('',(50.306544123802,-2.697772547271,
    8.662879731884));
#925 = CARTESIAN_POINT('',(52.375107477271,-1.315602771011,
    8.826942244972));
#926 = CARTESIAN_POINT('',(53.001457477101,-1.463447528984E-02,
    8.908974652782));
#927 = CARTESIAN_POINT('',(52.807758784948,1.611107904662,8.990999550125
    ));
#928 = CARTESIAN_POINT('',(51.581686310651,2.959155147004,9.073046463932
    ));
#929 = CARTESIAN_POINT('',(49.779692379057,3.229628678037,9.155055358423
    ));
#930 = CARTESIAN_POINT('',(48.32030913753,2.487505339169,9.237106232462)
  );
#931 = CARTESIAN_POINT('',(47.586576857088,1.243915176823,9.319127246469
    ));
#932 = CARTESIAN_POINT('',(47.586577670278,-1.243915124067,
    9.483194730388));
#933 = CARTESIAN_POINT('',(48.32030652572,-2.487505452259,9.565215744394
    ));
#934 = CARTESIAN_POINT('',(49.779696170206,-3.229628288734,
    9.647266618431));
#935 = CARTESIAN_POINT('',(51.581682834249,-2.959155595407,
    9.729275512927));
#936 = CARTESIAN_POINT('',(52.807760479712,-1.611107745554,
    9.811322426728));
#937 = CARTESIAN_POINT('',(53.001457095536,1.463436713359E-02,
    9.893347324075));
#938 = CARTESIAN_POINT('',(52.375107482326,1.315602699922,9.975379731884
    ));
#939 = CARTESIAN_POINT('',(50.306544191414,2.697772569805,
    10.139442244972));
#940 = CARTESIAN_POINT('',(48.864912442753,2.778585502031,
    10.221474652782));
#941 = CARTESIAN_POINT('',(47.437047613143,1.977486570777,
    10.303499550128));
#942 = CARTESIAN_POINT('',(46.660811979866,0.328867960705,
    10.385546463925));
#943 = CARTESIAN_POINT('',(47.100520243314,-1.439463089618,
    10.467555358432));
#944 = CARTESIAN_POINT('',(48.344634594689,-2.503759090005,
    10.549606232455));
#945 = CARTESIAN_POINT('',(49.774349280031,-2.70573797446,10.63162724647
    ));
#946 = CARTESIAN_POINT('',(52.072804464191,-1.753685784488,
    10.795694730389));
#947 = CARTESIAN_POINT('',(52.940946238412,-0.599907297283,
    10.87771574439));
#948 = CARTESIAN_POINT('',(53.068094099328,1.032391039515,
    10.959766618438));
#949 = CARTESIAN_POINT('',(52.128619472191,2.59370421764,11.041775512921
    ));
#950 = CARTESIAN_POINT('',(50.413986053153,3.210576681379,
    11.123822426731));
#951 = CARTESIAN_POINT('',(48.837871704318,2.767384448432,
    11.205847324075));
#952 = CARTESIAN_POINT('',(47.875627309053,1.690853833601,
    11.287879731883));
#953 = CARTESIAN_POINT('',(47.390273756045,-0.749182962496,
    11.451942244972));
#954 = CARTESIAN_POINT('',(47.867300927783,-2.112002798785,
    11.533974652781));
#955 = CARTESIAN_POINT('',(49.153840047834,-3.12461060138,11.61599955013
    ));
#956 = CARTESIAN_POINT('',(50.974017555063,-3.210859787004,
    11.698046463922));
#957 = CARTESIAN_POINT('',(52.439473351665,-2.127911326236,
    11.780055358435));
#958 = CARTESIAN_POINT('',(52.946652692718,-0.571211094415,
    11.862106232453));
#959 = CARTESIAN_POINT('',(52.586128726976,0.826967013472,
    11.944127246472));
#960 = CARTESIAN_POINT('',(50.826966475767,2.586128114662,
    12.108194730382));
#961 = CARTESIAN_POINT('',(49.428790672443,2.94665461951,12.190215744409
    ));
#962 = CARTESIAN_POINT('',(47.872086268301,2.439470395643,
    12.272266618415));
#963 = CARTESIAN_POINT('',(46.789142354111,0.974020330316,
    12.354275512938));
#964 = CARTESIAN_POINT('',(46.875388312747,-0.846161263049,
    12.436322426725));
#965 = CARTESIAN_POINT('',(47.887997394544,-2.132698725932,
    12.518347324074));
#966 = CARTESIAN_POINT('',(49.250816983662,-2.609726197262,
    12.600379731884));
#967 = CARTESIAN_POINT('',(51.690853801726,-2.12437275469,
    12.764442244972));
#968 = CARTESIAN_POINT('',(52.767384759563,-1.162128541624,
    12.846474652782));
#969 = CARTESIAN_POINT('',(53.210575176503,0.413986848706,
    12.928499550126));
#970 = CARTESIAN_POINT('',(52.59370725783,2.12861772756,13.010546463931)
  );
#971 = CARTESIAN_POINT('',(51.032387685921,3.068095909806,
    13.092555358424));
#972 = CARTESIAN_POINT('',(49.400095072442,2.940945134435,
    13.174606232462));
#973 = CARTESIAN_POINT('',(48.246313484414,2.072804824125,
    13.256627246468));
#974 = CARTESIAN_POINT('',(47.294262797015,-0.225650982422,
    13.42069473039));
#975 = CARTESIAN_POINT('',(47.496238453722,-1.655364510293,
    13.502715744391));
#976 = CARTESIAN_POINT('',(48.560540561923,-2.899480847833,
    13.584766618436));
#977 = CARTESIAN_POINT('',(50.328864577335,-3.339187104036,
    13.666775512924));
#978 = CARTESIAN_POINT('',(51.977488197421,-2.562952888424,
    13.748822426729));
#979 = CARTESIAN_POINT('',(52.778585108122,-1.13508751115,
    13.830847324075));
#980 = CARTESIAN_POINT('',(52.697772547271,0.306544123802,
    13.912879731883));
#981 = CARTESIAN_POINT('',(51.315602771011,2.375107477271,
    14.076942244972));
#982 = CARTESIAN_POINT('',(50.014634475289,3.001457477101,
    14.158974652781));
#983 = CARTESIAN_POINT('',(48.388892095339,2.80775878495,14.240999550131
    ));
#984 = CARTESIAN_POINT('',(47.040844852995,1.581686310646,
    14.323046463919));
#985 = CARTESIAN_POINT('',(46.770371321963,-0.220307620936,
    14.40505535844));
#986 = CARTESIAN_POINT('',(47.512494660831,-1.679690862475,
    14.487106232449));
#987 = CARTESIAN_POINT('',(48.756084823177,-2.413423142911,
    14.569127246475));
#988 = CARTESIAN_POINT('',(51.243915124068,-2.413422329724,
    14.733194730376));
#989 = CARTESIAN_POINT('',(52.487505452255,-1.679693474275,
    14.815215744427));
#990 = CARTESIAN_POINT('',(53.229628288739,-0.220303829802,
    14.897266618388));
#991 = CARTESIAN_POINT('',(52.959155595403,1.581682834255,
    14.979275512959));
#992 = CARTESIAN_POINT('',(51.611107745556,2.80776047971,15.061322426716
    ));
#993 = CARTESIAN_POINT('',(49.985365632866,3.001457095536,
    15.143347324076));
#994 = CARTESIAN_POINT('',(48.684397300078,2.375107482327,
    15.225379731884));
#995 = CARTESIAN_POINT('',(47.302227430195,0.306544191414,
    15.389442244973));
#996 = CARTESIAN_POINT('',(47.221414497969,-1.135087557249,
    15.471474652782));
#997 = CARTESIAN_POINT('',(48.022513429226,-2.562952386848,
    15.553499550118));
#998 = CARTESIAN_POINT('',(49.671132039288,-3.339188020153,
    15.635546463954));
#999 = CARTESIAN_POINT('',(51.439463089627,-2.899479756666,
    15.717555358393));
#1000 = CARTESIAN_POINT('',(52.503759089999,-1.655365405322,
    15.799606232485));
#1001 = CARTESIAN_POINT('',(52.705737974461,-0.225650719968,
    15.881627246461));
#1002 = CARTESIAN_POINT('',(51.753685784488,2.072804464191,
    16.045694730387));
#1003 = CARTESIAN_POINT('',(50.59990729728,2.940946238413,16.1277157444)
  );
#1004 = CARTESIAN_POINT('',(48.96760896049,3.068094099326,
    16.209766618425));
#1005 = CARTESIAN_POINT('',(47.406295782355,2.128619472194,
    16.29177551293));
#1006 = CARTESIAN_POINT('',(46.789423318623,0.413986053151,
    16.373822426729));
#1007 = CARTESIAN_POINT('',(47.232615551568,-1.162128295682,
    16.455847324074));
#1008 = CARTESIAN_POINT('',(48.309146166399,-2.124372690947,
    16.537879731884));
#1009 = CARTESIAN_POINT('',(50.749182962496,-2.609726243955,
    16.701942244972));
#1010 = CARTESIAN_POINT('',(52.112002798786,-2.132699072218,
    16.783974652781));
#1011 = CARTESIAN_POINT('',(53.124610601376,-0.846159952162,
    16.865999550127));
#1012 = CARTESIAN_POINT('',(53.210859787013,0.974017555057,
    16.948046463931));
#1013 = CARTESIAN_POINT('',(52.127911326227,2.439473351671,
    17.030055358423));
#1014 = CARTESIAN_POINT('',(50.571211094421,2.946652692714,
    17.112106232464));
#1015 = CARTESIAN_POINT('',(49.173032986527,2.586128726977,
    17.194127246465));
#1016 = CARTESIAN_POINT('',(47.41387188534,0.826966475764,
    17.358194730399));
#1017 = CARTESIAN_POINT('',(47.053345380489,-0.571209327544,
    17.440215744364));
#1018 = CARTESIAN_POINT('',(47.560529604357,-2.12791373172,
    17.522266618472));
#1019 = CARTESIAN_POINT('',(49.025979669686,-3.21085764587,
    17.604275512893));
#1020 = CARTESIAN_POINT('',(50.846161263046,-3.124611687262,
    17.686322426749));
#1021 = CARTESIAN_POINT('',(52.132698725935,-2.112002605454,
    17.768347324063));
#1022 = CARTESIAN_POINT('',(52.60972619726,-0.749183016338,
    17.850379731893));
#1023 = CARTESIAN_POINT('',(52.124372754694,1.690853801727,
    18.01444224495));
#1024 = CARTESIAN_POINT('',(51.162128541604,2.767384759557,
    18.096474652896));
#1025 = CARTESIAN_POINT('',(49.586013151346,3.21057517652,18.17849954985
    ));
#1026 = CARTESIAN_POINT('',(47.871382272351,2.5937072578,18.260546464391
    ));
#1027 = CARTESIAN_POINT('',(46.931904090302,1.032387685959,
    18.34255535784));
#1028 = CARTESIAN_POINT('',(47.059054865464,-0.599904927593,
    18.42460623304));
#1029 = CARTESIAN_POINT('',(47.927195175946,-1.753686515563,
    18.506627246019));
#1030 = CARTESIAN_POINT('',(50.225650982267,-2.705737203036,
    18.670694731375));
#1031 = CARTESIAN_POINT('',(51.655364511088,-2.503761546014,
    18.752715739339));
#1032 = CARTESIAN_POINT('',(52.899480845881,-1.43945943873,
    18.834766630815));
#1033 = CARTESIAN_POINT('',(53.339187107328,0.328864578439,
    18.916775492086));
#1034 = CARTESIAN_POINT('',(52.562952884255,1.97748819602,
    18.998822453077));
#1035 = CARTESIAN_POINT('',(51.135087515238,2.778585109496,
    19.080847298263));
#1036 = CARTESIAN_POINT('',(49.693455873081,2.697772546223,
    19.162879751564));
#1037 = CARTESIAN_POINT('',(47.624892529481,1.31560277328,19.32694220234
    ));
#1038 = CARTESIAN_POINT('',(46.998542488233,1.463446364E-02,
    19.408974871644));
#1039 = CARTESIAN_POINT('',(47.192241300131,-1.611107876067,
    19.490999012997));
#1040 = CARTESIAN_POINT('',(48.418313545995,-2.959155195185,
    19.573047368964));
#1041 = CARTESIAN_POINT('',(50.220307802296,-3.229628617089,
    19.655054213462));
#1042 = CARTESIAN_POINT('',(51.679690684775,-2.487505398882,
    19.737107354371));
#1043 = CARTESIAN_POINT('',(52.413423278385,-1.243915131301,
    19.819126391086));
#1044 = CARTESIAN_POINT('',(52.413422657319,-5.292150384584E-08,
    19.901161487202));
#1045 = CARTESIAN_POINT('',(52.38149182479,-1.33226762955E-15,
    -1.054562034086));
#1046 = CARTESIAN_POINT('',(52.381491466778,1.227457009227,
    -0.972526728588));
#1047 = CARTESIAN_POINT('',(51.657469695304,2.454595515595,
    -0.890508356745));
#1048 = CARTESIAN_POINT('',(50.217389861367,3.186896661677,
    -0.80845402414));
#1049 = CARTESIAN_POINT('',(48.439243105324,2.920005929812,
    -0.726448508222));
#1050 = CARTESIAN_POINT('',(47.229388059299,1.589790934186,
    -0.644399221046));
#1051 = CARTESIAN_POINT('',(47.038253852394,-1.444046949838E-02,
    -0.562375466672));
#1052 = CARTESIAN_POINT('',(47.656316543988,-1.298196532575,
    -0.480342720103));
#1053 = CARTESIAN_POINT('',(49.697511559205,-2.662079483633,
    -0.316280272009));
#1054 = CARTESIAN_POINT('',(51.120069916901,-2.741823031738,
    -0.234247753201));
#1055 = CARTESIAN_POINT('',(52.529042302755,-1.951324078988,
    -0.152223256666));
#1056 = CARTESIAN_POINT('',(53.295010008051,-0.324515470169,
    -7.017544045508E-02));
#1057 = CARTESIAN_POINT('',(52.861116528082,1.420416715221,
    1.183220211232E-02));
#1058 = CARTESIAN_POINT('',(51.633464873181,2.470633858329,
    9.388416273718E-02));
#1059 = CARTESIAN_POINT('',(50.222664974428,2.669939208046,
    0.175904613199));
#1060 = CARTESIAN_POINT('',(47.95462018536,1.730483825275,0.339972369929
    ));
#1061 = CARTESIAN_POINT('',(47.097963352972,0.5919692068,0.421992825641)
  );
#1062 = CARTESIAN_POINT('',(46.97249979917,-1.0187304244,0.504044769171)
  );
#1063 = CARTESIAN_POINT('',(47.899542174835,-2.559389309304,
    0.586052445603));
#1064 = CARTESIAN_POINT('',(49.591491933096,-3.168098276018,
    0.66810021287));
#1065 = CARTESIAN_POINT('',(51.146752455758,-2.730770534118,
    0.750124763986));
#1066 = CARTESIAN_POINT('',(52.096266031053,-1.668482867553,
    0.832157234967));
#1067 = CARTESIAN_POINT('',(52.575198065418,0.739270833289,
    0.996219748733));
#1068 = CARTESIAN_POINT('',(52.104481978144,2.084059921847,
    1.078252219594));
#1069 = CARTESIAN_POINT('',(50.834965791267,3.083269814626,
    1.160276771097));
#1070 = CARTESIAN_POINT('',(49.038867459408,3.168379001367,
    1.242324537602));
#1071 = CARTESIAN_POINT('',(47.592804176941,2.099757055555,
    1.324332215133));
#1072 = CARTESIAN_POINT('',(47.092332001182,0.56365411875,1.406384157433
    ));
#1073 = CARTESIAN_POINT('',(47.448087616045,-0.816025887933,
    1.488404614232));
#1074 = CARTESIAN_POINT('',(49.183974380402,-2.551912036832,
    1.652472369452));
#1075 = CARTESIAN_POINT('',(50.563653110949,-2.907669068743,
    1.734492826266));
#1076 = CARTESIAN_POINT('',(52.099758356534,-2.407194214711,
    1.816544768534));
#1077 = CARTESIAN_POINT('',(53.168377808711,-0.961134107967,
    1.898552446107));
#1078 = CARTESIAN_POINT('',(53.083270423363,0.834966480479,
    1.980600212571));
#1079 = CARTESIAN_POINT('',(52.084059838624,2.104481763721,
    2.062624764108));
#1080 = CARTESIAN_POINT('',(50.739270891762,2.575198031388,
    2.144657234943));
#1081 = CARTESIAN_POINT('',(48.331517173448,2.096266084871,
    2.308719748744));
#1082 = CARTESIAN_POINT('',(47.269229306929,1.146752621999,2.39075221958
    ));
#1083 = CARTESIAN_POINT('',(46.831902550153,-0.408508470668,
    2.472776771112));
#1084 = CARTESIAN_POINT('',(47.440608988983,-2.100456833565,
    2.554824537591));
#1085 = CARTESIAN_POINT('',(48.981271393076,-3.027501188819,
    2.636832215139));
#1086 = CARTESIAN_POINT('',(50.591967866234,-2.902036044278,
    2.718884157431));
#1087 = CARTESIAN_POINT('',(51.730484206048,-2.045380032605,
    2.800904614233));
#1088 = CARTESIAN_POINT('',(52.669938784604,0.222665089397,2.96497236945
    ));
#1089 = CARTESIAN_POINT('',(52.470635232766,1.63346435205,3.046992826272
    ));
#1090 = CARTESIAN_POINT('',(51.420414730737,2.861117113277,
    3.129044768526));
#1091 = CARTESIAN_POINT('',(49.675486435481,3.295009508129,
    3.211052446113));
#1092 = CARTESIAN_POINT('',(48.04867504983,2.529042598683,3.293100212569
    ));
#1093 = CARTESIAN_POINT('',(47.258177199656,1.120069924743,
    3.375124764108));
#1094 = CARTESIAN_POINT('',(47.33792052433,-0.302488375791,
    3.457157234943));
#1095 = CARTESIAN_POINT('',(48.701803404397,-2.343683434307,
    3.621219748744));
#1096 = CARTESIAN_POINT('',(49.985559425508,-2.961746380774,
    3.70325221958));
#1097 = CARTESIAN_POINT('',(51.58979102108,-2.770610967194,3.78527677111
    ));
#1098 = CARTESIAN_POINT('',(52.920005614318,-1.560758940196,
    3.867324537595));
#1099 = CARTESIAN_POINT('',(53.186896942947,0.217392037333,
    3.949332215134));
#1100 = CARTESIAN_POINT('',(52.454595409018,1.657468109776,
    4.031384157434));
#1101 = CARTESIAN_POINT('',(51.227457112709,2.381491990669,
    4.113404614232));
#1102 = CARTESIAN_POINT('',(48.772542943002,2.381491555475,
    4.277472369451));
#1103 = CARTESIAN_POINT('',(47.54540454706,1.657469578966,4.359492826271
    ));
#1104 = CARTESIAN_POINT('',(46.813103274381,0.217389980097,
    4.441544768527));
#1105 = CARTESIAN_POINT('',(47.079994120732,-1.560756988527,
    4.523552446112));
#1106 = CARTESIAN_POINT('',(48.410209035816,-2.770611885003,
    4.60560021257));
#1107 = CARTESIAN_POINT('',(50.014440481722,-2.9617461703,4.687624764107
    ));
#1108 = CARTESIAN_POINT('',(51.298196530194,-2.343683451591,
    4.769657234943));
#1109 = CARTESIAN_POINT('',(52.662079484732,-0.302488442836,
    4.933719748744));
#1110 = CARTESIAN_POINT('',(52.741823030297,1.120069919578,5.01575221958
    ));
#1111 = CARTESIAN_POINT('',(51.951324080458,2.529042300022,5.09777677111
    ));
#1112 = CARTESIAN_POINT('',(50.324515469007,3.295010010213,
    5.179824537594));
#1113 = CARTESIAN_POINT('',(48.579583285469,2.861116526797,
    5.261832215136));
#1114 = CARTESIAN_POINT('',(47.529366141391,1.633464873704,
    5.343884157432));
#1115 = CARTESIAN_POINT('',(47.330060792009,0.222664974326,
    5.425904614235));
#1116 = CARTESIAN_POINT('',(48.269516174698,-2.045379814593,
    5.589972369442));
#1117 = CARTESIAN_POINT('',(49.408030793241,-2.902036647092,
    5.671992826295));
#1118 = CARTESIAN_POINT('',(51.018730424354,-3.027500200762,
    5.754044768497));
#1119 = CARTESIAN_POINT('',(52.559389309341,-2.100457825221,
    5.836052446133));
#1120 = CARTESIAN_POINT('',(53.168098275997,-0.408508066871,
    5.918100212563));
#1121 = CARTESIAN_POINT('',(52.730770534125,1.146752455745,
    6.000124764107));
#1122 = CARTESIAN_POINT('',(51.668482867552,2.096266031056,
    6.082157234944));
#1123 = CARTESIAN_POINT('',(49.260729166711,2.575198065417,
    6.246219748744));
#1124 = CARTESIAN_POINT('',(47.915940078151,2.104481978144,
    6.328252219581));
#1125 = CARTESIAN_POINT('',(46.916730185378,0.834965791268,
    6.410276771104));
#1126 = CARTESIAN_POINT('',(46.831620998628,-0.961132540595,
    6.492324537609));
#1127 = CARTESIAN_POINT('',(47.900242944448,-2.407195823057,
    6.574332215117));
#1128 = CARTESIAN_POINT('',(49.43634588125,-2.907667998818,
    6.656384157446));
#1129 = CARTESIAN_POINT('',(50.816025887931,-2.551912383955,
    6.738404614231));
#1130 = CARTESIAN_POINT('',(52.551912036834,-0.816025619599,
    6.902472369438));
#1131 = CARTESIAN_POINT('',(52.907669068741,0.563653110956,
    6.984492826308));
#1132 = CARTESIAN_POINT('',(52.407194214714,2.099758356522,
    7.066544768481));
#1133 = CARTESIAN_POINT('',(50.961134107965,3.168377808721,
    7.148552446145));
#1134 = CARTESIAN_POINT('',(49.165033519521,3.083270423357,
    7.230600212559));
#1135 = CARTESIAN_POINT('',(47.895518236279,2.084059838625,
    7.312624764106));
#1136 = CARTESIAN_POINT('',(47.424801968612,0.739270891762,
    7.394657234945));
#1137 = CARTESIAN_POINT('',(47.903733915129,-1.668482826552,
    7.558719748744));
#1138 = CARTESIAN_POINT('',(48.853247378001,-2.730770693073,
    7.640752219581));
#1139 = CARTESIAN_POINT('',(50.408508470668,-3.168097449837,7.7227767711
    ));
#1140 = CARTESIAN_POINT('',(52.100456833564,-2.559391011036,
    7.804824537621));
#1141 = CARTESIAN_POINT('',(53.027501188821,-1.018728606906,7.8868322151
    ));
#1142 = CARTESIAN_POINT('',(52.902036044276,0.591967866225,7.96888415746
    ));
#1143 = CARTESIAN_POINT('',(52.045380032606,1.730484206048,
    8.050904614223));
#1144 = CARTESIAN_POINT('',(49.777334910601,2.669938784605,
    8.214972369453));
#1145 = CARTESIAN_POINT('',(48.366535647952,2.470635232766,8.29699282627
    ));
#1146 = CARTESIAN_POINT('',(47.138882886719,1.420414730738,
    8.379044768528));
#1147 = CARTESIAN_POINT('',(46.704990491874,-0.324513564519,
    8.461052446111));
#1148 = CARTESIAN_POINT('',(47.470957401315,-1.951324950169,
    8.54310021257));
#1149 = CARTESIAN_POINT('',(48.879930075257,-2.741822800344,
    8.625124764107));
#1150 = CARTESIAN_POINT('',(50.302488375791,-2.66207947567,
    8.707157234944));
#1151 = CARTESIAN_POINT('',(52.343683434307,-1.298196595603,
    8.871219748744));
#1152 = CARTESIAN_POINT('',(52.961746380771,-1.44405744927E-02,
    8.95325221958));
#1153 = CARTESIAN_POINT('',(52.770610967205,1.589791021083,9.03527677111
    ));
#1154 = CARTESIAN_POINT('',(51.560758940177,2.920005614314,
    9.117324537592));
#1155 = CARTESIAN_POINT('',(49.782607962686,3.186896942951,
    9.199332215138));
#1156 = CARTESIAN_POINT('',(48.342531890215,2.454595409017,
    9.281384157431));
#1157 = CARTESIAN_POINT('',(47.618508009329,1.227457112707,
    9.363404614232));
#1158 = CARTESIAN_POINT('',(47.618508444526,-1.227457056997,
    9.527472369456));
#1159 = CARTESIAN_POINT('',(48.34253042103,-2.454595452942,
    9.609492826254));
#1160 = CARTESIAN_POINT('',(49.782610019908,-3.186896725617,
    9.691544768549));
#1161 = CARTESIAN_POINT('',(51.560756988522,-2.92000587927,
    9.773552446096));
#1162 = CARTESIAN_POINT('',(52.770611885005,-1.589790964183,
    9.855600212575));
#1163 = CARTESIAN_POINT('',(52.9617461703,1.444048172107E-02,
    9.937624764108));
#1164 = CARTESIAN_POINT('',(52.343683451591,1.298196530194,
    10.019657234943));
#1165 = CARTESIAN_POINT('',(50.302488442836,2.662079484732,
    10.183719748744));
#1166 = CARTESIAN_POINT('',(48.879930080422,2.741823030296,
    10.26575221958));
#1167 = CARTESIAN_POINT('',(47.470957699977,1.951324080462,
    10.347776771114));
#1168 = CARTESIAN_POINT('',(46.70498998979,0.324515469,10.429824537584)
  );
#1169 = CARTESIAN_POINT('',(47.138883473199,-1.420416714524,
    10.511832215149));
#1170 = CARTESIAN_POINT('',(48.366535126299,-2.470633858614,
    10.593884157424));
#1171 = CARTESIAN_POINT('',(49.777335025673,-2.66993920799,
    10.675904614233));
#1172 = CARTESIAN_POINT('',(52.045379814593,-1.7304838253,
    10.839972369457));
#1173 = CARTESIAN_POINT('',(52.90203664709,-0.59196920677,10.92199282625
    ));
#1174 = CARTESIAN_POINT('',(53.027500200767,1.018730424372,
    11.004044768555));
#1175 = CARTESIAN_POINT('',(52.100457825216,2.559389309326,
    11.086052446091));
#1176 = CARTESIAN_POINT('',(50.408508066875,3.168098276004,
    11.168100212577));
#1177 = CARTESIAN_POINT('',(48.853247544254,2.730770534124,
    11.250124764108));
#1178 = CARTESIAN_POINT('',(47.903733968944,1.668482867551,
    11.332157234943));
#1179 = CARTESIAN_POINT('',(47.424801934583,-0.739270833289,
    11.496219748744));
#1180 = CARTESIAN_POINT('',(47.895518021855,-2.084059921851,
    11.578252219579));
#1181 = CARTESIAN_POINT('',(49.165034208734,-3.083269814615,
    11.660276771115));
#1182 = CARTESIAN_POINT('',(50.961132540592,-3.168379001384,
    11.742324537581));
#1183 = CARTESIAN_POINT('',(52.407195823058,-2.099757055539,
    11.824332215152));
#1184 = CARTESIAN_POINT('',(52.907667998818,-0.563654118757,
    11.906384157422));
#1185 = CARTESIAN_POINT('',(52.551912383954,0.816025887933,
    11.988404614236));
#1186 = CARTESIAN_POINT('',(50.816025619598,2.551912036832,
    12.15247236945));
#1187 = CARTESIAN_POINT('',(49.436346889051,2.907669068745,
    12.23449282627));
#1188 = CARTESIAN_POINT('',(47.900241643466,2.407194214709,
    12.316544768531));
#1189 = CARTESIAN_POINT('',(46.831622191289,0.961134107969,
    12.398552446107));
#1190 = CARTESIAN_POINT('',(46.916729576637,-0.834966480481,
    12.480600212572));
#1191 = CARTESIAN_POINT('',(47.915940161376,-2.104481763721,
    12.562624764107));
#1192 = CARTESIAN_POINT('',(49.260729108238,-2.575198031388,
    12.644657234943));
#1193 = CARTESIAN_POINT('',(51.668482826552,-2.096266084871,
    12.808719748744));
#1194 = CARTESIAN_POINT('',(52.730770693073,-1.146752622,12.89075221958)
  );
#1195 = CARTESIAN_POINT('',(53.168097449838,0.408508470669,
    12.972776771111));
#1196 = CARTESIAN_POINT('',(52.559391011034,2.100456833563,
    13.054824537591));
#1197 = CARTESIAN_POINT('',(51.018728606908,3.027501188821,
    13.136832215139));
#1198 = CARTESIAN_POINT('',(49.408032133775,2.902036044276,
    13.218884157431));
#1199 = CARTESIAN_POINT('',(48.269515793953,2.045380032606,
    13.300904614231));
#1200 = CARTESIAN_POINT('',(47.330061215396,-0.222665089398,
    13.464972369458));
#1201 = CARTESIAN_POINT('',(47.529364767231,-1.633464352047,
    13.546992826251));
#1202 = CARTESIAN_POINT('',(48.579585269268,-2.861117113282,
    13.629044768553));
#1203 = CARTESIAN_POINT('',(50.324513564515,-3.295009508125,
    13.711052446093));
#1204 = CARTESIAN_POINT('',(51.951324950171,-2.529042598685,
    13.793100212576));
#1205 = CARTESIAN_POINT('',(52.741822800344,-1.120069924743,
    13.875124764108));
#1206 = CARTESIAN_POINT('',(52.66207947567,0.302488375791,
    13.957157234943));
#1207 = CARTESIAN_POINT('',(51.298196595603,2.343683434307,
    14.121219748744));
#1208 = CARTESIAN_POINT('',(50.014440574492,2.961746380771,
    14.203252219579));
#1209 = CARTESIAN_POINT('',(48.410208978918,2.770610967207,
    14.285276771117));
#1210 = CARTESIAN_POINT('',(47.079994385685,1.560758940172,
    14.367324537578));
#1211 = CARTESIAN_POINT('',(46.81310305705,-0.217392037308,
    14.449332215156));
#1212 = CARTESIAN_POINT('',(47.545404590982,-1.657468109789,
    14.531384157418));
#1213 = CARTESIAN_POINT('',(48.772542887292,-2.38149199067,
    14.613404614239));
#1214 = CARTESIAN_POINT('',(51.227457056998,-2.381491555475,
    14.777472369444));
#1215 = CARTESIAN_POINT('',(52.454595452937,-1.657469578966,
    14.859492826289));
#1216 = CARTESIAN_POINT('',(53.186896725624,-0.217389980097,
    14.941544768503));
#1217 = CARTESIAN_POINT('',(52.920005879264,1.560756988526,
    15.02355244613));
#1218 = CARTESIAN_POINT('',(51.589790964186,2.770611885003,
    15.105600212562));
#1219 = CARTESIAN_POINT('',(49.985559518278,2.9617461703,15.187624764108
    ));
#1220 = CARTESIAN_POINT('',(48.701803469806,2.343683451591,
    15.269657234944));
#1221 = CARTESIAN_POINT('',(47.337920515268,0.302488442836,
    15.433719748745));
#1222 = CARTESIAN_POINT('',(47.258176969704,-1.12006991958,
    15.51575221958));
#1223 = CARTESIAN_POINT('',(48.048675919541,-2.529042300014,
    15.597776771103));
#1224 = CARTESIAN_POINT('',(49.675484530994,-3.295010010227,
    15.679824537614));
#1225 = CARTESIAN_POINT('',(51.420416714531,-2.861116526784,
    15.761832215108));
#1226 = CARTESIAN_POINT('',(52.470633858609,-1.633464873711,
    15.843884157455));
#1227 = CARTESIAN_POINT('',(52.66993920799,-0.222664974326,
    15.925904614224));
#1228 = CARTESIAN_POINT('',(51.7304838253,2.045379814593,16.089972369455
    ));
#1229 = CARTESIAN_POINT('',(50.591969206768,2.90203664709,16.17199282626
    ));
#1230 = CARTESIAN_POINT('',(48.981269575633,3.027500200765,
    16.254044768542));
#1231 = CARTESIAN_POINT('',(47.440610690671,2.100457825218,16.3360524461
    ));
#1232 = CARTESIAN_POINT('',(46.831901723998,0.408508066873,
    16.418100212575));
#1233 = CARTESIAN_POINT('',(47.269229465876,-1.146752455746,
    16.500124764106));
#1234 = CARTESIAN_POINT('',(48.331517132449,-2.096266031056,
    16.582157234943));
#1235 = CARTESIAN_POINT('',(50.739270833289,-2.575198065417,
    16.746219748744));
#1236 = CARTESIAN_POINT('',(52.084059921852,-2.104481978146,
    16.82825221958));
#1237 = CARTESIAN_POINT('',(53.083269814611,-0.834965791262,
    16.910276771112));
#1238 = CARTESIAN_POINT('',(53.168379001393,0.961132540585,
    16.99232453759));
#1239 = CARTESIAN_POINT('',(52.099757055531,2.407195823065,
    17.074332215138));
#1240 = CARTESIAN_POINT('',(50.563654118762,2.907667998814,
    17.156384157434));
#1241 = CARTESIAN_POINT('',(49.183974112067,2.551912383955,
    17.238404614228));
#1242 = CARTESIAN_POINT('',(47.448087963169,0.816025619595,
    17.402472369468));
#1243 = CARTESIAN_POINT('',(47.092330931254,-0.563653110939,
    17.484492826224));
#1244 = CARTESIAN_POINT('',(47.592805785291,-2.09975835655,
    17.56654476859));
#1245 = CARTESIAN_POINT('',(49.038865892032,-3.168377808695,
    17.648552446061));
#1246 = CARTESIAN_POINT('',(50.834966480479,-3.083270423371,
    17.730600212596));
#1247 = CARTESIAN_POINT('',(52.104481763722,-2.084059838622,
    17.812624764095));
#1248 = CARTESIAN_POINT('',(52.575198031387,-0.739270891762,
    17.894657234953));
#1249 = CARTESIAN_POINT('',(52.096266084873,1.668482826553,
    18.058719748721));
#1250 = CARTESIAN_POINT('',(51.146752621988,2.730770693066,18.1407522197
    ));
#1251 = CARTESIAN_POINT('',(49.591491529361,3.168097449855,
    18.22277677082));
#1252 = CARTESIAN_POINT('',(47.899543166385,2.559391011004,
    18.304824538076));
#1253 = CARTESIAN_POINT('',(46.972498811241,1.018728606946,
    18.386832214524));
#1254 = CARTESIAN_POINT('',(47.097963955668,-0.591967866261,
    18.468884158041));
#1255 = CARTESIAN_POINT('',(47.954619967432,-1.730484206022,
    18.550904613757));
#1256 = CARTESIAN_POINT('',(50.222665089318,-2.669938784657,
    18.714972370497));
#1257 = CARTESIAN_POINT('',(51.633464352459,-2.47063523249,
    18.796992820924));
#1258 = CARTESIAN_POINT('',(52.861117112268,-1.420414731421,
    18.879044781606));
#1259 = CARTESIAN_POINT('',(53.295009509836,0.324513565679,
    18.961052424122));
#1260 = CARTESIAN_POINT('',(52.529042596519,1.951324948696,
    19.043100240358));
#1261 = CARTESIAN_POINT('',(51.120069926867,2.74182280179,19.12512473689
    ));
#1262 = CARTESIAN_POINT('',(49.697511622588,2.662079474567,
    19.207157255694));
#1263 = CARTESIAN_POINT('',(47.656316569204,1.298196597992,
    19.371219703791));
#1264 = CARTESIAN_POINT('',(47.038253601205,1.444056222695E-02,
    19.453252450356));
#1265 = CARTESIAN_POINT('',(47.229389077033,-1.589790990976,
    19.535276204743));
#1266 = CARTESIAN_POINT('',(48.439240985284,-2.920005665042,
    19.61732549189));
#1267 = CARTESIAN_POINT('',(50.217392131608,-3.18689687878,
    19.699331007851));
#1268 = CARTESIAN_POINT('',(51.657468017395,-2.454595471888,
    19.781385340413));
#1269 = CARTESIAN_POINT('',(52.381492061105,-1.227457064779,
    19.863403712286));
#1270 = CARTESIAN_POINT('',(52.381491732,-5.580233319868E-08,
    19.945439017769));
#1271 = CARTESIAN_POINT('',(52.369950633439,-4.440892098501E-16,-1.));
#1272 = CARTESIAN_POINT('',(52.369950633368,1.221508395339,
    -0.917964618828));
#1273 = CARTESIAN_POINT('',(51.649436475316,2.442700479228,
    -0.835946487288));
#1274 = CARTESIAN_POINT('',(50.216337537494,3.17145181551,
    -0.753891723968));
#1275 = CARTESIAN_POINT('',(48.446805805158,2.905855555037,
    -0.67188668824));
#1276 = CARTESIAN_POINT('',(47.242815455286,1.582086227345,
    -0.589837064496));
#1277 = CARTESIAN_POINT('',(47.052606896421,-1.437039945783E-02,
    -0.507813449988));
#1278 = CARTESIAN_POINT('',(47.667674462393,-1.291905240696,
    -0.425780675493));
#1279 = CARTESIAN_POINT('',(49.698977471042,-2.649178549449,
    -0.261718228367));
#1280 = CARTESIAN_POINT('',(51.114641915137,-2.728535511625,
    -0.179685685884));
#1281 = CARTESIAN_POINT('',(52.516785909102,-1.941868222206,
    -9.766131536632E-02));
#1282 = CARTESIAN_POINT('',(53.27904210549,-0.322941657511,
    -1.561319003646E-02));
#1283 = CARTESIAN_POINT('',(52.84725071885,1.413531858203,
    6.639401202555E-02));
#1284 = CARTESIAN_POINT('',(51.625548969493,2.458661528358,
    0.148446359102));
#1285 = CARTESIAN_POINT('',(50.221585867543,2.656999930603,
    0.230466608049));
#1286 = CARTESIAN_POINT('',(47.964532503249,1.722097847754,
    0.394534462868));
#1287 = CARTESIAN_POINT('',(47.112027075078,0.589099609315,
    0.476554717161));
#1288 = CARTESIAN_POINT('',(46.987171722864,-1.013792256829,
    0.558607046828));
#1289 = CARTESIAN_POINT('',(47.909721265292,-2.546987093722,
    0.640614283382));
#1290 = CARTESIAN_POINT('',(49.593471730609,-3.152744562326,
    0.722662358859));
#1291 = CARTESIAN_POINT('',(51.141195039774,-2.717536846292,
    0.804686784973));
#1292 = CARTESIAN_POINT('',(52.086107149525,-1.660397096051,
    0.886719278738));
#1293 = CARTESIAN_POINT('',(52.562718175523,0.735688187154,
    1.050781792761));
#1294 = CARTESIAN_POINT('',(52.09428311751,2.073960186086,1.132814286403
    ));
#1295 = CARTESIAN_POINT('',(50.830920036606,3.068327785929,
    1.214838712915));
#1296 = CARTESIAN_POINT('',(49.043524098584,3.153024309189,1.29688678761
    ));
#1297 = CARTESIAN_POINT('',(47.604471170466,2.089581439985,1.37889402529
    ));
#1298 = CARTESIAN_POINT('',(47.106422277166,0.560922389243,
    1.460946353699));
#1299 = CARTESIAN_POINT('',(47.460454905933,-0.812071205508,
    1.542966609101));
#1300 = CARTESIAN_POINT('',(49.187928733577,-2.539545074593,
    1.707034462382));
#1301 = CARTESIAN_POINT('',(50.560922319864,-2.893577736273,
    1.789054717798));
#1302 = CARTESIAN_POINT('',(52.089581382489,-2.395528879675,
    1.871107046179));
#1303 = CARTESIAN_POINT('',(53.153024286286,-0.95647597702,
    1.953114283895));
#1304 = CARTESIAN_POINT('',(53.068327805837,0.830919963001,
    2.035162358554));
#1305 = CARTESIAN_POINT('',(52.073960236323,2.094283067769,
    2.117186785098));
#1306 = CARTESIAN_POINT('',(50.73568824862,2.562718157877,2.199219278714
    ));
#1307 = CARTESIAN_POINT('',(48.339602953985,2.08610718935,2.363281792773
    ));
#1308 = CARTESIAN_POINT('',(47.282463181077,1.141195104951,
    2.445314286388));
#1309 = CARTESIAN_POINT('',(46.84725542792,-0.406528193763,2.52733871293
    ));
#1310 = CARTESIAN_POINT('',(47.453012856152,-2.090278673635,
    2.609386787599));
#1311 = CARTESIAN_POINT('',(48.986207670904,-3.012828252801,
    2.691394025297));
#1312 = CARTESIAN_POINT('',(50.589099540037,-2.887972939066,
    2.773446353696));
#1313 = CARTESIAN_POINT('',(51.722097798955,-2.035467538048,
    2.855466609102));
#1314 = CARTESIAN_POINT('',(52.656999935866,0.221585803802,3.01953446238
    ));
#1315 = CARTESIAN_POINT('',(52.458661567617,1.625548910583,
    3.101554717804));
#1316 = CARTESIAN_POINT('',(51.413531925816,2.847250684804,3.18360704617
    ));
#1317 = CARTESIAN_POINT('',(49.6770584223,3.27904211347,3.265614283902)
  );
#1318 = CARTESIAN_POINT('',(48.05813183667,2.516785955387,3.347662358552
    ));
#1319 = CARTESIAN_POINT('',(47.271464516578,1.114641980863,
    3.429686785098));
#1320 = CARTESIAN_POINT('',(47.350821442209,-0.301022465632,
    3.511719278714));
#1321 = CARTESIAN_POINT('',(48.708094705793,-2.332325506157,
    3.675781792772));
#1322 = CARTESIAN_POINT('',(49.985629517378,-2.947393105613,
    3.757814286389));
#1323 = CARTESIAN_POINT('',(51.582086191819,-2.757184576823,
    3.839838712928));
#1324 = CARTESIAN_POINT('',(52.905855466218,-1.553194274372,
    3.921886787604));
#1325 = CARTESIAN_POINT('',(53.171451885936,0.216337473867,
    4.003894025291));
#1326 = CARTESIAN_POINT('',(52.442700454863,1.649436404538,4.0859463537)
  );
#1327 = CARTESIAN_POINT('',(51.221508500924,2.369950613364,
    4.167966609101));
#1328 = CARTESIAN_POINT('',(48.778491555919,2.369950642668,
    4.332034462381));
#1329 = CARTESIAN_POINT('',(47.5572995847,1.649436463115,4.414054717803)
  );
#1330 = CARTESIAN_POINT('',(46.828548119248,0.216337549946,
    4.496107046171));
#1331 = CARTESIAN_POINT('',(47.094144496534,-1.553194204685,
    4.578114283901));
#1332 = CARTESIAN_POINT('',(48.417913742048,-2.757184538872,
    4.660162358552));
#1333 = CARTESIAN_POINT('',(50.014370411929,-2.947393105959,
    4.742186785098));
#1334 = CARTESIAN_POINT('',(51.291905238266,-2.332325537144,
    4.824219278714));
#1335 = CARTESIAN_POINT('',(52.64917855057,-0.301022529172,
    4.988281792772));
#1336 = CARTESIAN_POINT('',(52.728535510154,1.114641915418,
    5.070314286388));
#1337 = CARTESIAN_POINT('',(51.941868223706,2.516785908814,
    5.152338712929));
#1338 = CARTESIAN_POINT('',(50.322941656325,3.279042105719,
    5.234386787601));
#1339 = CARTESIAN_POINT('',(48.586468142501,2.847250718713,
    5.316394025294));
#1340 = CARTESIAN_POINT('',(47.541338471355,1.625548969549,
    5.398446353697));
#1341 = CARTESIAN_POINT('',(47.343000069454,0.221585867532,
    5.480466609104));
#1342 = CARTESIAN_POINT('',(48.277902152218,-2.035467496746,
    5.644534462372));
#1343 = CARTESIAN_POINT('',(49.410900390724,-2.887972924931,
    5.726554717827));
#1344 = CARTESIAN_POINT('',(51.013792256786,-3.012828277125,
    5.808607046141));
#1345 = CARTESIAN_POINT('',(52.546987093757,-2.090278734718,
    5.890614283922));
#1346 = CARTESIAN_POINT('',(53.152744562306,-0.406528269385,
    5.972662358545));
#1347 = CARTESIAN_POINT('',(52.7175368463,1.141195039772,6.054686785097)
  );
#1348 = CARTESIAN_POINT('',(51.66039709605,2.086107149525,6.136719278715
    ));
#1349 = CARTESIAN_POINT('',(49.264311812846,2.562718175523,
    6.300781792772));
#1350 = CARTESIAN_POINT('',(47.926039813913,2.094283117509,
    6.382814286389));
#1351 = CARTESIAN_POINT('',(46.931672214074,0.830920036608,
    6.464838712922));
#1352 = CARTESIAN_POINT('',(46.846975690808,-0.95647590142,
    6.546886787618));
#1353 = CARTESIAN_POINT('',(47.910418560017,-2.395528829531,
    6.628894025273));
#1354 = CARTESIAN_POINT('',(49.439077610757,-2.893577722835,
    6.710946353712));
#1355 = CARTESIAN_POINT('',(50.812071205507,-2.539545094066,6.7929666091
    ));
#1356 = CARTESIAN_POINT('',(52.539545074594,-0.812071266424,
    6.957034462368));
#1357 = CARTESIAN_POINT('',(52.893577736271,0.560922319868,7.03905471784
    ));
#1358 = CARTESIAN_POINT('',(52.395528879678,2.089581382482,
    7.121107046125));
#1359 = CARTESIAN_POINT('',(50.956475977018,3.153024286293,
    7.203114283934));
#1360 = CARTESIAN_POINT('',(49.169080037,3.068327805833,7.285162358542)
  );
#1361 = CARTESIAN_POINT('',(47.905716932231,2.073960236324,
    7.367186785096));
#1362 = CARTESIAN_POINT('',(47.437281842123,0.73568824862,7.449219278716
    ));
#1363 = CARTESIAN_POINT('',(47.91389281065,-1.660397046015,
    7.613281792773));
#1364 = CARTESIAN_POINT('',(48.858804895049,-2.717536818925,
    7.695314286389));
#1365 = CARTESIAN_POINT('',(50.406528193764,-3.152744572071,
    7.777338712918));
#1366 = CARTESIAN_POINT('',(52.090278673634,-2.546987143864,
    7.859386787629));
#1367 = CARTESIAN_POINT('',(53.012828252804,-1.013792329081,
    7.941394025257));
#1368 = CARTESIAN_POINT('',(52.887972939064,0.58909954003,8.023446353726
    ));
#1369 = CARTESIAN_POINT('',(52.035467538049,1.722097798954,
    8.105466609092));
#1370 = CARTESIAN_POINT('',(49.778414196197,2.656999935867,
    8.269534462383));
#1371 = CARTESIAN_POINT('',(48.37445108942,2.458661567616,8.351554717802
    ));
#1372 = CARTESIAN_POINT('',(47.152749315192,1.413531925817,
    8.433607046173));
#1373 = CARTESIAN_POINT('',(46.720957886533,-0.322941577701,8.5156142839
    ));
#1374 = CARTESIAN_POINT('',(47.483214044611,-1.94186816333,
    8.597662358553));
#1375 = CARTESIAN_POINT('',(48.885358019138,-2.728535483422,
    8.679686785097));
#1376 = CARTESIAN_POINT('',(50.301022465632,-2.649178557791,
    8.761719278714));
#1377 = CARTESIAN_POINT('',(52.332325506157,-1.291905294207,
    8.925781792772));
#1378 = CARTESIAN_POINT('',(52.947393105611,-1.43704826224E-02,
    9.007814286389));
#1379 = CARTESIAN_POINT('',(52.757184576834,1.582086191821,
    9.089838712929));
#1380 = CARTESIAN_POINT('',(51.553194274353,2.905855466214,9.1718867876)
  );
#1381 = CARTESIAN_POINT('',(49.783662526152,3.17145188594,9.253894025296
    ));
#1382 = CARTESIAN_POINT('',(48.350563595454,2.442700454863,
    9.335946353697));
#1383 = CARTESIAN_POINT('',(47.630049386634,1.221508500922,
    9.417966609101));
#1384 = CARTESIAN_POINT('',(47.630049357333,-1.221508444079,
    9.582034462386));
#1385 = CARTESIAN_POINT('',(48.350563536883,-2.442700415302,
    9.664054717787));
#1386 = CARTESIAN_POINT('',(49.783662450057,-3.171451880749,
    9.746107046193));
#1387 = CARTESIAN_POINT('',(51.553194204682,-2.905855503469,
    9.828114283886));
#1388 = CARTESIAN_POINT('',(52.757184538874,-1.58208625795,
    9.910162358557));
#1389 = CARTESIAN_POINT('',(52.947393105958,1.437041192877E-02,
    9.992186785098));
#1390 = CARTESIAN_POINT('',(52.332325537144,1.291905238267,
    10.074219278714));
#1391 = CARTESIAN_POINT('',(50.301022529172,2.64917855057,
    10.238281792772));
#1392 = CARTESIAN_POINT('',(48.885358084582,2.728535510153,
    10.320314286388));
#1393 = CARTESIAN_POINT('',(47.483214091185,1.94186822371,
    10.402338712933));
#1394 = CARTESIAN_POINT('',(46.720957894283,0.322941656319,
    10.484386787592));
#1395 = CARTESIAN_POINT('',(47.152749281284,-1.413531857493,
    10.566394025306));
#1396 = CARTESIAN_POINT('',(48.374451030454,-2.458661528648,
    10.64844635369));
#1397 = CARTESIAN_POINT('',(49.778414132467,-2.656999930545,
    10.730466609103));
#1398 = CARTESIAN_POINT('',(52.035467496747,-1.72209784778,
    10.894534462387));
#1399 = CARTESIAN_POINT('',(52.887972924929,-0.589099609284,
    10.976554717782));
#1400 = CARTESIAN_POINT('',(53.012828277129,1.013792256799,11.0586070462
    ));
#1401 = CARTESIAN_POINT('',(52.090278734714,2.546987093747,
    11.14061428388));
#1402 = CARTESIAN_POINT('',(50.406528269387,3.152744562311,
    11.222662358559));
#1403 = CARTESIAN_POINT('',(48.858804960228,2.717536846299,
    11.304686785098));
#1404 = CARTESIAN_POINT('',(47.913892850475,1.66039709605,
    11.386719278713));
#1405 = CARTESIAN_POINT('',(47.437281824477,-0.735688187154,
    11.550781792772));
#1406 = CARTESIAN_POINT('',(47.90571688249,-2.073960186089,
    11.632814286388));
#1407 = CARTESIAN_POINT('',(49.169079963394,-3.068327785918,
    11.714838712934));
#1408 = CARTESIAN_POINT('',(50.956475901417,-3.153024309207,
    11.796886787589));
#1409 = CARTESIAN_POINT('',(52.395528829533,-2.089581439968,
    11.878894025309));
#1410 = CARTESIAN_POINT('',(52.893577722835,-0.560922389252,
    11.960946353688));
#1411 = CARTESIAN_POINT('',(52.539545094066,0.812071205509,
    12.042966609105));
#1412 = CARTESIAN_POINT('',(50.812071266423,2.539545074593,
    12.20703446238));
#1413 = CARTESIAN_POINT('',(49.439077680136,2.893577736274,
    12.289054717802));
#1414 = CARTESIAN_POINT('',(47.91041861751,2.395528879674,
    12.371107046176));
#1415 = CARTESIAN_POINT('',(46.846975713714,0.956475977022,
    12.453114283896));
#1416 = CARTESIAN_POINT('',(46.931672194163,-0.830919963002,
    12.535162358554));
#1417 = CARTESIAN_POINT('',(47.926039763677,-2.094283067769,
    12.617186785097));
#1418 = CARTESIAN_POINT('',(49.26431175138,-2.562718157877,
    12.699219278714));
#1419 = CARTESIAN_POINT('',(51.660397046015,-2.08610718935,
    12.863281792772));
#1420 = CARTESIAN_POINT('',(52.717536818925,-1.141195104951,
    12.945314286388));
#1421 = CARTESIAN_POINT('',(53.152744572071,0.406528193765,
    13.02733871293));
#1422 = CARTESIAN_POINT('',(52.546987143865,2.090278673633,
    13.109386787599));
#1423 = CARTESIAN_POINT('',(51.013792329079,3.012828252804,
    13.191394025297));
#1424 = CARTESIAN_POINT('',(49.410900459972,2.887972939064,
    13.273446353697));
#1425 = CARTESIAN_POINT('',(48.277902201046,2.035467538049,13.3554666091
    ));
#1426 = CARTESIAN_POINT('',(47.343000064134,-0.221585803803,
    13.519534462388));
#1427 = CARTESIAN_POINT('',(47.541338432381,-1.625548910581,
    13.601554717783));
#1428 = CARTESIAN_POINT('',(48.586468074188,-2.847250684806,
    13.683607046198));
#1429 = CARTESIAN_POINT('',(50.322941577697,-3.279042113468,
    13.765614283882));
#1430 = CARTESIAN_POINT('',(51.941868163331,-2.516785955388,
    13.847662358558));
#1431 = CARTESIAN_POINT('',(52.728535483422,-1.114641980862,
    13.929686785098));
#1432 = CARTESIAN_POINT('',(52.649178557791,0.301022465632,
    14.011719278713));
#1433 = CARTESIAN_POINT('',(51.291905294207,2.332325506157,
    14.175781792772));
#1434 = CARTESIAN_POINT('',(50.014370482622,2.94739310561,
    14.257814286388));
#1435 = CARTESIAN_POINT('',(48.41791380818,2.757184576835,
    14.339838712935));
#1436 = CARTESIAN_POINT('',(47.094144533785,1.553194274349,
    14.421886787586));
#1437 = CARTESIAN_POINT('',(46.828548114062,-0.216337473844,
    14.503894025313));
#1438 = CARTESIAN_POINT('',(47.557299545137,-1.649436404549,
    14.585946353684));
#1439 = CARTESIAN_POINT('',(48.778491499077,-2.369950613366,
    14.667966609108));
#1440 = CARTESIAN_POINT('',(51.221508444081,-2.369950642668,
    14.832034462373));
#1441 = CARTESIAN_POINT('',(52.442700415296,-1.649436463117,
    14.914054717821));
#1442 = CARTESIAN_POINT('',(53.171451880758,-0.216337549944,
    14.996107046147));
#1443 = CARTESIAN_POINT('',(52.905855503461,1.553194204683,
    15.07811428392));
#1444 = CARTESIAN_POINT('',(51.582086257954,2.757184538873,
    15.160162358544));
#1445 = CARTESIAN_POINT('',(49.98562958807,2.947393105959,
    15.242186785099));
#1446 = CARTESIAN_POINT('',(48.708094761734,2.332325537144,
    15.324219278714));
#1447 = CARTESIAN_POINT('',(47.35082144943,0.301022529172,
    15.488281792773));
#1448 = CARTESIAN_POINT('',(47.271464489847,-1.11464191542,
    15.570314286388));
#1449 = CARTESIAN_POINT('',(48.058131776293,-2.516785908808,
    15.652338712921));
#1450 = CARTESIAN_POINT('',(49.677058343677,-3.279042105731,
    15.734386787622));
#1451 = CARTESIAN_POINT('',(51.413531857498,-2.847250718702,
    15.816394025265));
#1452 = CARTESIAN_POINT('',(52.458661528646,-1.625548969554,
    15.898446353721));
#1453 = CARTESIAN_POINT('',(52.656999930545,-0.221585867533,
    15.980466609093));
#1454 = CARTESIAN_POINT('',(51.72209784778,2.035467496747,
    16.144534462385));
#1455 = CARTESIAN_POINT('',(50.589099609282,2.887972924929,
    16.226554717792));
#1456 = CARTESIAN_POINT('',(48.986207743204,3.012828277128,
    16.308607046187));
#1457 = CARTESIAN_POINT('',(47.453012906251,2.090278734715,
    16.390614283889));
#1458 = CARTESIAN_POINT('',(46.84725543769,0.406528269386,
    16.472662358557));
#1459 = CARTESIAN_POINT('',(47.282463153701,-1.141195039772,
    16.554686785097));
#1460 = CARTESIAN_POINT('',(48.33960290395,-2.086107149525,
    16.636719278714));
#1461 = CARTESIAN_POINT('',(50.735688187154,-2.562718175523,
    16.800781792772));
#1462 = CARTESIAN_POINT('',(52.07396018609,-2.094283117511,
    16.882814286388));
#1463 = CARTESIAN_POINT('',(53.068327785914,-0.830920036602,
    16.96483871293));
#1464 = CARTESIAN_POINT('',(53.153024309214,0.95647590141,
    17.046886787598));
#1465 = CARTESIAN_POINT('',(52.089581439961,2.39552882954,
    17.128894025295));
#1466 = CARTESIAN_POINT('',(50.560922389255,2.893577722831,17.2109463537
    ));
#1467 = CARTESIAN_POINT('',(49.187928794491,2.539545094066,
    17.292966609097));
#1468 = CARTESIAN_POINT('',(47.460454925407,0.812071266422,
    17.457034462398));
#1469 = CARTESIAN_POINT('',(47.106422263725,-0.560922319857,
    17.539054717755));
#1470 = CARTESIAN_POINT('',(47.604471120328,-2.089581382501,
    17.621107046235));
#1471 = CARTESIAN_POINT('',(49.043524022977,-3.153024286275,
    17.70311428385));
#1472 = CARTESIAN_POINT('',(50.830919963003,-3.068327805843,
    17.785162358579));
#1473 = CARTESIAN_POINT('',(52.094283067769,-2.073960236321,
    17.867186785085));
#1474 = CARTESIAN_POINT('',(52.562718157878,-0.735688248621,
    17.949219278724));
#1475 = CARTESIAN_POINT('',(52.086107189349,1.660397046016,
    18.113281792748));
#1476 = CARTESIAN_POINT('',(51.141195104951,2.717536818918,
    18.195314286511));
#1477 = CARTESIAN_POINT('',(49.593471806239,3.152744572088,
    18.277338712633));
#1478 = CARTESIAN_POINT('',(47.909721326359,2.546987143836,
    18.359386788094));
#1479 = CARTESIAN_POINT('',(46.987171747202,1.013792329116,
    18.441394024669));
#1480 = CARTESIAN_POINT('',(47.112027060936,-0.589099540063,
    18.523446354319));
#1481 = CARTESIAN_POINT('',(47.964532461946,-1.722097798929,
    18.605466608618));
#1482 = CARTESIAN_POINT('',(50.221585803814,-2.656999935921,
    18.769534463446));
#1483 = CARTESIAN_POINT('',(51.625548910524,-2.458661567334,
    18.851554712357));
#1484 = CARTESIAN_POINT('',(52.847250684943,-1.413531926513,
    18.933607059493));
#1485 = CARTESIAN_POINT('',(53.279042113239,0.322941578881,
    19.015614261501));
#1486 = CARTESIAN_POINT('',(52.516785955676,1.941868161831,
    19.097662386858));
#1487 = CARTESIAN_POINT('',(51.114641980581,2.728535484892,
    19.179686757373));
#1488 = CARTESIAN_POINT('',(49.698977534582,2.649178556669,
    19.261719299852));
#1489 = CARTESIAN_POINT('',(47.667674493379,1.291905296636,
    19.42578174698));
#1490 = CARTESIAN_POINT('',(47.052606896767,1.437047014806E-02,
    19.507814521471));
#1491 = CARTESIAN_POINT('',(47.242815417334,-1.582086161203,
    19.589838135993));
#1492 = CARTESIAN_POINT('',(48.446805735473,-2.905855517805,
    19.671887759705));
#1493 = CARTESIAN_POINT('',(50.216337461413,-3.171451820677,
    19.75389279548));
#1494 = CARTESIAN_POINT('',(51.649436416738,-2.442700518803,
    19.835947558753));
#1495 = CARTESIAN_POINT('',(52.369950604064,-1.221508452178,
    19.917965690325));
#1496 = CARTESIAN_POINT('',(52.369950633438,-5.684355985913E-08,
    20.000001071482));
#1497 = CARTESIAN_POINT('',(52.38149182479,-6.661338147751E-16,
    -0.945437965914));
#1498 = CARTESIAN_POINT('',(52.381492182663,1.227457056807,
    -0.863402660416));
#1499 = CARTESIAN_POINT('',(51.657468139479,2.454595528674,
    -0.781384288574));
#1500 = CARTESIAN_POINT('',(50.217392214768,3.186896997884,
    -0.699329955968));
#1501 = CARTESIAN_POINT('',(48.43924099288,2.92000581536,-0.61732444005)
  );
#1502 = CARTESIAN_POINT('',(47.229389006338,1.589791117853,
    -0.535275152874));
#1503 = CARTESIAN_POINT('',(47.038253485466,-1.444049339506E-02,
    -0.4532513985));
#1504 = CARTESIAN_POINT('',(47.656316447468,-1.298196593658,
    -0.371218651931));
#1505 = CARTESIAN_POINT('',(49.697511548426,-2.662079571202,
    -0.207156203837));
#1506 = CARTESIAN_POINT('',(51.120069906263,-2.741822934863,
    -0.12512368503));
#1507 = CARTESIAN_POINT('',(52.529042649338,-1.951325083993,
    -4.309918849194E-02));
#1508 = CARTESIAN_POINT('',(53.295009630611,-0.324513655515,
    3.894862771297E-02));
#1509 = CARTESIAN_POINT('',(52.861117257034,1.420414719709,
    0.120956270288));
#1510 = CARTESIAN_POINT('',(51.633464473991,2.470635290489,
    0.203008230907));
#1511 = CARTESIAN_POINT('',(50.222665160556,2.669938883467,
    0.285028681372));
#1512 = CARTESIAN_POINT('',(47.954619928283,1.730484321378,
    0.449096438101));
#1513 = CARTESIAN_POINT('',(47.097963856482,0.59196795731,0.531116893812
    ));
#1514 = CARTESIAN_POINT('',(46.972498669382,-1.018728575677,
    0.613168837344));
#1515 = CARTESIAN_POINT('',(47.899543024601,-2.559391061529,
    0.695176513774));
#1516 = CARTESIAN_POINT('',(49.591491439197,-3.168097563712,
    0.777224281043));
#1517 = CARTESIAN_POINT('',(51.146752602687,-2.730770826338,
    0.859248832157));
#1518 = CARTESIAN_POINT('',(52.096266127455,-1.668482940681,
    0.941281303139));
#1519 = CARTESIAN_POINT('',(52.575198149047,0.739270860226,
    1.105343816905));
#1520 = CARTESIAN_POINT('',(52.10448189455,2.084059870508,1.187376287766
    ));
#1521 = CARTESIAN_POINT('',(50.834966585265,3.083270523955,
    1.269400839271));
#1522 = CARTESIAN_POINT('',(49.038865928808,3.168377954639,1.35144860577
    ));
#1523 = CARTESIAN_POINT('',(47.592805740716,2.099758494794,
    1.433456283309));
#1524 = CARTESIAN_POINT('',(47.09233083116,0.563653201016,1.515508225603
    ));
#1525 = CARTESIAN_POINT('',(47.44808784462,-0.816025591593,
    1.597528682404));
#1526 = CARTESIAN_POINT('',(49.183974020474,-2.551912464269,
    1.761596437624));
#1527 = CARTESIAN_POINT('',(50.5636540726,-2.9076681253,1.843616894438)
  );
#1528 = CARTESIAN_POINT('',(52.09975708093,-2.407195966078,
    1.925668836706));
#1529 = CARTESIAN_POINT('',(53.16837910233,-0.961132652255,
    2.007676514279));
#1530 = CARTESIAN_POINT('',(53.083269954305,0.83496575154,2.089724280743
    ));
#1531 = CARTESIAN_POINT('',(52.084060052365,2.104482011313,
    2.171748832279));
#1532 = CARTESIAN_POINT('',(50.739270922434,2.575198148433,
    2.253781303115));
#1533 = CARTESIAN_POINT('',(48.331517116558,2.096266151828,
    2.417843816916));
#1534 = CARTESIAN_POINT('',(47.269229386352,1.146752564412,
    2.499876287751));
#1535 = CARTESIAN_POINT('',(46.831901590966,-0.408508008555,
    2.581900839285));
#1536 = CARTESIAN_POINT('',(47.44061054177,-2.100457847092,
    2.663948605759));
#1537 = CARTESIAN_POINT('',(48.981269464961,-3.027500294851,
    2.745956283315));
#1538 = CARTESIAN_POINT('',(50.591969161858,-2.902036774037,2.8280082256
    ));
#1539 = CARTESIAN_POINT('',(51.730483844794,-2.045379934834,
    2.910028682405));
#1540 = CARTESIAN_POINT('',(52.669939317243,0.22266492044,3.074096437622
    ));
#1541 = CARTESIAN_POINT('',(52.470633993131,1.633464879459,
    3.156116894444));
#1542 = CARTESIAN_POINT('',(51.420416836941,2.861116604994,
    3.238168836698));
#1543 = CARTESIAN_POINT('',(49.675484595533,3.295010146199,
    3.320176514284));
#1544 = CARTESIAN_POINT('',(48.048675902783,2.529042444284,
    3.402224280742));
#1545 = CARTESIAN_POINT('',(47.258176889115,1.120070027464,
    3.484248832279));
#1546 = CARTESIAN_POINT('',(47.337920404457,-0.302488392245,
    3.566281303115));
#1547 = CARTESIAN_POINT('',(48.701803364308,-2.34368351249,
    3.730343816916));
#1548 = CARTESIAN_POINT('',(49.985559448318,-2.96174628536,
    3.812376287752));
#1549 = CARTESIAN_POINT('',(51.589790961208,-2.77061203021,
    3.894400839283));
#1550 = CARTESIAN_POINT('',(52.920005956469,-1.560757117748,
    3.976448605764));
#1551 = CARTESIAN_POINT('',(53.186896854886,0.217389913879,4.05845628331
    ));
#1552 = CARTESIAN_POINT('',(52.454595587413,1.657469586043,
    4.140508225604));
#1553 = CARTESIAN_POINT('',(51.227457160626,2.381491619498,
    4.222528682404));
#1554 = CARTESIAN_POINT('',(48.772542895266,2.381492112226,
    4.386596437622));
#1555 = CARTESIAN_POINT('',(47.545404534186,1.657468231862,
    4.468616894443));
#1556 = CARTESIAN_POINT('',(46.813102937964,0.217392120487,
    4.550668836699));
#1557 = CARTESIAN_POINT('',(47.07999423535,-1.560758932596,
    4.632676514283));
#1558 = CARTESIAN_POINT('',(48.410208852051,-2.770611037891,
    4.714724280742));
#1559 = CARTESIAN_POINT('',(50.014440505658,-2.961746496512,
    4.796748832279));
#1560 = CARTESIAN_POINT('',(51.298196591269,-2.343683556043,
    4.878781303115));
#1561 = CARTESIAN_POINT('',(52.662079572305,-0.302488449954,
    5.042843816916));
#1562 = CARTESIAN_POINT('',(52.741822933417,1.120069904138,
    5.124876287752));
#1563 = CARTESIAN_POINT('',(51.951325085469,2.529042651506,
    5.206900839283));
#1564 = CARTESIAN_POINT('',(50.324513654349,3.295009628899,
    5.288948605762));
#1565 = CARTESIAN_POINT('',(48.579585280983,2.86111725805,5.370956283312
    ));
#1566 = CARTESIAN_POINT('',(47.529364709229,1.633464473577,
    5.453008225601));
#1567 = CARTESIAN_POINT('',(47.330061116589,0.222665160636,
    5.535028682407));
#1568 = CARTESIAN_POINT('',(48.269515678596,-2.045380071754,
    5.699096437613));
#1569 = CARTESIAN_POINT('',(49.408032042726,-2.902036143471,
    5.781116894467));
#1570 = CARTESIAN_POINT('',(51.018728575638,-3.027501330664,
    5.86316883667));
#1571 = CARTESIAN_POINT('',(52.55939106156,-2.100456975362,
    5.945176514304));
#1572 = CARTESIAN_POINT('',(53.168097563693,-0.408508560825,
    6.027224280735));
#1573 = CARTESIAN_POINT('',(52.730770826345,1.146752602696,
    6.109248832278));
#1574 = CARTESIAN_POINT('',(51.66848294068,2.096266127453,6.191281303116
    ));
#1575 = CARTESIAN_POINT('',(49.260729139775,2.575198149048,
    6.355343816916));
#1576 = CARTESIAN_POINT('',(47.91594012949,2.104481894548,6.437376287752
    ));
#1577 = CARTESIAN_POINT('',(46.916729476047,0.83496658527,6.519400839277
    ));
#1578 = CARTESIAN_POINT('',(46.831622045359,-0.961134071198,
    6.601448605777));
#1579 = CARTESIAN_POINT('',(47.900241505206,-2.407194259279,
    6.683456283292));
#1580 = CARTESIAN_POINT('',(49.436346798986,-2.907669168843,
    6.765508225615));
#1581 = CARTESIAN_POINT('',(50.816025591591,-2.55191215538,
    6.847528682404));
#1582 = CARTESIAN_POINT('',(52.55191246427,-0.816025979526,7.01159643761
    ));
#1583 = CARTESIAN_POINT('',(52.907668125299,0.563654072601,
    7.093616894479));
#1584 = CARTESIAN_POINT('',(52.40719596608,2.099757080929,7.175668836653
    ));
#1585 = CARTESIAN_POINT('',(50.961132652252,3.168379102331,
    7.257676514316));
#1586 = CARTESIAN_POINT('',(49.165034248462,3.083269954304,
    7.339724280732));
#1587 = CARTESIAN_POINT('',(47.895517988686,2.084060052366,
    7.421748832278));
#1588 = CARTESIAN_POINT('',(47.424801851567,0.739270922434,
    7.503781303117));
#1589 = CARTESIAN_POINT('',(47.903733848172,-1.668482883442,
    7.667843816916));
#1590 = CARTESIAN_POINT('',(48.853247435587,-2.730770613651,
    7.749876287752));
#1591 = CARTESIAN_POINT('',(50.408508008557,-3.168098409025,
    7.831900839273));
#1592 = CARTESIAN_POINT('',(52.100457847089,-2.559389458243,
    7.913948605789));
#1593 = CARTESIAN_POINT('',(53.027500294854,-1.018730535028,
    7.995956283276));
#1594 = CARTESIAN_POINT('',(52.902036774035,0.591969161853,8.07800822563
    ));
#1595 = CARTESIAN_POINT('',(52.045379934834,1.730483844792,
    8.160028682395));
#1596 = CARTESIAN_POINT('',(49.777335079559,2.669939317244,
    8.324096437625));
#1597 = CARTESIAN_POINT('',(48.366535120543,2.47063399313,8.406116894441
    ));
#1598 = CARTESIAN_POINT('',(47.138883395003,1.420416836942,
    8.488168836701));
#1599 = CARTESIAN_POINT('',(46.704989853804,-0.324515404468,
    8.570176514282));
#1600 = CARTESIAN_POINT('',(47.470957555714,-1.951324097216,
    8.652224280743));
#1601 = CARTESIAN_POINT('',(48.879929972536,-2.741823110885,
    8.734248832278));
#1602 = CARTESIAN_POINT('',(50.302488392245,-2.662079595543,
    8.816281303115));
#1603 = CARTESIAN_POINT('',(52.34368351249,-1.298196635692,
    8.980343816916));
#1604 = CARTESIAN_POINT('',(52.961746285357,-1.444055168308E-02,
    9.062376287752));
#1605 = CARTESIAN_POINT('',(52.770612030221,1.589790961211,
    9.144400839284));
#1606 = CARTESIAN_POINT('',(51.560757117729,2.920005956465,9.22644860576
    ));
#1607 = CARTESIAN_POINT('',(49.782610086139,3.186896854889,
    9.308456283314));
#1608 = CARTESIAN_POINT('',(48.342530413948,2.454595587413,
    9.390508225601));
#1609 = CARTESIAN_POINT('',(47.6185083805,1.227457160625,9.472528682404)
  );
#1610 = CARTESIAN_POINT('',(47.618507887774,-1.227457104733,
    9.636596437628));
#1611 = CARTESIAN_POINT('',(48.342531768137,-2.454595465817,
    9.718616894426));
#1612 = CARTESIAN_POINT('',(49.782607879515,-3.186897062031,
    9.80066883672));
#1613 = CARTESIAN_POINT('',(51.560758932595,-2.920005764655,
    9.882676514268));
#1614 = CARTESIAN_POINT('',(52.770611037892,-1.589791147946,
    9.964724280747));
#1615 = CARTESIAN_POINT('',(52.961746496511,1.444050565739E-02,
    10.04674883228));
#1616 = CARTESIAN_POINT('',(52.343683556043,1.298196591269,
    10.128781303115));
#1617 = CARTESIAN_POINT('',(50.302488449953,2.662079572305,
    10.292843816916));
#1618 = CARTESIAN_POINT('',(48.879930095862,2.741822933416,
    10.374876287751));
#1619 = CARTESIAN_POINT('',(47.470957348494,1.951325085472,
    10.456900839288));
#1620 = CARTESIAN_POINT('',(46.704990371103,0.324513654343,
    10.538948605752));
#1621 = CARTESIAN_POINT('',(47.138882741948,-1.420414719011,
    10.620956283325));
#1622 = CARTESIAN_POINT('',(48.366535526425,-2.470635290775,
    10.703008225594));
#1623 = CARTESIAN_POINT('',(49.777334839362,-2.66993888341,
    10.785028682406));
#1624 = CARTESIAN_POINT('',(52.045380071755,-1.730484321404,
    10.949096437629));
#1625 = CARTESIAN_POINT('',(52.902036143469,-0.591967957278,
    11.031116894422));
#1626 = CARTESIAN_POINT('',(53.027501330666,1.018728575645,
    11.113168836728));
#1627 = CARTESIAN_POINT('',(52.100456975361,2.559391061554,
    11.195176514262));
#1628 = CARTESIAN_POINT('',(50.408508560826,3.168097563697,
    11.277224280749));
#1629 = CARTESIAN_POINT('',(48.853247397304,2.730770826344,
    11.359248832279));
#1630 = CARTESIAN_POINT('',(47.903733872546,1.66848294068,
    11.441281303115));
#1631 = CARTESIAN_POINT('',(47.424801850952,-0.739270860225,
    11.605343816916));
#1632 = CARTESIAN_POINT('',(47.895518105451,-2.084059870512,
    11.687376287751));
#1633 = CARTESIAN_POINT('',(49.165033414733,-3.083270523944,
    11.769400839289));
#1634 = CARTESIAN_POINT('',(50.961134071194,-3.168377954658,
    11.851448605749));
#1635 = CARTESIAN_POINT('',(52.407194259282,-2.099758494777,
    11.933456283328));
#1636 = CARTESIAN_POINT('',(52.907669168841,-0.563653201025,
    12.015508225591));
#1637 = CARTESIAN_POINT('',(52.551912155379,0.816025591593,
    12.097528682408));
#1638 = CARTESIAN_POINT('',(50.816025979526,2.551912464269,
    12.261596437621));
#1639 = CARTESIAN_POINT('',(49.436345927401,2.907668125301,
    12.343616894442));
#1640 = CARTESIAN_POINT('',(47.900242919068,2.407195966077,
    12.425668836703));
#1641 = CARTESIAN_POINT('',(46.831620897671,0.961132652256,
    12.507676514279));
#1642 = CARTESIAN_POINT('',(46.916730045695,-0.83496575154,
    12.589724280744));
#1643 = CARTESIAN_POINT('',(47.915939947635,-2.104482011313,
    12.671748832278));
#1644 = CARTESIAN_POINT('',(49.260729077566,-2.575198148433,
    12.753781303115));
#1645 = CARTESIAN_POINT('',(51.668482883442,-2.096266151828,
    12.917843816916));
#1646 = CARTESIAN_POINT('',(52.730770613651,-1.146752564413,
    12.999876287751));
#1647 = CARTESIAN_POINT('',(53.168098409024,0.408508008557,
    13.081900839285));
#1648 = CARTESIAN_POINT('',(52.559389458247,2.100457847089,
    13.163948605758));
#1649 = CARTESIAN_POINT('',(51.018730535023,3.027500294853,
    13.245956283316));
#1650 = CARTESIAN_POINT('',(49.408030838151,2.902036774035,
    13.328008225601));
#1651 = CARTESIAN_POINT('',(48.269516155208,2.045379934834,
    13.410028682403));
#1652 = CARTESIAN_POINT('',(47.330060682757,-0.222664920441,
    13.574096437629));
#1653 = CARTESIAN_POINT('',(47.529366006868,-1.633464879459,
    13.656116894423));
#1654 = CARTESIAN_POINT('',(48.579583163062,-2.861116604994,
    13.738168836725));
#1655 = CARTESIAN_POINT('',(50.324515404465,-3.2950101462,
    13.820176514265));
#1656 = CARTESIAN_POINT('',(51.951324097218,-2.529042444284,
    13.902224280748));
#1657 = CARTESIAN_POINT('',(52.741823110884,-1.120070027464,
    13.98424883228));
#1658 = CARTESIAN_POINT('',(52.662079595543,0.302488392245,
    14.066281303114));
#1659 = CARTESIAN_POINT('',(51.298196635692,2.34368351249,
    14.230343816916));
#1660 = CARTESIAN_POINT('',(50.014440551683,2.961746285357,
    14.31237628775));
#1661 = CARTESIAN_POINT('',(48.41020903879,2.770612030222,
    14.394400839291));
#1662 = CARTESIAN_POINT('',(47.079994043533,1.560757117726,
    14.476448605746));
#1663 = CARTESIAN_POINT('',(46.813103145113,-0.217389913858,
    14.558456283332));
#1664 = CARTESIAN_POINT('',(47.545404412586,-1.657469586054,
    14.640508225587));
#1665 = CARTESIAN_POINT('',(48.772542839375,-2.3814916195,
    14.722528682411));
#1666 = CARTESIAN_POINT('',(51.227457104734,-2.381492112225,
    14.886596437615));
#1667 = CARTESIAN_POINT('',(52.45459546581,-1.657468231865,
    14.968616894461));
#1668 = CARTESIAN_POINT('',(53.186897062042,-0.217392120483,
    15.050668836675));
#1669 = CARTESIAN_POINT('',(52.920005764645,1.560758932594,
    15.132676514302));
#1670 = CARTESIAN_POINT('',(51.589791147951,2.770611037892,
    15.214724280734));
#1671 = CARTESIAN_POINT('',(49.985559494342,2.961746496512,
    15.29674883228));
#1672 = CARTESIAN_POINT('',(48.701803408731,2.343683556043,
    15.378781303115));
#1673 = CARTESIAN_POINT('',(47.337920427695,0.302488449954,
    15.542843816917));
#1674 = CARTESIAN_POINT('',(47.258177066583,-1.120069904139,
    15.624876287751));
#1675 = CARTESIAN_POINT('',(48.04867491453,-2.529042651501,
    15.706900839277));
#1676 = CARTESIAN_POINT('',(49.675486345654,-3.295009628908,
    15.788948605782));
#1677 = CARTESIAN_POINT('',(51.420414719014,-2.861117258041,
    15.870956283284));
#1678 = CARTESIAN_POINT('',(52.470635290774,-1.633464473581,
    15.953008225625));
#1679 = CARTESIAN_POINT('',(52.669938883409,-0.222665160638,
    16.035028682396));
#1680 = CARTESIAN_POINT('',(51.730484321404,2.045380071755,
    16.199096437627));
#1681 = CARTESIAN_POINT('',(50.591967957277,2.90203614347,
    16.281116894432));
#1682 = CARTESIAN_POINT('',(48.981271424356,3.027501330666,
    16.363168836714));
#1683 = CARTESIAN_POINT('',(47.440608938444,2.100456975361,
    16.445176514271));
#1684 = CARTESIAN_POINT('',(46.831902436304,0.408508560825,
    16.527224280747));
#1685 = CARTESIAN_POINT('',(47.269229173655,-1.146752602696,
    16.609248832278));
#1686 = CARTESIAN_POINT('',(48.33151705932,-2.096266127454,
    16.691281303115));
#1687 = CARTESIAN_POINT('',(50.739270860225,-2.575198149048,
    16.855343816916));
#1688 = CARTESIAN_POINT('',(52.084059870513,-2.10448189455,
    16.937376287751));
#1689 = CARTESIAN_POINT('',(53.083270523941,-0.834966585263,
    17.019400839286));
#1690 = CARTESIAN_POINT('',(53.168377954664,0.961134071187,
    17.101448605758));
#1691 = CARTESIAN_POINT('',(52.099758494771,2.40719425929,
    17.183456283314));
#1692 = CARTESIAN_POINT('',(50.563653201027,2.907669168837,
    17.265508225603));
#1693 = CARTESIAN_POINT('',(49.183974408407,2.55191215538,17.3475286824)
  );
#1694 = CARTESIAN_POINT('',(47.448087535731,0.816025979525,
    17.511596437639));
#1695 = CARTESIAN_POINT('',(47.092331874699,-0.563654072596,
    17.593616894395));
#1696 = CARTESIAN_POINT('',(47.592804033925,-2.099757080937,
    17.675668836762));
#1697 = CARTESIAN_POINT('',(49.03886734774,-3.168379102323,
    17.757676514233));
#1698 = CARTESIAN_POINT('',(50.834965751544,-3.083269954309,
    17.839724280768));
#1699 = CARTESIAN_POINT('',(52.104482011311,-2.084060052363,
    17.921748832267));
#1700 = CARTESIAN_POINT('',(52.575198148434,-0.739270922434,
    18.003781303124));
#1701 = CARTESIAN_POINT('',(52.096266151825,1.668482883443,
    18.167843816892));
#1702 = CARTESIAN_POINT('',(51.146752564423,2.730770613644,
    18.249876287872));
#1703 = CARTESIAN_POINT('',(49.591491991421,3.16809840904,
    18.331900838994));
#1704 = CARTESIAN_POINT('',(47.899542152947,2.55938945822,
    18.413948606245));
#1705 = CARTESIAN_POINT('',(46.972499705096,1.018730535056,18.4959562827
    ));
#1706 = CARTESIAN_POINT('',(47.09796322602,-0.591969161883,
    18.578008226211));
#1707 = CARTESIAN_POINT('',(47.954620065118,-1.730483844768,
    18.66002868193));
#1708 = CARTESIAN_POINT('',(50.222664920543,-2.669939317297,
    18.824096438668));
#1709 = CARTESIAN_POINT('',(51.633464878936,-2.470633992852,
    18.906116889096));
#1710 = CARTESIAN_POINT('',(52.861116606276,-1.420416837626,
    18.988168849778));
#1711 = CARTESIAN_POINT('',(53.29501014404,0.324515405626,
    19.070176492293));
#1712 = CARTESIAN_POINT('',(52.529042447016,1.951324095748,
    19.15222430853));
#1713 = CARTESIAN_POINT('',(51.120070024787,2.741823112325,
    19.234248805062));
#1714 = CARTESIAN_POINT('',(49.697511609796,2.662079594444,
    19.316281323866));
#1715 = CARTESIAN_POINT('',(47.65631648309,1.298196638073,
    19.480343771962));
#1716 = CARTESIAN_POINT('',(47.038253737335,1.444053945713E-02,
    19.562376518528));
#1717 = CARTESIAN_POINT('',(47.229387914092,-1.589790931201,
    19.644400272917));
#1718 = CARTESIAN_POINT('',(48.439242976101,-2.92000600703,
    19.726449560057));
#1719 = CARTESIAN_POINT('',(50.217389795152,-3.186896790925,
    19.808455076028));
#1720 = CARTESIAN_POINT('',(51.657469702378,-2.45459565008,
    19.890509408582));
#1721 = CARTESIAN_POINT('',(52.381491530802,-1.227457112852,
    19.972527780459));
#1722 = CARTESIAN_POINT('',(52.381491917579,-5.580226436486E-08,
    20.054563085941));
#1723 = CARTESIAN_POINT('',(52.41342282541,2.22044604925E-16,
    -0.90116048965));
#1724 = CARTESIAN_POINT('',(52.413423473759,1.243915165022,
    -0.819125393521));
#1725 = CARTESIAN_POINT('',(51.679690856296,2.487505535283,
    -0.737106356833));
#1726 = CARTESIAN_POINT('',(50.220307888473,3.229628837225,
    -0.655053215886));
#1727 = CARTESIAN_POINT('',(48.418313500709,2.959155435939,
    -0.573046371425));
#1728 = CARTESIAN_POINT('',(47.19224113991,1.611108049862,
    -0.490998015432));
#1729 = CARTESIAN_POINT('',(46.998542278865,-1.463439884801E-02,
    -0.408973874091));
#1730 = CARTESIAN_POINT('',(47.624892335211,-1.315602812828,
    -0.326941204783));
#1731 = CARTESIAN_POINT('',(49.693455792575,-2.697772727396,
    -0.162878754009));
#1732 = CARTESIAN_POINT('',(51.135087533365,-2.778585327907,
    -8.08463007058E-02));
#1733 = CARTESIAN_POINT('',(52.562953019401,-1.977488389954,
    1.178544486507E-03));
#1734 = CARTESIAN_POINT('',(53.339187332679,-0.328864674554,
    8.322550544442E-02));
#1735 = CARTESIAN_POINT('',(52.899481079395,1.439459475395,
    0.165234366776));
#1736 = CARTESIAN_POINT('',(51.655364681278,2.503761684104,
    0.247285258189));
#1737 = CARTESIAN_POINT('',(50.225651057316,2.705737386535,0.32930626619
    ));
#1738 = CARTESIAN_POINT('',(47.927195070031,1.753686683159,
    0.493373751536));
#1739 = CARTESIAN_POINT('',(47.059054673806,0.59990503385,0.575394764512
    ));
#1740 = CARTESIAN_POINT('',(46.931903853946,-1.032387690566,
    0.657445639723));
#1741 = CARTESIAN_POINT('',(47.871382067254,-2.593707391788,
    0.739454533157));
#1742 = CARTESIAN_POINT('',(49.586013052095,-3.210575391044,
    0.821501447709));
#1743 = CARTESIAN_POINT('',(51.162128561866,-2.767384977784,
    0.903526344659));
#1744 = CARTESIAN_POINT('',(52.124372865576,-1.690853966075,
    0.985558752606));
#1745 = CARTESIAN_POINT('',(52.609726395451,0.749183011292,
    1.149621265662));
#1746 = CARTESIAN_POINT('',(52.132698920783,2.112002705781,
    1.231653673494));
#1747 = CARTESIAN_POINT('',(50.846161390501,3.124611886346,
    1.313678570816));
#1748 = CARTESIAN_POINT('',(49.025979672243,3.210857890832,
    1.395725484635));
#1749 = CARTESIAN_POINT('',(47.560529481124,2.127913933443,
    1.477734379124));
#1750 = CARTESIAN_POINT('',(47.053345187779,0.571209431927,
    1.559785253159));
#1751 = CARTESIAN_POINT('',(47.413871687088,-0.82696647665,1.64180626717
    ));
#1752 = CARTESIAN_POINT('',(49.173032872221,-2.586128888967,
    1.805873751084));
#1753 = CARTESIAN_POINT('',(50.571211069595,-2.946652910453,
    1.887894765105));
#1754 = CARTESIAN_POINT('',(52.127911420935,-2.439473568259,
    1.969945639118));
#1755 = CARTESIAN_POINT('',(53.210859989289,-0.974017693281,
    2.051954533636));
#1756 = CARTESIAN_POINT('',(53.124610837551,0.846159942568,
    2.134001447425));
#1757 = CARTESIAN_POINT('',(52.112002992649,2.132699174448,
    2.216026344774));
#1758 = CARTESIAN_POINT('',(50.7491830719,2.60972640929,2.298058752584)
  );
#1759 = CARTESIAN_POINT('',(48.309146095217,2.124372875982,
    2.462121265672));
#1760 = CARTESIAN_POINT('',(47.232615384313,1.162128437305,
    2.544153673481));
#1761 = CARTESIAN_POINT('',(46.789423085915,-0.413986011584,
    2.626178570829));
#1762 = CARTESIAN_POINT('',(47.406295555072,-2.128619563573,
    2.708225484625));
#1763 = CARTESIAN_POINT('',(48.967608821268,-3.068094290375,
    2.79023437913));
#1764 = CARTESIAN_POINT('',(50.599907274598,-2.9409464564,2.872285253157
    ));
#1765 = CARTESIAN_POINT('',(51.753685861173,-2.072804647012,
    2.954306267171));
#1766 = CARTESIAN_POINT('',(52.705738167864,0.225650676354,
    3.118373751082));
#1767 = CARTESIAN_POINT('',(52.503759300665,1.655365465702,
    3.200394765111));
#1768 = CARTESIAN_POINT('',(51.439463253485,2.899479927068,3.28244563911
    ));
#1769 = CARTESIAN_POINT('',(49.671132089581,3.33918825991,3.364454533641
    ));
#1770 = CARTESIAN_POINT('',(48.022513347711,2.562952608726,
    3.446501447423));
#1771 = CARTESIAN_POINT('',(47.221414329332,1.135087697231,
    3.528526344774));
#1772 = CARTESIAN_POINT('',(47.302227235578,-0.306544153608,
    3.610558752584));
#1773 = CARTESIAN_POINT('',(48.684397156368,-2.3751076189,3.774621265672
    ));
#1774 = CARTESIAN_POINT('',(49.985365566031,-3.001457304261,
    3.856653673481));
#1775 = CARTESIAN_POINT('',(51.611107796201,-2.807760710597,
    3.938678570828));
#1776 = CARTESIAN_POINT('',(52.959155766817,-1.581683009292,
    4.020725484628));
#1777 = CARTESIAN_POINT('',(53.22962851851,0.220303774311,4.102734379126
    ));
#1778 = CARTESIAN_POINT('',(52.487505662335,1.67969353673,4.18478525316)
  );
#1779 = CARTESIAN_POINT('',(51.243915263627,2.413422470531,4.26680626717
    ));
#1780 = CARTESIAN_POINT('',(48.756084789459,2.413423338282,
    4.430873751082));
#1781 = CARTESIAN_POINT('',(47.512494524421,1.679691033987,4.51289476511
    ));
#1782 = CARTESIAN_POINT('',(46.770371101844,0.220307707132,
    4.594945639111));
#1783 = CARTESIAN_POINT('',(47.040844612225,-1.58168635595,
    4.676954533641));
#1784 = CARTESIAN_POINT('',(48.388891921554,-2.807758945161,
    4.759001447423));
#1785 = CARTESIAN_POINT('',(50.014634410495,-3.001457686471,
    4.841026344774));
#1786 = CARTESIAN_POINT('',(51.31560281056,-2.375107671541,
    4.923058752584));
#1787 = CARTESIAN_POINT('',(52.697772728443,-0.306544204308,
    5.087121265672));
#1788 = CARTESIAN_POINT('',(52.778585326533,1.135087529277,
    5.169153673481));
#1789 = CARTESIAN_POINT('',(51.977488391356,2.562953023572,
    5.251178570828));
#1790 = CARTESIAN_POINT('',(50.328864673446,3.339187329383,
    5.333225484627));
#1791 = CARTESIAN_POINT('',(48.560540525263,2.899481081351,
    5.415234379128));
#1792 = CARTESIAN_POINT('',(47.496238315627,1.655364680481,
    5.497285253157));
#1793 = CARTESIAN_POINT('',(47.294262613517,0.225651057471,
    5.579306267172));
#1794 = CARTESIAN_POINT('',(48.246313316816,-2.07280493004,
    5.743373751074));
#1795 = CARTESIAN_POINT('',(49.400094966182,-2.940945326102,
    5.825394765133));
#1796 = CARTESIAN_POINT('',(51.032387690532,-3.068096146148,
    5.907445639082));
#1797 = CARTESIAN_POINT('',(52.593707391816,-2.128617932672,
    5.989454533661));
#1798 = CARTESIAN_POINT('',(53.210575391027,-0.413986947949,
    6.071501447417));
#1799 = CARTESIAN_POINT('',(52.767384977792,1.162128561884,
    6.153526344774));
#1800 = CARTESIAN_POINT('',(51.690853966073,2.124372865572,
    6.235558752585));
#1801 = CARTESIAN_POINT('',(49.250816988709,2.609726395452,
    6.399621265672));
#1802 = CARTESIAN_POINT('',(47.887997294218,2.13269892078,6.481653673482
    ));
#1803 = CARTESIAN_POINT('',(46.875388113656,0.846161390507,
    6.563678570822));
#1804 = CARTESIAN_POINT('',(46.789142109167,-0.974020327765,
    6.645725484642));
#1805 = CARTESIAN_POINT('',(47.872086066556,-2.439470518869,
    6.727734379108));
#1806 = CARTESIAN_POINT('',(49.428790568075,-2.946654812225,
    6.809785253171));
#1807 = CARTESIAN_POINT('',(50.826966476648,-2.586128312911,
    6.891806267169));
#1808 = CARTESIAN_POINT('',(52.586128888967,-0.826967127779,
    7.05587375107));
#1809 = CARTESIAN_POINT('',(52.946652910453,0.571211069593,
    7.137894765145));
#1810 = CARTESIAN_POINT('',(52.439473568261,2.127911420938,
    7.219945639066));
#1811 = CARTESIAN_POINT('',(50.974017693278,3.210859989287,
    7.301954533672));
#1812 = CARTESIAN_POINT('',(49.153840057434,3.124610837552,
    7.384001447413));
#1813 = CARTESIAN_POINT('',(47.867300825551,2.11200299265,7.466026344773
    ));
#1814 = CARTESIAN_POINT('',(47.39027359071,0.7491830719,7.548058752585)
  );
#1815 = CARTESIAN_POINT('',(47.875627124018,-1.690853904783,
    7.712121265672));
#1816 = CARTESIAN_POINT('',(48.837871562694,-2.767384615689,
    7.794153673481));
#1817 = CARTESIAN_POINT('',(50.413986011587,-3.210576914078,
    7.876178570818));
#1818 = CARTESIAN_POINT('',(52.128619563569,-2.59370444494,
    7.958225484652));
#1819 = CARTESIAN_POINT('',(53.068094290378,-1.032391178723,
    8.040234379093));
#1820 = CARTESIAN_POINT('',(52.940946456398,0.599907274596,
    8.122285253185));
#1821 = CARTESIAN_POINT('',(52.072804647012,1.75368586117,8.204306267161
    ));
#1822 = CARTESIAN_POINT('',(49.774349323646,2.705738167865,
    8.368373751084));
#1823 = CARTESIAN_POINT('',(48.3446345343,2.503759300664,8.450394765109)
  );
#1824 = CARTESIAN_POINT('',(47.100520072929,1.439463253486,
    8.532445639112));
#1825 = CARTESIAN_POINT('',(46.660811740093,-0.32886791042,8.61445453364
    ));
#1826 = CARTESIAN_POINT('',(47.437047391272,-1.977486652289,
    8.696501447424));
#1827 = CARTESIAN_POINT('',(48.86491230277,-2.778585670668,
    8.778526344774));
#1828 = CARTESIAN_POINT('',(50.306544153608,-2.697772764422,
    8.860558752584));
#1829 = CARTESIAN_POINT('',(52.3751076189,-1.315602843632,9.024621265672
    ));
#1830 = CARTESIAN_POINT('',(53.001457304258,-1.463443397008E-02,
    9.106653673481));
#1831 = CARTESIAN_POINT('',(52.807760710608,1.611107796203,
    9.188678570828));
#1832 = CARTESIAN_POINT('',(51.581683009274,2.959155766813,
    9.270725484626));
#1833 = CARTESIAN_POINT('',(49.779696225707,3.229628518513,9.35273437913
    ));
#1834 = CARTESIAN_POINT('',(48.320306463262,2.487505662334,
    9.434785253157));
#1835 = CARTESIAN_POINT('',(47.586577529467,1.243915263626,
    9.516806267169));
#1836 = CARTESIAN_POINT('',(47.586576661718,-1.24391521054,
    9.680873751088));
#1837 = CARTESIAN_POINT('',(48.320308966013,-2.487505475583,
    9.762894765094));
#1838 = CARTESIAN_POINT('',(49.779692292868,-3.22962889815,
    9.844945639131));
#1839 = CARTESIAN_POINT('',(51.581686355949,-2.959155387781,
    9.926954533627));
#1840 = CARTESIAN_POINT('',(52.807758945162,-1.611108078443,
    10.009001447428));
#1841 = CARTESIAN_POINT('',(53.001457686471,1.463441049442E-02,
    10.091026344775));
#1842 = CARTESIAN_POINT('',(52.375107671541,1.31560281056,
    10.173058752583));
#1843 = CARTESIAN_POINT('',(50.306544204308,2.697772728444,
    10.337121265672));
#1844 = CARTESIAN_POINT('',(48.864912470723,2.778585326532,
    10.41915367348));
#1845 = CARTESIAN_POINT('',(47.437046976428,1.977488391359,
    10.501178570832));
#1846 = CARTESIAN_POINT('',(46.660812670618,0.32886467344,
    10.583225484617));
#1847 = CARTESIAN_POINT('',(47.100518918648,-1.439459474732,
    10.66523437914));
#1848 = CARTESIAN_POINT('',(48.344635319521,-2.503761684375,
    10.74728525315));
#1849 = CARTESIAN_POINT('',(49.774348942528,-2.705737386481,
    10.829306267171));
#1850 = CARTESIAN_POINT('',(52.072804930041,-1.753686683184,
    10.993373751088));
#1851 = CARTESIAN_POINT('',(52.9409453261,-0.599905033819,11.07539476509
    ));
#1852 = CARTESIAN_POINT('',(53.068096146148,1.032387690534,
    11.157445639138));
#1853 = CARTESIAN_POINT('',(52.128617932673,2.593707391814,
    11.239454533621));
#1854 = CARTESIAN_POINT('',(50.413986947948,3.210575391029,
    11.32150144743));
#1855 = CARTESIAN_POINT('',(48.837871438117,2.767384977791,
    11.403526344775));
#1856 = CARTESIAN_POINT('',(47.875627134428,1.690853966074,
    11.485558752583));
#1857 = CARTESIAN_POINT('',(47.390273604548,-0.749183011292,
    11.649621265672));
#1858 = CARTESIAN_POINT('',(47.867301079219,-2.112002705784,
    11.73165367348));
#1859 = CARTESIAN_POINT('',(49.153838609496,-3.124611886335,
    11.813678570833));
#1860 = CARTESIAN_POINT('',(50.97402032776,-3.210857890852,
    11.895725484615));
#1861 = CARTESIAN_POINT('',(52.439470518874,-2.127913933425,
    11.977734379143));
#1862 = CARTESIAN_POINT('',(52.946654812222,-0.571209431936,
    12.059785253148));
#1863 = CARTESIAN_POINT('',(52.586128312911,0.826966476651,
    12.141806267173));
#1864 = CARTESIAN_POINT('',(50.826967127779,2.586128888967,
    12.305873751081));
#1865 = CARTESIAN_POINT('',(49.428788930407,2.946652910454,
    12.387894765109));
#1866 = CARTESIAN_POINT('',(47.872088579063,2.439473568258,
    12.469945639115));
#1867 = CARTESIAN_POINT('',(46.789140010712,0.974017693282,
    12.551954533637));
#1868 = CARTESIAN_POINT('',(46.875389162448,-0.846159942569,
    12.634001447426));
#1869 = CARTESIAN_POINT('',(47.887997007351,-2.132699174448,
    12.716026344774));
#1870 = CARTESIAN_POINT('',(49.2508169281,-2.60972640929,12.798058752584
    ));
#1871 = CARTESIAN_POINT('',(51.690853904783,-2.124372875982,
    12.962121265672));
#1872 = CARTESIAN_POINT('',(52.767384615689,-1.162128437306,
    13.044153673481));
#1873 = CARTESIAN_POINT('',(53.210576914076,0.413986011586,
    13.12617857083));
#1874 = CARTESIAN_POINT('',(52.593704444946,2.12861956357,
    13.208225484624));
#1875 = CARTESIAN_POINT('',(51.032391178715,3.068094290377,
    13.290234379131));
#1876 = CARTESIAN_POINT('',(49.40009272541,2.940946456398,
    13.372285253157));
#1877 = CARTESIAN_POINT('',(48.246314138829,2.072804647012,
    13.454306267169));
#1878 = CARTESIAN_POINT('',(47.294261832135,-0.225650676354,
    13.618373751089));
#1879 = CARTESIAN_POINT('',(47.496240699334,-1.655365465703,
    13.70039476509));
#1880 = CARTESIAN_POINT('',(48.560536746516,-2.899479927065,
    13.782445639136));
#1881 = CARTESIAN_POINT('',(50.328867910417,-3.339188259912,
    13.864454533623));
#1882 = CARTESIAN_POINT('',(51.97748665229,-2.562952608725,
    13.946501447429));
#1883 = CARTESIAN_POINT('',(52.778585670668,-1.135087697231,
    14.028526344775));
#1884 = CARTESIAN_POINT('',(52.697772764422,0.306544153608,
    14.110558752583));
#1885 = CARTESIAN_POINT('',(51.315602843632,2.3751076189,14.274621265672
    ));
#1886 = CARTESIAN_POINT('',(50.01463443397,3.001457304258,14.35665367348
    ));
#1887 = CARTESIAN_POINT('',(48.388892203798,2.807760710609,
    14.438678570835));
#1888 = CARTESIAN_POINT('',(47.040844233184,1.581683009271,
    14.520725484612));
#1889 = CARTESIAN_POINT('',(46.77037148149,-0.220303774291,
    14.602734379147));
#1890 = CARTESIAN_POINT('',(47.512494337665,-1.679693536739,
    14.684785253144));
#1891 = CARTESIAN_POINT('',(48.756084736374,-2.413422470533,
    14.766806267176));
#1892 = CARTESIAN_POINT('',(51.243915210542,-2.41342333828,
    14.930873751075));
#1893 = CARTESIAN_POINT('',(52.487505475575,-1.679691033991,
    15.012894765127));
#1894 = CARTESIAN_POINT('',(53.229628898163,-0.220307707127,
    15.094945639088));
#1895 = CARTESIAN_POINT('',(52.959155387769,1.581686355946,
    15.176954533659));
#1896 = CARTESIAN_POINT('',(51.611108078449,2.807758945163,
    15.259001447416));
#1897 = CARTESIAN_POINT('',(49.985365589504,3.001457686471,
    15.341026344775));
#1898 = CARTESIAN_POINT('',(48.68439718944,2.375107671541,
    15.423058752584));
#1899 = CARTESIAN_POINT('',(47.302227271557,0.306544204308,
    15.587121265673));
#1900 = CARTESIAN_POINT('',(47.221414673466,-1.135087529278,
    15.669153673481));
#1901 = CARTESIAN_POINT('',(48.022511608643,-2.562953023568,
    15.751178570821));
#1902 = CARTESIAN_POINT('',(49.671135326557,-3.339187329391,
    15.833225484647));
#1903 = CARTESIAN_POINT('',(51.439459474733,-2.899481081344,
    15.9152343791));
#1904 = CARTESIAN_POINT('',(52.503761684376,-1.655364680484,
    15.99728525318));
#1905 = CARTESIAN_POINT('',(52.70573738648,-0.225651057473,
    16.079306267162));
#1906 = CARTESIAN_POINT('',(51.753686683184,2.072804930041,
    16.243373751087));
#1907 = CARTESIAN_POINT('',(50.599905033818,2.9409453261,16.3253947651)
  );
#1908 = CARTESIAN_POINT('',(48.967612309466,3.068096146149,
    16.407445639125));
#1909 = CARTESIAN_POINT('',(47.406292608186,2.128617932672,
    16.489454533629));
#1910 = CARTESIAN_POINT('',(46.789424608972,0.413986947949,
    16.571501447429));
#1911 = CARTESIAN_POINT('',(47.232615022209,-1.162128561884,
    16.653526344774));
#1912 = CARTESIAN_POINT('',(48.309146033927,-2.124372865572,
    16.735558752584));
#1913 = CARTESIAN_POINT('',(50.749183011291,-2.609726395452,
    16.899621265672));
#1914 = CARTESIAN_POINT('',(52.112002705785,-2.132698920782,
    16.98165367348));
#1915 = CARTESIAN_POINT('',(53.124611886331,-0.8461613905,17.06367857083
    ));
#1916 = CARTESIAN_POINT('',(53.210857890857,0.974020327752,
    17.145725484624));
#1917 = CARTESIAN_POINT('',(52.12791393342,2.439470518881,
    17.227734379129));
#1918 = CARTESIAN_POINT('',(50.571209431938,2.946654812218,
    17.30978525316));
#1919 = CARTESIAN_POINT('',(49.17303352335,2.586128312911,
    17.391806267165));
#1920 = CARTESIAN_POINT('',(47.413871111032,0.826967127779,
    17.555873751098));
#1921 = CARTESIAN_POINT('',(47.053347089545,-0.571211069593,
    17.637894765064));
#1922 = CARTESIAN_POINT('',(47.560526431745,-2.127911420938,
    17.719945639172));
#1923 = CARTESIAN_POINT('',(49.025982306713,-3.210859989286,
    17.801954533592));
#1924 = CARTESIAN_POINT('',(50.846159942574,-3.124610837554,
    17.884001447449));
#1925 = CARTESIAN_POINT('',(52.132699174444,-2.112002992647,
    17.966026344763));
#1926 = CARTESIAN_POINT('',(52.609726409292,-0.749183071901,
    18.048058752593));
#1927 = CARTESIAN_POINT('',(52.124372875978,1.690853904784,
    18.21212126565));
#1928 = CARTESIAN_POINT('',(51.162128437324,2.767384615683,
    18.294153673595));
#1929 = CARTESIAN_POINT('',(49.586013988371,3.21057691409,
    18.376178570553));
#1930 = CARTESIAN_POINT('',(47.871380436502,2.593704444921,
    18.458225485084));
#1931 = CARTESIAN_POINT('',(46.931905709527,1.032391178746,
    18.540234378547));
#1932 = CARTESIAN_POINT('',(47.059053543702,-0.59990727462,
    18.622285253735));
#1933 = CARTESIAN_POINT('',(47.927195352906,-1.753685861149,
    18.704306266719));
#1934 = CARTESIAN_POINT('',(50.225650676529,-2.705738167916,
    18.868373752074));
#1935 = CARTESIAN_POINT('',(51.655365464804,-2.5037593004,
    18.950394760039));
#1936 = CARTESIAN_POINT('',(52.899479929272,-1.439463254136,
    19.032445651515));
#1937 = CARTESIAN_POINT('',(53.339188256194,0.328867911517,
    19.114454512785));
#1938 = CARTESIAN_POINT('',(52.562952613431,1.977486650898,
    19.196501473777));
#1939 = CARTESIAN_POINT('',(51.13508769262,2.778585672032,
    19.278526318962));
#1940 = CARTESIAN_POINT('',(49.693455849908,2.697772763381,
    19.360558772263));
#1941 = CARTESIAN_POINT('',(47.624892373485,1.315602845887,
    19.524621223039));
#1942 = CARTESIAN_POINT('',(46.998542734834,1.463442239232E-02,
    19.606653892343));
#1943 = CARTESIAN_POINT('',(47.192239193455,-1.611107767785,
    19.6886780337));
#1944 = CARTESIAN_POINT('',(48.418317152373,-2.959155814698,
    19.770726389656));
#1945 = CARTESIAN_POINT('',(50.220303569788,-3.229628457939,
    19.852733234171));
#1946 = CARTESIAN_POINT('',(51.679693737133,-2.487505721679,
    19.934786375065));
#1947 = CARTESIAN_POINT('',(52.413422317739,-1.243915218386,
    20.016805411788));
#1948 = CARTESIAN_POINT('',(52.413422993499,-5.292137505997E-08,
    20.098840507902));
#1949 = CARTESIAN_POINT('',(52.458734122635,0.,-0.875));
#1950 = CARTESIAN_POINT('',(52.458734942609,1.267269826888,
    -0.792965200972));
#1951 = CARTESIAN_POINT('',(51.711226254558,2.534206074628,
    -0.710945220843));
#1952 = CARTESIAN_POINT('',(50.224444548851,3.290266820007,
    -0.628893770905));
#1953 = CARTESIAN_POINT('',(48.388617307911,3.014710266291,
    -0.54688504119));
#1954 = CARTESIAN_POINT('',(47.139526594597,1.641357520677,
    -0.464838006584));
#1955 = CARTESIAN_POINT('',(46.942190698481,-1.49095499871E-02,
    -0.38281331612));
#1956 = CARTESIAN_POINT('',(47.580300364174,-1.340302875452,
    -0.30078075645));
#1957 = CARTESIAN_POINT('',(49.687700525292,-2.748422636205,
    -0.136718301873));
#1958 = CARTESIAN_POINT('',(51.15639811763,-2.830752586217,
    -5.468594152181E-02));
#1959 = CARTESIAN_POINT('',(52.61107300024,-2.014614772647,
    2.733939842368E-02));
#1960 = CARTESIAN_POINT('',(53.401877289158,-0.335039544897,
    0.109385145755));
#1961 = CARTESIAN_POINT('',(52.95392054894,1.466485374403,0.191395736547
    ));
#1962 = CARTESIAN_POINT('',(51.686442037635,2.550768807914,
    0.273445110717));
#1963 = CARTESIAN_POINT('',(50.229888095171,2.756536925045,
    0.355466909884));
#1964 = CARTESIAN_POINT('',(47.888278245598,1.786611545119,
    0.519534010126));
#1965 = CARTESIAN_POINT('',(47.003840903187,0.611168465459,
    0.601555813881));
#1966 = CARTESIAN_POINT('',(46.874298655569,-1.051771112319,
    0.683605173104));
#1967 = CARTESIAN_POINT('',(47.831420318419,-2.642402973133,
    0.765615793515));
#1968 = CARTESIAN_POINT('',(49.578239179628,-3.27085327353,
    0.847661498028));
#1969 = CARTESIAN_POINT('',(51.183947579946,-2.819341744908,
    0.929686885731));
#1970 = CARTESIAN_POINT('',(52.164257357319,-1.722599272406,
    1.011719204231));
#1971 = CARTESIAN_POINT('',(52.658723254545,0.763248719392,
    1.175781716278));
#1972 = CARTESIAN_POINT('',(52.172739976017,2.151654662834,
    1.257814034671));
#1973 = CARTESIAN_POINT('',(50.862046975598,3.183276604371,
    1.339839422719));
#1974 = CARTESIAN_POINT('',(49.007694101289,3.271138878254,
    1.421885126553));
#1975 = CARTESIAN_POINT('',(47.51472772286,2.16786708182,1.503895747941)
  );
#1976 = CARTESIAN_POINT('',(46.998023478915,0.581932317702,
    1.585945106076));
#1977 = CARTESIAN_POINT('',(47.365317588988,-0.842492105817,
    1.667966910787));
#1978 = CARTESIAN_POINT('',(49.157507090106,-2.634683145734,
    1.832034009709));
#1979 = CARTESIAN_POINT('',(50.581934410907,-3.001974111685,
    1.914055814428));
#1980 = CARTESIAN_POINT('',(52.167863922612,-2.485276117663,
    1.996105172546));
#1981 = CARTESIAN_POINT('',(53.271141539414,-0.992302542884,
    2.078115793957));
#1982 = CARTESIAN_POINT('',(53.183275271647,0.862045167861,
    2.160161497766));
#1983 = CARTESIAN_POINT('',(52.151655009638,2.172740312654,
    2.242186885838));
#1984 = CARTESIAN_POINT('',(50.763248776475,2.658723277664,2.32421920421
    ));
#1985 = CARTESIAN_POINT('',(48.27740078918,2.164257357803,2.488281716288
    ));
#1986 = CARTESIAN_POINT('',(47.180658704316,1.183947401669,
    2.570314034659));
#1987 = CARTESIAN_POINT('',(46.729144803421,-0.421759660304,
    2.652339422731));
#1988 = CARTESIAN_POINT('',(47.357600769649,-2.168581763491,
    2.734385126544));
#1989 = CARTESIAN_POINT('',(48.948224499284,-3.125699005342,
    2.816395747946));
#1990 = CARTESIAN_POINT('',(50.611171321334,-2.996160521656,
    2.898445106074));
#1991 = CARTESIAN_POINT('',(51.786610521106,-2.111721383406,
    2.980466910788));
#1992 = CARTESIAN_POINT('',(52.756537911497,0.229887633667,
    3.144534009707));
#1993 = CARTESIAN_POINT('',(52.550765781138,1.686443048431,
    3.226555814434));
#1994 = CARTESIAN_POINT('',(51.466490130942,2.953919102456,
    3.308605172538));
#1995 = CARTESIAN_POINT('',(49.664956337374,3.401878459265,
    3.390615793962));
#1996 = CARTESIAN_POINT('',(47.985387406196,2.611072466135,
    3.472661497764));
#1997 = CARTESIAN_POINT('',(47.169246971323,1.156398303945,
    3.554686885838));
#1998 = CARTESIAN_POINT('',(47.251577319625,-0.312299426805,
    3.63671920421));
#1999 = CARTESIAN_POINT('',(48.659697102625,-2.419699587802,
    3.800781716288));
#2000 = CARTESIAN_POINT('',(49.985090432069,-3.057808773661,
    3.882814034659));
#2001 = CARTESIAN_POINT('',(51.641357211188,-2.860475735475,
    3.96483942273));
#2002 = CARTESIAN_POINT('',(53.014710713019,-1.611378253055,
    4.046885126547));
#2003 = CARTESIAN_POINT('',(53.290266394516,0.224439366022,
    4.128895747942));
#2004 = CARTESIAN_POINT('',(52.534206243064,1.71122966697,4.210945106077
    ));
#2005 = CARTESIAN_POINT('',(51.267269917981,2.458733680218,
    4.292966910787));
#2006 = CARTESIAN_POINT('',(48.73273013106,2.458734768314,4.457034009707
    ));
#2007 = CARTESIAN_POINT('',(47.465793980527,1.711226483162,
    4.539055814433));
#2008 = CARTESIAN_POINT('',(46.709733123704,0.224444315549,4.62110517254
    ));
#2009 = CARTESIAN_POINT('',(46.985289778203,-1.611382507677,
    4.703115793961));
#2010 = CARTESIAN_POINT('',(48.358642452915,-2.86047351485,
    4.785161497765));
#2011 = CARTESIAN_POINT('',(50.014909560747,-3.057809256924,
    4.867186885838));
#2012 = CARTESIAN_POINT('',(51.340302873357,-2.419699644513,
    4.94921920421));
#2013 = CARTESIAN_POINT('',(52.748422637173,-0.312299470698,
    5.113281716288));
#2014 = CARTESIAN_POINT('',(52.830752584948,1.15639811237,5.195314034659
    ));
#2015 = CARTESIAN_POINT('',(52.014614773942,2.611073005607,5.27733942273
    ));
#2016 = CARTESIAN_POINT('',(50.335039543873,3.401877284916,
    5.359385126546));
#2017 = CARTESIAN_POINT('',(48.533514626205,2.953920551456,
    5.441395747944));
#2018 = CARTESIAN_POINT('',(47.449231191838,1.68644203661,5.523445106074
    ));
#2019 = CARTESIAN_POINT('',(47.243463075004,0.22988809537,5.60546691079)
  );
#2020 = CARTESIAN_POINT('',(48.213388454859,-2.111721754493,
    5.769534009699));
#2021 = CARTESIAN_POINT('',(49.38883153457,-2.996159096694,
    5.851555814455));
#2022 = CARTESIAN_POINT('',(51.051771112289,-3.125701344552,
    5.933605172512));
#2023 = CARTESIAN_POINT('',(52.642402973158,-2.168579681485,
    6.015615793981));
#2024 = CARTESIAN_POINT('',(53.270853273514,-0.42176082043,
    6.097661497758));
#2025 = CARTESIAN_POINT('',(52.819341744915,1.18394757997,6.179686885837
    ));
#2026 = CARTESIAN_POINT('',(51.722599272405,2.164257357315,
    6.261719204211));
#2027 = CARTESIAN_POINT('',(49.236751280609,2.658723254547,
    6.425781716288));
#2028 = CARTESIAN_POINT('',(47.848345337164,2.172739976013,6.50781403466
    ));
#2029 = CARTESIAN_POINT('',(46.81672339563,0.862046975604,6.589839422724
    ));
#2030 = CARTESIAN_POINT('',(46.728861121746,-0.99230589872,
    6.671885126561));
#2031 = CARTESIAN_POINT('',(47.832132918178,-2.485272277132,
    6.753895747926));
#2032 = CARTESIAN_POINT('',(49.418067682301,-3.001976521089,
    6.835945106088));
#2033 = CARTESIAN_POINT('',(50.842492105816,-2.634682411011,
    6.917966910786));
#2034 = CARTESIAN_POINT('',(52.634683145733,-0.842492909894,
    7.082034009696));
#2035 = CARTESIAN_POINT('',(53.001974111686,0.581934410904,
    7.164055814466));
#2036 = CARTESIAN_POINT('',(52.485276117664,2.167863922617,
    7.246105172497));
#2037 = CARTESIAN_POINT('',(50.992302542881,3.27114153941,7.328115793992
    ));
#2038 = CARTESIAN_POINT('',(49.137954832141,3.183275271649,
    7.410161497755));
#2039 = CARTESIAN_POINT('',(47.827259687345,2.151655009638,
    7.492186885837));
#2040 = CARTESIAN_POINT('',(47.341276722336,0.763248776475,
    7.574219204212));
#2041 = CARTESIAN_POINT('',(47.835742642197,-1.72259921082,
    7.738281716288));
#2042 = CARTESIAN_POINT('',(48.81605259833,-2.819341295687,7.82031403466
    ));
#2043 = CARTESIAN_POINT('',(50.421759660307,-3.270855196573,
    7.902339422721));
#2044 = CARTESIAN_POINT('',(52.168581763487,-2.642399230361,
    7.984385126571));
#2045 = CARTESIAN_POINT('',(53.125699005346,-1.051775500708,
    8.066395747911));
#2046 = CARTESIAN_POINT('',(52.996160521653,0.611171321332,
    8.148445106101));
#2047 = CARTESIAN_POINT('',(52.111721383406,1.786610521103,
    8.230466910779));
#2048 = CARTESIAN_POINT('',(49.770112366333,2.756537911498,
    8.394534009709));
#2049 = CARTESIAN_POINT('',(48.313556951571,2.550765781137,
    8.476555814432));
#2050 = CARTESIAN_POINT('',(47.046080897541,1.466490130943,8.55860517254
    ));
#2051 = CARTESIAN_POINT('',(46.598121540738,-0.335043662627,
    8.64061579396));
#2052 = CARTESIAN_POINT('',(47.388927533864,-2.014612593804,
    8.722661497765));
#2053 = CARTESIAN_POINT('',(48.843601696056,-2.830753028677,
    8.804686885838));
#2054 = CARTESIAN_POINT('',(50.312299426805,-2.748422680375,
    8.886719204211));
#2055 = CARTESIAN_POINT('',(52.419699587802,-1.340302897375,
    9.050781716287));
#2056 = CARTESIAN_POINT('',(53.057808773658,-1.490956793125E-02,
    9.132814034659));
#2057 = CARTESIAN_POINT('',(52.860475735485,1.64135721119,9.21483942273)
  );
#2058 = CARTESIAN_POINT('',(51.611378253036,3.014710713016,
    9.296885126545));
#2059 = CARTESIAN_POINT('',(49.775560633995,3.290266394519,
    9.378895747946));
#2060 = CARTESIAN_POINT('',(48.288770333023,2.534206243064,
    9.460945106075));
#2061 = CARTESIAN_POINT('',(47.54126631978,1.26726991798,9.542966910787)
  );
#2062 = CARTESIAN_POINT('',(47.541265231686,-1.267269868939,
    9.707034009712));
#2063 = CARTESIAN_POINT('',(48.288773516838,-2.534206019477,
    9.789055814418));
#2064 = CARTESIAN_POINT('',(49.77555568445,-3.290266876289,
    9.871105172559));
#2065 = CARTESIAN_POINT('',(51.611382507677,-3.014710221803,
    9.953115793947));
#2066 = CARTESIAN_POINT('',(52.860473514851,-1.641357547081,
    10.035161497769));
#2067 = CARTESIAN_POINT('',(53.057809256923,1.49095607461E-02,
    10.117186885838));
#2068 = CARTESIAN_POINT('',(52.419699644513,1.340302873357,
    10.19921920421));
#2069 = CARTESIAN_POINT('',(50.312299470697,2.748422637173,
    10.363281716287));
#2070 = CARTESIAN_POINT('',(48.843601887629,2.830752584947,
    10.445314034659));
#2071 = CARTESIAN_POINT('',(47.388926994394,2.014614773945,
    10.527339422734));
#2072 = CARTESIAN_POINT('',(46.598122715083,0.335039543868,
    10.609385126537));
#2073 = CARTESIAN_POINT('',(47.046079448543,-1.46648537379,
    10.691395747955));
#2074 = CARTESIAN_POINT('',(48.313557963392,-2.550768808165,
    10.773445106068));
#2075 = CARTESIAN_POINT('',(49.770111904629,-2.756536924995,
    10.855466910788));
#2076 = CARTESIAN_POINT('',(52.111721754495,-1.786611545142,
    11.019534009713));
#2077 = CARTESIAN_POINT('',(52.996159096693,-0.611168465429,
    11.101555814414));
#2078 = CARTESIAN_POINT('',(53.125701344551,1.051771112288,
    11.183605172565));
#2079 = CARTESIAN_POINT('',(52.168579681487,2.642402973157,
    11.265615793942));
#2080 = CARTESIAN_POINT('',(50.421760820428,3.270853273515,
    11.347661497771));
#2081 = CARTESIAN_POINT('',(48.816052420031,2.819341744914,
    11.429686885838));
#2082 = CARTESIAN_POINT('',(47.835742642685,1.722599272405,
    11.51171920421));
#2083 = CARTESIAN_POINT('',(47.341276745453,-0.763248719392,
    11.675781716287));
#2084 = CARTESIAN_POINT('',(47.827260023986,-2.151654662838,
    11.757814034658));
#2085 = CARTESIAN_POINT('',(49.137953024399,-3.18327660436,
    11.839839422735));
#2086 = CARTESIAN_POINT('',(50.992305898714,-3.271138878273,
    11.921885126535));
#2087 = CARTESIAN_POINT('',(52.485272277137,-2.167867081801,
    12.003895747957));
#2088 = CARTESIAN_POINT('',(53.001976521085,-0.581932317711,
    12.085945106066));
#2089 = CARTESIAN_POINT('',(52.634682411011,0.842492105818,
    12.16796691079));
#2090 = CARTESIAN_POINT('',(50.842492909894,2.634683145733,
    12.332034009706));
#2091 = CARTESIAN_POINT('',(49.418065589094,3.001974111686,
    12.414055814432));
#2092 = CARTESIAN_POINT('',(47.832136077386,2.485276117661,
    12.496105172543));
#2093 = CARTESIAN_POINT('',(46.728858460587,0.992302542885,
    12.578115793958));
#2094 = CARTESIAN_POINT('',(46.816724728352,-0.862045167862,
    12.660161497766));
#2095 = CARTESIAN_POINT('',(47.848344990362,-2.172740312654,
    12.742186885838));
#2096 = CARTESIAN_POINT('',(49.236751223525,-2.658723277664,
    12.82421920421));
#2097 = CARTESIAN_POINT('',(51.72259921082,-2.164257357803,
    12.988281716287));
#2098 = CARTESIAN_POINT('',(52.819341295687,-1.18394740167,
    13.070314034659));
#2099 = CARTESIAN_POINT('',(53.27085519657,0.421759660306,
    13.152339422731));
#2100 = CARTESIAN_POINT('',(52.642399230368,2.168581763488,
    13.234385126544));
#2101 = CARTESIAN_POINT('',(51.051775500699,3.125699005345,
    13.316395747947));
#2102 = CARTESIAN_POINT('',(49.388828678674,2.996160521653,
    13.398445106075));
#2103 = CARTESIAN_POINT('',(48.213389478896,2.111721383407,
    13.480466910786));
#2104 = CARTESIAN_POINT('',(47.243462088502,-0.229887633667,
    13.644534009714));
#2105 = CARTESIAN_POINT('',(47.449234218863,-1.686443048432,
    13.726555814414));
#2106 = CARTESIAN_POINT('',(48.533509869059,-2.953919102453,
    13.808605172563));
#2107 = CARTESIAN_POINT('',(50.335043662624,-3.401878459268,
    13.890615793945));
#2108 = CARTESIAN_POINT('',(52.014612593805,-2.611072466134,
    13.97266149777));
#2109 = CARTESIAN_POINT('',(52.830753028676,-1.156398303945,
    14.054686885839));
#2110 = CARTESIAN_POINT('',(52.748422680375,0.312299426805,
    14.13671920421));
#2111 = CARTESIAN_POINT('',(51.340302897375,2.419699587802,
    14.300781716288));
#2112 = CARTESIAN_POINT('',(50.014909567931,3.057808773658,
    14.382814034658));
#2113 = CARTESIAN_POINT('',(48.358642788811,2.860475735486,
    14.464839422736));
#2114 = CARTESIAN_POINT('',(46.985289286981,1.611378253035,
    14.546885126532));
#2115 = CARTESIAN_POINT('',(46.709733605484,-0.224439366003,
    14.628895747962));
#2116 = CARTESIAN_POINT('',(47.465793756935,-1.711229666978,
    14.710945106062));
#2117 = CARTESIAN_POINT('',(48.73273008202,-2.458733680221,
    14.792966910793));
#2118 = CARTESIAN_POINT('',(51.26726986894,-2.458734768312,
    14.957034009701));
#2119 = CARTESIAN_POINT('',(52.534206019469,-1.711226483167,
    15.039055814449));
#2120 = CARTESIAN_POINT('',(53.290266876303,-0.224444315543,
    15.121105172518));
#2121 = CARTESIAN_POINT('',(53.014710221791,1.611382507672,
    15.203115793978));
#2122 = CARTESIAN_POINT('',(51.641357547088,2.860473514852,
    15.285161497757));
#2123 = CARTESIAN_POINT('',(49.985090439253,3.057809256923,
    15.367186885839));
#2124 = CARTESIAN_POINT('',(48.659697126643,2.419699644513,
    15.44921920421));
#2125 = CARTESIAN_POINT('',(47.251577362828,0.312299470698,
    15.613281716288));
#2126 = CARTESIAN_POINT('',(47.169247415052,-1.156398112372,
    15.695314034659));
#2127 = CARTESIAN_POINT('',(47.985385226057,-2.611073005603,
    15.777339422723));
#2128 = CARTESIAN_POINT('',(49.664960456129,-3.401877284923,
    15.859385126565));
#2129 = CARTESIAN_POINT('',(51.466485373791,-2.953920551451,
    15.941395747918));
#2130 = CARTESIAN_POINT('',(52.550768808166,-1.686442036612,
    16.023445106096));
#2131 = CARTESIAN_POINT('',(52.756536924993,-0.229888095372,
    16.105466910779));
#2132 = CARTESIAN_POINT('',(51.786611545142,2.111721754495,
    16.269534009711));
#2133 = CARTESIAN_POINT('',(50.611168465429,2.996159096693,
    16.351555814423));
#2134 = CARTESIAN_POINT('',(48.948228887711,3.125701344552,
    16.433605172553));
#2135 = CARTESIAN_POINT('',(47.357597026843,2.168579681486,
    16.515615793951));
#2136 = CARTESIAN_POINT('',(46.729146726485,0.421760820429,
    16.597661497769));
#2137 = CARTESIAN_POINT('',(47.180658255086,-1.183947579969,
    16.679686885837));
#2138 = CARTESIAN_POINT('',(48.277400727595,-2.164257357315,
    16.76171920421));
#2139 = CARTESIAN_POINT('',(50.763248719391,-2.658723254547,
    16.925781716288));
#2140 = CARTESIAN_POINT('',(52.151654662838,-2.172739976015,
    17.007814034659));
#2141 = CARTESIAN_POINT('',(53.183276604357,-0.862046975597,
    17.089839422732));
#2142 = CARTESIAN_POINT('',(53.271138878278,0.992305898707,
    17.171885126544));
#2143 = CARTESIAN_POINT('',(52.167867081797,2.485272277145,
    17.253895747945));
#2144 = CARTESIAN_POINT('',(50.581932317713,3.001976521082,
    17.335945106077));
#2145 = CARTESIAN_POINT('',(49.157507894183,2.634682411011,
    17.417966910783));
#2146 = CARTESIAN_POINT('',(47.365316854265,0.842492909895,
    17.582034009723));
#2147 = CARTESIAN_POINT('',(46.998025888313,-0.581934410908,
    17.66405581439));
#2148 = CARTESIAN_POINT('',(47.514723882342,-2.167863922612,
    17.746105172597));
#2149 = CARTESIAN_POINT('',(49.007697457109,-3.271141539414,
    17.828115793915));
#2150 = CARTESIAN_POINT('',(50.862045167868,-3.183275271649,
    17.910161497789));
#2151 = CARTESIAN_POINT('',(52.172740312649,-2.151655009636,
    17.992186885827));
#2152 = CARTESIAN_POINT('',(52.658723277666,-0.763248776476,
    18.074219204218));
#2153 = CARTESIAN_POINT('',(52.164257357797,1.722599210822,
    18.238281716267));
#2154 = CARTESIAN_POINT('',(51.183947401694,2.819341295681,
    18.320314034764));
#2155 = CARTESIAN_POINT('',(49.578240339639,3.270855196583,
    18.402339422477));
#2156 = CARTESIAN_POINT('',(47.831418236605,2.642399230347,
    18.484385126968));
#2157 = CARTESIAN_POINT('',(46.874300994532,1.051775500726,
    18.566395747408));
#2158 = CARTESIAN_POINT('',(47.003839478473,-0.611171321353,
    18.648445106608));
#2159 = CARTESIAN_POINT('',(47.888278616492,-1.786610521084,
    18.730466910372));
#2160 = CARTESIAN_POINT('',(50.229887633885,-2.756537911546,
    18.894534010623));
#2161 = CARTESIAN_POINT('',(51.686443047313,-2.550765780892,
    18.976555809753));
#2162 = CARTESIAN_POINT('',(52.953919105199,-1.466490131542,
    19.058605183987));
#2163 = CARTESIAN_POINT('',(53.401878454638,0.335043663638,
    19.140615774715));
#2164 = CARTESIAN_POINT('',(52.611072471993,2.014612592522,
    19.222661522083));
#2165 = CARTESIAN_POINT('',(51.156398298203,2.830753029934,
    19.30468686202));
#2166 = CARTESIAN_POINT('',(49.687700577573,2.748422679416,
    19.38671922237));
#2167 = CARTESIAN_POINT('',(47.580300402714,1.340302899453,
    19.550781676948));
#2168 = CARTESIAN_POINT('',(46.942191275024,1.490955726002E-02,
    19.632814236615));
#2169 = CARTESIAN_POINT('',(47.139524145043,-1.641357184996,
    19.714838927094));
#2170 = CARTESIAN_POINT('',(48.388621948267,-3.014710757152,
    19.796885961664));
#2171 = CARTESIAN_POINT('',(50.224439111331,-3.290266338687,
    19.878894691432));
#2172 = CARTESIAN_POINT('',(51.71122991653,-2.534206297762,
    19.960946141318));
#2173 = CARTESIAN_POINT('',(52.458733489946,-1.267269876283,
    20.042966121481));
#2174 = CARTESIAN_POINT('',(52.458734335213,-4.883330917416E-08,
    20.125000920494));
#2175 = DEFINITIONAL_REPRESENTATION('',(#2176),#2197);
#2176 = B_SPLINE_CURVE_WITH_KNOTS('',7,(#2177,#2178,#2179,#2180,#2181,
    #2182,#2183,#2184,#2185,#2186,#2187,#2188,#2189,#2190,#2191,#2192,
    #2193,#2194,#2195,#2196),.UNSPECIFIED.,.F.,.F.,(8,6,6,8),(0.,
    0.198811355787,0.439858318286,1.),.UNSPECIFIED.);
#2177 = CARTESIAN_POINT('',(2.094395102393,132.81228098174));
#2178 = CARTESIAN_POINT('',(2.052619330076,132.83146210606));
#2179 = CARTESIAN_POINT('',(2.012872939686,132.85133044234));
#2180 = CARTESIAN_POINT('',(1.974780973549,132.87172281387));
#2181 = CARTESIAN_POINT('',(1.938100303219,132.89253123655));
#2182 = CARTESIAN_POINT('',(1.902644590176,132.91368000935));
#2183 = CARTESIAN_POINT('',(1.868248846725,132.93511493608));
#2184 = CARTESIAN_POINT('',(1.794186844871,132.98310220333));
#2185 = CARTESIAN_POINT('',(1.754969176508,133.00976320644));
#2186 = CARTESIAN_POINT('',(1.71688801599,133.03671661763));
#2187 = CARTESIAN_POINT('',(1.679776884593,133.06391251408));
#2188 = CARTESIAN_POINT('',(1.643504633641,133.09131346241));
#2189 = CARTESIAN_POINT('',(1.607959335837,133.11888985943));
#2190 = CARTESIAN_POINT('',(1.491917636874,133.21105650566));
#2191 = CARTESIAN_POINT('',(1.414206985156,133.27631759237));
#2192 = CARTESIAN_POINT('',(1.338759703793,133.3420941744));
#2193 = CARTESIAN_POINT('',(1.264884780344,133.40823166451));
#2194 = CARTESIAN_POINT('',(1.191989452823,133.47460103901));
#2195 = CARTESIAN_POINT('',(1.11958266945,133.54109212692));
#2196 = CARTESIAN_POINT('',(1.047190323509,133.60756776291));
#2197 = ( GEOMETRIC_REPRESENTATION_CONTEXT(2) 
PARAMETRIC_REPRESENTATION_CONTEXT() REPRESENTATION_CONTEXT('2D SPACE',''
  ) );
#2198 = ORIENTED_EDGE('',*,*,#2199,.F.);
#2199 = EDGE_CURVE('',#486,#543,#2200,.T.);
#2200 = SURFACE_CURVE('',#2201,(#2224,#2250),.PCURVE_S1.);
#2201 = B_SPLINE_CURVE_WITH_KNOTS('',6,(#2202,#2203,#2204,#2205,#2206,
    #2207,#2208,#2209,#2210,#2211,#2212,#2213,#2214,#2215,#2216,#2217,
    #2218,#2219,#2220,#2221,#2222,#2223),.UNSPECIFIED.,.F.,.F.,(7,5,5,5,
    7),(0.,0.300176798047,0.56081494252,0.793297704208,1.),
  .UNSPECIFIED.);
#2202 = CARTESIAN_POINT('',(46.901355958864,-9.277996179434E-02,20.));
#2203 = CARTESIAN_POINT('',(46.940313123035,-0.419611379949,20.));
#2204 = CARTESIAN_POINT('',(47.021054047657,-0.741228358246,20.));
#2205 = CARTESIAN_POINT('',(47.143219783866,-1.050560646184,20.));
#2206 = CARTESIAN_POINT('',(47.304805362695,-1.340900598881,20.));
#2207 = CARTESIAN_POINT('',(47.502611551239,-1.605751478508,20.));
#2208 = CARTESIAN_POINT('',(47.930316328014,-2.042087772644,20.));
#2209 = CARTESIAN_POINT('',(48.152668102073,-2.221391799417,20.));
#2210 = CARTESIAN_POINT('',(48.395288260641,-2.373345274737,20.));
#2211 = CARTESIAN_POINT('',(48.654140342695,-2.494885744154,20.));
#2212 = CARTESIAN_POINT('',(48.924600683408,-2.583567113259,20.));
#2213 = CARTESIAN_POINT('',(49.448100320781,-2.686581850287,20.));
#2214 = CARTESIAN_POINT('',(49.699969198185,-2.707932756321,20.));
#2215 = CARTESIAN_POINT('',(49.953079015754,-2.701049880911,20.));
#2216 = CARTESIAN_POINT('',(50.20348055551,-2.665688601606,20.));
#2217 = CARTESIAN_POINT('',(50.447109951881,-2.60223284157,20.));
#2218 = CARTESIAN_POINT('',(50.886814176333,-2.431782927429,20.));
#2219 = CARTESIAN_POINT('',(51.085232922609,-2.330371760793,20.));
#2220 = CARTESIAN_POINT('',(51.272220304543,-2.208682302714,20.));
#2221 = CARTESIAN_POINT('',(51.445076125101,-2.068143106074,20.));
#2222 = CARTESIAN_POINT('',(51.601270953013,-1.910627214138,20.));
#2223 = CARTESIAN_POINT('',(51.738599249984,-1.738600353931,20.));
#2224 = PCURVE('',#465,#2225);
#2225 = DEFINITIONAL_REPRESENTATION('',(#2226),#2249);
#2226 = B_SPLINE_CURVE_WITH_KNOTS('',6,(#2227,#2228,#2229,#2230,#2231,
    #2232,#2233,#2234,#2235,#2236,#2237,#2238,#2239,#2240,#2241,#2242,
    #2243,#2244,#2245,#2246,#2247,#2248),.UNSPECIFIED.,.F.,.F.,(7,5,5,5,
    7),(0.,0.300176798047,0.56081494252,0.793297704208,1.),
  .UNSPECIFIED.);
#2227 = CARTESIAN_POINT('',(-3.098644041136,-9.277996179434E-02));
#2228 = CARTESIAN_POINT('',(-3.059686876965,-0.419611379949));
#2229 = CARTESIAN_POINT('',(-2.978945952343,-0.741228358246));
#2230 = CARTESIAN_POINT('',(-2.856780216134,-1.050560646184));
#2231 = CARTESIAN_POINT('',(-2.695194637305,-1.340900598881));
#2232 = CARTESIAN_POINT('',(-2.497388448761,-1.605751478508));
#2233 = CARTESIAN_POINT('',(-2.069683671986,-2.042087772644));
#2234 = CARTESIAN_POINT('',(-1.847331897927,-2.221391799417));
#2235 = CARTESIAN_POINT('',(-1.604711739359,-2.373345274737));
#2236 = CARTESIAN_POINT('',(-1.345859657305,-2.494885744154));
#2237 = CARTESIAN_POINT('',(-1.075399316592,-2.583567113259));
#2238 = CARTESIAN_POINT('',(-0.551899679219,-2.686581850287));
#2239 = CARTESIAN_POINT('',(-0.300030801815,-2.707932756321));
#2240 = CARTESIAN_POINT('',(-4.692098424591E-02,-2.701049880911));
#2241 = CARTESIAN_POINT('',(0.20348055551,-2.665688601606));
#2242 = CARTESIAN_POINT('',(0.447109951881,-2.60223284157));
#2243 = CARTESIAN_POINT('',(0.886814176333,-2.431782927429));
#2244 = CARTESIAN_POINT('',(1.085232922609,-2.330371760793));
#2245 = CARTESIAN_POINT('',(1.272220304543,-2.208682302714));
#2246 = CARTESIAN_POINT('',(1.445076125101,-2.068143106074));
#2247 = CARTESIAN_POINT('',(1.601270953013,-1.910627214138));
#2248 = CARTESIAN_POINT('',(1.738599249984,-1.738600353931));
#2249 = ( GEOMETRIC_REPRESENTATION_CONTEXT(2) 
PARAMETRIC_REPRESENTATION_CONTEXT() REPRESENTATION_CONTEXT('2D SPACE',''
  ) );
#2250 = PCURVE('',#2251,#2704);
#2251 = B_SPLINE_SURFACE_WITH_KNOTS('',1,8,(
    (#2252,#2253,#2254,#2255,#2256,#2257,#2258,#2259,#2260,#2261,#2262
      ,#2263,#2264,#2265,#2266,#2267,#2268,#2269,#2270,#2271,#2272,#2273
      ,#2274,#2275,#2276,#2277,#2278,#2279,#2280,#2281,#2282,#2283,#2284
      ,#2285,#2286,#2287,#2288,#2289,#2290,#2291,#2292,#2293,#2294,#2295
      ,#2296,#2297,#2298,#2299,#2300,#2301,#2302,#2303,#2304,#2305,#2306
      ,#2307,#2308,#2309,#2310,#2311,#2312,#2313,#2314,#2315,#2316,#2317
      ,#2318,#2319,#2320,#2321,#2322,#2323,#2324,#2325,#2326,#2327,#2328
      ,#2329,#2330,#2331,#2332,#2333,#2334,#2335,#2336,#2337,#2338,#2339
      ,#2340,#2341,#2342,#2343,#2344,#2345,#2346,#2347,#2348,#2349,#2350
      ,#2351,#2352,#2353,#2354,#2355,#2356,#2357,#2358,#2359,#2360,#2361
      ,#2362,#2363,#2364,#2365,#2366,#2367,#2368,#2369,#2370,#2371,#2372
      ,#2373,#2374,#2375,#2376,#2377,#2378,#2379,#2380,#2381,#2382,#2383
      ,#2384,#2385,#2386,#2387,#2388,#2389,#2390,#2391,#2392,#2393,#2394
      ,#2395,#2396,#2397,#2398,#2399,#2400,#2401,#2402,#2403,#2404,#2405
      ,#2406,#2407,#2408,#2409,#2410,#2411,#2412,#2413,#2414,#2415,#2416
      ,#2417,#2418,#2419,#2420,#2421,#2422,#2423,#2424,#2425,#2426,#2427
      ,#2428,#2429,#2430,#2431,#2432,#2433,#2434,#2435,#2436,#2437,#2438
      ,#2439,#2440,#2441,#2442,#2443,#2444,#2445,#2446,#2447,#2448,#2449
      ,#2450,#2451,#2452,#2453,#2454,#2455,#2456,#2457,#2458,#2459,#2460
      ,#2461,#2462,#2463,#2464,#2465,#2466,#2467,#2468,#2469,#2470,#2471
      ,#2472,#2473,#2474,#2475,#2476,#2477)
    ,(#2478,#2479,#2480,#2481,#2482,#2483,#2484,#2485,#2486,#2487,#2488
      ,#2489,#2490,#2491,#2492,#2493,#2494,#2495,#2496,#2497,#2498,#2499
      ,#2500,#2501,#2502,#2503,#2504,#2505,#2506,#2507,#2508,#2509,#2510
      ,#2511,#2512,#2513,#2514,#2515,#2516,#2517,#2518,#2519,#2520,#2521
      ,#2522,#2523,#2524,#2525,#2526,#2527,#2528,#2529,#2530,#2531,#2532
      ,#2533,#2534,#2535,#2536,#2537,#2538,#2539,#2540,#2541,#2542,#2543
      ,#2544,#2545,#2546,#2547,#2548,#2549,#2550,#2551,#2552,#2553,#2554
      ,#2555,#2556,#2557,#2558,#2559,#2560,#2561,#2562,#2563,#2564,#2565
      ,#2566,#2567,#2568,#2569,#2570,#2571,#2572,#2573,#2574,#2575,#2576
      ,#2577,#2578,#2579,#2580,#2581,#2582,#2583,#2584,#2585,#2586,#2587
      ,#2588,#2589,#2590,#2591,#2592,#2593,#2594,#2595,#2596,#2597,#2598
      ,#2599,#2600,#2601,#2602,#2603,#2604,#2605,#2606,#2607,#2608,#2609
      ,#2610,#2611,#2612,#2613,#2614,#2615,#2616,#2617,#2618,#2619,#2620
      ,#2621,#2622,#2623,#2624,#2625,#2626,#2627,#2628,#2629,#2630,#2631
      ,#2632,#2633,#2634,#2635,#2636,#2637,#2638,#2639,#2640,#2641,#2642
      ,#2643,#2644,#2645,#2646,#2647,#2648,#2649,#2650,#2651,#2652,#2653
      ,#2654,#2655,#2656,#2657,#2658,#2659,#2660,#2661,#2662,#2663,#2664
      ,#2665,#2666,#2667,#2668,#2669,#2670,#2671,#2672,#2673,#2674,#2675
      ,#2676,#2677,#2678,#2679,#2680,#2681,#2682,#2683,#2684,#2685,#2686
      ,#2687,#2688,#2689,#2690,#2691,#2692,#2693,#2694,#2695,#2696,#2697
      ,#2698,#2699,#2700,#2701,#2702,#2703
    )),.UNSPECIFIED.,.F.,.F.,.F.,(2,2),(9,7,7,7,7,7,7,7,7,7,7,7,7,7,7,7,
    7,7,7,7,7,7,7,7,7,7,7,7,7,7,7,7,9),(0.,0.740470053838),(0.,
    4.175236492591,8.350472985182,12.525709477773,16.700945970364,
    20.876182462955,25.051418955546,29.226655448137,33.401891940728,
    37.57712843332,41.752364925911,45.927601418502,50.102837911093,
    54.278074403684,58.453310896275,62.628547388866,66.803783881457,
    70.979020374048,75.154256866639,79.32949335923,83.504729851821,
    87.679966344412,91.855202837003,96.030439329594,100.20567582218,
    104.38091231477,108.55614880736,112.73138529995,116.90662179255,
    121.08185828514,125.25709477773,129.43233127032,133.60756776291),
  .UNSPECIFIED.);
#2252 = CARTESIAN_POINT('',(52.458734122635,-2.22044604925E-15,-0.875));
#2253 = CARTESIAN_POINT('',(52.458734942609,1.267269826888,
    -0.792965200972));
#2254 = CARTESIAN_POINT('',(51.711226254558,2.534206074628,
    -0.710945220843));
#2255 = CARTESIAN_POINT('',(50.224444548851,3.290266820007,
    -0.628893770905));
#2256 = CARTESIAN_POINT('',(48.38861730791,3.014710266291,-0.54688504119
    ));
#2257 = CARTESIAN_POINT('',(47.139526594597,1.641357520677,
    -0.464838006584));
#2258 = CARTESIAN_POINT('',(46.942190698481,-1.49095499871E-02,
    -0.38281331612));
#2259 = CARTESIAN_POINT('',(47.580300364174,-1.340302875452,
    -0.30078075645));
#2260 = CARTESIAN_POINT('',(49.687700525292,-2.748422636205,
    -0.136718301873));
#2261 = CARTESIAN_POINT('',(51.15639811763,-2.830752586217,
    -5.468594152156E-02));
#2262 = CARTESIAN_POINT('',(52.61107300024,-2.014614772647,
    2.73393984231E-02));
#2263 = CARTESIAN_POINT('',(53.401877289157,-0.335039544897,
    0.109385145756));
#2264 = CARTESIAN_POINT('',(52.95392054894,1.466485374403,0.191395736547
    ));
#2265 = CARTESIAN_POINT('',(51.686442037635,2.550768807914,
    0.273445110718));
#2266 = CARTESIAN_POINT('',(50.229888095171,2.756536925045,
    0.355466909883));
#2267 = CARTESIAN_POINT('',(47.888278245598,1.786611545119,
    0.519534010126));
#2268 = CARTESIAN_POINT('',(47.003840903187,0.611168465459,
    0.601555813881));
#2269 = CARTESIAN_POINT('',(46.874298655569,-1.051771112319,
    0.683605173104));
#2270 = CARTESIAN_POINT('',(47.831420318419,-2.642402973133,
    0.765615793515));
#2271 = CARTESIAN_POINT('',(49.578239179628,-3.27085327353,
    0.847661498028));
#2272 = CARTESIAN_POINT('',(51.183947579946,-2.819341744908,
    0.929686885731));
#2273 = CARTESIAN_POINT('',(52.164257357319,-1.722599272406,
    1.011719204231));
#2274 = CARTESIAN_POINT('',(52.658723254545,0.763248719392,
    1.175781716278));
#2275 = CARTESIAN_POINT('',(52.172739976017,2.151654662834,
    1.257814034671));
#2276 = CARTESIAN_POINT('',(50.862046975598,3.183276604371,
    1.339839422718));
#2277 = CARTESIAN_POINT('',(49.007694101289,3.271138878254,
    1.421885126554));
#2278 = CARTESIAN_POINT('',(47.51472772286,2.16786708182,1.503895747941)
  );
#2279 = CARTESIAN_POINT('',(46.998023478915,0.581932317702,
    1.585945106076));
#2280 = CARTESIAN_POINT('',(47.365317588988,-0.842492105817,
    1.667966910787));
#2281 = CARTESIAN_POINT('',(49.157507090106,-2.634683145734,
    1.832034009709));
#2282 = CARTESIAN_POINT('',(50.581934410907,-3.001974111685,
    1.914055814428));
#2283 = CARTESIAN_POINT('',(52.167863922612,-2.485276117663,
    1.996105172546));
#2284 = CARTESIAN_POINT('',(53.271141539414,-0.992302542884,
    2.078115793957));
#2285 = CARTESIAN_POINT('',(53.183275271648,0.862045167861,
    2.160161497766));
#2286 = CARTESIAN_POINT('',(52.151655009638,2.172740312654,
    2.242186885838));
#2287 = CARTESIAN_POINT('',(50.763248776475,2.658723277664,2.32421920421
    ));
#2288 = CARTESIAN_POINT('',(48.27740078918,2.164257357803,2.488281716288
    ));
#2289 = CARTESIAN_POINT('',(47.180658704316,1.183947401669,
    2.570314034659));
#2290 = CARTESIAN_POINT('',(46.729144803421,-0.421759660304,
    2.652339422731));
#2291 = CARTESIAN_POINT('',(47.357600769649,-2.168581763491,
    2.734385126544));
#2292 = CARTESIAN_POINT('',(48.948224499284,-3.125699005342,
    2.816395747946));
#2293 = CARTESIAN_POINT('',(50.611171321334,-2.996160521656,
    2.898445106074));
#2294 = CARTESIAN_POINT('',(51.786610521106,-2.111721383406,
    2.980466910788));
#2295 = CARTESIAN_POINT('',(52.756537911497,0.229887633667,
    3.144534009707));
#2296 = CARTESIAN_POINT('',(52.550765781138,1.686443048431,
    3.226555814434));
#2297 = CARTESIAN_POINT('',(51.466490130942,2.953919102456,
    3.308605172538));
#2298 = CARTESIAN_POINT('',(49.664956337374,3.401878459265,
    3.390615793962));
#2299 = CARTESIAN_POINT('',(47.985387406196,2.611072466135,
    3.472661497764));
#2300 = CARTESIAN_POINT('',(47.169246971323,1.156398303945,
    3.554686885838));
#2301 = CARTESIAN_POINT('',(47.251577319625,-0.312299426805,
    3.63671920421));
#2302 = CARTESIAN_POINT('',(48.659697102625,-2.419699587802,
    3.800781716288));
#2303 = CARTESIAN_POINT('',(49.985090432069,-3.057808773661,
    3.882814034659));
#2304 = CARTESIAN_POINT('',(51.641357211189,-2.860475735475,
    3.96483942273));
#2305 = CARTESIAN_POINT('',(53.014710713019,-1.611378253055,
    4.046885126547));
#2306 = CARTESIAN_POINT('',(53.290266394517,0.224439366022,
    4.128895747942));
#2307 = CARTESIAN_POINT('',(52.534206243064,1.711229666969,
    4.210945106077));
#2308 = CARTESIAN_POINT('',(51.267269917981,2.458733680218,
    4.292966910787));
#2309 = CARTESIAN_POINT('',(48.73273013106,2.458734768314,4.457034009707
    ));
#2310 = CARTESIAN_POINT('',(47.465793980527,1.711226483162,
    4.539055814433));
#2311 = CARTESIAN_POINT('',(46.709733123704,0.224444315549,4.62110517254
    ));
#2312 = CARTESIAN_POINT('',(46.985289778203,-1.611382507677,
    4.703115793961));
#2313 = CARTESIAN_POINT('',(48.358642452915,-2.86047351485,
    4.785161497765));
#2314 = CARTESIAN_POINT('',(50.014909560747,-3.057809256924,
    4.867186885838));
#2315 = CARTESIAN_POINT('',(51.340302873357,-2.419699644513,
    4.94921920421));
#2316 = CARTESIAN_POINT('',(52.748422637173,-0.312299470698,
    5.113281716288));
#2317 = CARTESIAN_POINT('',(52.830752584948,1.15639811237,5.195314034659
    ));
#2318 = CARTESIAN_POINT('',(52.014614773942,2.611073005607,
    5.277339422731));
#2319 = CARTESIAN_POINT('',(50.335039543873,3.401877284916,
    5.359385126545));
#2320 = CARTESIAN_POINT('',(48.533514626205,2.953920551457,
    5.441395747945));
#2321 = CARTESIAN_POINT('',(47.449231191838,1.68644203661,5.523445106074
    ));
#2322 = CARTESIAN_POINT('',(47.243463075004,0.22988809537,5.60546691079)
  );
#2323 = CARTESIAN_POINT('',(48.213388454859,-2.111721754493,
    5.769534009699));
#2324 = CARTESIAN_POINT('',(49.38883153457,-2.996159096694,
    5.851555814455));
#2325 = CARTESIAN_POINT('',(51.051771112289,-3.125701344553,
    5.933605172512));
#2326 = CARTESIAN_POINT('',(52.642402973158,-2.168579681484,
    6.015615793981));
#2327 = CARTESIAN_POINT('',(53.270853273514,-0.42176082043,
    6.097661497758));
#2328 = CARTESIAN_POINT('',(52.819341744915,1.18394757997,6.179686885838
    ));
#2329 = CARTESIAN_POINT('',(51.722599272405,2.164257357315,
    6.261719204211));
#2330 = CARTESIAN_POINT('',(49.236751280609,2.658723254547,
    6.425781716288));
#2331 = CARTESIAN_POINT('',(47.848345337164,2.172739976013,
    6.507814034659));
#2332 = CARTESIAN_POINT('',(46.81672339563,0.862046975604,6.589839422725
    ));
#2333 = CARTESIAN_POINT('',(46.728861121746,-0.99230589872,6.67188512656
    ));
#2334 = CARTESIAN_POINT('',(47.832132918178,-2.485272277132,
    6.753895747926));
#2335 = CARTESIAN_POINT('',(49.418067682301,-3.001976521089,
    6.835945106087));
#2336 = CARTESIAN_POINT('',(50.842492105816,-2.634682411011,
    6.917966910786));
#2337 = CARTESIAN_POINT('',(52.634683145733,-0.842492909894,
    7.082034009696));
#2338 = CARTESIAN_POINT('',(53.001974111685,0.581934410904,
    7.164055814466));
#2339 = CARTESIAN_POINT('',(52.485276117665,2.167863922618,
    7.246105172497));
#2340 = CARTESIAN_POINT('',(50.992302542881,3.27114153941,7.328115793991
    ));
#2341 = CARTESIAN_POINT('',(49.137954832141,3.183275271649,
    7.410161497755));
#2342 = CARTESIAN_POINT('',(47.827259687345,2.151655009638,
    7.492186885837));
#2343 = CARTESIAN_POINT('',(47.341276722336,0.763248776475,
    7.574219204212));
#2344 = CARTESIAN_POINT('',(47.835742642197,-1.72259921082,
    7.738281716288));
#2345 = CARTESIAN_POINT('',(48.81605259833,-2.819341295687,7.82031403466
    ));
#2346 = CARTESIAN_POINT('',(50.421759660307,-3.270855196573,
    7.902339422721));
#2347 = CARTESIAN_POINT('',(52.168581763487,-2.642399230361,
    7.984385126571));
#2348 = CARTESIAN_POINT('',(53.125699005347,-1.051775500708,
    8.066395747911));
#2349 = CARTESIAN_POINT('',(52.996160521653,0.611171321332,
    8.148445106101));
#2350 = CARTESIAN_POINT('',(52.111721383406,1.786610521103,
    8.230466910779));
#2351 = CARTESIAN_POINT('',(49.770112366333,2.756537911498,
    8.394534009709));
#2352 = CARTESIAN_POINT('',(48.313556951571,2.550765781137,
    8.476555814432));
#2353 = CARTESIAN_POINT('',(47.046080897541,1.466490130943,8.55860517254
    ));
#2354 = CARTESIAN_POINT('',(46.598121540738,-0.335043662627,
    8.640615793961));
#2355 = CARTESIAN_POINT('',(47.388927533864,-2.014612593804,
    8.722661497765));
#2356 = CARTESIAN_POINT('',(48.843601696056,-2.830753028677,
    8.804686885838));
#2357 = CARTESIAN_POINT('',(50.312299426805,-2.748422680375,
    8.88671920421));
#2358 = CARTESIAN_POINT('',(52.419699587802,-1.340302897375,
    9.050781716287));
#2359 = CARTESIAN_POINT('',(53.057808773658,-1.49095679312E-02,
    9.132814034659));
#2360 = CARTESIAN_POINT('',(52.860475735485,1.64135721119,9.21483942273)
  );
#2361 = CARTESIAN_POINT('',(51.611378253036,3.014710713016,
    9.296885126545));
#2362 = CARTESIAN_POINT('',(49.775560633995,3.290266394519,
    9.378895747946));
#2363 = CARTESIAN_POINT('',(48.288770333023,2.534206243063,
    9.460945106074));
#2364 = CARTESIAN_POINT('',(47.54126631978,1.26726991798,9.542966910787)
  );
#2365 = CARTESIAN_POINT('',(47.541265231686,-1.267269868939,
    9.707034009712));
#2366 = CARTESIAN_POINT('',(48.288773516838,-2.534206019477,
    9.789055814418));
#2367 = CARTESIAN_POINT('',(49.77555568445,-3.290266876289,
    9.871105172558));
#2368 = CARTESIAN_POINT('',(51.611382507677,-3.014710221804,
    9.953115793948));
#2369 = CARTESIAN_POINT('',(52.860473514851,-1.641357547081,
    10.035161497768));
#2370 = CARTESIAN_POINT('',(53.057809256923,1.490956074609E-02,
    10.117186885839));
#2371 = CARTESIAN_POINT('',(52.419699644513,1.340302873357,
    10.19921920421));
#2372 = CARTESIAN_POINT('',(50.312299470697,2.748422637173,
    10.363281716287));
#2373 = CARTESIAN_POINT('',(48.843601887629,2.830752584947,
    10.445314034659));
#2374 = CARTESIAN_POINT('',(47.388926994394,2.014614773945,
    10.527339422734));
#2375 = CARTESIAN_POINT('',(46.598122715084,0.335039543868,
    10.609385126537));
#2376 = CARTESIAN_POINT('',(47.046079448543,-1.46648537379,
    10.691395747955));
#2377 = CARTESIAN_POINT('',(48.313557963392,-2.550768808165,
    10.773445106068));
#2378 = CARTESIAN_POINT('',(49.770111904629,-2.756536924995,
    10.855466910788));
#2379 = CARTESIAN_POINT('',(52.111721754495,-1.786611545142,
    11.019534009713));
#2380 = CARTESIAN_POINT('',(52.996159096693,-0.611168465429,
    11.101555814414));
#2381 = CARTESIAN_POINT('',(53.125701344551,1.051771112288,
    11.183605172565));
#2382 = CARTESIAN_POINT('',(52.168579681487,2.642402973157,
    11.265615793942));
#2383 = CARTESIAN_POINT('',(50.421760820428,3.270853273515,
    11.347661497771));
#2384 = CARTESIAN_POINT('',(48.816052420031,2.819341744914,
    11.429686885838));
#2385 = CARTESIAN_POINT('',(47.835742642685,1.722599272405,
    11.51171920421));
#2386 = CARTESIAN_POINT('',(47.341276745453,-0.763248719392,
    11.675781716288));
#2387 = CARTESIAN_POINT('',(47.827260023986,-2.151654662837,
    11.757814034658));
#2388 = CARTESIAN_POINT('',(49.137953024399,-3.18327660436,
    11.839839422735));
#2389 = CARTESIAN_POINT('',(50.992305898714,-3.271138878273,
    11.921885126534));
#2390 = CARTESIAN_POINT('',(52.485272277138,-2.167867081801,
    12.003895747958));
#2391 = CARTESIAN_POINT('',(53.001976521085,-0.581932317711,
    12.085945106066));
#2392 = CARTESIAN_POINT('',(52.634682411011,0.842492105818,
    12.16796691079));
#2393 = CARTESIAN_POINT('',(50.842492909894,2.634683145733,
    12.332034009706));
#2394 = CARTESIAN_POINT('',(49.418065589094,3.001974111687,
    12.414055814432));
#2395 = CARTESIAN_POINT('',(47.832136077386,2.485276117661,
    12.496105172542));
#2396 = CARTESIAN_POINT('',(46.728858460587,0.992302542885,
    12.578115793959));
#2397 = CARTESIAN_POINT('',(46.816724728352,-0.862045167862,
    12.660161497766));
#2398 = CARTESIAN_POINT('',(47.848344990362,-2.172740312654,
    12.742186885838));
#2399 = CARTESIAN_POINT('',(49.236751223525,-2.658723277664,
    12.82421920421));
#2400 = CARTESIAN_POINT('',(51.72259921082,-2.164257357803,
    12.988281716287));
#2401 = CARTESIAN_POINT('',(52.819341295687,-1.18394740167,
    13.070314034659));
#2402 = CARTESIAN_POINT('',(53.27085519657,0.421759660306,
    13.152339422732));
#2403 = CARTESIAN_POINT('',(52.642399230368,2.168581763488,
    13.234385126543));
#2404 = CARTESIAN_POINT('',(51.051775500699,3.125699005345,
    13.316395747947));
#2405 = CARTESIAN_POINT('',(49.388828678674,2.996160521653,
    13.398445106075));
#2406 = CARTESIAN_POINT('',(48.213389478896,2.111721383407,
    13.480466910786));
#2407 = CARTESIAN_POINT('',(47.243462088502,-0.229887633667,
    13.644534009714));
#2408 = CARTESIAN_POINT('',(47.449234218863,-1.686443048432,
    13.726555814414));
#2409 = CARTESIAN_POINT('',(48.533509869059,-2.953919102453,
    13.808605172564));
#2410 = CARTESIAN_POINT('',(50.335043662624,-3.401878459268,
    13.890615793943));
#2411 = CARTESIAN_POINT('',(52.014612593805,-2.611072466134,
    13.972661497771));
#2412 = CARTESIAN_POINT('',(52.830753028676,-1.156398303945,
    14.054686885838));
#2413 = CARTESIAN_POINT('',(52.748422680375,0.312299426805,
    14.13671920421));
#2414 = CARTESIAN_POINT('',(51.340302897375,2.419699587802,
    14.300781716287));
#2415 = CARTESIAN_POINT('',(50.014909567931,3.057808773658,
    14.382814034658));
#2416 = CARTESIAN_POINT('',(48.358642788811,2.860475735486,
    14.464839422736));
#2417 = CARTESIAN_POINT('',(46.985289286981,1.611378253034,
    14.546885126532));
#2418 = CARTESIAN_POINT('',(46.709733605484,-0.224439366003,
    14.628895747962));
#2419 = CARTESIAN_POINT('',(47.465793756935,-1.711229666978,
    14.710945106062));
#2420 = CARTESIAN_POINT('',(48.73273008202,-2.458733680221,
    14.792966910793));
#2421 = CARTESIAN_POINT('',(51.26726986894,-2.458734768312,
    14.957034009701));
#2422 = CARTESIAN_POINT('',(52.534206019469,-1.711226483167,
    15.039055814449));
#2423 = CARTESIAN_POINT('',(53.290266876303,-0.224444315543,
    15.121105172518));
#2424 = CARTESIAN_POINT('',(53.014710221791,1.611382507672,
    15.203115793978));
#2425 = CARTESIAN_POINT('',(51.641357547088,2.860473514852,
    15.285161497758));
#2426 = CARTESIAN_POINT('',(49.985090439253,3.057809256923,
    15.367186885839));
#2427 = CARTESIAN_POINT('',(48.659697126643,2.419699644513,
    15.449219204211));
#2428 = CARTESIAN_POINT('',(47.251577362828,0.312299470698,
    15.613281716288));
#2429 = CARTESIAN_POINT('',(47.169247415052,-1.156398112372,
    15.695314034659));
#2430 = CARTESIAN_POINT('',(47.985385226057,-2.611073005603,
    15.777339422722));
#2431 = CARTESIAN_POINT('',(49.664960456129,-3.401877284923,
    15.859385126567));
#2432 = CARTESIAN_POINT('',(51.466485373791,-2.953920551451,
    15.941395747917));
#2433 = CARTESIAN_POINT('',(52.550768808166,-1.686442036612,
    16.023445106097));
#2434 = CARTESIAN_POINT('',(52.756536924993,-0.229888095372,
    16.105466910779));
#2435 = CARTESIAN_POINT('',(51.786611545142,2.111721754495,
    16.269534009712));
#2436 = CARTESIAN_POINT('',(50.611168465429,2.996159096693,
    16.351555814423));
#2437 = CARTESIAN_POINT('',(48.948228887711,3.125701344552,
    16.433605172553));
#2438 = CARTESIAN_POINT('',(47.357597026843,2.168579681486,
    16.51561579395));
#2439 = CARTESIAN_POINT('',(46.729146726485,0.421760820429,
    16.59766149777));
#2440 = CARTESIAN_POINT('',(47.180658255086,-1.183947579969,
    16.679686885837));
#2441 = CARTESIAN_POINT('',(48.277400727595,-2.164257357315,
    16.76171920421));
#2442 = CARTESIAN_POINT('',(50.763248719391,-2.658723254547,
    16.925781716287));
#2443 = CARTESIAN_POINT('',(52.151654662838,-2.172739976015,
    17.007814034659));
#2444 = CARTESIAN_POINT('',(53.183276604357,-0.862046975597,
    17.089839422731));
#2445 = CARTESIAN_POINT('',(53.271138878278,0.992305898707,
    17.171885126544));
#2446 = CARTESIAN_POINT('',(52.167867081797,2.485272277145,
    17.253895747945));
#2447 = CARTESIAN_POINT('',(50.581932317713,3.001976521082,
    17.335945106077));
#2448 = CARTESIAN_POINT('',(49.157507894183,2.634682411011,
    17.417966910783));
#2449 = CARTESIAN_POINT('',(47.365316854265,0.842492909895,
    17.582034009722));
#2450 = CARTESIAN_POINT('',(46.998025888313,-0.581934410908,
    17.66405581439));
#2451 = CARTESIAN_POINT('',(47.514723882343,-2.167863922612,
    17.746105172595));
#2452 = CARTESIAN_POINT('',(49.007697457108,-3.271141539414,
    17.828115793917));
#2453 = CARTESIAN_POINT('',(50.862045167868,-3.183275271648,
    17.910161497787));
#2454 = CARTESIAN_POINT('',(52.17274031265,-2.151655009636,
    17.992186885828));
#2455 = CARTESIAN_POINT('',(52.658723277666,-0.763248776476,
    18.074219204218));
#2456 = CARTESIAN_POINT('',(52.164257357797,1.722599210821,
    18.238281716267));
#2457 = CARTESIAN_POINT('',(51.183947401694,2.819341295681,
    18.320314034765));
#2458 = CARTESIAN_POINT('',(49.578240339639,3.270855196583,
    18.402339422476));
#2459 = CARTESIAN_POINT('',(47.831418236605,2.642399230347,
    18.484385126969));
#2460 = CARTESIAN_POINT('',(46.874300994532,1.051775500726,
    18.566395747408));
#2461 = CARTESIAN_POINT('',(47.003839478473,-0.611171321353,
    18.648445106608));
#2462 = CARTESIAN_POINT('',(47.888278616492,-1.786610521084,
    18.730466910372));
#2463 = CARTESIAN_POINT('',(50.229887633885,-2.756537911546,
    18.894534010623));
#2464 = CARTESIAN_POINT('',(51.686443047313,-2.550765780892,
    18.976555809753));
#2465 = CARTESIAN_POINT('',(52.953919105199,-1.466490131542,
    19.058605183987));
#2466 = CARTESIAN_POINT('',(53.401878454638,0.335043663638,
    19.140615774716));
#2467 = CARTESIAN_POINT('',(52.611072471993,2.014612592522,
    19.222661522083));
#2468 = CARTESIAN_POINT('',(51.156398298203,2.830753029934,
    19.30468686202));
#2469 = CARTESIAN_POINT('',(49.687700577573,2.748422679416,
    19.38671922237));
#2470 = CARTESIAN_POINT('',(47.580300402714,1.340302899453,
    19.550781676948));
#2471 = CARTESIAN_POINT('',(46.942191275024,1.490955726E-02,
    19.632814236614));
#2472 = CARTESIAN_POINT('',(47.139524145043,-1.641357184996,
    19.714838927096));
#2473 = CARTESIAN_POINT('',(48.388621948267,-3.014710757152,
    19.796885961663));
#2474 = CARTESIAN_POINT('',(50.224439111331,-3.290266338687,
    19.878894691433));
#2475 = CARTESIAN_POINT('',(51.71122991653,-2.534206297762,
    19.960946141318));
#2476 = CARTESIAN_POINT('',(52.458733489946,-1.267269876283,
    20.042966121481));
#2477 = CARTESIAN_POINT('',(52.458734335213,-4.883331024922E-08,
    20.125000920494));
#2478 = CARTESIAN_POINT('',(53.1,8.881784197001E-16,-0.504764973081));
#2479 = CARTESIAN_POINT('',(53.100003248892,1.597795515837,
    -0.422734378772));
#2480 = CARTESIAN_POINT('',(52.157529407916,3.195133131919,
    -0.34070104664));
#2481 = CARTESIAN_POINT('',(50.282988428828,4.148442851401,
    -0.258673528618));
#2482 = CARTESIAN_POINT('',(47.968343418267,3.800947236092,
    -0.176638117952));
#2483 = CARTESIAN_POINT('',(46.393486617357,2.069461649905,
    -9.460978418789E-02));
#2484 = CARTESIAN_POINT('',(46.144677763528,-1.880361277968E-02,
    -1.25773223017E-02));
#2485 = CARTESIAN_POINT('',(46.949214714863,-1.68986928162,
    6.94536857344E-02));
#2486 = CARTESIAN_POINT('',(49.6062493917,-3.465242948139,0.233516194126
    ));
#2487 = CARTESIAN_POINT('',(51.457995100122,-3.569047111397,
    0.315547238985));
#2488 = CARTESIAN_POINT('',(53.292088632572,-2.540044054719,
    0.397579580891));
#2489 = CARTESIAN_POINT('',(54.289093776116,-0.422429089908,
    0.479608152452));
#2490 = CARTESIAN_POINT('',(53.72437243046,1.848968064165,0.56164321932)
  );
#2491 = CARTESIAN_POINT('',(52.126262775756,3.216034786567,
    0.643671120811));
#2492 = CARTESIAN_POINT('',(50.289852562391,3.47547486386,0.725704116887
    ));
#2493 = CARTESIAN_POINT('',(47.337509825964,2.252579014265,
    0.889765766978));
#2494 = CARTESIAN_POINT('',(46.222430764277,0.770573620354,
    0.971798762195));
#2495 = CARTESIAN_POINT('',(46.059043954426,-1.326094023336,
    1.053826666475));
#2496 = CARTESIAN_POINT('',(47.26586365822,-3.331564762958,
    1.135861727837));
#2497 = CARTESIAN_POINT('',(49.468219836692,-4.123933003425,
    1.217890307335));
#2498 = CARTESIAN_POINT('',(51.492740146694,-3.554657304056,
    1.299922640406));
#2499 = CARTESIAN_POINT('',(52.728720640378,-2.171873139274,
    1.381953692999));
#2500 = CARTESIAN_POINT('',(53.352148862714,0.962312952771,
    1.546016190773));
#2501 = CARTESIAN_POINT('',(52.739419016066,2.712827010269,
    1.628047243383));
#2502 = CARTESIAN_POINT('',(51.086866927532,4.013526104582,
    1.710079576401));
#2503 = CARTESIAN_POINT('',(48.748908469026,4.124262550604,
    1.792108156001));
#2504 = CARTESIAN_POINT('',(46.866520620063,2.733302024461,
    1.874143217213));
#2505 = CARTESIAN_POINT('',(46.215085749377,0.733687424603,1.95617112167
    ));
#2506 = CARTESIAN_POINT('',(46.678158133743,-1.062217799397,
    2.03820411672));
#2507 = CARTESIAN_POINT('',(48.937779231945,-3.321844846509,
    2.202265767056));
#2508 = CARTESIAN_POINT('',(50.73369596479,-3.784904656995,
    2.284298762094));
#2509 = CARTESIAN_POINT('',(52.733289712865,-3.133494417013,
    2.366326666579));
#2510 = CARTESIAN_POINT('',(54.124273175401,-1.25107796626,
    2.448361727755));
#2511 = CARTESIAN_POINT('',(54.013520753564,1.086860027698,
    2.530390307383));
#2512 = CARTESIAN_POINT('',(52.712828205305,2.739420526976,
    2.612422640386));
#2513 = CARTESIAN_POINT('',(50.962312959968,3.352149017168,
    2.694453693002));
#2514 = CARTESIAN_POINT('',(47.828126926478,2.728720500425,
    2.858516190771));
#2515 = CARTESIAN_POINT('',(46.445344378218,1.492739208201,
    2.940547243386));
#2516 = CARTESIAN_POINT('',(45.876059412423,-0.531775836663,
    3.022579576399));
#2517 = CARTESIAN_POINT('',(46.668450244069,-2.734144807622,
    3.104608156003));
#2518 = CARTESIAN_POINT('',(48.673888847791,-3.940946865068,
    3.186643217212));
#2519 = CARTESIAN_POINT('',(50.770585181783,-3.777574830398,
    3.26867112167));
#2520 = CARTESIAN_POINT('',(52.252575131086,-2.66248855708,3.35070411672
    ));
#2521 = CARTESIAN_POINT('',(53.475478753316,0.289850961032,
    3.514765767055));
#2522 = CARTESIAN_POINT('',(53.216022654988,2.126266990265,
    3.596798762095));
#2523 = CARTESIAN_POINT('',(51.848986668147,3.724366820946,
    3.678826666577));
#2524 = CARTESIAN_POINT('',(49.577554311831,4.289098383517,
    3.760861727757));
#2525 = CARTESIAN_POINT('',(47.459964367863,3.29208635163,3.842890307382
    ));
#2526 = CARTESIAN_POINT('',(46.430951035162,1.457995604145,
    3.924922640387));
#2527 = CARTESIAN_POINT('',(46.534756906581,-0.393750644104,
    4.006953693002));
#2528 = CARTESIAN_POINT('',(48.31013082215,-3.050785206906,
    4.171016190771));
#2529 = CARTESIAN_POINT('',(49.981196612385,-3.855320137915,
    4.253047243386));
#2530 = CARTESIAN_POINT('',(52.069460550303,-3.606522499718,
    4.335079576399));
#2531 = CARTESIAN_POINT('',(53.800949322373,-2.031638711508,
    4.417108156003));
#2532 = CARTESIAN_POINT('',(54.148440914782,0.282968121754,
    4.499143217212));
#2533 = CARTESIAN_POINT('',(53.195133886036,2.157543179608,
    4.581171121671));
#2534 = CARTESIAN_POINT('',(51.597795500609,3.099998318709,4.66320411672
    ));
#2535 = CARTESIAN_POINT('',(48.402204491192,3.100002525225,
    4.827265767055));
#2536 = CARTESIAN_POINT('',(46.804866858865,2.157530357078,
    4.909298762094));
#2537 = CARTESIAN_POINT('',(45.851557158,0.282987460159,4.991326666577)
  );
#2538 = CARTESIAN_POINT('',(46.199052756478,-2.031655816051,
    5.073361727756));
#2539 = CARTESIAN_POINT('',(47.930538354505,-3.606513837066,
    5.155390307382));
#2540 = CARTESIAN_POINT('',(50.018803610982,-3.855322051312,
    5.237422640387));
#2541 = CARTESIAN_POINT('',(51.68986928197,-3.050785321204,
    5.319453693002));
#2542 = CARTESIAN_POINT('',(53.465242947977,-0.39375059165,
    5.483516190771));
#2543 = CARTESIAN_POINT('',(53.569047111609,1.457995078284,
    5.565547243385));
#2544 = CARTESIAN_POINT('',(52.540044054503,3.29208865486,5.6475795764)
  );
#2545 = CARTESIAN_POINT('',(50.422429090078,4.289093758498,
    5.729608156002));
#2546 = CARTESIAN_POINT('',(48.151031935736,3.724372440917,
    5.811643217214));
#2547 = CARTESIAN_POINT('',(46.783965213473,2.126262771495,
    5.893671121669));
#2548 = CARTESIAN_POINT('',(46.524525136132,0.28985256322,5.97570411672)
  );
#2549 = CARTESIAN_POINT('',(47.747420985744,-2.662490174418,
    6.139765767054));
#2550 = CARTESIAN_POINT('',(49.229426379625,-3.777569235219,6.2217987621
    ));
#2551 = CARTESIAN_POINT('',(51.326094023365,-3.940956046096,
    6.303826666568));
#2552 = CARTESIAN_POINT('',(53.331564762934,-2.734136341363,
    6.385861727765));
#2553 = CARTESIAN_POINT('',(54.123933003434,-0.531780163557,
    6.467890307377));
#2554 = CARTESIAN_POINT('',(53.554657304056,1.492740146795,
    6.549922640388));
#2555 = CARTESIAN_POINT('',(52.171873139273,2.728720640359,
    6.631953693002));
#2556 = CARTESIAN_POINT('',(49.037687047229,3.352148862723,
    6.796016190771));
#2557 = CARTESIAN_POINT('',(47.28717298973,2.739419016053,6.878047243386
    ));
#2558 = CARTESIAN_POINT('',(45.986473895415,1.086866927549,
    6.960079576397));
#2559 = CARTESIAN_POINT('',(45.875737449405,-1.251091530995,
    7.042108156006));
#2560 = CARTESIAN_POINT('',(47.266697975527,-3.133479379917,
    7.12414321721));
#2561 = CARTESIAN_POINT('',(49.266312575405,-3.784914250636,
    7.206171121671));
#2562 = CARTESIAN_POINT('',(51.062217799396,-3.321841866254,
    7.28820411672));
#2563 = CARTESIAN_POINT('',(53.321844846504,-1.06222076805,
    7.452265767054));
#2564 = CARTESIAN_POINT('',(53.784904657002,0.733695964764,
    7.534298762103));
#2565 = CARTESIAN_POINT('',(53.133494417013,2.733289712908,
    7.616326666562));
#2566 = CARTESIAN_POINT('',(51.251077966253,4.124273175364,
    7.698361727771));
#2567 = CARTESIAN_POINT('',(48.91313997231,4.01352075358,7.780390307374)
  );
#2568 = CARTESIAN_POINT('',(47.260579473019,2.712828205304,
    7.862422640389));
#2569 = CARTESIAN_POINT('',(46.647850982833,0.962312959967,
    7.944453693002));
#2570 = CARTESIAN_POINT('',(47.271279499575,-2.17187307352,
    8.108516190771));
#2571 = CARTESIAN_POINT('',(48.507260791796,-3.554655621785,
    8.190547243387));
#2572 = CARTESIAN_POINT('',(50.531775836672,-4.123940587578,
    8.272579576394));
#2573 = CARTESIAN_POINT('',(52.734144807607,-3.331549755922,
    8.354608156012));
#2574 = CARTESIAN_POINT('',(53.940946865081,-1.326111152226,
    8.436643217204));
#2575 = CARTESIAN_POINT('',(53.777574830393,0.770585181797,
    8.518671121675));
#2576 = CARTESIAN_POINT('',(52.662488557079,2.252575131079,
    8.600704116719));
#2577 = CARTESIAN_POINT('',(49.710149038969,3.475478753318,
    8.764765767056));
#2578 = CARTESIAN_POINT('',(47.873733009734,3.216022654987,
    8.846798762094));
#2579 = CARTESIAN_POINT('',(46.275633179054,1.848986668148,
    8.928826666577));
#2580 = CARTESIAN_POINT('',(45.710901616484,-0.42244568817,
    9.010861727757));
#2581 = CARTESIAN_POINT('',(46.707913648369,-2.540035632137,
    9.092890307382));
#2582 = CARTESIAN_POINT('',(48.542004395855,-3.569048964838,
    9.174922640387));
#2583 = CARTESIAN_POINT('',(50.393750644104,-3.465243093419,
    9.256953693002));
#2584 = CARTESIAN_POINT('',(53.050785206907,-1.68986917785,
    9.421016190771));
#2585 = CARTESIAN_POINT('',(53.855320137912,-1.880338761443E-02,
    9.503047243385));
#2586 = CARTESIAN_POINT('',(53.606522499727,2.069460550301,9.5850795764)
  );
#2587 = CARTESIAN_POINT('',(52.031638711494,3.800949322377,
    9.667108156001));
#2588 = CARTESIAN_POINT('',(49.717031878259,4.148440914778,
    9.749143217214));
#2589 = CARTESIAN_POINT('',(47.842456820387,3.195133886037,9.83117112167
    ));
#2590 = CARTESIAN_POINT('',(46.900001681289,1.597795500609,9.91320411672
    ));
#2591 = CARTESIAN_POINT('',(46.899997474773,-1.597795508807,
    10.077265767056));
#2592 = CARTESIAN_POINT('',(47.842469642931,-3.195133141142,
    10.159298762092));
#2593 = CARTESIAN_POINT('',(49.717012539828,-4.148442841985,
    10.241326666582));
#2594 = CARTESIAN_POINT('',(52.03165581606,-3.800947243537,
    10.323361727752));
#2595 = CARTESIAN_POINT('',(53.606513837064,-2.069461645487,
    10.405390307384));
#2596 = CARTESIAN_POINT('',(53.855322051311,1.880361098011E-02,
    10.487422640386));
#2597 = CARTESIAN_POINT('',(53.050785321205,1.68986928197,
    10.569453693002));
#2598 = CARTESIAN_POINT('',(50.393750591649,3.465242947977,
    10.733516190771));
#2599 = CARTESIAN_POINT('',(48.542004921715,3.569047111608,
    10.815547243385));
#2600 = CARTESIAN_POINT('',(46.707911345146,2.540044054506,10.8975795764
    ));
#2601 = CARTESIAN_POINT('',(45.710906241491,0.422429090074,10.979608156)
  );
#2602 = CARTESIAN_POINT('',(46.275627559094,-1.848968064262,
    11.061643217214));
#2603 = CARTESIAN_POINT('',(47.8737372285,-3.216034786528,
    11.143671121669));
#2604 = CARTESIAN_POINT('',(49.71014743678,-3.475474863865,
    11.22570411672));
#2605 = CARTESIAN_POINT('',(52.662490174419,-2.252579014265,
    11.389765767056));
#2606 = CARTESIAN_POINT('',(53.777569235226,-0.770573620347,
    11.471798762091));
#2607 = CARTESIAN_POINT('',(53.940956046075,1.326094023325,
    11.553826666583));
#2608 = CARTESIAN_POINT('',(52.734136341387,3.331564762966,
    11.63586172775));
#2609 = CARTESIAN_POINT('',(50.531780163541,4.123933003422,
    11.717890307387));
#2610 = CARTESIAN_POINT('',(48.50725985321,3.554657304055,
    11.799922640385));
#2611 = CARTESIAN_POINT('',(47.271279359641,2.171873139275,
    11.881953693003));
#2612 = CARTESIAN_POINT('',(46.647851137277,-0.962312952772,
    12.046016190771));
#2613 = CARTESIAN_POINT('',(47.260580983946,-2.712827010272,
    12.128047243385));
#2614 = CARTESIAN_POINT('',(48.913133072456,-4.013526104571,
    12.210079576401));
#2615 = CARTESIAN_POINT('',(51.251091530982,-4.124262550626,12.292108156
    ));
#2616 = CARTESIAN_POINT('',(53.133479379933,-2.733302024439,
    12.374143217215));
#2617 = CARTESIAN_POINT('',(53.784914250624,-0.733687424616,
    12.456171121669));
#2618 = CARTESIAN_POINT('',(53.321841866256,1.0622177994,12.53820411672)
  );
#2619 = CARTESIAN_POINT('',(51.062220768055,3.321844846508,
    12.702265767055));
#2620 = CARTESIAN_POINT('',(49.266304035213,3.784904656997,
    12.784298762097));
#2621 = CARTESIAN_POINT('',(47.266710287131,3.133494417011,
    12.866326666574));
#2622 = CARTESIAN_POINT('',(45.875726824602,1.25107796626,
    12.948361727759));
#2623 = CARTESIAN_POINT('',(45.986479246435,-1.086860027698,
    13.030390307381));
#2624 = CARTESIAN_POINT('',(47.287171794695,-2.739420526977,
    13.112422640387));
#2625 = CARTESIAN_POINT('',(49.037687040032,-3.352149017168,
    13.194453693002));
#2626 = CARTESIAN_POINT('',(52.171873073522,-2.728720500425,
    13.358516190771));
#2627 = CARTESIAN_POINT('',(53.554655621784,-1.492739208202,
    13.440547243386));
#2628 = CARTESIAN_POINT('',(54.123940587569,0.531775836668,
    13.522579576399));
#2629 = CARTESIAN_POINT('',(53.331549755946,2.734144807612,
    13.604608156003));
#2630 = CARTESIAN_POINT('',(51.326111152195,3.940946865078,
    13.686643217212));
#2631 = CARTESIAN_POINT('',(49.229414818224,3.777574830392,
    13.768671121671));
#2632 = CARTESIAN_POINT('',(47.747424868916,2.662488557081,
    13.850704116719));
#2633 = CARTESIAN_POINT('',(46.52452124668,-0.28985096103,
    14.014765767057));
#2634 = CARTESIAN_POINT('',(46.783977345019,-2.126266990277,
    14.096798762089));
#2635 = CARTESIAN_POINT('',(48.151013331847,-3.724366820924,
    14.178826666586));
#2636 = CARTESIAN_POINT('',(50.422445688171,-4.289098383537,
    14.260861727748));
#2637 = CARTESIAN_POINT('',(52.540035632139,-3.292086351621,
    14.342890307387));
#2638 = CARTESIAN_POINT('',(53.569048964836,-1.457995604147,
    14.424922640385));
#2639 = CARTESIAN_POINT('',(53.46524309342,0.393750644104,
    14.506953693003));
#2640 = CARTESIAN_POINT('',(51.68986917785,3.050785206907,
    14.671016190771));
#2641 = CARTESIAN_POINT('',(50.018803387614,3.855320137912,
    14.753047243385));
#2642 = CARTESIAN_POINT('',(47.930539449702,3.606522499726,
    14.835079576401));
#2643 = CARTESIAN_POINT('',(46.199050677616,2.031638711497,14.917108156)
  );
#2644 = CARTESIAN_POINT('',(45.85155908523,-0.282968121747,
    14.999143217215));
#2645 = CARTESIAN_POINT('',(46.804866113958,-2.157543179607,
    15.081171121669));
#2646 = CARTESIAN_POINT('',(48.402204499392,-3.099998318715,
    15.16320411672));
#2647 = CARTESIAN_POINT('',(51.597795508808,-3.100002525219,
    15.327265767055));
#2648 = CARTESIAN_POINT('',(53.19513314113,-2.157530357092,
    15.409298762096));
#2649 = CARTESIAN_POINT('',(54.148442842009,-0.282987460141,
    15.491326666575));
#2650 = CARTESIAN_POINT('',(53.800947243513,2.031655816037,
    15.573361727759));
#2651 = CARTESIAN_POINT('',(52.0694616455,3.606513837072,15.65539030738)
  );
#2652 = CARTESIAN_POINT('',(49.981196389017,3.855322051311,
    15.737422640387));
#2653 = CARTESIAN_POINT('',(48.31013071803,3.050785321204,
    15.819453693002));
#2654 = CARTESIAN_POINT('',(46.534757052024,0.39375059165,
    15.983516190771));
#2655 = CARTESIAN_POINT('',(46.430952888389,-1.457995078284,
    16.065547243387));
#2656 = CARTESIAN_POINT('',(47.459955945497,-3.292088654862,
    16.147579576394));
#2657 = CARTESIAN_POINT('',(49.577570909927,-4.289093758491,
    16.229608156011));
#2658 = CARTESIAN_POINT('',(51.848968064254,-3.724372440926,
    16.311643217204));
#2659 = CARTESIAN_POINT('',(53.216034786538,-2.126262771488,
    16.393671121675));
#2660 = CARTESIAN_POINT('',(53.47547486386,-0.289852563224,
    16.475704116719));
#2661 = CARTESIAN_POINT('',(52.252579014264,2.662490174419,
    16.639765767056));
#2662 = CARTESIAN_POINT('',(50.770573620355,3.777569235224,
    16.721798762095));
#2663 = CARTESIAN_POINT('',(48.673905976663,3.940956046082,
    16.803826666577));
#2664 = CARTESIAN_POINT('',(46.668435237043,2.734136341379,
    16.885861727756));
#2665 = CARTESIAN_POINT('',(45.876066996575,0.531780163547,
    16.967890307383));
#2666 = CARTESIAN_POINT('',(46.445342695944,-1.492740146792,
    17.049922640386));
#2667 = CARTESIAN_POINT('',(47.828126860726,-2.728720640359,
    17.131953693003));
#2668 = CARTESIAN_POINT('',(50.962312952771,-3.352148862723,
    17.296016190771));
#2669 = CARTESIAN_POINT('',(52.712827010273,-2.739419016056,
    17.378047243386));
#2670 = CARTESIAN_POINT('',(54.013526104571,-1.086866927538,
    17.460079576397));
#2671 = CARTESIAN_POINT('',(54.124262550624,1.251091530972,
    17.542108156006));
#2672 = CARTESIAN_POINT('',(52.733302024444,3.133479379942,
    17.624143217208));
#2673 = CARTESIAN_POINT('',(50.733687424611,3.784914250621,
    17.706171121673));
#2674 = CARTESIAN_POINT('',(48.937782200604,3.321841866254,
    17.788204116718));
#2675 = CARTESIAN_POINT('',(46.678155153487,1.062220768063,
    17.952265767058));
#2676 = CARTESIAN_POINT('',(46.215095343004,-0.733695964816,
    18.034298762085));
#2677 = CARTESIAN_POINT('',(46.866505583,-2.733289712824,18.116326666593
    ));
#2678 = CARTESIAN_POINT('',(48.748922033717,-4.124273175436,
    18.198361727742));
#2679 = CARTESIAN_POINT('',(51.086860027721,-4.013520753549,
    18.280390307389));
#2680 = CARTESIAN_POINT('',(52.739420526959,-2.712828205306,
    18.362422640386));
#2681 = CARTESIAN_POINT('',(53.352149017178,-0.962312959969,
    18.444453693001));
#2682 = CARTESIAN_POINT('',(52.728720500405,2.171873073522,
    18.608516190775));
#2683 = CARTESIAN_POINT('',(51.492739208297,3.554655621786,
    18.690547243366));
#2684 = CARTESIAN_POINT('',(49.468224163103,4.12394058756,
    18.772579576448));
#2685 = CARTESIAN_POINT('',(47.265855192774,3.331549755965,
    18.85460815592));
#2686 = CARTESIAN_POINT('',(46.059053134427,1.326111152173,
    18.936643217317));
#2687 = CARTESIAN_POINT('',(46.222425170102,-0.770585181759,
    19.018671121569));
#2688 = CARTESIAN_POINT('',(47.337511442536,-2.252575131092,
    19.100704116796));
#2689 = CARTESIAN_POINT('',(50.289850961855,-3.475478753312,
    19.26476576689));
#2690 = CARTESIAN_POINT('',(52.126266986044,-3.216022655026,
    19.346798762945));
#2691 = CARTESIAN_POINT('',(53.724366831319,-1.848986668036,
    19.428826664485));
#2692 = CARTESIAN_POINT('',(54.289098366009,0.422445687967,
    19.510861731292));
#2693 = CARTESIAN_POINT('',(53.292086373808,2.5400356324,19.5928903029)
  );
#2694 = CARTESIAN_POINT('',(51.457995582399,3.569048964579,
    19.674922644785));
#2695 = CARTESIAN_POINT('',(49.606249372479,3.465243093615,
    19.756953689647));
#2696 = CARTESIAN_POINT('',(46.949214757172,1.689869177429,
    19.92101619804));
#2697 = CARTESIAN_POINT('',(46.14468004649,1.880338977274E-02,
    20.003047206071));
#2698 = CARTESIAN_POINT('',(46.393477047718,-2.069460555592,
    20.085079667976));
#2699 = CARTESIAN_POINT('',(47.968362051035,-3.800949313464,
    20.167108001701));
#2700 = CARTESIAN_POINT('',(50.282967157058,-4.148440926059,
    20.249143412418));
#2701 = CARTESIAN_POINT('',(52.157544124878,-3.195133874976,
    20.331170930398));
#2702 = CARTESIAN_POINT('',(53.099997598003,-1.59779550905,
    20.41320426255));
#2703 = CARTESIAN_POINT('',(53.100000842211,9.022826763919E-09,
    20.495234856855));
#2704 = DEFINITIONAL_REPRESENTATION('',(#2705),#2728);
#2705 = B_SPLINE_CURVE_WITH_KNOTS('',6,(#2706,#2707,#2708,#2709,#2710,
    #2711,#2712,#2713,#2714,#2715,#2716,#2717,#2718,#2719,#2720,#2721,
    #2722,#2723,#2724,#2725,#2726,#2727),.UNSPECIFIED.,.F.,.F.,(7,5,5,5,
    7),(0.,0.300176798047,0.56081494252,0.793297704208,1.),
  .UNSPECIFIED.);
#2706 = CARTESIAN_POINT('',(0.740470053838,130.45675170364));
#2707 = CARTESIAN_POINT('',(0.706806428149,130.56384001924));
#2708 = CARTESIAN_POINT('',(0.672790677787,130.67204850303));
#2709 = CARTESIAN_POINT('',(0.638439424572,130.78132425936));
#2710 = CARTESIAN_POINT('',(0.60372917361,130.89174199676));
#2711 = CARTESIAN_POINT('',(0.568625763793,131.0034104001));
#2712 = CARTESIAN_POINT('',(0.50232542893,131.21432018651));
#2713 = CARTESIAN_POINT('',(0.471205929113,131.3133152697));
#2714 = CARTESIAN_POINT('',(0.439788302546,131.41325874844));
#2715 = CARTESIAN_POINT('',(0.408055733981,131.51420413811));
#2716 = CARTESIAN_POINT('',(0.375984445914,131.61622707918));
#2717 = CARTESIAN_POINT('',(0.314672452896,131.81126853292));
#2718 = CARTESIAN_POINT('',(0.285488324761,131.90410706476));
#2719 = CARTESIAN_POINT('',(0.256029969989,131.99781793914));
#2720 = CARTESIAN_POINT('',(0.226283205024,132.09244624103));
#2721 = CARTESIAN_POINT('',(0.196228396738,132.1880543827));
#2722 = CARTESIAN_POINT('',(0.138869210234,132.37052105619));
#2723 = CARTESIAN_POINT('',(0.111620934223,132.45720113534));
#2724 = CARTESIAN_POINT('',(8.412169359649E-02,132.5446795119));
#2725 = CARTESIAN_POINT('',(5.635976108428E-02,132.63299351946));
#2726 = CARTESIAN_POINT('',(2.831966110078E-02,132.72219250038));
#2727 = CARTESIAN_POINT('',(0.,132.81228098174));
#2728 = ( GEOMETRIC_REPRESENTATION_CONTEXT(2) 
PARAMETRIC_REPRESENTATION_CONTEXT() REPRESENTATION_CONTEXT('2D SPACE',''
  ) );
#2729 = ADVANCED_FACE('',(#2730),#530,.F.);
#2730 = FACE_BOUND('',#2731,.F.);
#2731 = EDGE_LOOP('',(#2732,#2733,#2756,#3230));
#2732 = ORIENTED_EDGE('',*,*,#514,.T.);
#2733 = ORIENTED_EDGE('',*,*,#2734,.F.);
#2734 = EDGE_CURVE('',#2735,#484,#2737,.T.);
#2735 = VERTEX_POINT('',#2736);
#2736 = CARTESIAN_POINT('',(53.,7.717065922958E-14,19.562499570434));
#2737 = SURFACE_CURVE('',#2738,(#2742,#2749),.PCURVE_S1.);
#2738 = LINE('',#2739,#2740);
#2739 = CARTESIAN_POINT('',(53.,0.,0.));
#2740 = VECTOR('',#2741,1.);
#2741 = DIRECTION('',(0.,0.,1.));
#2742 = PCURVE('',#530,#2743);
#2743 = DEFINITIONAL_REPRESENTATION('',(#2744),#2748);
#2744 = LINE('',#2745,#2746);
#2745 = CARTESIAN_POINT('',(0.145850140129,20.000000248037));
#2746 = VECTOR('',#2747,1.);
#2747 = DIRECTION('',(-6.364895619834E-37,-1.));
#2748 = ( GEOMETRIC_REPRESENTATION_CONTEXT(2) 
PARAMETRIC_REPRESENTATION_CONTEXT() REPRESENTATION_CONTEXT('2D SPACE',''
  ) );
#2749 = PCURVE('',#502,#2750);
#2750 = DEFINITIONAL_REPRESENTATION('',(#2751),#2755);
#2751 = LINE('',#2752,#2753);
#2752 = CARTESIAN_POINT('',(-0.,0.));
#2753 = VECTOR('',#2754,1.);
#2754 = DIRECTION('',(-0.,-1.));
#2755 = ( GEOMETRIC_REPRESENTATION_CONTEXT(2) 
PARAMETRIC_REPRESENTATION_CONTEXT() REPRESENTATION_CONTEXT('2D SPACE',''
  ) );
#2756 = ORIENTED_EDGE('',*,*,#2757,.T.);
#2757 = EDGE_CURVE('',#2735,#2758,#2760,.T.);
#2758 = VERTEX_POINT('',#2759);
#2759 = CARTESIAN_POINT('',(52.458733910055,-4.883347104467E-08,
    19.875000920494));
#2760 = SURFACE_CURVE('',#2761,(#2764,#2770),.PCURVE_S1.);
#2761 = B_SPLINE_CURVE_WITH_KNOTS('',1,(#2762,#2763),.UNSPECIFIED.,.F.,
  .F.,(2,2),(0.,0.740470053838),.PIECEWISE_BEZIER_KNOTS.);
#2762 = CARTESIAN_POINT('',(53.099999157785,9.022189051828E-09,
    19.504764803019));
#2763 = CARTESIAN_POINT('',(52.458733910055,-4.88334714536E-08,
    19.875000920494));
#2764 = PCURVE('',#530,#2765);
#2765 = DEFINITIONAL_REPRESENTATION('',(#2766),#2769);
#2766 = B_SPLINE_CURVE_WITH_KNOTS('',1,(#2767,#2768),.UNSPECIFIED.,.F.,
  .F.,(2,2),(0.,0.740470053838),.PIECEWISE_BEZIER_KNOTS.);
#2767 = CARTESIAN_POINT('',(0.245849297915,0.495235445019));
#2768 = CARTESIAN_POINT('',(-0.395415949816,0.124999327543));
#2769 = ( GEOMETRIC_REPRESENTATION_CONTEXT(2) 
PARAMETRIC_REPRESENTATION_CONTEXT() REPRESENTATION_CONTEXT('2D SPACE',''
  ) );
#2770 = PCURVE('',#2771,#3224);
#2771 = B_SPLINE_SURFACE_WITH_KNOTS('',1,8,(
    (#2772,#2773,#2774,#2775,#2776,#2777,#2778,#2779,#2780,#2781,#2782
      ,#2783,#2784,#2785,#2786,#2787,#2788,#2789,#2790,#2791,#2792,#2793
      ,#2794,#2795,#2796,#2797,#2798,#2799,#2800,#2801,#2802,#2803,#2804
      ,#2805,#2806,#2807,#2808,#2809,#2810,#2811,#2812,#2813,#2814,#2815
      ,#2816,#2817,#2818,#2819,#2820,#2821,#2822,#2823,#2824,#2825,#2826
      ,#2827,#2828,#2829,#2830,#2831,#2832,#2833,#2834,#2835,#2836,#2837
      ,#2838,#2839,#2840,#2841,#2842,#2843,#2844,#2845,#2846,#2847,#2848
      ,#2849,#2850,#2851,#2852,#2853,#2854,#2855,#2856,#2857,#2858,#2859
      ,#2860,#2861,#2862,#2863,#2864,#2865,#2866,#2867,#2868,#2869,#2870
      ,#2871,#2872,#2873,#2874,#2875,#2876,#2877,#2878,#2879,#2880,#2881
      ,#2882,#2883,#2884,#2885,#2886,#2887,#2888,#2889,#2890,#2891,#2892
      ,#2893,#2894,#2895,#2896,#2897,#2898,#2899,#2900,#2901,#2902,#2903
      ,#2904,#2905,#2906,#2907,#2908,#2909,#2910,#2911,#2912,#2913,#2914
      ,#2915,#2916,#2917,#2918,#2919,#2920,#2921,#2922,#2923,#2924,#2925
      ,#2926,#2927,#2928,#2929,#2930,#2931,#2932,#2933,#2934,#2935,#2936
      ,#2937,#2938,#2939,#2940,#2941,#2942,#2943,#2944,#2945,#2946,#2947
      ,#2948,#2949,#2950,#2951,#2952,#2953,#2954,#2955,#2956,#2957,#2958
      ,#2959,#2960,#2961,#2962,#2963,#2964,#2965,#2966,#2967,#2968,#2969
      ,#2970,#2971,#2972,#2973,#2974,#2975,#2976,#2977,#2978,#2979,#2980
      ,#2981,#2982,#2983,#2984,#2985,#2986,#2987,#2988,#2989,#2990,#2991
      ,#2992,#2993,#2994,#2995,#2996,#2997)
    ,(#2998,#2999,#3000,#3001,#3002,#3003,#3004,#3005,#3006,#3007,#3008
      ,#3009,#3010,#3011,#3012,#3013,#3014,#3015,#3016,#3017,#3018,#3019
      ,#3020,#3021,#3022,#3023,#3024,#3025,#3026,#3027,#3028,#3029,#3030
      ,#3031,#3032,#3033,#3034,#3035,#3036,#3037,#3038,#3039,#3040,#3041
      ,#3042,#3043,#3044,#3045,#3046,#3047,#3048,#3049,#3050,#3051,#3052
      ,#3053,#3054,#3055,#3056,#3057,#3058,#3059,#3060,#3061,#3062,#3063
      ,#3064,#3065,#3066,#3067,#3068,#3069,#3070,#3071,#3072,#3073,#3074
      ,#3075,#3076,#3077,#3078,#3079,#3080,#3081,#3082,#3083,#3084,#3085
      ,#3086,#3087,#3088,#3089,#3090,#3091,#3092,#3093,#3094,#3095,#3096
      ,#3097,#3098,#3099,#3100,#3101,#3102,#3103,#3104,#3105,#3106,#3107
      ,#3108,#3109,#3110,#3111,#3112,#3113,#3114,#3115,#3116,#3117,#3118
      ,#3119,#3120,#3121,#3122,#3123,#3124,#3125,#3126,#3127,#3128,#3129
      ,#3130,#3131,#3132,#3133,#3134,#3135,#3136,#3137,#3138,#3139,#3140
      ,#3141,#3142,#3143,#3144,#3145,#3146,#3147,#3148,#3149,#3150,#3151
      ,#3152,#3153,#3154,#3155,#3156,#3157,#3158,#3159,#3160,#3161,#3162
      ,#3163,#3164,#3165,#3166,#3167,#3168,#3169,#3170,#3171,#3172,#3173
      ,#3174,#3175,#3176,#3177,#3178,#3179,#3180,#3181,#3182,#3183,#3184
      ,#3185,#3186,#3187,#3188,#3189,#3190,#3191,#3192,#3193,#3194,#3195
      ,#3196,#3197,#3198,#3199,#3200,#3201,#3202,#3203,#3204,#3205,#3206
      ,#3207,#3208,#3209,#3210,#3211,#3212,#3213,#3214,#3215,#3216,#3217
      ,#3218,#3219,#3220,#3221,#3222,#3223
    )),.UNSPECIFIED.,.F.,.F.,.F.,(2,2),(9,7,7,7,7,7,7,7,7,7,7,7,7,7,7,7,
    7,7,7,7,7,7,7,7,7,7,7,7,7,7,7,7,9),(0.,0.740470053838),(0.,
    4.175236492591,8.350472985182,12.525709477773,16.700945970364,
    20.876182462955,25.051418955546,29.226655448137,33.401891940728,
    37.57712843332,41.752364925911,45.927601418502,50.102837911093,
    54.278074403684,58.453310896275,62.628547388866,66.803783881457,
    70.979020374048,75.154256866639,79.32949335923,83.504729851821,
    87.679966344412,91.855202837003,96.030439329594,100.20567582218,
    104.38091231477,108.55614880736,112.73138529995,116.90662179255,
    121.08185828514,125.25709477773,129.43233127032,133.60756776291),
  .UNSPECIFIED.);
#2772 = CARTESIAN_POINT('',(53.1,-2.22044604925E-15,-1.495235026919));
#2773 = CARTESIAN_POINT('',(53.099996751127,1.597795083972,
    -1.413204432609));
#2774 = CARTESIAN_POINT('',(52.15754352944,3.195133013209,
    -1.331171100475));
#2775 = CARTESIAN_POINT('',(50.28296706807,4.1484397998,-1.249143582461)
  );
#2776 = CARTESIAN_POINT('',(47.968362591967,3.800948274922,
    -1.167108171784));
#2777 = CARTESIAN_POINT('',(46.393478021506,2.069459982847,
    -1.085079838029));
#2778 = CARTESIAN_POINT('',(46.144681093972,-1.880339588011E-02,
    -1.003047376138));
#2779 = CARTESIAN_POINT('',(46.949215590936,-1.6898687272,
    -0.921016368103));
#2780 = CARTESIAN_POINT('',(49.606249489538,-3.465242153314,
    -0.756953859711));
#2781 = CARTESIAN_POINT('',(51.457995196676,-3.569047990689,
    -0.674922814849));
#2782 = CARTESIAN_POINT('',(53.292085486795,-2.540034932739,
    -0.592890472964));
#2783 = CARTESIAN_POINT('',(54.289097201969,-0.422445560703,
    -0.510861901352));
#2784 = CARTESIAN_POINT('',(53.724365814087,1.848986176524,
    -0.428826834554));
#2785 = CARTESIAN_POINT('',(52.126266399021,3.21602178749,
    -0.346798933004));
#2786 = CARTESIAN_POINT('',(50.289850872989,3.475477809924,
    -0.264765936956));
#2787 = CARTESIAN_POINT('',(47.337512159339,2.25257451136,
    -0.100704286857));
#2788 = CARTESIAN_POINT('',(46.222426194144,0.770584961408,
    -1.867129164287E-02));
#2789 = CARTESIAN_POINT('',(46.059054208995,-1.326110803357,
    6.335661263528E-02));
#2790 = CARTESIAN_POINT('',(47.265855945269,-3.331548858801,
    0.145391674002));
#2791 = CARTESIAN_POINT('',(49.46822431959,-4.123939468704,
    0.227420253495));
#2792 = CARTESIAN_POINT('',(51.492738813088,-3.554654651705,
    0.309452586569));
#2793 = CARTESIAN_POINT('',(52.728719765381,-2.17187247552,
    0.391483639161));
#2794 = CARTESIAN_POINT('',(53.352148103656,0.962312708281,
    0.555546136935));
#2795 = CARTESIAN_POINT('',(52.739419774811,2.712827476251,0.63757718955
    ));
#2796 = CARTESIAN_POINT('',(51.086859720766,4.013519666316,
    0.719609522546));
#2797 = CARTESIAN_POINT('',(48.748922361596,4.124272051285,
    0.801638102197));
#2798 = CARTESIAN_POINT('',(46.866506426379,2.733288961136,
    0.883673163339));
#2799 = CARTESIAN_POINT('',(46.215096369145,0.733695754458,
    0.965701067854));
#2800 = CARTESIAN_POINT('',(46.678156059073,-1.062220489143,
    1.047734062877));
#2801 = CARTESIAN_POINT('',(48.937782498851,-3.321840966857,
    1.21179571322));
#2802 = CARTESIAN_POINT('',(50.733687236318,-3.784913220208,
    1.293828708256));
#2803 = CARTESIAN_POINT('',(52.73330129094,-3.133478520644,
    1.375856612739));
#2804 = CARTESIAN_POINT('',(54.124261433803,-1.251091179102,
    1.45789167392));
#2805 = CARTESIAN_POINT('',(54.013525010989,1.086866643955,
    1.539920253544));
#2806 = CARTESIAN_POINT('',(52.712826265276,2.739418279693,
    1.621952586549));
#2807 = CARTESIAN_POINT('',(50.962312681572,3.352147954804,
    1.703983639165));
#2808 = CARTESIAN_POINT('',(47.828127442844,2.728719892693,
    1.868046136934));
#2809 = CARTESIAN_POINT('',(46.445343657338,1.492739730888,
    1.950077189552));
#2810 = CARTESIAN_POINT('',(45.876068118525,-0.531780031051,
    2.032109522544));
#2811 = CARTESIAN_POINT('',(46.66843615012,-2.734135608296,
    2.114138102199));
#2812 = CARTESIAN_POINT('',(48.673906348422,-3.940954979215,
    2.196173163338));
#2813 = CARTESIAN_POINT('',(50.770573421988,-3.777568206704,
    2.278201067855));
#2814 = CARTESIAN_POINT('',(52.252578410029,-2.662489444505,
    2.360234062877));
#2815 = CARTESIAN_POINT('',(53.475473918796,0.28985249458,2.52429571322)
  );
#2816 = CARTESIAN_POINT('',(53.216033906601,2.126262203215,
    2.606328708257));
#2817 = CARTESIAN_POINT('',(51.848967551087,3.724371434404,
    2.688356612737));
#2818 = CARTESIAN_POINT('',(49.577571012216,4.289092592041,
    2.770391673923));
#2819 = CARTESIAN_POINT('',(47.459956625993,3.292087753041,
    2.852420253542));
#2820 = CARTESIAN_POINT('',(46.430953853799,1.457994671791,2.93445258655
    ));
#2821 = CARTESIAN_POINT('',(46.534757994615,-0.393750494759,
    3.016483639165));
#2822 = CARTESIAN_POINT('',(48.310131186017,-3.050784497278,
    3.180546136934));
#2823 = CARTESIAN_POINT('',(49.981196405353,-3.855321003944,
    3.262577189552));
#2824 = CARTESIAN_POINT('',(52.06946109373,-3.606512851204,
    3.344609522544));
#2825 = CARTESIAN_POINT('',(53.800946216828,-2.031655253053,
    3.426638102199));
#2826 = CARTESIAN_POINT('',(54.148441714072,0.282987395385,
    3.508673163338));
#2827 = CARTESIAN_POINT('',(53.195132266821,2.157529780192,
    3.590701067855));
#2828 = CARTESIAN_POINT('',(51.597795065685,3.100001687662,
    3.672734062877));
#2829 = CARTESIAN_POINT('',(48.402204924469,3.099997471846,3.83679571322
    ));
#2830 = CARTESIAN_POINT('',(46.804866975718,2.157542584139,
    3.918828708257));
#2831 = CARTESIAN_POINT('',(45.851560211502,0.282968032803,
    4.000856612737));
#2832 = CARTESIAN_POINT('',(46.199051716144,-2.031638170604,
    4.082891673922));
#2833 = CARTESIAN_POINT('',(47.930540022455,-3.606521525919,
    4.164920253543));
#2834 = CARTESIAN_POINT('',(50.01880339372,-3.855319090434,4.24695258655
    ));
#2835 = CARTESIAN_POINT('',(51.689868727621,-3.050784373144,
    4.328983639165));
#2836 = CARTESIAN_POINT('',(53.46524215312,-0.393750527044,
    4.493046136934));
#2837 = CARTESIAN_POINT('',(53.569047990944,1.457995218426,
    4.575077189552));
#2838 = CARTESIAN_POINT('',(52.540034932477,3.292085464596,
    4.657109522545));
#2839 = CARTESIAN_POINT('',(50.422445560914,4.28909721952,4.739138102198
    ));
#2840 = CARTESIAN_POINT('',(48.151013823348,3.72436580367,4.821173163339
    ));
#2841 = CARTESIAN_POINT('',(46.783978212564,2.126266403265,
    4.903201067854));
#2842 = CARTESIAN_POINT('',(46.524522190067,0.289850872163,
    4.985234062878));
#2843 = CARTESIAN_POINT('',(47.747425488638,-2.662487840281,
    5.149295713219));
#2844 = CARTESIAN_POINT('',(49.22941503861,-3.777573806358,
    5.231328708262));
#2845 = CARTESIAN_POINT('',(51.326110803327,-3.940945790484,
    5.313356612728));
#2846 = CARTESIAN_POINT('',(53.331548858826,-2.734144055148,
    5.395391673932));
#2847 = CARTESIAN_POINT('',(54.123939468695,-0.531775680161,
    5.477420253537));
#2848 = CARTESIAN_POINT('',(53.554654651704,1.492738812987,
    5.559452586551));
#2849 = CARTESIAN_POINT('',(52.171872475522,2.7287197654,5.641483639165)
  );
#2850 = CARTESIAN_POINT('',(49.037687291719,3.352148103647,
    5.805546136934));
#2851 = CARTESIAN_POINT('',(47.287172523748,2.739419774821,
    5.887577189552));
#2852 = CARTESIAN_POINT('',(45.986480333694,1.086859720757,
    5.969609522542));
#2853 = CARTESIAN_POINT('',(45.875727948696,-1.251077638397,
    6.051638102202));
#2854 = CARTESIAN_POINT('',(47.266711038884,-3.133493573627,
    6.133673163336));
#2855 = CARTESIAN_POINT('',(49.266304245532,-3.78490363085,
    6.215701067855));
#2856 = CARTESIAN_POINT('',(51.062220489142,-3.321843940928,
    6.297734062878));
#2857 = CARTESIAN_POINT('',(53.321840966864,-1.062217501157,
    6.461795713218));
#2858 = CARTESIAN_POINT('',(53.784913220197,0.73368723635,6.543828708265
    ));
#2859 = CARTESIAN_POINT('',(53.13347852065,2.733301290888,6.625856612722
    ));
#2860 = CARTESIAN_POINT('',(51.251091179105,4.124261433848,
    6.707891673937));
#2861 = CARTESIAN_POINT('',(48.913133356039,4.013525010969,
    6.789920253534));
#2862 = CARTESIAN_POINT('',(47.260581720311,2.712826265277,
    6.871952586552));
#2863 = CARTESIAN_POINT('',(46.647852045195,0.962312681574,
    6.953983639165));
#2864 = CARTESIAN_POINT('',(47.271280107307,-2.171872557157,
    7.118046136934));
#2865 = CARTESIAN_POINT('',(48.507260269113,-3.554656342664,
    7.200077189553));
#2866 = CARTESIAN_POINT('',(50.531780031048,-4.123931881457,
    7.282109522539));
#2867 = CARTESIAN_POINT('',(52.734135608298,-3.33156384992,
    7.364138102207));
#2868 = CARTESIAN_POINT('',(53.940954979216,-1.326093651533,
    7.44617316333));
#2869 = CARTESIAN_POINT('',(53.7775682067,0.770573421961,7.528201067859)
  );
#2870 = CARTESIAN_POINT('',(52.662489444508,2.252578410035,
    7.610234062876));
#2871 = CARTESIAN_POINT('',(49.710147505418,3.475473918795,7.77429571322
    ));
#2872 = CARTESIAN_POINT('',(47.873737796788,3.216033906603,
    7.856328708256));
#2873 = CARTESIAN_POINT('',(46.275628565594,1.848967551085,
    7.938356612737));
#2874 = CARTESIAN_POINT('',(45.710907407961,-0.422428987783,
    8.020391673923));
#2875 = CARTESIAN_POINT('',(46.707912246958,-2.540043374008,
    8.102420253542));
#2876 = CARTESIAN_POINT('',(48.542005328209,-3.569046146201,
    8.18445258655));
#2877 = CARTESIAN_POINT('',(50.393750494759,-3.465242005385,
    8.266483639165));
#2878 = CARTESIAN_POINT('',(53.050784497278,-1.689868813983,
    8.430546136934));
#2879 = CARTESIAN_POINT('',(53.855321003942,-1.880359464697E-02,
    8.512577189551));
#2880 = CARTESIAN_POINT('',(53.606512851214,2.069461093731,
    8.594609522545));
#2881 = CARTESIAN_POINT('',(52.031655253034,3.800946216825,
    8.676638102197));
#2882 = CARTESIAN_POINT('',(49.717012604634,4.148441714073,8.75867316334
    ));
#2883 = CARTESIAN_POINT('',(47.842470219799,3.195132266821,
    8.840701067854));
#2884 = CARTESIAN_POINT('',(46.899998312337,1.597795065684,
    8.922734062877));
#2885 = CARTESIAN_POINT('',(46.900002528158,-1.59779507553,9.08679571322
    ));
#2886 = CARTESIAN_POINT('',(47.842457415848,-3.195133024278,
    9.168828708254));
#2887 = CARTESIAN_POINT('',(49.717031967214,-4.148439788507,
    9.250856612742));
#2888 = CARTESIAN_POINT('',(52.031638170592,-3.800948283847,
    9.332891673917));
#2889 = CARTESIAN_POINT('',(53.606521525923,-2.06945997755,
    9.414920253545));
#2890 = CARTESIAN_POINT('',(53.855319090435,1.880339372092E-02,
    9.496952586549));
#2891 = CARTESIAN_POINT('',(53.050784373143,1.689868727621,
    9.578983639165));
#2892 = CARTESIAN_POINT('',(50.393750527044,3.465242153119,
    9.743046136934));
#2893 = CARTESIAN_POINT('',(48.542004781573,3.569047990943,
    9.825077189551));
#2894 = CARTESIAN_POINT('',(46.707914535404,2.540034932484,
    9.907109522546));
#2895 = CARTESIAN_POINT('',(45.710902780482,0.4224455609,9.989138102196)
  );
#2896 = CARTESIAN_POINT('',(46.275634196329,-1.848986176635,
    10.07117316334));
#2897 = CARTESIAN_POINT('',(47.873733596734,-3.216021787447,
    10.153201067854));
#2898 = CARTESIAN_POINT('',(49.710149127839,-3.475477809931,
    10.235234062877));
#2899 = CARTESIAN_POINT('',(52.662487840277,-2.252574511352,
    10.39929571322));
#2900 = CARTESIAN_POINT('',(53.777573806362,-0.770584961428,
    10.481328708253));
#2901 = CARTESIAN_POINT('',(53.94094579049,1.326110803384,
    10.563356612744));
#2902 = CARTESIAN_POINT('',(52.734144055136,3.331548858779,
    10.645391673915));
#2903 = CARTESIAN_POINT('',(50.53177568017,4.123939468714,
    10.727420253547));
#2904 = CARTESIAN_POINT('',(48.507261187009,3.554654651703,
    10.809452586548));
#2905 = CARTESIAN_POINT('',(47.2712802346,2.17187247552,10.891483639165)
  );
#2906 = CARTESIAN_POINT('',(46.647851896353,-0.96231270828,
    11.055546136934));
#2907 = CARTESIAN_POINT('',(47.260580225177,-2.712827476253,
    11.137577189551));
#2908 = CARTESIAN_POINT('',(48.913140279246,-4.013519666311,
    11.219609522546));
#2909 = CARTESIAN_POINT('',(51.251077638396,-4.124272051292,
    11.301638102196));
#2910 = CARTESIAN_POINT('',(53.133493573623,-2.733288961131,
    11.383673163341));
#2911 = CARTESIAN_POINT('',(53.784903630856,-0.73369575446,
    11.465701067853));
#2912 = CARTESIAN_POINT('',(53.321843940925,1.062220489143,
    11.547734062877));
#2913 = CARTESIAN_POINT('',(51.062217501151,3.321840966857,
    11.711795713219));
#2914 = CARTESIAN_POINT('',(49.266312763678,3.784913220212,
    11.793828708259));
#2915 = CARTESIAN_POINT('',(47.266698709066,3.133478520635,
    11.875856612734));
#2916 = CARTESIAN_POINT('',(45.875738566192,1.251091179111,
    11.957891673925));
#2917 = CARTESIAN_POINT('',(45.986474989013,-1.08686664396,
    12.039920253541));
#2918 = CARTESIAN_POINT('',(47.287173734724,-2.739418279691,
    12.12195258655));
#2919 = CARTESIAN_POINT('',(49.037687318428,-3.352147954804,
    12.203983639165));
#2920 = CARTESIAN_POINT('',(52.171872557156,-2.728719892693,
    12.368046136934));
#2921 = CARTESIAN_POINT('',(53.554656342663,-1.49273973089,
    12.450077189552));
#2922 = CARTESIAN_POINT('',(54.123931881468,0.531780031055,
    12.532109522544));
#2923 = CARTESIAN_POINT('',(53.331563849894,2.734135608288,
    12.614138102199));
#2924 = CARTESIAN_POINT('',(51.326093651565,3.940954979221,
    12.696173163338));
#2925 = CARTESIAN_POINT('',(49.229426578019,3.777568206701,
    12.778201067855));
#2926 = CARTESIAN_POINT('',(47.74742158997,2.662489444505,
    12.860234062876));
#2927 = CARTESIAN_POINT('',(46.524526081209,-0.289852494583,
    13.024295713221));
#2928 = CARTESIAN_POINT('',(46.783966093386,-2.126262203202,
    13.106328708252));
#2929 = CARTESIAN_POINT('',(48.151032448929,-3.724371434425,
    13.188356612746));
#2930 = CARTESIAN_POINT('',(50.422428987774,-4.289092592021,
    13.270391673913));
#2931 = CARTESIAN_POINT('',(52.540043374009,-3.292087753051,
    13.352420253548));
#2932 = CARTESIAN_POINT('',(53.569046146202,-1.457994671789,
    13.434452586548));
#2933 = CARTESIAN_POINT('',(53.465242005385,0.39375049476,
    13.516483639165));
#2934 = CARTESIAN_POINT('',(51.689868813984,3.050784497277,
    13.680546136934));
#2935 = CARTESIAN_POINT('',(50.018803594647,3.855321003942,
    13.762577189551));
#2936 = CARTESIAN_POINT('',(47.930538906268,3.60651285122,
    13.844609522546));
#2937 = CARTESIAN_POINT('',(46.199053783176,2.031655253021,
    13.926638102196));
#2938 = CARTESIAN_POINT('',(45.851558285925,-0.282987395349,
    14.008673163341));
#2939 = CARTESIAN_POINT('',(46.80486773318,-2.157529780214,
    14.090701067853));
#2940 = CARTESIAN_POINT('',(48.402204934315,-3.100001687659,
    14.172734062877));
#2941 = CARTESIAN_POINT('',(51.59779507553,-3.09999747185,
    14.336795713219));
#2942 = CARTESIAN_POINT('',(53.195133024284,-2.157542584129,
    14.418828708258));
#2943 = CARTESIAN_POINT('',(54.148439788493,-0.282968032816,
    14.500856612735));
#2944 = CARTESIAN_POINT('',(53.800948283862,2.031638170615,
    14.582891673925));
#2945 = CARTESIAN_POINT('',(52.069459977541,3.606521525914,
    14.66492025354));
#2946 = CARTESIAN_POINT('',(49.981196606281,3.855319090434,
    14.74695258655));
#2947 = CARTESIAN_POINT('',(48.31013127238,3.050784373145,
    14.828983639165));
#2948 = CARTESIAN_POINT('',(46.53475784688,0.393750527043,
    14.993046136934));
#2949 = CARTESIAN_POINT('',(46.430952009057,-1.45799521843,
    15.075077189553));
#2950 = CARTESIAN_POINT('',(47.459965067524,-3.292085464579,
    15.157109522539));
#2951 = CARTESIAN_POINT('',(49.577554439078,-4.289097219552,
    15.239138102207));
#2952 = CARTESIAN_POINT('',(51.848986176665,-3.724365803636,
    15.321173163331));
#2953 = CARTESIAN_POINT('',(53.216021787425,-2.126266403285,
    15.403201067859));
#2954 = CARTESIAN_POINT('',(53.475477809938,-0.28985087216,
    15.485234062876));
#2955 = CARTESIAN_POINT('',(52.252574511353,2.662487840278,
    15.64929571322));
#2956 = CARTESIAN_POINT('',(50.77058496142,3.777573806363,
    15.731328708257));
#2957 = CARTESIAN_POINT('',(48.67388919663,3.940945790483,
    15.813356612737));
#2958 = CARTESIAN_POINT('',(46.66845114121,2.734144055145,
    15.895391673922));
#2959 = CARTESIAN_POINT('',(45.87606053129,0.531775680165,
    15.977420253543));
#2960 = CARTESIAN_POINT('',(46.445345348297,-1.492738812989,
    16.05945258655));
#2961 = CARTESIAN_POINT('',(47.828127524479,-2.7287197654,
    16.141483639165));
#2962 = CARTESIAN_POINT('',(50.962312708281,-3.352148103647,
    16.305546136934));
#2963 = CARTESIAN_POINT('',(52.712827476254,-2.739419774823,
    16.387577189552));
#2964 = CARTESIAN_POINT('',(54.013519666303,-1.086859720752,
    16.469609522542));
#2965 = CARTESIAN_POINT('',(54.124272051308,1.251077638391,
    16.551638102202));
#2966 = CARTESIAN_POINT('',(52.733288961112,3.133493573629,
    16.633673163334));
#2967 = CARTESIAN_POINT('',(50.733695754473,3.784903630852,
    16.715701067858));
#2968 = CARTESIAN_POINT('',(48.937779510853,3.321843940927,
    16.797734062875));
#2969 = CARTESIAN_POINT('',(46.67815903315,1.062217501142,
    16.961795713222));
#2970 = CARTESIAN_POINT('',(46.215086779781,-0.733687236286,
    17.043828708247));
#2971 = CARTESIAN_POINT('',(46.866521479361,-2.73330129099,
    17.125856612753));
#2972 = CARTESIAN_POINT('',(48.748908820905,-4.12426143376,
    17.207891673907));
#2973 = CARTESIAN_POINT('',(51.08686664394,-4.013525011008,
    17.28992025355));
#2974 = CARTESIAN_POINT('',(52.739418279708,-2.712826265274,
    17.371952586549));
#2975 = CARTESIAN_POINT('',(53.352147954794,-0.962312681571,
    17.453983639163));
#2976 = CARTESIAN_POINT('',(52.728719892712,2.171872557155,
    17.618046136937));
#2977 = CARTESIAN_POINT('',(51.49273973079,3.554656342665,
    17.700077189532));
#2978 = CARTESIAN_POINT('',(49.468219969193,4.12393188147,
    17.782109522594));
#2979 = CARTESIAN_POINT('',(47.265864391291,3.331563849883,
    17.864138102115));
#2980 = CARTESIAN_POINT('',(46.059045021307,1.326093651577,
    17.946173163443));
#2981 = CARTESIAN_POINT('',(46.222431792787,-0.770573421987,
    18.028201067753));
#2982 = CARTESIAN_POINT('',(47.337510555879,-2.252578410032,
    18.110234062953));
#2983 = CARTESIAN_POINT('',(50.289852493754,-3.47547391878,
    18.274295713054));
#2984 = CARTESIAN_POINT('',(52.126262207453,-3.216033906666,
    18.356328709107));
#2985 = CARTESIAN_POINT('',(53.724371423986,-1.848967550957,
    18.438356610645));
#2986 = CARTESIAN_POINT('',(54.289092609622,0.422428987594,
    18.520391677457));
#2987 = CARTESIAN_POINT('',(53.292087730772,2.540043374228,
    18.60242024906));
#2988 = CARTESIAN_POINT('',(51.457994693626,3.569046145991,
    18.684452590947));
#2989 = CARTESIAN_POINT('',(49.60624948859,3.465242005546,18.76648363581
    ));
#2990 = CARTESIAN_POINT('',(46.949215538791,1.689868813634,
    18.930546144202));
#2991 = CARTESIAN_POINT('',(46.144678810896,1.880359644407E-02,
    19.012577152239));
#2992 = CARTESIAN_POINT('',(46.393487603209,-2.069461098141,
    19.094609614117));
#2993 = CARTESIAN_POINT('',(47.968343981289,-3.800946209394,
    19.176637947903));
#2994 = CARTESIAN_POINT('',(50.282988364023,-4.148441723477,
    19.258673358537));
#2995 = CARTESIAN_POINT('',(52.157528831052,-3.195132257604,
    19.340700876589));
#2996 = CARTESIAN_POINT('',(53.100002411321,-1.597795072714,
    19.422734208702));
#2997 = CARTESIAN_POINT('',(53.099999157785,9.022189051828E-09,
    19.504764803019));
#2998 = CARTESIAN_POINT('',(52.458734122635,0.,-1.125));
#2999 = CARTESIAN_POINT('',(52.458733302538,1.267269717883,
    -1.042965200972));
#3000 = CARTESIAN_POINT('',(51.711229818907,2.534206044665,
    -0.960945220842));
#3001 = CARTESIAN_POINT('',(50.22443915728,3.290266049766,
    -0.878893770907));
#3002 = CARTESIAN_POINT('',(48.388622147456,3.014710528497,
    -0.796885041189));
#3003 = CARTESIAN_POINT('',(47.139524424957,1.641357099903,
    -0.714838006585));
#3004 = CARTESIAN_POINT('',(46.942191539103,-1.49094952405E-02,
    -0.63281331612));
#3005 = CARTESIAN_POINT('',(47.5803005853,-1.340302735514,-0.55078075645
    ));
#3006 = CARTESIAN_POINT('',(49.687700549987,-2.748422435587,
    -0.386718301873));
#3007 = CARTESIAN_POINT('',(51.156398142001,-2.830752808155,
    -0.304685941521));
#3008 = CARTESIAN_POINT('',(52.611072206229,-2.01461247021,
    -0.222660601581));
#3009 = CARTESIAN_POINT('',(53.401878153861,-0.335043702215,
    -0.140614854236));
#3010 = CARTESIAN_POINT('',(52.953918878932,1.466489946061,
    -5.860426346254E-02));
#3011 = CARTESIAN_POINT('',(51.686442952167,2.550765526877,
    2.344511072334E-02));
#3012 = CARTESIAN_POINT('',(50.229887668756,2.756537668647,
    0.105466909882));
#3013 = CARTESIAN_POINT('',(47.888278834555,1.786610408561,
    0.269534010126));
#3014 = CARTESIAN_POINT('',(47.003839749661,0.611171328002,
    0.351555813881));
#3015 = CARTESIAN_POINT('',(46.874301243878,-1.051775347687,
    0.433605173104));
#3016 = CARTESIAN_POINT('',(47.831418371628,-2.642398958838,
    0.515615793516));
#3017 = CARTESIAN_POINT('',(49.578240311136,-3.270854905401,
    0.597661498028));
#3018 = CARTESIAN_POINT('',(51.183947243337,-2.81934107544,
    0.679686885732));
#3019 = CARTESIAN_POINT('',(52.164257136465,-1.722599104871,
    0.761719204231));
#3020 = CARTESIAN_POINT('',(52.658723062954,0.763248657681,
    0.925781716278));
#3021 = CARTESIAN_POINT('',(52.172740167528,2.15165478045,1.007814034672
    ));
#3022 = CARTESIAN_POINT('',(50.862045156571,3.183274979318,
    1.089839422714));
#3023 = CARTESIAN_POINT('',(49.007697607849,3.271141276277,
    1.171885126562));
#3024 = CARTESIAN_POINT('',(47.514724140298,2.167863784566,
    1.253895747932));
#3025 = CARTESIAN_POINT('',(46.998026159402,0.581934420202,
    1.335945106082));
#3026 = CARTESIAN_POINT('',(47.365317065331,-0.842492784724,
    1.417966910786));
#3027 = CARTESIAN_POINT('',(49.15750791469,-2.634682166489,
    1.582034009709));
#3028 = CARTESIAN_POINT('',(50.581932207794,-3.001976273087,
    1.664055814428));
#3029 = CARTESIAN_POINT('',(52.167866844981,-2.485272105333,
    1.746105172545));
#3030 = CARTESIAN_POINT('',(53.271138575771,-0.992305877877,
    1.828115793958));
#3031 = CARTESIAN_POINT('',(53.183276346245,0.86204683784,1.910161497766
    ));
#3032 = CARTESIAN_POINT('',(52.151654519964,2.172739745428,
    1.992186885838));
#3033 = CARTESIAN_POINT('',(50.763248706207,2.658723009517,2.07421920421
    ));
#3034 = CARTESIAN_POINT('',(48.277400919513,2.164257204408,
    2.238281716288));
#3035 = CARTESIAN_POINT('',(47.180658522362,1.183947533598,2.32031403466
    ));
#3036 = CARTESIAN_POINT('',(46.729147000888,-0.42176071899,
    2.402339422727));
#3037 = CARTESIAN_POINT('',(47.35759721226,-2.168579441531,
    2.484385126553));
#3038 = CARTESIAN_POINT('',(48.948228916538,-3.125701053397,
    2.566395747937));
#3039 = CARTESIAN_POINT('',(50.611168353098,-2.996158849799,
    2.64844510608));
#3040 = CARTESIAN_POINT('',(51.786611348729,-2.111721607397,
    2.730466910787));
#3041 = CARTESIAN_POINT('',(52.756536691238,0.229888020743,
    2.894534009707));
#3042 = CARTESIAN_POINT('',(52.550768621106,1.686441840153,
    2.976555814434));
#3043 = CARTESIAN_POINT('',(51.466485305692,2.953920266918,
    3.058605172538));
#3044 = CARTESIAN_POINT('',(49.664960552642,3.401876997465,
    3.140615793963));
#3045 = CARTESIAN_POINT('',(47.985385452106,2.611072819859,
    3.222661497763));
#3046 = CARTESIAN_POINT('',(47.169247682762,1.156398068613,
    3.304686885838));
#3047 = CARTESIAN_POINT('',(47.251577594251,-0.31229938911,3.38671920421
    ));
#3048 = CARTESIAN_POINT('',(48.659697194467,-2.419699408688,
    3.550781716288));
#3049 = CARTESIAN_POINT('',(49.985090379813,-3.057808992252,
    3.63281403466));
#3050 = CARTESIAN_POINT('',(51.641357348352,-2.860473300138,
    3.714839422725));
#3051 = CARTESIAN_POINT('',(53.014709929162,-1.61138242823,
    3.796885126556));
#3052 = CARTESIAN_POINT('',(53.290266596262,0.224444230791,
    3.878895747933));
#3053 = CARTESIAN_POINT('',(52.534205834365,1.711226284884,
    3.960945106083));
#3054 = CARTESIAN_POINT('',(51.267269808204,2.45873453056,4.042966910786
    ));
#3055 = CARTESIAN_POINT('',(48.732730240422,2.458733492814,
    4.207034009708));
#3056 = CARTESIAN_POINT('',(47.465794010021,1.711229569339,
    4.289055814433));
#3057 = CARTESIAN_POINT('',(46.709733894425,0.224439411979,
    4.371105172539));
#3058 = CARTESIAN_POINT('',(46.985289515618,-1.611378053871,
    4.453115793962));
#3059 = CARTESIAN_POINT('',(48.358642873915,-2.860475455558,
    4.535161497764));
#3060 = CARTESIAN_POINT('',(50.014909505909,-3.057808509582,
    4.617186885838));
#3061 = CARTESIAN_POINT('',(51.340302733436,-2.419699405217,
    4.69921920421));
#3062 = CARTESIAN_POINT('',(52.748422436546,-0.312299454391,
    4.863281716288));
#3063 = CARTESIAN_POINT('',(52.830752806897,1.156398147743,4.94531403466
    ));
#3064 = CARTESIAN_POINT('',(52.014612471493,2.611072200367,
    5.027339422727));
#3065 = CARTESIAN_POINT('',(50.335043701202,3.401878158496,
    5.109385126554));
#3066 = CARTESIAN_POINT('',(48.53351005454,2.95391887618,5.191395747936)
  );
#3067 = CARTESIAN_POINT('',(47.449234472879,1.686442953288,5.27344510608
    ));
#3068 = CARTESIAN_POINT('',(47.243462331401,0.229887668538,
    5.355466910788));
#3069 = CARTESIAN_POINT('',(48.213389591414,-2.111721165345,5.5195340097
    ));
#3070 = CARTESIAN_POINT('',(49.388828672037,-2.996160250474,
    5.601555814455));
#3071 = CARTESIAN_POINT('',(51.051775347642,-3.125698755981,
    5.683605172511));
#3072 = CARTESIAN_POINT('',(52.642398958875,-2.168581628485,
    5.765615793982));
#3073 = CARTESIAN_POINT('',(53.270854905381,-0.421759688797,
    5.847661497757));
#3074 = CARTESIAN_POINT('',(52.819341075447,1.18394724331,5.929686885838
    ));
#3075 = CARTESIAN_POINT('',(51.722599104871,2.164257136471,
    6.011719204211));
#3076 = CARTESIAN_POINT('',(49.236751342319,2.658723062952,
    6.175781716288));
#3077 = CARTESIAN_POINT('',(47.848345219548,2.17274016753,6.257814034661
    ));
#3078 = CARTESIAN_POINT('',(46.816725020686,0.862045156571,6.33983942272
    ));
#3079 = CARTESIAN_POINT('',(46.728858723716,-0.992302392153,
    6.421885126569));
#3080 = CARTESIAN_POINT('',(47.83213621544,-2.485275859702,
    6.503895747917));
#3081 = CARTESIAN_POINT('',(49.418065579796,-3.001973840597,
    6.585945106093));
#3082 = CARTESIAN_POINT('',(50.842492784722,-2.634682934669,
    6.667966910785));
#3083 = CARTESIAN_POINT('',(52.634682166491,-0.842492085312,
    6.832034009696));
#3084 = CARTESIAN_POINT('',(53.001976273082,0.581932207805,
    6.914055814466));
#3085 = CARTESIAN_POINT('',(52.485272105336,2.167866844963,
    6.996105172497));
#3086 = CARTESIAN_POINT('',(50.992305877876,3.271138575788,
    7.078115793992));
#3087 = CARTESIAN_POINT('',(49.137953162159,3.183276346237,
    7.160161497754));
#3088 = CARTESIAN_POINT('',(47.827260254573,2.151654519965,
    7.242186885837));
#3089 = CARTESIAN_POINT('',(47.341276990482,0.763248706207,
    7.324219204212));
#3090 = CARTESIAN_POINT('',(47.835742795592,-1.722599080487,
    7.488281716288));
#3091 = CARTESIAN_POINT('',(48.816052466402,-2.819341477641,
    7.570314034661));
#3092 = CARTESIAN_POINT('',(50.42176071899,-3.270852999101,
    7.652339422716));
#3093 = CARTESIAN_POINT('',(52.168579441531,-2.642402787762,
    7.734385126579));
#3094 = CARTESIAN_POINT('',(53.125701053398,-1.051771083439,
    7.816395747902));
#3095 = CARTESIAN_POINT('',(52.996158849797,0.611168353086,
    7.898445106106));
#3096 = CARTESIAN_POINT('',(52.111721607398,1.786611348729,
    7.980466910777));
#3097 = CARTESIAN_POINT('',(49.770111979256,2.756536691238,8.14453400971
    ));
#3098 = CARTESIAN_POINT('',(48.313558159849,2.550768621105,
    8.226555814432));
#3099 = CARTESIAN_POINT('',(47.046079733079,1.466485305693,8.30860517254
    ));
#3100 = CARTESIAN_POINT('',(46.598123002538,-0.335039447359,
    8.390615793961));
#3101 = CARTESIAN_POINT('',(47.38892718014,-2.014614547894,
    8.472661497765));
#3102 = CARTESIAN_POINT('',(48.843601931387,-2.830752317238,
    8.554686885838));
#3103 = CARTESIAN_POINT('',(50.31229938911,-2.748422405749,
    8.636719204211));
#3104 = CARTESIAN_POINT('',(52.419699408688,-1.340302805533,
    8.800781716287));
#3105 = CARTESIAN_POINT('',(53.057808992249,-1.49096201874E-02,
    8.88281403466));
#3106 = CARTESIAN_POINT('',(52.860473300148,1.641357348355,
    8.964839422726));
#3107 = CARTESIAN_POINT('',(51.611382428211,3.014709929158,
    9.046885126553));
#3108 = CARTESIAN_POINT('',(49.775555769228,3.290266596265,
    9.128895747937));
#3109 = CARTESIAN_POINT('',(48.288773715107,2.534205834364,9.21094510608
    ));
#3110 = CARTESIAN_POINT('',(47.541265469438,1.267269808202,
    9.292966910786));
#3111 = CARTESIAN_POINT('',(47.541266507188,-1.267269759578,
    9.457034009713));
#3112 = CARTESIAN_POINT('',(48.288770430656,-2.53420598998,
    9.539055814418));
#3113 = CARTESIAN_POINT('',(49.775560588028,-3.290266105574,
    9.621105172557));
#3114 = CARTESIAN_POINT('',(51.611378053865,-3.014710484383,
    9.70311579395));
#3115 = CARTESIAN_POINT('',(52.86047545556,-1.641357126084,
    9.785161497768));
#3116 = CARTESIAN_POINT('',(53.057808509582,1.490950590868E-02,
    9.867186885839));
#3117 = CARTESIAN_POINT('',(52.419699405217,1.340302733436,9.94921920421
    ));
#3118 = CARTESIAN_POINT('',(50.312299454391,2.748422436546,
    10.113281716288));
#3119 = CARTESIAN_POINT('',(48.843601852257,2.830752806896,
    10.19531403466));
#3120 = CARTESIAN_POINT('',(47.388927799632,2.014612471497,
    10.27733942273));
#3121 = CARTESIAN_POINT('',(46.598121841506,0.335043701194,
    10.359385126545));
#3122 = CARTESIAN_POINT('',(47.046081123817,-1.466489945451,
    10.441395747946));
#3123 = CARTESIAN_POINT('',(48.313557046714,-2.550765527126,
    10.523445106074));
#3124 = CARTESIAN_POINT('',(49.770112331462,-2.756537668598,
    10.605466910787));
#3125 = CARTESIAN_POINT('',(52.111721165344,-1.786610408582,
    10.769534009714));
#3126 = CARTESIAN_POINT('',(52.996160250472,-0.611171327979,
    10.851555814414));
#3127 = CARTESIAN_POINT('',(53.125698755986,1.051775347666,
    10.933605172565));
#3128 = CARTESIAN_POINT('',(52.168581628479,2.642398958854,
    11.015615793943));
#3129 = CARTESIAN_POINT('',(50.421759688801,3.27085490539,
    11.097661497771));
#3130 = CARTESIAN_POINT('',(48.816052756689,2.819341075446,
    11.179686885838));
#3131 = CARTESIAN_POINT('',(47.83574286353,1.72259910487,11.26171920421)
  );
#3132 = CARTESIAN_POINT('',(47.341276937048,-0.763248657681,
    11.425781716288));
#3133 = CARTESIAN_POINT('',(47.827259832469,-2.151654780454,
    11.507814034659));
#3134 = CARTESIAN_POINT('',(49.137954843432,-3.183274979308,
    11.589839422732));
#3135 = CARTESIAN_POINT('',(50.99230239215,-3.271141276293,
    11.671885126543));
#3136 = CARTESIAN_POINT('',(52.485275859702,-2.167863784552,
    11.753895747949));
#3137 = CARTESIAN_POINT('',(53.001973840598,-0.581934420209,
    11.835945106071));
#3138 = CARTESIAN_POINT('',(52.634682934668,0.842492784724,
    11.917966910789));
#3139 = CARTESIAN_POINT('',(50.84249208531,2.634682166488,
    12.082034009707));
#3140 = CARTESIAN_POINT('',(49.418067792206,3.001976273088,
    12.164055814432));
#3141 = CARTESIAN_POINT('',(47.83213315502,2.48527210533,12.246105172542
    ));
#3142 = CARTESIAN_POINT('',(46.728861424228,0.99230587788,
    12.328115793959));
#3143 = CARTESIAN_POINT('',(46.816723653756,-0.862046837842,
    12.410161497766));
#3144 = CARTESIAN_POINT('',(47.848345480036,-2.172739745427,
    12.492186885838));
#3145 = CARTESIAN_POINT('',(49.236751293793,-2.658723009517,
    12.574219204211));
#3146 = CARTESIAN_POINT('',(51.722599080487,-2.164257204408,
    12.738281716288));
#3147 = CARTESIAN_POINT('',(52.81934147764,-1.183947533599,
    12.82031403466));
#3148 = CARTESIAN_POINT('',(53.270852999103,0.421760718992,
    12.902339422727));
#3149 = CARTESIAN_POINT('',(52.642402787757,2.168579441529,
    12.984385126552));
#3150 = CARTESIAN_POINT('',(51.051771083445,3.125701053399,
    13.066395747938));
#3151 = CARTESIAN_POINT('',(49.388831646911,2.996158849798,
    13.14844510608));
#3152 = CARTESIAN_POINT('',(48.213388651272,2.111721607397,
    13.230466910785));
#3153 = CARTESIAN_POINT('',(47.243463308763,-0.229888020744,
    13.394534009714));
#3154 = CARTESIAN_POINT('',(47.44923137889,-1.686441840149,
    13.476555814414));
#3155 = CARTESIAN_POINT('',(48.533514694314,-2.953920266926,
    13.558605172563));
#3156 = CARTESIAN_POINT('',(50.335039447354,-3.401876997458,
    13.640615793944));
#3157 = CARTESIAN_POINT('',(52.014614547895,-2.611072819862,
    13.72266149777));
#3158 = CARTESIAN_POINT('',(52.830752317238,-1.156398068613,
    13.804686885839));
#3159 = CARTESIAN_POINT('',(52.748422405749,0.31229938911,13.88671920421
    ));
#3160 = CARTESIAN_POINT('',(51.340302805533,2.419699408688,
    14.050781716288));
#3161 = CARTESIAN_POINT('',(50.014909620187,3.057808992249,
    14.132814034659));
#3162 = CARTESIAN_POINT('',(48.358642651645,2.860473300151,
    14.214839422732));
#3163 = CARTESIAN_POINT('',(46.985290070841,1.611382428204,
    14.29688512654));
#3164 = CARTESIAN_POINT('',(46.709733403735,-0.224444230765,
    14.378895747953));
#3165 = CARTESIAN_POINT('',(47.465794165636,-1.711226284899,
    14.460945106068));
#3166 = CARTESIAN_POINT('',(48.732730191797,-2.45873453056,
    14.542966910792));
#3167 = CARTESIAN_POINT('',(51.267269759579,-2.458733492814,
    14.707034009701));
#3168 = CARTESIAN_POINT('',(52.534205989977,-1.711229569337,
    14.789055814449));
#3169 = CARTESIAN_POINT('',(53.290266105578,-0.224439411981,
    14.871105172517));
#3170 = CARTESIAN_POINT('',(53.01471048438,1.611378053872,
    14.953115793979));
#3171 = CARTESIAN_POINT('',(51.641357126086,2.860475455558,
    15.035161497757));
#3172 = CARTESIAN_POINT('',(49.985090494091,3.057808509582,
    15.117186885839));
#3173 = CARTESIAN_POINT('',(48.659697266564,2.419699405217,
    15.199219204211));
#3174 = CARTESIAN_POINT('',(47.251577563453,0.312299454391,
    15.363281716288));
#3175 = CARTESIAN_POINT('',(47.169247193104,-1.156398147745,
    15.44531403466));
#3176 = CARTESIAN_POINT('',(47.985387528506,-2.611072200358,
    15.527339422719));
#3177 = CARTESIAN_POINT('',(49.664956298798,-3.401878158514,
    15.609385126574));
#3178 = CARTESIAN_POINT('',(51.466489945461,-2.953918876163,
    15.691395747908));
#3179 = CARTESIAN_POINT('',(52.550765527119,-1.686442953297,
    15.773445106102));
#3180 = CARTESIAN_POINT('',(52.756537668599,-0.229887668538,
    15.855466910778));
#3181 = CARTESIAN_POINT('',(51.786610408583,2.111721165345,
    16.019534009712));
#3182 = CARTESIAN_POINT('',(50.611171327975,2.996160250473,
    16.101555814423));
#3183 = CARTESIAN_POINT('',(48.94822465234,3.125698755984,
    16.183605172553));
#3184 = CARTESIAN_POINT('',(47.357601041141,2.168581628482,
    16.26561579395));
#3185 = CARTESIAN_POINT('',(46.729145094612,0.421759688799,
    16.34766149777));
#3186 = CARTESIAN_POINT('',(47.180658924554,-1.18394724331,
    16.429686885837));
#3187 = CARTESIAN_POINT('',(48.27740089513,-2.164257136471,
    16.51171920421));
#3188 = CARTESIAN_POINT('',(50.763248657681,-2.658723062952,
    16.675781716288));
#3189 = CARTESIAN_POINT('',(52.151654780455,-2.172740167532,
    16.75781403466));
#3190 = CARTESIAN_POINT('',(53.183274979303,-0.862045156565,
    16.839839422727));
#3191 = CARTESIAN_POINT('',(53.271141276303,0.992302392144,
    16.921885126553));
#3192 = CARTESIAN_POINT('',(52.167863784542,2.485275859708,
    17.003895747936));
#3193 = CARTESIAN_POINT('',(50.581934420215,3.001973840594,
    17.085945106083));
#3194 = CARTESIAN_POINT('',(49.157507215275,2.634682934669,
    17.167966910782));
#3195 = CARTESIAN_POINT('',(47.365317833513,0.842492085306,
    17.332034009723));
#3196 = CARTESIAN_POINT('',(46.998023726909,-0.58193220778,
    17.41405581439));
#3197 = CARTESIAN_POINT('',(47.51472789467,-2.167866845003,
    17.496105172595));
#3198 = CARTESIAN_POINT('',(49.007694122123,-3.271138575752,
    17.578115793918));
#3199 = CARTESIAN_POINT('',(50.862046837838,-3.183276346254,
    17.660161497787));
#3200 = CARTESIAN_POINT('',(52.172739745431,-2.151654519962,
    17.742186885828));
#3201 = CARTESIAN_POINT('',(52.658723009515,-0.763248706207,
    17.824219204218));
#3202 = CARTESIAN_POINT('',(52.164257204412,1.722599080488,
    17.988281716267));
#3203 = CARTESIAN_POINT('',(51.183947533574,2.819341477635,
    18.070314034766));
#3204 = CARTESIAN_POINT('',(49.578239281073,3.270852999119,
    18.152339422472));
#3205 = CARTESIAN_POINT('',(47.83142055836,2.642402787728,
    18.234385126977));
#3206 = CARTESIAN_POINT('',(46.874298946737,1.051771083481,
    18.316395747399));
#3207 = CARTESIAN_POINT('',(47.003841150074,-0.611168353123,
    18.398445106614));
#3208 = CARTESIAN_POINT('',(47.888278392695,-1.786611348706,
    18.48046691037));
#3209 = CARTESIAN_POINT('',(50.229888020545,-2.756536691284,
    18.644534010624));
#3210 = CARTESIAN_POINT('',(51.686441841171,-2.550768620867,
    18.726555809753));
#3211 = CARTESIAN_POINT('',(52.953920264413,-1.466485306288,
    18.808605183986));
#3212 = CARTESIAN_POINT('',(53.401877001695,0.335039448373,
    18.890615774717));
#3213 = CARTESIAN_POINT('',(52.611072814498,2.014614546602,
    18.972661522083));
#3214 = CARTESIAN_POINT('',(51.156398073872,2.830752318507,
    19.05468686202));
#3215 = CARTESIAN_POINT('',(49.68770060688,2.748422404781,19.13671922237
    ));
#3216 = CARTESIAN_POINT('',(47.580300599999,1.340302807629,
    19.300781676948));
#3217 = CARTESIAN_POINT('',(46.942190963153,1.490960942497E-02,
    19.382814236615));
#3218 = CARTESIAN_POINT('',(47.139526809306,-1.641357321939,
    19.464838927091));
#3219 = CARTESIAN_POINT('',(48.388617387365,-3.014709973668,
    19.546885961672));
#3220 = CARTESIAN_POINT('',(50.224444464083,-3.29026653996,
    19.628894691423));
#3221 = CARTESIAN_POINT('',(51.711226056286,-2.534205889528,
    19.710946141325));
#3222 = CARTESIAN_POINT('',(52.458734704853,-1.267269766149,
    19.792966121479));
#3223 = CARTESIAN_POINT('',(52.458733910055,-4.88334714536E-08,
    19.875000920494));
#3224 = DEFINITIONAL_REPRESENTATION('',(#3225),#3229);
#3225 = LINE('',#3226,#3227);
#3226 = CARTESIAN_POINT('',(0.,133.60756776291));
#3227 = VECTOR('',#3228,1.);
#3228 = DIRECTION('',(1.,0.));
#3229 = ( GEOMETRIC_REPRESENTATION_CONTEXT(2) 
PARAMETRIC_REPRESENTATION_CONTEXT() REPRESENTATION_CONTEXT('2D SPACE',''
  ) );
#3230 = ORIENTED_EDGE('',*,*,#3231,.T.);
#3231 = EDGE_CURVE('',#2758,#515,#3232,.T.);
#3232 = SURFACE_CURVE('',#3233,(#3241,#3252),.PCURVE_S1.);
#3233 = ( BOUNDED_CURVE() B_SPLINE_CURVE(6,(#3234,#3235,#3236,#3237,
#3238,#3239,#3240),.UNSPECIFIED.,.F.,.F.) B_SPLINE_CURVE_WITH_KNOTS((7,7
),(0.,2.094395102393),.PIECEWISE_BEZIER_KNOTS.) CURVE() 
GEOMETRIC_REPRESENTATION_ITEM() RATIONAL_B_SPLINE_CURVE((1.056590953773,
    1.017435169568,0.996326512422,0.989390034249,0.996326512422,
1.017435169568,1.056590953773)) REPRESENTATION_ITEM('') );
#3234 = CARTESIAN_POINT('',(52.458733910055,-4.883347104467E-08,
    19.875000920494));
#3235 = CARTESIAN_POINT('',(52.413422657319,-5.292150384584E-08,
    19.901161487202));
#3236 = CARTESIAN_POINT('',(52.381491732,-5.580233319868E-08,
    19.945439017769));
#3237 = CARTESIAN_POINT('',(52.369950633438,-5.684355985913E-08,
    20.000001071482));
#3238 = CARTESIAN_POINT('',(52.381491917579,-5.580226436486E-08,
    20.054563085941));
#3239 = CARTESIAN_POINT('',(52.413422993499,-5.292137505997E-08,
    20.098840507902));
#3240 = CARTESIAN_POINT('',(52.458734335213,-4.883330917416E-08,
    20.125000920494));
#3241 = PCURVE('',#530,#3242);
#3242 = DEFINITIONAL_REPRESENTATION('',(#3243),#3251);
#3243 = ( BOUNDED_CURVE() B_SPLINE_CURVE(6,(#3244,#3245,#3246,#3247,
#3248,#3249,#3250),.UNSPECIFIED.,.F.,.F.) B_SPLINE_CURVE_WITH_KNOTS((7,7
),(0.,2.094395102393),.PIECEWISE_BEZIER_KNOTS.) CURVE() 
GEOMETRIC_REPRESENTATION_ITEM() RATIONAL_B_SPLINE_CURVE((1.056590953773,
    1.017435169568,0.996326512422,0.989390034249,0.996326512422,
1.017435169568,1.056590953773)) REPRESENTATION_ITEM('') );
#3244 = CARTESIAN_POINT('',(-0.395415949816,0.124999327543));
#3245 = CARTESIAN_POINT('',(-0.440727202551,9.883876083508E-02));
#3246 = CARTESIAN_POINT('',(-0.472658127871,5.456123026831E-02));
#3247 = CARTESIAN_POINT('',(-0.484199226433,-8.234448927169E-07));
#3248 = CARTESIAN_POINT('',(-0.472657942291,-5.456283790344E-02));
#3249 = CARTESIAN_POINT('',(-0.440726866372,-9.884025986443E-02));
#3250 = CARTESIAN_POINT('',(-0.395415524658,-0.125000672457));
#3251 = ( GEOMETRIC_REPRESENTATION_CONTEXT(2) 
PARAMETRIC_REPRESENTATION_CONTEXT() REPRESENTATION_CONTEXT('2D SPACE',''
  ) );
#3252 = PCURVE('',#592,#3253);
#3253 = DEFINITIONAL_REPRESENTATION('',(#3254),#3258);
#3254 = LINE('',#3255,#3256);
#3255 = CARTESIAN_POINT('',(0.,133.60756776291));
#3256 = VECTOR('',#3257,1.);
#3257 = DIRECTION('',(1.,0.));
#3258 = ( GEOMETRIC_REPRESENTATION_CONTEXT(2) 
PARAMETRIC_REPRESENTATION_CONTEXT() REPRESENTATION_CONTEXT('2D SPACE',''
  ) );
#3259 = ADVANCED_FACE('',(#3260),#2771,.F.);
#3260 = FACE_BOUND('',#3261,.F.);
#3261 = EDGE_LOOP('',(#3262,#3451,#3581,#3825,#3826,#3998,#4170,#4321,
    #4472,#4665,#4816,#5009,#5181,#5332,#5465,#5637,#5809,#5978,#6150,
    #6319,#6470,#6621,#6793,#6980));
#3262 = ORIENTED_EDGE('',*,*,#3263,.F.);
#3263 = EDGE_CURVE('',#3264,#3266,#3268,.T.);
#3264 = VERTEX_POINT('',#3265);
#3265 = CARTESIAN_POINT('',(51.484534758194,2.011506040685,0.));
#3266 = VERTEX_POINT('',#3267);
#3267 = CARTESIAN_POINT('',(52.771791658289,-1.14768070605,0.5));
#3268 = SURFACE_CURVE('',#3269,(#3326,#3386),.PCURVE_S1.);
#3269 = B_SPLINE_CURVE_WITH_KNOTS('',7,(#3270,#3271,#3272,#3273,#3274,
    #3275,#3276,#3277,#3278,#3279,#3280,#3281,#3282,#3283,#3284,#3285,
    #3286,#3287,#3288,#3289,#3290,#3291,#3292,#3293,#3294,#3295,#3296,
    #3297,#3298,#3299,#3300,#3301,#3302,#3303,#3304,#3305,#3306,#3307,
    #3308,#3309,#3310,#3311,#3312,#3313,#3314,#3315,#3316,#3317,#3318,
    #3319,#3320,#3321,#3322,#3323,#3324,#3325),.UNSPECIFIED.,.F.,.F.,(8,
    6,6,6,6,6,6,6,6,8),(0.,0.113524798463,0.172062746307,0.231093526738,
    0.352099859741,0.473934489389,0.60056746741,0.729455781424,
    0.863375777772,1.),.UNSPECIFIED.);
#3270 = CARTESIAN_POINT('',(51.484534731079,2.011506060697,
    5.844155884701E-17));
#3271 = CARTESIAN_POINT('',(51.315744151055,2.146924856877,
    8.728101338642E-03));
#3272 = CARTESIAN_POINT('',(51.133063957306,2.265445120056,
    1.742967801526E-02));
#3273 = CARTESIAN_POINT('',(50.938634554293,2.365366871927,
    2.610130852609E-02));
#3274 = CARTESIAN_POINT('',(50.734777975601,2.445413608438,
    3.474313995811E-02));
#3275 = CARTESIAN_POINT('',(50.523941676271,2.504660223879,
    4.335817490991E-02));
#3276 = CARTESIAN_POINT('',(50.308673477247,2.542532325283,
    5.194970664251E-02));
#3277 = CARTESIAN_POINT('',(49.979710118039,2.567304875765,
    6.493449287891E-02));
#3278 = CARTESIAN_POINT('',(49.867306009709,2.570009952969,
    6.934615022683E-02));
#3279 = CARTESIAN_POINT('',(49.754770177256,2.566969784896,
    7.37520586048E-02));
#3280 = CARTESIAN_POINT('',(49.642454856653,2.558189199756,
    7.815246493519E-02));
#3281 = CARTESIAN_POINT('',(49.530708977542,2.543699647863,
    8.254744536785E-02));
#3282 = CARTESIAN_POINT('',(49.419877461238,2.523558611687,
    8.693667168597E-02));
#3283 = CARTESIAN_POINT('',(49.199801044932,2.471922970351,
    9.573858017594E-02));
#3284 = CARTESIAN_POINT('',(49.090574450028,2.440333082561,0.10015073263
    ));
#3285 = CARTESIAN_POINT('',(48.982968566687,2.40316785798,0.104558489744
    ));
#3286 = CARTESIAN_POINT('',(48.877325541994,2.360526818821,
    0.108948536677));
#3287 = CARTESIAN_POINT('',(48.773967967858,2.312560841224,
    0.113335908165));
#3288 = CARTESIAN_POINT('',(48.67321130851,2.259424421378,0.117715183103
    ));
#3289 = CARTESIAN_POINT('',(48.374768150095,2.082165721044,
    0.131053571082));
#3290 = CARTESIAN_POINT('',(48.186326400742,1.942055577051,
    0.139995131175));
#3291 = CARTESIAN_POINT('',(48.012700323845,1.782586159511,
    0.148914929844));
#3292 = CARTESIAN_POINT('',(47.856166848169,1.605736400635,0.15781109113
    ));
#3293 = CARTESIAN_POINT('',(47.718670815059,1.41376075788,0.166681901764
    ));
#3294 = CARTESIAN_POINT('',(47.601814078115,1.209163631955,
    0.175526103657));
#3295 = CARTESIAN_POINT('',(47.411084493183,0.778847918443,
    0.193213786747));
#3296 = CARTESIAN_POINT('',(47.337468443119,0.552897341893,
    0.202060766227));
#3297 = CARTESIAN_POINT('',(47.287157627565,0.319716423427,
    0.210876959616));
#3298 = CARTESIAN_POINT('',(47.260855523922,8.220624560105E-02,
    0.219664286915));
#3299 = CARTESIAN_POINT('',(47.258842992884,-0.156699481144,
    0.228426291982));
#3300 = CARTESIAN_POINT('',(47.280987101381,-0.394060783638,
    0.237164739482));
#3301 = CARTESIAN_POINT('',(47.374118727722,-0.868999534667,
    0.254932107393));
#3302 = CARTESIAN_POINT('',(47.447018135918,-1.106331618863,
    0.263963094819));
#3303 = CARTESIAN_POINT('',(47.544680712998,-1.335644250561,
    0.272967018593));
#3304 = CARTESIAN_POINT('',(47.665909091986,-1.553915694864,
    0.281944467239));
#3305 = CARTESIAN_POINT('',(47.809104441659,-1.75836526025,
    0.290896806894));
#3306 = CARTESIAN_POINT('',(47.972290475339,-1.946471920183,
    0.299823888749));
#3307 = CARTESIAN_POINT('',(48.337002066705,-2.288638151981,
    0.317778752959));
#3308 = CARTESIAN_POINT('',(48.539249074918,-2.442116259161,
    0.32680984147));
#3309 = CARTESIAN_POINT('',(48.757252079115,-2.574144981844,
    0.335811698594));
#3310 = CARTESIAN_POINT('',(48.98821283358,-2.682934030499,
    0.344785796488));
#3311 = CARTESIAN_POINT('',(49.229143932115,-2.767132991865,
    0.353735265967));
#3312 = CARTESIAN_POINT('',(49.476899530111,-2.825831574925,
    0.36266151003));
#3313 = CARTESIAN_POINT('',(49.989215936546,-2.892778709125,
    0.380807701195));
#3314 = CARTESIAN_POINT('',(50.254191324964,-2.898985861218,
    0.390030216023));
#3315 = CARTESIAN_POINT('',(50.519360870028,-2.876828189249,
    0.399224672364));
#3316 = CARTESIAN_POINT('',(50.781117176487,-2.826517717537,
    0.40839123887));
#3317 = CARTESIAN_POINT('',(51.035970103315,-2.748781697356,
    0.417530677503));
#3318 = CARTESIAN_POINT('',(51.28057499296,-2.644843717397,
    0.426642112454));
#3319 = CARTESIAN_POINT('',(51.747660054541,-2.385645974518,
    0.444985052774));
#3320 = CARTESIAN_POINT('',(51.969721252838,-2.229321218296,
    0.454220135189));
#3321 = CARTESIAN_POINT('',(52.174609181318,-2.049464816741,
    0.463423582871));
#3322 = CARTESIAN_POINT('',(52.359472541675,-1.848463031052,
    0.472598294282));
#3323 = CARTESIAN_POINT('',(52.521876105476,-1.629058470731,
    0.481751579867));
#3324 = CARTESIAN_POINT('',(52.659809026371,-1.394315296556,
    0.490888414159));
#3325 = CARTESIAN_POINT('',(52.771791658289,-1.14768070605,0.5));
#3326 = PCURVE('',#2771,#3327);
#3327 = DEFINITIONAL_REPRESENTATION('',(#3328),#3385);
#3328 = B_SPLINE_CURVE_WITH_KNOTS('',7,(#3329,#3330,#3331,#3332,#3333,
    #3334,#3335,#3336,#3337,#3338,#3339,#3340,#3341,#3342,#3343,#3344,
    #3345,#3346,#3347,#3348,#3349,#3350,#3351,#3352,#3353,#3354,#3355,
    #3356,#3357,#3358,#3359,#3360,#3361,#3362,#3363,#3364,#3365,#3366,
    #3367,#3368,#3369,#3370,#3371,#3372,#3373,#3374,#3375,#3376,#3377,
    #3378,#3379,#3380,#3381,#3382,#3383,#3384),.UNSPECIFIED.,.F.,.F.,(8,
    6,6,6,6,6,6,6,6,8),(0.,0.113524798463,0.172062746307,0.231093526738,
    0.352099859741,0.473934489389,0.60056746741,0.729455781424,
    0.863375777772,1.),.UNSPECIFIED.);
#3329 = CARTESIAN_POINT('',(0.692849590557,7.309032183935));
#3330 = CARTESIAN_POINT('',(0.682775460426,7.39660967671));
#3331 = CARTESIAN_POINT('',(0.672726966884,7.483936904673));
#3332 = CARTESIAN_POINT('',(0.662705704093,7.570987082035));
#3333 = CARTESIAN_POINT('',(0.652709553924,7.65776793967));
#3334 = CARTESIAN_POINT('',(0.642738994466,7.744297097913));
#3335 = CARTESIAN_POINT('',(0.632798983033,7.830579715942));
#3336 = CARTESIAN_POINT('',(0.617790250972,7.960937960459));
#3337 = CARTESIAN_POINT('',(0.612693414898,8.005220092532));
#3338 = CARTESIAN_POINT('',(0.607606441334,8.049434260334));
#3339 = CARTESIAN_POINT('',(0.602529602319,8.093581140769));
#3340 = CARTESIAN_POINT('',(0.597462710445,8.137661774956));
#3341 = CARTESIAN_POINT('',(0.592404923264,8.181676701919));
#3342 = CARTESIAN_POINT('',(0.582261652884,8.269943485346));
#3343 = CARTESIAN_POINT('',(0.577175013234,8.314195796747));
#3344 = CARTESIAN_POINT('',(0.57210084461,8.358379765558));
#3345 = CARTESIAN_POINT('',(0.567012538554,8.402495233877));
#3346 = CARTESIAN_POINT('',(0.561939005582,8.446549045835));
#3347 = CARTESIAN_POINT('',(0.556870450705,8.490534580793));
#3348 = CARTESIAN_POINT('',(0.541439985328,8.62448342923));
#3349 = CARTESIAN_POINT('',(0.53110345727,8.714254503515));
#3350 = CARTESIAN_POINT('',(0.520814341907,8.803736288813));
#3351 = CARTESIAN_POINT('',(0.5105652077,8.892940333454));
#3352 = CARTESIAN_POINT('',(0.500345774231,8.981888438063));
#3353 = CARTESIAN_POINT('',(0.490151907036,9.0705857774));
#3354 = CARTESIAN_POINT('',(0.469750888145,9.24801794058));
#3355 = CARTESIAN_POINT('',(0.459539676648,9.336787933948));
#3356 = CARTESIAN_POINT('',(0.449354766607,9.425278339447));
#3357 = CARTESIAN_POINT('',(0.439197230498,9.513498012787));
#3358 = CARTESIAN_POINT('',(0.429067653916,9.601467669157));
#3359 = CARTESIAN_POINT('',(0.418967422144,9.689194135354));
#3360 = CARTESIAN_POINT('',(0.398437389988,9.867543611621));
#3361 = CARTESIAN_POINT('',(0.38800543932,9.958186615714));
#3362 = CARTESIAN_POINT('',(0.377609469246,10.048543013549));
#3363 = CARTESIAN_POINT('',(0.367247243148,10.138623648432));
#3364 = CARTESIAN_POINT('',(0.356914418032,10.228451009968));
#3365 = CARTESIAN_POINT('',(0.346608901053,10.318030796272));
#3366 = CARTESIAN_POINT('',(0.325877621607,10.498213542593));
#3367 = CARTESIAN_POINT('',(0.315447973252,10.588849898344));
#3368 = CARTESIAN_POINT('',(0.305049502199,10.679201075475));
#3369 = CARTESIAN_POINT('',(0.294682252909,10.769276299022));
#3370 = CARTESIAN_POINT('',(0.284345452852,10.85909795178));
#3371 = CARTESIAN_POINT('',(0.274039740604,10.948672937548));
#3372 = CARTESIAN_POINT('',(0.253096868648,11.130745905152));
#3373 = CARTESIAN_POINT('',(0.242457032234,11.223268738564));
#3374 = CARTESIAN_POINT('',(0.231853491809,11.315497601954));
#3375 = CARTESIAN_POINT('',(0.221282709284,11.407444829175));
#3376 = CARTESIAN_POINT('',(0.210738119049,11.499136153771));
#3377 = CARTESIAN_POINT('',(0.200215850291,11.590578311488));
#3378 = CARTESIAN_POINT('',(0.179015135729,11.774723371922));
#3379 = CARTESIAN_POINT('',(0.16833211982,11.867463570813));
#3380 = CARTESIAN_POINT('',(0.157677711829,11.959911492434));
#3381 = CARTESIAN_POINT('',(0.147054538668,12.052077213051));
#3382 = CARTESIAN_POINT('',(0.136469134828,12.143986457713));
#3383 = CARTESIAN_POINT('',(0.12592873905,12.235647857862));
#3384 = CARTESIAN_POINT('',(0.115428296368,12.327021528641));
#3385 = ( GEOMETRIC_REPRESENTATION_CONTEXT(2) 
PARAMETRIC_REPRESENTATION_CONTEXT() REPRESENTATION_CONTEXT('2D SPACE',''
  ) );
#3386 = PCURVE('',#3387,#3392);
#3387 = CONICAL_SURFACE('',#3388,3.,0.785398163397);
#3388 = AXIS2_PLACEMENT_3D('',#3389,#3390,#3391);
#3389 = CARTESIAN_POINT('',(50.,0.,0.5));
#3390 = DIRECTION('',(0.,0.,1.));
#3391 = DIRECTION('',(1.,0.,-0.));
#3392 = DEFINITIONAL_REPRESENTATION('',(#3393),#3450);
#3393 = B_SPLINE_CURVE_WITH_KNOTS('',7,(#3394,#3395,#3396,#3397,#3398,
    #3399,#3400,#3401,#3402,#3403,#3404,#3405,#3406,#3407,#3408,#3409,
    #3410,#3411,#3412,#3413,#3414,#3415,#3416,#3417,#3418,#3419,#3420,
    #3421,#3422,#3423,#3424,#3425,#3426,#3427,#3428,#3429,#3430,#3431,
    #3432,#3433,#3434,#3435,#3436,#3437,#3438,#3439,#3440,#3441,#3442,
    #3443,#3444,#3445,#3446,#3447,#3448,#3449),.UNSPECIFIED.,.F.,.F.,(8,
    6,6,6,6,6,6,6,6,8),(0.,0.113524798463,0.172062746307,0.231093526738,
    0.352099859741,0.473934489389,0.60056746741,0.729455781424,
    0.863375777772,1.),.UNSPECIFIED.);
#3394 = CARTESIAN_POINT('',(0.935005635021,-0.5));
#3395 = CARTESIAN_POINT('',(1.021494783962,-0.491271899146));
#3396 = CARTESIAN_POINT('',(1.107735430462,-0.482570321297));
#3397 = CARTESIAN_POINT('',(1.193701109113,-0.473898691577));
#3398 = CARTESIAN_POINT('',(1.279400704409,-0.465256860484));
#3399 = CARTESIAN_POINT('',(1.364852922228,-0.456641824806));
#3400 = CARTESIAN_POINT('',(1.45006331421,-0.448050293357));
#3401 = CARTESIAN_POINT('',(1.578802611046,-0.435065507121));
#3402 = CARTESIAN_POINT('',(1.622534964935,-0.430653849773));
#3403 = CARTESIAN_POINT('',(1.666200287236,-0.426247941395));
#3404 = CARTESIAN_POINT('',(1.70979901588,-0.421847535065));
#3405 = CARTESIAN_POINT('',(1.753331942535,-0.417452554632));
#3406 = CARTESIAN_POINT('',(1.796799498959,-0.413063328314));
#3407 = CARTESIAN_POINT('',(1.883967986502,-0.404261419824));
#3408 = CARTESIAN_POINT('',(1.927669050852,-0.39984926737));
#3409 = CARTESIAN_POINT('',(1.97130339582,-0.395441510256));
#3410 = CARTESIAN_POINT('',(2.01487192977,-0.391051463323));
#3411 = CARTESIAN_POINT('',(2.058375254902,-0.386664091835));
#3412 = CARTESIAN_POINT('',(2.101814046541,-0.382284816897));
#3413 = CARTESIAN_POINT('',(2.234097463188,-0.368946428918));
#3414 = CARTESIAN_POINT('',(2.32275405526,-0.360004868825));
#3415 = CARTESIAN_POINT('',(2.411126068239,-0.351085070156));
#3416 = CARTESIAN_POINT('',(2.499222088951,-0.34218890887));
#3417 = CARTESIAN_POINT('',(2.587063014718,-0.333318098236));
#3418 = CARTESIAN_POINT('',(2.674655835204,-0.324473896343));
#3419 = CARTESIAN_POINT('',(2.849878764076,-0.306786213253));
#3420 = CARTESIAN_POINT('',(2.937543665735,-0.297939233954));
#3421 = CARTESIAN_POINT('',(3.024933680005,-0.289123039776));
#3422 = CARTESIAN_POINT('',(3.112058316959,-0.280335713332));
#3423 = CARTESIAN_POINT('',(3.198937733436,-0.271573709301));
#3424 = CARTESIAN_POINT('',(3.285577501366,-0.262835259392));
#3425 = CARTESIAN_POINT('',(3.461717068511,-0.245067891482));
#3426 = CARTESIAN_POINT('',(3.551236578485,-0.236036903154));
#3427 = CARTESIAN_POINT('',(3.640471669905,-0.227032980548));
#3428 = CARTESIAN_POINT('',(3.729432172461,-0.218055532724));
#3429 = CARTESIAN_POINT('',(3.818140376871,-0.209103192993));
#3430 = CARTESIAN_POINT('',(3.90660289495,-0.200176112031));
#3431 = CARTESIAN_POINT('',(4.084537852709,-0.18222124782));
#3432 = CARTESIAN_POINT('',(4.174043270987,-0.173190160847));
#3433 = CARTESIAN_POINT('',(4.263267833618,-0.164188299689));
#3434 = CARTESIAN_POINT('',(4.352221825554,-0.155214201403));
#3435 = CARTESIAN_POINT('',(4.440927699822,-0.146264735708));
#3436 = CARTESIAN_POINT('',(4.529391650813,-0.137338490791));
#3437 = CARTESIAN_POINT('',(4.709207898327,-0.119192299626));
#3438 = CARTESIAN_POINT('',(4.800584789977,-0.109969782711));
#3439 = CARTESIAN_POINT('',(4.891671269394,-0.100775327745));
#3440 = CARTESIAN_POINT('',(4.98247801562,-9.160876188052E-02));
#3441 = CARTESIAN_POINT('',(5.073029850873,-8.246932206621E-02));
#3442 = CARTESIAN_POINT('',(5.163334073404,-7.335788754561E-02));
#3443 = CARTESIAN_POINT('',(5.345186581807,-5.501494722554E-02));
#3444 = CARTESIAN_POINT('',(5.436771718073,-4.577986417819E-02));
#3445 = CARTESIAN_POINT('',(5.528068527704,-3.657641811774E-02));
#3446 = CARTESIAN_POINT('',(5.619089013399,-2.74017059441E-02));
#3447 = CARTESIAN_POINT('',(5.709858164101,-1.824841859275E-02));
#3448 = CARTESIAN_POINT('',(5.800381790767,-9.111586929684E-03));
#3449 = CARTESIAN_POINT('',(5.890619569287,0.));
#3450 = ( GEOMETRIC_REPRESENTATION_CONTEXT(2) 
PARAMETRIC_REPRESENTATION_CONTEXT() REPRESENTATION_CONTEXT('2D SPACE',''
  ) );
#3451 = ORIENTED_EDGE('',*,*,#3452,.F.);
#3452 = EDGE_CURVE('',#3453,#3264,#3455,.T.);
#3453 = VERTEX_POINT('',#3454);
#3454 = CARTESIAN_POINT('',(51.738595606721,1.738600384332,
    3.720554234369E-17));
#3455 = SURFACE_CURVE('',#3456,(#3494,#3535),.PCURVE_S1.);
#3456 = B_SPLINE_CURVE_WITH_KNOTS('',8,(#3457,#3458,#3459,#3460,#3461,
    #3462,#3463,#3464,#3465,#3466,#3467,#3468,#3469,#3470,#3471,#3472,
    #3473,#3474,#3475,#3476,#3477,#3478,#3479,#3480,#3481,#3482,#3483,
    #3484,#3485,#3486,#3487,#3488,#3489,#3490,#3491,#3492,#3493),
  .UNSPECIFIED.,.F.,.F.,(9,7,7,7,7,9),(0.,0.208591258041,0.441168782964,
    0.568889469689,0.699841643467,1.),.UNSPECIFIED.);
#3457 = CARTESIAN_POINT('',(51.738595606721,1.738600384332,0.));
#3458 = CARTESIAN_POINT('',(51.634655819225,1.868798124495,0.));
#3459 = CARTESIAN_POINT('',(51.520425274826,1.991081250894,0.));
#3460 = CARTESIAN_POINT('',(51.396713426485,2.104544358974,0.));
#3461 = CARTESIAN_POINT('',(51.264400944675,2.208412991315,0.));
#3462 = CARTESIAN_POINT('',(51.124423051982,2.302027652932,0.));
#3463 = CARTESIAN_POINT('',(50.977759741208,2.384836045991,0.));
#3464 = CARTESIAN_POINT('',(50.825432876958,2.456393523943,0.));
#3465 = CARTESIAN_POINT('',(50.493542674266,2.583247007139,0.));
#3466 = CARTESIAN_POINT('',(50.312818048396,2.635743233694,0.));
#3467 = CARTESIAN_POINT('',(50.12780226646,2.673397388057,0.));
#3468 = CARTESIAN_POINT('',(49.939952873482,2.695948013314,0.));
#3469 = CARTESIAN_POINT('',(49.750710741563,2.70330229739,0.));
#3470 = CARTESIAN_POINT('',(49.5614941204,2.695517458403,0.));
#3471 = CARTESIAN_POINT('',(49.37369499295,2.67279647033,0.));
#3472 = CARTESIAN_POINT('',(49.087074921886,2.615015626313,0.));
#3473 = CARTESIAN_POINT('',(48.986300752348,2.590133966149,0.));
#3474 = CARTESIAN_POINT('',(48.886574688489,2.560917450246,0.));
#3475 = CARTESIAN_POINT('',(48.788118415985,2.527409307703,0.));
#3476 = CARTESIAN_POINT('',(48.691127213743,2.489731737094,0.));
#3477 = CARTESIAN_POINT('',(48.595805785065,2.44795526526,0.));
#3478 = CARTESIAN_POINT('',(48.502343563678,2.402197192198,0.));
#3479 = CARTESIAN_POINT('',(48.317194719306,2.30168931981,0.));
#3480 = CARTESIAN_POINT('',(48.225609987521,2.24674009967,0.));
#3481 = CARTESIAN_POINT('',(48.136369527773,2.187848310318,0.));
#3482 = CARTESIAN_POINT('',(48.049661022212,2.125148294144,0.));
#3483 = CARTESIAN_POINT('',(47.965661819984,2.058783477642,0.));
#3484 = CARTESIAN_POINT('',(47.884539011909,1.988906027383,0.));
#3485 = CARTESIAN_POINT('',(47.806449505148,1.915676506002,0.));
#3486 = CARTESIAN_POINT('',(47.559838598566,1.66411566171,0.));
#3487 = CARTESIAN_POINT('',(47.404804119281,1.472200778359,0.));
#3488 = CARTESIAN_POINT('',(47.268264822867,1.265591297104,0.));
#3489 = CARTESIAN_POINT('',(47.151639459107,1.04650735799,0.));
#3490 = CARTESIAN_POINT('',(47.056011871286,0.817266946219,0.));
#3491 = CARTESIAN_POINT('',(46.982165253931,0.580257633651,0.));
#3492 = CARTESIAN_POINT('',(46.930576161742,0.337929937731,0.));
#3493 = CARTESIAN_POINT('',(46.901368269687,9.281229781062E-02,0.));
#3494 = PCURVE('',#2771,#3495);
#3495 = DEFINITIONAL_REPRESENTATION('',(#3496),#3534);
#3496 = B_SPLINE_CURVE_WITH_KNOTS('',8,(#3497,#3498,#3499,#3500,#3501,
    #3502,#3503,#3504,#3505,#3506,#3507,#3508,#3509,#3510,#3511,#3512,
    #3513,#3514,#3515,#3516,#3517,#3518,#3519,#3520,#3521,#3522,#3523,
    #3524,#3525,#3526,#3527,#3528,#3529,#3530,#3531,#3532,#3533),
  .UNSPECIFIED.,.F.,.F.,(9,7,7,7,7,9),(0.,0.208591258041,0.441168782964,
    0.568889469689,0.699841643467,1.),.UNSPECIFIED.);
#3497 = CARTESIAN_POINT('',(0.740470053838,7.157545316396));
#3498 = CARTESIAN_POINT('',(0.719037140846,7.225726181119));
#3499 = CARTESIAN_POINT('',(0.697756479025,7.293422713615));
#3500 = CARTESIAN_POINT('',(0.676627483478,7.360636795455));
#3501 = CARTESIAN_POINT('',(0.655646493663,7.427380094577));
#3502 = CARTESIAN_POINT('',(0.634808752612,7.493667763667));
#3503 = CARTESIAN_POINT('',(0.61411007379,7.55951313298));
#3504 = CARTESIAN_POINT('',(0.593548195579,7.624923397601));
#3505 = CARTESIAN_POINT('',(0.550350817616,7.762340546207));
#3506 = CARTESIAN_POINT('',(0.527743215657,7.834258698964));
#3507 = CARTESIAN_POINT('',(0.505300889752,7.905651143814));
#3508 = CARTESIAN_POINT('',(0.483019575845,7.976531405381));
#3509 = CARTESIAN_POINT('',(0.460893534737,8.046917674828));
#3510 = CARTESIAN_POINT('',(0.438917770183,8.116825758636));
#3511 = CARTESIAN_POINT('',(0.417089803948,8.186263447858));
#3512 = CARTESIAN_POINT('',(0.383506028059,8.293097481491));
#3513 = CARTESIAN_POINT('',(0.371644724287,8.330829704379));
#3514 = CARTESIAN_POINT('',(0.359827259941,8.368422082337));
#3515 = CARTESIAN_POINT('',(0.348052906411,8.405877178135));
#3516 = CARTESIAN_POINT('',(0.33631953326,8.443203217663));
#3517 = CARTESIAN_POINT('',(0.324629086821,8.48039174367));
#3518 = CARTESIAN_POINT('',(0.312979564179,8.51745058094));
#3519 = CARTESIAN_POINT('',(0.289469359649,8.592239883433));
#3520 = CARTESIAN_POINT('',(0.27761034235,8.629965134983));
#3521 = CARTESIAN_POINT('',(0.26579389975,8.667554959927));
#3522 = CARTESIAN_POINT('',(0.254019515446,8.705010987269));
#3523 = CARTESIAN_POINT('',(0.242286603977,8.742335072198));
#3524 = CARTESIAN_POINT('',(0.230594596546,8.779529021411));
#3525 = CARTESIAN_POINT('',(0.218943026748,8.816594318436));
#3526 = CARTESIAN_POINT('',(0.180716847087,8.938197174716));
#3527 = CARTESIAN_POINT('',(0.154306914011,9.022210814257));
#3528 = CARTESIAN_POINT('',(0.128105518251,9.105561009248));
#3529 = CARTESIAN_POINT('',(0.102106945591,9.188265980386));
#3530 = CARTESIAN_POINT('',(7.630192841162E-02,9.27035524446));
#3531 = CARTESIAN_POINT('',(5.068260288257E-02,9.351853829086));
#3532 = CARTESIAN_POINT('',(2.524656136425E-02,9.432769385078));
#3533 = CARTESIAN_POINT('',(0.,9.513082196481));
#3534 = ( GEOMETRIC_REPRESENTATION_CONTEXT(2) 
PARAMETRIC_REPRESENTATION_CONTEXT() REPRESENTATION_CONTEXT('2D SPACE',''
  ) );
#3535 = PCURVE('',#3536,#3541);
#3536 = PLANE('',#3537);
#3537 = AXIS2_PLACEMENT_3D('',#3538,#3539,#3540);
#3538 = CARTESIAN_POINT('',(50.,1.054420088418E-16,0.));
#3539 = DIRECTION('',(0.,0.,1.));
#3540 = DIRECTION('',(1.,0.,-0.));
#3541 = DEFINITIONAL_REPRESENTATION('',(#3542),#3580);
#3542 = B_SPLINE_CURVE_WITH_KNOTS('',8,(#3543,#3544,#3545,#3546,#3547,
    #3548,#3549,#3550,#3551,#3552,#3553,#3554,#3555,#3556,#3557,#3558,
    #3559,#3560,#3561,#3562,#3563,#3564,#3565,#3566,#3567,#3568,#3569,
    #3570,#3571,#3572,#3573,#3574,#3575,#3576,#3577,#3578,#3579),
  .UNSPECIFIED.,.F.,.F.,(9,7,7,7,7,9),(0.,0.208591258041,0.441168782964,
    0.568889469689,0.699841643467,1.),.UNSPECIFIED.);
#3543 = CARTESIAN_POINT('',(1.738595606721,1.738600384332));
#3544 = CARTESIAN_POINT('',(1.634655819225,1.868798124495));
#3545 = CARTESIAN_POINT('',(1.520425274826,1.991081250894));
#3546 = CARTESIAN_POINT('',(1.396713426485,2.104544358974));
#3547 = CARTESIAN_POINT('',(1.264400944675,2.208412991315));
#3548 = CARTESIAN_POINT('',(1.124423051982,2.302027652932));
#3549 = CARTESIAN_POINT('',(0.977759741208,2.384836045991));
#3550 = CARTESIAN_POINT('',(0.825432876958,2.456393523943));
#3551 = CARTESIAN_POINT('',(0.493542674266,2.583247007139));
#3552 = CARTESIAN_POINT('',(0.312818048396,2.635743233694));
#3553 = CARTESIAN_POINT('',(0.12780226646,2.673397388057));
#3554 = CARTESIAN_POINT('',(-6.00471265183E-02,2.695948013314));
#3555 = CARTESIAN_POINT('',(-0.249289258437,2.70330229739));
#3556 = CARTESIAN_POINT('',(-0.4385058796,2.695517458403));
#3557 = CARTESIAN_POINT('',(-0.62630500705,2.67279647033));
#3558 = CARTESIAN_POINT('',(-0.912925078114,2.615015626313));
#3559 = CARTESIAN_POINT('',(-1.013699247652,2.590133966149));
#3560 = CARTESIAN_POINT('',(-1.113425311511,2.560917450246));
#3561 = CARTESIAN_POINT('',(-1.211881584015,2.527409307703));
#3562 = CARTESIAN_POINT('',(-1.308872786257,2.489731737094));
#3563 = CARTESIAN_POINT('',(-1.404194214935,2.44795526526));
#3564 = CARTESIAN_POINT('',(-1.497656436322,2.402197192198));
#3565 = CARTESIAN_POINT('',(-1.682805280694,2.30168931981));
#3566 = CARTESIAN_POINT('',(-1.774390012479,2.24674009967));
#3567 = CARTESIAN_POINT('',(-1.863630472227,2.187848310318));
#3568 = CARTESIAN_POINT('',(-1.950338977788,2.125148294144));
#3569 = CARTESIAN_POINT('',(-2.034338180016,2.058783477642));
#3570 = CARTESIAN_POINT('',(-2.115460988091,1.988906027383));
#3571 = CARTESIAN_POINT('',(-2.193550494852,1.915676506002));
#3572 = CARTESIAN_POINT('',(-2.440161401434,1.66411566171));
#3573 = CARTESIAN_POINT('',(-2.595195880719,1.472200778359));
#3574 = CARTESIAN_POINT('',(-2.731735177133,1.265591297104));
#3575 = CARTESIAN_POINT('',(-2.848360540893,1.04650735799));
#3576 = CARTESIAN_POINT('',(-2.943988128714,0.817266946219));
#3577 = CARTESIAN_POINT('',(-3.017834746069,0.580257633651));
#3578 = CARTESIAN_POINT('',(-3.069423838258,0.337929937731));
#3579 = CARTESIAN_POINT('',(-3.098631730313,9.281229781062E-02));
#3580 = ( GEOMETRIC_REPRESENTATION_CONTEXT(2) 
PARAMETRIC_REPRESENTATION_CONTEXT() REPRESENTATION_CONTEXT('2D SPACE',''
  ) );
#3581 = ORIENTED_EDGE('',*,*,#3582,.T.);
#3582 = EDGE_CURVE('',#3453,#2758,#3583,.T.);
#3583 = SURFACE_CURVE('',#3584,(#3811,#3818),.PCURVE_S1.);
#3584 = B_SPLINE_CURVE_WITH_KNOTS('',8,(#3585,#3586,#3587,#3588,#3589,
    #3590,#3591,#3592,#3593,#3594,#3595,#3596,#3597,#3598,#3599,#3600,
    #3601,#3602,#3603,#3604,#3605,#3606,#3607,#3608,#3609,#3610,#3611,
    #3612,#3613,#3614,#3615,#3616,#3617,#3618,#3619,#3620,#3621,#3622,
    #3623,#3624,#3625,#3626,#3627,#3628,#3629,#3630,#3631,#3632,#3633,
    #3634,#3635,#3636,#3637,#3638,#3639,#3640,#3641,#3642,#3643,#3644,
    #3645,#3646,#3647,#3648,#3649,#3650,#3651,#3652,#3653,#3654,#3655,
    #3656,#3657,#3658,#3659,#3660,#3661,#3662,#3663,#3664,#3665,#3666,
    #3667,#3668,#3669,#3670,#3671,#3672,#3673,#3674,#3675,#3676,#3677,
    #3678,#3679,#3680,#3681,#3682,#3683,#3684,#3685,#3686,#3687,#3688,
    #3689,#3690,#3691,#3692,#3693,#3694,#3695,#3696,#3697,#3698,#3699,
    #3700,#3701,#3702,#3703,#3704,#3705,#3706,#3707,#3708,#3709,#3710,
    #3711,#3712,#3713,#3714,#3715,#3716,#3717,#3718,#3719,#3720,#3721,
    #3722,#3723,#3724,#3725,#3726,#3727,#3728,#3729,#3730,#3731,#3732,
    #3733,#3734,#3735,#3736,#3737,#3738,#3739,#3740,#3741,#3742,#3743,
    #3744,#3745,#3746,#3747,#3748,#3749,#3750,#3751,#3752,#3753,#3754,
    #3755,#3756,#3757,#3758,#3759,#3760,#3761,#3762,#3763,#3764,#3765,
    #3766,#3767,#3768,#3769,#3770,#3771,#3772,#3773,#3774,#3775,#3776,
    #3777,#3778,#3779,#3780,#3781,#3782,#3783,#3784,#3785,#3786,#3787,
    #3788,#3789,#3790,#3791,#3792,#3793,#3794,#3795,#3796,#3797,#3798,
    #3799,#3800,#3801,#3802,#3803,#3804,#3805,#3806,#3807,#3808,#3809,
    #3810),.UNSPECIFIED.,.F.,.F.,(9,7,7,7,7,7,7,7,7,7,7,7,7,7,7,7,7,7,7,
    7,7,7,7,7,7,7,7,7,7,7,7,7,9),(0.,4.175236492591,8.350472985182,
    12.525709477773,16.700945970364,20.876182462955,25.051418955546,
    29.226655448137,33.401891940728,37.57712843332,41.752364925911,
    45.927601418502,50.102837911093,54.278074403684,58.453310896275,
    62.628547388866,66.803783881457,70.979020374048,75.154256866639,
    79.32949335923,83.504729851821,87.679966344412,91.855202837003,
    96.030439329594,100.20567582218,104.38091231477,108.55614880736,
    112.73138529995,116.90662179255,121.08185828514,125.25709477773,
    129.43233127032,133.60756776291),.UNSPECIFIED.);
#3585 = CARTESIAN_POINT('',(52.458734122635,0.,-1.125));
#3586 = CARTESIAN_POINT('',(52.458733302538,1.267269717883,
    -1.042965200972));
#3587 = CARTESIAN_POINT('',(51.711229818907,2.534206044665,
    -0.960945220842));
#3588 = CARTESIAN_POINT('',(50.22443915728,3.290266049766,
    -0.878893770907));
#3589 = CARTESIAN_POINT('',(48.388622147456,3.014710528497,
    -0.796885041189));
#3590 = CARTESIAN_POINT('',(47.139524424957,1.641357099903,
    -0.714838006585));
#3591 = CARTESIAN_POINT('',(46.942191539103,-1.49094952405E-02,
    -0.63281331612));
#3592 = CARTESIAN_POINT('',(47.5803005853,-1.340302735514,-0.55078075645
    ));
#3593 = CARTESIAN_POINT('',(49.687700549987,-2.748422435587,
    -0.386718301873));
#3594 = CARTESIAN_POINT('',(51.156398142001,-2.830752808155,
    -0.304685941521));
#3595 = CARTESIAN_POINT('',(52.611072206229,-2.01461247021,
    -0.222660601581));
#3596 = CARTESIAN_POINT('',(53.401878153861,-0.335043702215,
    -0.140614854236));
#3597 = CARTESIAN_POINT('',(52.953918878932,1.466489946061,
    -5.860426346254E-02));
#3598 = CARTESIAN_POINT('',(51.686442952167,2.550765526877,
    2.344511072334E-02));
#3599 = CARTESIAN_POINT('',(50.229887668756,2.756537668647,
    0.105466909882));
#3600 = CARTESIAN_POINT('',(47.888278834555,1.786610408561,
    0.269534010126));
#3601 = CARTESIAN_POINT('',(47.003839749661,0.611171328002,
    0.351555813881));
#3602 = CARTESIAN_POINT('',(46.874301243878,-1.051775347687,
    0.433605173104));
#3603 = CARTESIAN_POINT('',(47.831418371628,-2.642398958838,
    0.515615793516));
#3604 = CARTESIAN_POINT('',(49.578240311136,-3.270854905401,
    0.597661498028));
#3605 = CARTESIAN_POINT('',(51.183947243337,-2.81934107544,
    0.679686885732));
#3606 = CARTESIAN_POINT('',(52.164257136465,-1.722599104871,
    0.761719204231));
#3607 = CARTESIAN_POINT('',(52.658723062954,0.763248657681,
    0.925781716278));
#3608 = CARTESIAN_POINT('',(52.172740167528,2.15165478045,1.007814034672
    ));
#3609 = CARTESIAN_POINT('',(50.862045156571,3.183274979318,
    1.089839422714));
#3610 = CARTESIAN_POINT('',(49.007697607849,3.271141276277,
    1.171885126562));
#3611 = CARTESIAN_POINT('',(47.514724140298,2.167863784566,
    1.253895747932));
#3612 = CARTESIAN_POINT('',(46.998026159402,0.581934420202,
    1.335945106082));
#3613 = CARTESIAN_POINT('',(47.365317065331,-0.842492784724,
    1.417966910786));
#3614 = CARTESIAN_POINT('',(49.15750791469,-2.634682166489,
    1.582034009709));
#3615 = CARTESIAN_POINT('',(50.581932207794,-3.001976273087,
    1.664055814428));
#3616 = CARTESIAN_POINT('',(52.167866844981,-2.485272105333,
    1.746105172545));
#3617 = CARTESIAN_POINT('',(53.271138575771,-0.992305877877,
    1.828115793958));
#3618 = CARTESIAN_POINT('',(53.183276346245,0.86204683784,1.910161497766
    ));
#3619 = CARTESIAN_POINT('',(52.151654519964,2.172739745428,
    1.992186885838));
#3620 = CARTESIAN_POINT('',(50.763248706207,2.658723009517,2.07421920421
    ));
#3621 = CARTESIAN_POINT('',(48.277400919513,2.164257204408,
    2.238281716288));
#3622 = CARTESIAN_POINT('',(47.180658522362,1.183947533598,2.32031403466
    ));
#3623 = CARTESIAN_POINT('',(46.729147000888,-0.42176071899,
    2.402339422727));
#3624 = CARTESIAN_POINT('',(47.35759721226,-2.168579441531,
    2.484385126553));
#3625 = CARTESIAN_POINT('',(48.948228916538,-3.125701053397,
    2.566395747937));
#3626 = CARTESIAN_POINT('',(50.611168353098,-2.996158849799,
    2.64844510608));
#3627 = CARTESIAN_POINT('',(51.786611348729,-2.111721607397,
    2.730466910787));
#3628 = CARTESIAN_POINT('',(52.756536691238,0.229888020743,
    2.894534009707));
#3629 = CARTESIAN_POINT('',(52.550768621106,1.686441840153,
    2.976555814434));
#3630 = CARTESIAN_POINT('',(51.466485305692,2.953920266918,
    3.058605172538));
#3631 = CARTESIAN_POINT('',(49.664960552642,3.401876997465,
    3.140615793963));
#3632 = CARTESIAN_POINT('',(47.985385452106,2.611072819859,
    3.222661497763));
#3633 = CARTESIAN_POINT('',(47.169247682762,1.156398068613,
    3.304686885838));
#3634 = CARTESIAN_POINT('',(47.251577594251,-0.31229938911,3.38671920421
    ));
#3635 = CARTESIAN_POINT('',(48.659697194467,-2.419699408688,
    3.550781716288));
#3636 = CARTESIAN_POINT('',(49.985090379813,-3.057808992252,
    3.63281403466));
#3637 = CARTESIAN_POINT('',(51.641357348352,-2.860473300138,
    3.714839422725));
#3638 = CARTESIAN_POINT('',(53.014709929162,-1.61138242823,
    3.796885126556));
#3639 = CARTESIAN_POINT('',(53.290266596262,0.224444230791,
    3.878895747933));
#3640 = CARTESIAN_POINT('',(52.534205834365,1.711226284884,
    3.960945106083));
#3641 = CARTESIAN_POINT('',(51.267269808204,2.45873453056,4.042966910786
    ));
#3642 = CARTESIAN_POINT('',(48.732730240422,2.458733492814,
    4.207034009708));
#3643 = CARTESIAN_POINT('',(47.465794010021,1.711229569339,
    4.289055814433));
#3644 = CARTESIAN_POINT('',(46.709733894425,0.224439411979,
    4.371105172539));
#3645 = CARTESIAN_POINT('',(46.985289515618,-1.611378053871,
    4.453115793962));
#3646 = CARTESIAN_POINT('',(48.358642873915,-2.860475455558,
    4.535161497764));
#3647 = CARTESIAN_POINT('',(50.014909505909,-3.057808509582,
    4.617186885838));
#3648 = CARTESIAN_POINT('',(51.340302733436,-2.419699405217,
    4.69921920421));
#3649 = CARTESIAN_POINT('',(52.748422436546,-0.312299454391,
    4.863281716288));
#3650 = CARTESIAN_POINT('',(52.830752806897,1.156398147743,4.94531403466
    ));
#3651 = CARTESIAN_POINT('',(52.014612471493,2.611072200367,
    5.027339422727));
#3652 = CARTESIAN_POINT('',(50.335043701202,3.401878158496,
    5.109385126554));
#3653 = CARTESIAN_POINT('',(48.53351005454,2.95391887618,5.191395747936)
  );
#3654 = CARTESIAN_POINT('',(47.449234472879,1.686442953288,5.27344510608
    ));
#3655 = CARTESIAN_POINT('',(47.243462331401,0.229887668538,
    5.355466910788));
#3656 = CARTESIAN_POINT('',(48.213389591414,-2.111721165345,5.5195340097
    ));
#3657 = CARTESIAN_POINT('',(49.388828672037,-2.996160250474,
    5.601555814455));
#3658 = CARTESIAN_POINT('',(51.051775347642,-3.125698755981,
    5.683605172511));
#3659 = CARTESIAN_POINT('',(52.642398958875,-2.168581628485,
    5.765615793982));
#3660 = CARTESIAN_POINT('',(53.270854905381,-0.421759688797,
    5.847661497757));
#3661 = CARTESIAN_POINT('',(52.819341075447,1.18394724331,5.929686885838
    ));
#3662 = CARTESIAN_POINT('',(51.722599104871,2.164257136471,
    6.011719204211));
#3663 = CARTESIAN_POINT('',(49.236751342319,2.658723062952,
    6.175781716288));
#3664 = CARTESIAN_POINT('',(47.848345219548,2.17274016753,6.257814034661
    ));
#3665 = CARTESIAN_POINT('',(46.816725020686,0.862045156571,6.33983942272
    ));
#3666 = CARTESIAN_POINT('',(46.728858723716,-0.992302392153,
    6.421885126569));
#3667 = CARTESIAN_POINT('',(47.83213621544,-2.485275859702,
    6.503895747917));
#3668 = CARTESIAN_POINT('',(49.418065579796,-3.001973840597,
    6.585945106093));
#3669 = CARTESIAN_POINT('',(50.842492784722,-2.634682934669,
    6.667966910785));
#3670 = CARTESIAN_POINT('',(52.634682166491,-0.842492085312,
    6.832034009696));
#3671 = CARTESIAN_POINT('',(53.001976273082,0.581932207805,
    6.914055814466));
#3672 = CARTESIAN_POINT('',(52.485272105336,2.167866844963,
    6.996105172497));
#3673 = CARTESIAN_POINT('',(50.992305877876,3.271138575788,
    7.078115793992));
#3674 = CARTESIAN_POINT('',(49.137953162159,3.183276346237,
    7.160161497754));
#3675 = CARTESIAN_POINT('',(47.827260254573,2.151654519965,
    7.242186885837));
#3676 = CARTESIAN_POINT('',(47.341276990482,0.763248706207,
    7.324219204212));
#3677 = CARTESIAN_POINT('',(47.835742795592,-1.722599080487,
    7.488281716288));
#3678 = CARTESIAN_POINT('',(48.816052466402,-2.819341477641,
    7.570314034661));
#3679 = CARTESIAN_POINT('',(50.42176071899,-3.270852999101,
    7.652339422716));
#3680 = CARTESIAN_POINT('',(52.168579441531,-2.642402787762,
    7.734385126579));
#3681 = CARTESIAN_POINT('',(53.125701053398,-1.051771083439,
    7.816395747902));
#3682 = CARTESIAN_POINT('',(52.996158849797,0.611168353086,
    7.898445106106));
#3683 = CARTESIAN_POINT('',(52.111721607398,1.786611348729,
    7.980466910777));
#3684 = CARTESIAN_POINT('',(49.770111979256,2.756536691238,8.14453400971
    ));
#3685 = CARTESIAN_POINT('',(48.313558159849,2.550768621105,
    8.226555814432));
#3686 = CARTESIAN_POINT('',(47.046079733079,1.466485305693,8.30860517254
    ));
#3687 = CARTESIAN_POINT('',(46.598123002538,-0.335039447359,
    8.390615793961));
#3688 = CARTESIAN_POINT('',(47.38892718014,-2.014614547894,
    8.472661497765));
#3689 = CARTESIAN_POINT('',(48.843601931387,-2.830752317238,
    8.554686885838));
#3690 = CARTESIAN_POINT('',(50.31229938911,-2.748422405749,
    8.636719204211));
#3691 = CARTESIAN_POINT('',(52.419699408688,-1.340302805533,
    8.800781716287));
#3692 = CARTESIAN_POINT('',(53.057808992249,-1.49096201874E-02,
    8.88281403466));
#3693 = CARTESIAN_POINT('',(52.860473300148,1.641357348355,
    8.964839422726));
#3694 = CARTESIAN_POINT('',(51.611382428211,3.014709929158,
    9.046885126553));
#3695 = CARTESIAN_POINT('',(49.775555769228,3.290266596265,
    9.128895747937));
#3696 = CARTESIAN_POINT('',(48.288773715107,2.534205834364,9.21094510608
    ));
#3697 = CARTESIAN_POINT('',(47.541265469438,1.267269808202,
    9.292966910786));
#3698 = CARTESIAN_POINT('',(47.541266507188,-1.267269759578,
    9.457034009713));
#3699 = CARTESIAN_POINT('',(48.288770430656,-2.53420598998,
    9.539055814418));
#3700 = CARTESIAN_POINT('',(49.775560588028,-3.290266105574,
    9.621105172557));
#3701 = CARTESIAN_POINT('',(51.611378053865,-3.014710484383,
    9.70311579395));
#3702 = CARTESIAN_POINT('',(52.86047545556,-1.641357126084,
    9.785161497768));
#3703 = CARTESIAN_POINT('',(53.057808509582,1.490950590868E-02,
    9.867186885839));
#3704 = CARTESIAN_POINT('',(52.419699405217,1.340302733436,9.94921920421
    ));
#3705 = CARTESIAN_POINT('',(50.312299454391,2.748422436546,
    10.113281716288));
#3706 = CARTESIAN_POINT('',(48.843601852257,2.830752806896,
    10.19531403466));
#3707 = CARTESIAN_POINT('',(47.388927799632,2.014612471497,
    10.27733942273));
#3708 = CARTESIAN_POINT('',(46.598121841506,0.335043701194,
    10.359385126545));
#3709 = CARTESIAN_POINT('',(47.046081123817,-1.466489945451,
    10.441395747946));
#3710 = CARTESIAN_POINT('',(48.313557046714,-2.550765527126,
    10.523445106074));
#3711 = CARTESIAN_POINT('',(49.770112331462,-2.756537668598,
    10.605466910787));
#3712 = CARTESIAN_POINT('',(52.111721165344,-1.786610408582,
    10.769534009714));
#3713 = CARTESIAN_POINT('',(52.996160250472,-0.611171327979,
    10.851555814414));
#3714 = CARTESIAN_POINT('',(53.125698755986,1.051775347666,
    10.933605172565));
#3715 = CARTESIAN_POINT('',(52.168581628479,2.642398958854,
    11.015615793943));
#3716 = CARTESIAN_POINT('',(50.421759688801,3.27085490539,
    11.097661497771));
#3717 = CARTESIAN_POINT('',(48.816052756689,2.819341075446,
    11.179686885838));
#3718 = CARTESIAN_POINT('',(47.83574286353,1.72259910487,11.26171920421)
  );
#3719 = CARTESIAN_POINT('',(47.341276937048,-0.763248657681,
    11.425781716288));
#3720 = CARTESIAN_POINT('',(47.827259832469,-2.151654780454,
    11.507814034659));
#3721 = CARTESIAN_POINT('',(49.137954843432,-3.183274979308,
    11.589839422732));
#3722 = CARTESIAN_POINT('',(50.99230239215,-3.271141276293,
    11.671885126543));
#3723 = CARTESIAN_POINT('',(52.485275859702,-2.167863784552,
    11.753895747949));
#3724 = CARTESIAN_POINT('',(53.001973840598,-0.581934420209,
    11.835945106071));
#3725 = CARTESIAN_POINT('',(52.634682934668,0.842492784724,
    11.917966910789));
#3726 = CARTESIAN_POINT('',(50.84249208531,2.634682166488,
    12.082034009707));
#3727 = CARTESIAN_POINT('',(49.418067792206,3.001976273088,
    12.164055814432));
#3728 = CARTESIAN_POINT('',(47.83213315502,2.48527210533,12.246105172542
    ));
#3729 = CARTESIAN_POINT('',(46.728861424228,0.99230587788,
    12.328115793959));
#3730 = CARTESIAN_POINT('',(46.816723653756,-0.862046837842,
    12.410161497766));
#3731 = CARTESIAN_POINT('',(47.848345480036,-2.172739745427,
    12.492186885838));
#3732 = CARTESIAN_POINT('',(49.236751293793,-2.658723009517,
    12.574219204211));
#3733 = CARTESIAN_POINT('',(51.722599080487,-2.164257204408,
    12.738281716288));
#3734 = CARTESIAN_POINT('',(52.81934147764,-1.183947533599,
    12.82031403466));
#3735 = CARTESIAN_POINT('',(53.270852999103,0.421760718992,
    12.902339422727));
#3736 = CARTESIAN_POINT('',(52.642402787757,2.168579441529,
    12.984385126552));
#3737 = CARTESIAN_POINT('',(51.051771083445,3.125701053399,
    13.066395747938));
#3738 = CARTESIAN_POINT('',(49.388831646911,2.996158849798,
    13.14844510608));
#3739 = CARTESIAN_POINT('',(48.213388651272,2.111721607397,
    13.230466910785));
#3740 = CARTESIAN_POINT('',(47.243463308763,-0.229888020744,
    13.394534009714));
#3741 = CARTESIAN_POINT('',(47.44923137889,-1.686441840149,
    13.476555814414));
#3742 = CARTESIAN_POINT('',(48.533514694314,-2.953920266926,
    13.558605172563));
#3743 = CARTESIAN_POINT('',(50.335039447354,-3.401876997458,
    13.640615793944));
#3744 = CARTESIAN_POINT('',(52.014614547895,-2.611072819862,
    13.72266149777));
#3745 = CARTESIAN_POINT('',(52.830752317238,-1.156398068613,
    13.804686885839));
#3746 = CARTESIAN_POINT('',(52.748422405749,0.31229938911,13.88671920421
    ));
#3747 = CARTESIAN_POINT('',(51.340302805533,2.419699408688,
    14.050781716288));
#3748 = CARTESIAN_POINT('',(50.014909620187,3.057808992249,
    14.132814034659));
#3749 = CARTESIAN_POINT('',(48.358642651645,2.860473300151,
    14.214839422732));
#3750 = CARTESIAN_POINT('',(46.985290070841,1.611382428204,
    14.29688512654));
#3751 = CARTESIAN_POINT('',(46.709733403735,-0.224444230765,
    14.378895747953));
#3752 = CARTESIAN_POINT('',(47.465794165636,-1.711226284899,
    14.460945106068));
#3753 = CARTESIAN_POINT('',(48.732730191797,-2.45873453056,
    14.542966910792));
#3754 = CARTESIAN_POINT('',(51.267269759579,-2.458733492814,
    14.707034009701));
#3755 = CARTESIAN_POINT('',(52.534205989977,-1.711229569337,
    14.789055814449));
#3756 = CARTESIAN_POINT('',(53.290266105578,-0.224439411981,
    14.871105172517));
#3757 = CARTESIAN_POINT('',(53.01471048438,1.611378053872,
    14.953115793979));
#3758 = CARTESIAN_POINT('',(51.641357126086,2.860475455558,
    15.035161497757));
#3759 = CARTESIAN_POINT('',(49.985090494091,3.057808509582,
    15.117186885839));
#3760 = CARTESIAN_POINT('',(48.659697266564,2.419699405217,
    15.199219204211));
#3761 = CARTESIAN_POINT('',(47.251577563453,0.312299454391,
    15.363281716288));
#3762 = CARTESIAN_POINT('',(47.169247193104,-1.156398147745,
    15.44531403466));
#3763 = CARTESIAN_POINT('',(47.985387528506,-2.611072200358,
    15.527339422719));
#3764 = CARTESIAN_POINT('',(49.664956298798,-3.401878158514,
    15.609385126574));
#3765 = CARTESIAN_POINT('',(51.466489945461,-2.953918876163,
    15.691395747908));
#3766 = CARTESIAN_POINT('',(52.550765527119,-1.686442953297,
    15.773445106102));
#3767 = CARTESIAN_POINT('',(52.756537668599,-0.229887668538,
    15.855466910778));
#3768 = CARTESIAN_POINT('',(51.786610408583,2.111721165345,
    16.019534009712));
#3769 = CARTESIAN_POINT('',(50.611171327975,2.996160250473,
    16.101555814423));
#3770 = CARTESIAN_POINT('',(48.94822465234,3.125698755984,
    16.183605172553));
#3771 = CARTESIAN_POINT('',(47.357601041141,2.168581628482,
    16.26561579395));
#3772 = CARTESIAN_POINT('',(46.729145094612,0.421759688799,
    16.34766149777));
#3773 = CARTESIAN_POINT('',(47.180658924554,-1.18394724331,
    16.429686885837));
#3774 = CARTESIAN_POINT('',(48.27740089513,-2.164257136471,
    16.51171920421));
#3775 = CARTESIAN_POINT('',(50.763248657681,-2.658723062952,
    16.675781716288));
#3776 = CARTESIAN_POINT('',(52.151654780455,-2.172740167532,
    16.75781403466));
#3777 = CARTESIAN_POINT('',(53.183274979303,-0.862045156565,
    16.839839422727));
#3778 = CARTESIAN_POINT('',(53.271141276303,0.992302392144,
    16.921885126553));
#3779 = CARTESIAN_POINT('',(52.167863784542,2.485275859708,
    17.003895747936));
#3780 = CARTESIAN_POINT('',(50.581934420215,3.001973840594,
    17.085945106083));
#3781 = CARTESIAN_POINT('',(49.157507215275,2.634682934669,
    17.167966910782));
#3782 = CARTESIAN_POINT('',(47.365317833513,0.842492085306,
    17.332034009723));
#3783 = CARTESIAN_POINT('',(46.998023726909,-0.58193220778,
    17.41405581439));
#3784 = CARTESIAN_POINT('',(47.51472789467,-2.167866845003,
    17.496105172595));
#3785 = CARTESIAN_POINT('',(49.007694122123,-3.271138575752,
    17.578115793918));
#3786 = CARTESIAN_POINT('',(50.862046837838,-3.183276346254,
    17.660161497787));
#3787 = CARTESIAN_POINT('',(52.172739745431,-2.151654519962,
    17.742186885828));
#3788 = CARTESIAN_POINT('',(52.658723009515,-0.763248706207,
    17.824219204218));
#3789 = CARTESIAN_POINT('',(52.164257204412,1.722599080488,
    17.988281716267));
#3790 = CARTESIAN_POINT('',(51.183947533574,2.819341477635,
    18.070314034766));
#3791 = CARTESIAN_POINT('',(49.578239281073,3.270852999119,
    18.152339422472));
#3792 = CARTESIAN_POINT('',(47.83142055836,2.642402787728,
    18.234385126977));
#3793 = CARTESIAN_POINT('',(46.874298946737,1.051771083481,
    18.316395747399));
#3794 = CARTESIAN_POINT('',(47.003841150074,-0.611168353123,
    18.398445106614));
#3795 = CARTESIAN_POINT('',(47.888278392695,-1.786611348706,
    18.48046691037));
#3796 = CARTESIAN_POINT('',(50.229888020545,-2.756536691284,
    18.644534010624));
#3797 = CARTESIAN_POINT('',(51.686441841171,-2.550768620867,
    18.726555809753));
#3798 = CARTESIAN_POINT('',(52.953920264413,-1.466485306288,
    18.808605183986));
#3799 = CARTESIAN_POINT('',(53.401877001695,0.335039448373,
    18.890615774717));
#3800 = CARTESIAN_POINT('',(52.611072814498,2.014614546602,
    18.972661522083));
#3801 = CARTESIAN_POINT('',(51.156398073872,2.830752318507,
    19.05468686202));
#3802 = CARTESIAN_POINT('',(49.68770060688,2.748422404781,19.13671922237
    ));
#3803 = CARTESIAN_POINT('',(47.580300599999,1.340302807629,
    19.300781676948));
#3804 = CARTESIAN_POINT('',(46.942190963153,1.490960942497E-02,
    19.382814236615));
#3805 = CARTESIAN_POINT('',(47.139526809306,-1.641357321939,
    19.464838927091));
#3806 = CARTESIAN_POINT('',(48.388617387365,-3.014709973668,
    19.546885961672));
#3807 = CARTESIAN_POINT('',(50.224444464083,-3.29026653996,
    19.628894691423));
#3808 = CARTESIAN_POINT('',(51.711226056286,-2.534205889528,
    19.710946141325));
#3809 = CARTESIAN_POINT('',(52.458734704853,-1.267269766149,
    19.792966121479));
#3810 = CARTESIAN_POINT('',(52.458733910055,-4.88334714536E-08,
    19.875000920494));
#3811 = PCURVE('',#2771,#3812);
#3812 = DEFINITIONAL_REPRESENTATION('',(#3813),#3817);
#3813 = LINE('',#3814,#3815);
#3814 = CARTESIAN_POINT('',(0.740470053838,0.));
#3815 = VECTOR('',#3816,1.);
#3816 = DIRECTION('',(0.,1.));
#3817 = ( GEOMETRIC_REPRESENTATION_CONTEXT(2) 
PARAMETRIC_REPRESENTATION_CONTEXT() REPRESENTATION_CONTEXT('2D SPACE',''
  ) );
#3818 = PCURVE('',#592,#3819);
#3819 = DEFINITIONAL_REPRESENTATION('',(#3820),#3824);
#3820 = LINE('',#3821,#3822);
#3821 = CARTESIAN_POINT('',(0.,0.));
#3822 = VECTOR('',#3823,1.);
#3823 = DIRECTION('',(0.,1.));
#3824 = ( GEOMETRIC_REPRESENTATION_CONTEXT(2) 
PARAMETRIC_REPRESENTATION_CONTEXT() REPRESENTATION_CONTEXT('2D SPACE',''
  ) );
#3825 = ORIENTED_EDGE('',*,*,#2757,.F.);
#3826 = ORIENTED_EDGE('',*,*,#3827,.F.);
#3827 = EDGE_CURVE('',#3828,#2735,#3830,.T.);
#3828 = VERTEX_POINT('',#3829);
#3829 = CARTESIAN_POINT('',(53.,0.,18.562496602112));
#3830 = SURFACE_CURVE('',#3831,(#3883,#3938),.PCURVE_S1.);
#3831 = B_SPLINE_CURVE_WITH_KNOTS('',8,(#3832,#3833,#3834,#3835,#3836,
    #3837,#3838,#3839,#3840,#3841,#3842,#3843,#3844,#3845,#3846,#3847,
    #3848,#3849,#3850,#3851,#3852,#3853,#3854,#3855,#3856,#3857,#3858,
    #3859,#3860,#3861,#3862,#3863,#3864,#3865,#3866,#3867,#3868,#3869,
    #3870,#3871,#3872,#3873,#3874,#3875,#3876,#3877,#3878,#3879,#3880,
    #3881,#3882),.UNSPECIFIED.,.F.,.F.,(9,7,7,7,7,7,7,9),(0.,
    0.123010194825,0.209949516937,0.367522921892,0.506576477438,
    0.589236953452,0.780949147882,1.),.UNSPECIFIED.);
#3832 = CARTESIAN_POINT('',(53.,3.552713678801E-15,18.562496602112));
#3833 = CARTESIAN_POINT('',(53.,0.28970382937,18.577867592952));
#3834 = CARTESIAN_POINT('',(52.968001679575,0.579578169049,
    18.593239412461));
#3835 = CARTESIAN_POINT('',(52.904032868533,0.865260829975,
    18.608612747866));
#3836 = CARTESIAN_POINT('',(52.80872626925,1.142621527277,18.62398774146
    ));
#3837 = CARTESIAN_POINT('',(52.68331945666,1.407761880276,
    18.639363990602));
#3838 = CARTESIAN_POINT('',(52.529654878263,1.657015412484,
    18.654740547712));
#3839 = CARTESIAN_POINT('',(52.350179854121,1.886947551603,
    18.670115920276));
#3840 = CARTESIAN_POINT('',(52.005015138876,2.240944436426,
    18.69635257156));
#3841 = CARTESIAN_POINT('',(51.850658045304,2.376377322689,
    18.707217402347));
#3842 = CARTESIAN_POINT('',(51.685885800597,2.499622910685,
    18.718082923415));
#3843 = CARTESIAN_POINT('',(51.511809434977,2.609765827218,
    18.728949410791));
#3844 = CARTESIAN_POINT('',(51.329640575601,2.70600119078,
    18.739816502611));
#3845 = CARTESIAN_POINT('',(51.140693039792,2.78764461518,
    18.750682602301));
#3846 = CARTESIAN_POINT('',(50.946385950362,2.854157729521,
    18.761544238645));
#3847 = CARTESIAN_POINT('',(50.389133395386,2.997681364926,
    18.79206256767));
#3848 = CARTESIAN_POINT('',(50.016355724322,3.039590757831,
    18.811748550612));
#3849 = CARTESIAN_POINT('',(49.639010270971,3.028287147517,
    18.831444640733));
#3850 = CARTESIAN_POINT('',(49.2660122619,2.96352673998,18.851075748757)
  );
#3851 = CARTESIAN_POINT('',(48.90591389281,2.84671555746,18.870766152468
    ));
#3852 = CARTESIAN_POINT('',(48.566896434164,2.680613364437,
    18.890557926007));
#3853 = CARTESIAN_POINT('',(48.256684897952,2.469516412632,
    18.910234466129));
#3854 = CARTESIAN_POINT('',(47.739848440488,1.999729190793,
    18.947257128027));
#3855 = CARTESIAN_POINT('',(47.525012564419,1.749261242624,
    18.964616333477));
#3856 = CARTESIAN_POINT('',(47.342189169349,1.472688823982,
    18.981987672238));
#3857 = CARTESIAN_POINT('',(47.194927476543,1.174818310817,
    18.999365670396));
#3858 = CARTESIAN_POINT('',(47.085915981722,0.860857962667,
    19.016743965203));
#3859 = CARTESIAN_POINT('',(47.017056164643,0.536395377257,
    19.03412282898));
#3860 = CARTESIAN_POINT('',(46.989336151818,0.207446108189,
    19.051503958238));
#3861 = CARTESIAN_POINT('',(47.010141978799,-0.314015851397,
    19.079185859318));
#3862 = CARTESIAN_POINT('',(47.032308666955,-0.507845733434,
    19.089504057308));
#3863 = CARTESIAN_POINT('',(47.068834285341,-0.699864766588,
    19.099821623071));
#3864 = CARTESIAN_POINT('',(47.119545727203,-0.888855937707,
    19.110140558867));
#3865 = CARTESIAN_POINT('',(47.184152135468,-1.073612919318,
    19.120462547629));
#3866 = CARTESIAN_POINT('',(47.262238294199,-1.252945009417,
    19.130788118796));
#3867 = CARTESIAN_POINT('',(47.353246885962,-1.425686123992,
    19.141115634245));
#3868 = CARTESIAN_POINT('',(47.695804898688,-1.973438226515,
    19.175385333788));
#3869 = CARTESIAN_POINT('',(48.001701382891,-2.31616021973,
    19.199408493611));
#3870 = CARTESIAN_POINT('',(48.365344429439,-2.603313496625,
    19.223390397984));
#3871 = CARTESIAN_POINT('',(48.774418727237,-2.824646915602,
    19.247351416193));
#3872 = CARTESIAN_POINT('',(49.215524362055,-2.972222806932,
    19.271298825168));
#3873 = CARTESIAN_POINT('',(49.673732159904,-3.041603730001,
    19.295270696958));
#3874 = CARTESIAN_POINT('',(50.132967358643,-3.030840099849,
    19.319292111341));
#3875 = CARTESIAN_POINT('',(51.081942289959,-2.845224596756,
    19.370604544931));
#3876 = CARTESIAN_POINT('',(51.571204560867,-2.646302349782,
    19.398116684935));
#3877 = CARTESIAN_POINT('',(52.015956629431,-2.351056954568,
    19.425527201798));
#3878 = CARTESIAN_POINT('',(52.396125624246,-1.972871935017,
    19.452908526582));
#3879 = CARTESIAN_POINT('',(52.69431599984,-1.527186414043,
    19.480206711794));
#3880 = CARTESIAN_POINT('',(52.898701060355,-1.033987683824,
    19.507562709444));
#3881 = CARTESIAN_POINT('',(53.,-0.515645726622,19.535144270985));
#3882 = CARTESIAN_POINT('',(53.,1.532107773983E-13,19.562499570434));
#3883 = PCURVE('',#2771,#3884);
#3884 = DEFINITIONAL_REPRESENTATION('',(#3885),#3937);
#3885 = B_SPLINE_CURVE_WITH_KNOTS('',8,(#3886,#3887,#3888,#3889,#3890,
    #3891,#3892,#3893,#3894,#3895,#3896,#3897,#3898,#3899,#3900,#3901,
    #3902,#3903,#3904,#3905,#3906,#3907,#3908,#3909,#3910,#3911,#3912,
    #3913,#3914,#3915,#3916,#3917,#3918,#3919,#3920,#3921,#3922,#3923,
    #3924,#3925,#3926,#3927,#3928,#3929,#3930,#3931,#3932,#3933,#3934,
    #3935,#3936),.UNSPECIFIED.,.F.,.F.,(9,7,7,7,7,7,7,9),(0.,
    0.123010194825,0.209949516937,0.367522921892,0.506576477438,
    0.589236953452,0.780949147882,1.),.UNSPECIFIED.);
#3886 = CARTESIAN_POINT('',(0.115464662196,127.24529816463));
#3887 = CARTESIAN_POINT('',(0.115466810284,127.34308565033));
#3888 = CARTESIAN_POINT('',(0.115465286424,127.4408900892));
#3889 = CARTESIAN_POINT('',(0.115461630475,127.53871095507));
#3890 = CARTESIAN_POINT('',(0.115457393395,127.63654421945));
#3891 = CARTESIAN_POINT('',(0.115454137246,127.73438235148));
#3892 = CARTESIAN_POINT('',(0.115453435188,127.83221431797));
#3893 = CARTESIAN_POINT('',(0.115456871484,127.93002558339));
#3894 = CARTESIAN_POINT('',(0.115472522546,128.09690032685));
#3895 = CARTESIAN_POINT('',(0.115480910528,128.16599857761));
#3896 = CARTESIAN_POINT('',(0.11549059115,128.23509710804));
#3897 = CARTESIAN_POINT('',(0.115500085172,128.30420237998));
#3898 = CARTESIAN_POINT('',(0.115507392421,128.37331845398));
#3899 = CARTESIAN_POINT('',(0.115510527257,128.44244148881));
#3900 = CARTESIAN_POINT('',(0.115508245504,128.51155335756));
#3901 = CARTESIAN_POINT('',(0.115487763331,128.70578421481));
#3902 = CARTESIAN_POINT('',(0.115446556393,128.83116274262));
#3903 = CARTESIAN_POINT('',(0.115448576076,128.95646806508));
#3904 = CARTESIAN_POINT('',(0.115340290892,129.08171084914));
#3905 = CARTESIAN_POINT('',(0.115350853425,129.20695281727));
#3906 = CARTESIAN_POINT('',(0.115542585634,129.33226340155));
#3907 = CARTESIAN_POINT('',(0.115473436718,129.45767073882));
#3908 = CARTESIAN_POINT('',(0.115411152736,129.69341686361));
#3909 = CARTESIAN_POINT('',(0.115386795175,129.80393821594));
#3910 = CARTESIAN_POINT('',(0.115407837604,129.91439233996));
#3911 = CARTESIAN_POINT('',(0.115451225143,130.02481774992));
#3912 = CARTESIAN_POINT('',(0.115488152505,130.13526559801));
#3913 = CARTESIAN_POINT('',(0.115506769961,130.2457753124));
#3914 = CARTESIAN_POINT('',(0.115510806,130.35634582584));
#3915 = CARTESIAN_POINT('',(0.115501838365,130.53249394713));
#3916 = CARTESIAN_POINT('',(0.115495132704,130.59816239004));
#3917 = CARTESIAN_POINT('',(0.115486241576,130.66383376283));
#3918 = CARTESIAN_POINT('',(0.11547687832,130.72951535404));
#3919 = CARTESIAN_POINT('',(0.115468578785,130.79521298519));
#3920 = CARTESIAN_POINT('',(0.115462291771,130.86092700644));
#3921 = CARTESIAN_POINT('',(0.115458273896,130.92664617929));
#3922 = CARTESIAN_POINT('',(0.115451685173,131.1447000534));
#3923 = CARTESIAN_POINT('',(0.115457988606,131.29752171342));
#3924 = CARTESIAN_POINT('',(0.115472643827,131.45005432708));
#3925 = CARTESIAN_POINT('',(0.115478396958,131.60248237629));
#3926 = CARTESIAN_POINT('',(0.115457296013,131.75490926641));
#3927 = CARTESIAN_POINT('',(0.115446352093,131.9074594845));
#3928 = CARTESIAN_POINT('',(0.115452118002,132.06027174951));
#3929 = CARTESIAN_POINT('',(0.11548369796,132.3866345964));
#3930 = CARTESIAN_POINT('',(0.11551380625,132.56157834708));
#3931 = CARTESIAN_POINT('',(0.115534149897,132.73590660568));
#3932 = CARTESIAN_POINT('',(0.115545918188,132.91007641883));
#3933 = CARTESIAN_POINT('',(0.115389795266,133.08425135818));
#3934 = CARTESIAN_POINT('',(0.115308061044,133.25855747573));
#3935 = CARTESIAN_POINT('',(0.115470299906,133.43352257926));
#3936 = CARTESIAN_POINT('',(0.115469194707,133.60756776291));
#3937 = ( GEOMETRIC_REPRESENTATION_CONTEXT(2) 
PARAMETRIC_REPRESENTATION_CONTEXT() REPRESENTATION_CONTEXT('2D SPACE',''
  ) );
#3938 = PCURVE('',#3939,#3944);
#3939 = CYLINDRICAL_SURFACE('',#3940,3.);
#3940 = AXIS2_PLACEMENT_3D('',#3941,#3942,#3943);
#3941 = CARTESIAN_POINT('',(50.,0.,0.));
#3942 = DIRECTION('',(-0.,-0.,-1.));
#3943 = DIRECTION('',(1.,0.,0.));
#3944 = DEFINITIONAL_REPRESENTATION('',(#3945),#3997);
#3945 = B_SPLINE_CURVE_WITH_KNOTS('',8,(#3946,#3947,#3948,#3949,#3950,
    #3951,#3952,#3953,#3954,#3955,#3956,#3957,#3958,#3959,#3960,#3961,
    #3962,#3963,#3964,#3965,#3966,#3967,#3968,#3969,#3970,#3971,#3972,
    #3973,#3974,#3975,#3976,#3977,#3978,#3979,#3980,#3981,#3982,#3983,
    #3984,#3985,#3986,#3987,#3988,#3989,#3990,#3991,#3992,#3993,#3994,
    #3995,#3996),.UNSPECIFIED.,.F.,.F.,(9,7,7,7,7,7,7,9),(0.,
    0.123010194825,0.209949516937,0.367522921892,0.506576477438,
    0.589236953452,0.780949147882,1.),.UNSPECIFIED.);
#3946 = CARTESIAN_POINT('',(0.,-18.56249660211));
#3947 = CARTESIAN_POINT('',(-9.656794312318E-02,-18.57786759295));
#3948 = CARTESIAN_POINT('',(-0.193151425599,-18.59323941246));
#3949 = CARTESIAN_POINT('',(-0.289751798585,-18.60861274786));
#3950 = CARTESIAN_POINT('',(-0.386366299074,-18.62398774146));
#3951 = CARTESIAN_POINT('',(-0.48298804989,-18.6393639906));
#3952 = CARTESIAN_POINT('',(-0.579606059691,-18.65474054771));
#3953 = CARTESIAN_POINT('',(-0.676205222969,-18.67011592027));
#3954 = CARTESIAN_POINT('',(-0.84101234091,-18.69635257156));
#3955 = CARTESIAN_POINT('',(-0.909254538459,-18.70721740234));
#3956 = CARTESIAN_POINT('',(-0.977496704548,-18.71808292341));
#3957 = CARTESIAN_POINT('',(-1.045744762694,-18.72894941079));
#3958 = CARTESIAN_POINT('',(-1.114002449714,-18.73981650261));
#3959 = CARTESIAN_POINT('',(-1.182265993178,-18.7506826023));
#3960 = CARTESIAN_POINT('',(-1.250517784681,-18.76154423864));
#3961 = CARTESIAN_POINT('',(-1.442330611256,-18.79206256767));
#3962 = CARTESIAN_POINT('',(-1.566147530974,-18.81174855061));
#3963 = CARTESIAN_POINT('',(-1.689891196088,-18.83144464073));
#3964 = CARTESIAN_POINT('',(-1.813584498734,-18.85107574875));
#3965 = CARTESIAN_POINT('',(-1.937275226043,-18.87076615246));
#3966 = CARTESIAN_POINT('',(-2.061021661372,-18.890557926));
#3967 = CARTESIAN_POINT('',(-2.184868786449,-18.91023446612));
#3968 = CARTESIAN_POINT('',(-2.417682483442,-18.94725712802));
#3969 = CARTESIAN_POINT('',(-2.526831212048,-18.96461633347));
#3970 = CARTESIAN_POINT('',(-2.635917028765,-18.98198767223));
#3971 = CARTESIAN_POINT('',(-2.744970075053,-18.99936567039));
#3972 = CARTESIAN_POINT('',(-2.854041073395,-19.0167439652));
#3973 = CARTESIAN_POINT('',(-2.96317366555,-19.03412282898));
#3974 = CARTESIAN_POINT('',(-3.072367780717,-19.05150395823));
#3975 = CARTESIAN_POINT('',(-3.246326734283,-19.07918585931));
#3976 = CARTESIAN_POINT('',(-3.31117981414,-19.0895040573));
#3977 = CARTESIAN_POINT('',(-3.37603664348,-19.09982162307));
#3978 = CARTESIAN_POINT('',(-3.44090428768,-19.11014055886));
#3979 = CARTESIAN_POINT('',(-3.505788180906,-19.12046254762));
#3980 = CARTESIAN_POINT('',(-3.5706882503,-19.13078811879));
#3981 = CARTESIAN_POINT('',(-3.635592989835,-19.14111563424));
#3982 = CARTESIAN_POINT('',(-3.850942410777,-19.17538533378));
#3983 = CARTESIAN_POINT('',(-4.001865065276,-19.19940849361));
#3984 = CARTESIAN_POINT('',(-4.152495646477,-19.22339039798));
#3985 = CARTESIAN_POINT('',(-4.30301554219,-19.24735141619));
#3986 = CARTESIAN_POINT('',(-4.453538890005,-19.27129882516));
#3987 = CARTESIAN_POINT('',(-4.6041941125,-19.29527069695));
#3988 = CARTESIAN_POINT('',(-4.755112701623,-19.31929211134));
#3989 = CARTESIAN_POINT('',(-5.077431821485,-19.37060454493));
#3990 = CARTESIAN_POINT('',(-5.250208403525,-19.39811668493));
#3991 = CARTESIAN_POINT('',(-5.422370074726,-19.42552720179));
#3992 = CARTESIAN_POINT('',(-5.594364929484,-19.45290852658));
#3993 = CARTESIAN_POINT('',(-5.766351568964,-19.48020671179));
#3994 = CARTESIAN_POINT('',(-5.938529479444,-19.50756270944));
#3995 = CARTESIAN_POINT('',(-6.111303398306,-19.53514427098));
#3996 = CARTESIAN_POINT('',(-6.28318530718,-19.56249957043));
#3997 = ( GEOMETRIC_REPRESENTATION_CONTEXT(2) 
PARAMETRIC_REPRESENTATION_CONTEXT() REPRESENTATION_CONTEXT('2D SPACE',''
  ) );
#3998 = ORIENTED_EDGE('',*,*,#3999,.F.);
#3999 = EDGE_CURVE('',#4000,#3828,#4002,.T.);
#4000 = VERTEX_POINT('',#4001);
#4001 = CARTESIAN_POINT('',(53.,0.,17.562478762248));
#4002 = SURFACE_CURVE('',#4003,(#4055,#4110),.PCURVE_S1.);
#4003 = B_SPLINE_CURVE_WITH_KNOTS('',8,(#4004,#4005,#4006,#4007,#4008,
    #4009,#4010,#4011,#4012,#4013,#4014,#4015,#4016,#4017,#4018,#4019,
    #4020,#4021,#4022,#4023,#4024,#4025,#4026,#4027,#4028,#4029,#4030,
    #4031,#4032,#4033,#4034,#4035,#4036,#4037,#4038,#4039,#4040,#4041,
    #4042,#4043,#4044,#4045,#4046,#4047,#4048,#4049,#4050,#4051,#4052,
    #4053,#4054),.UNSPECIFIED.,.F.,.F.,(9,7,7,7,7,7,7,9),(0.,
    0.102068354769,0.277685115568,0.452076659556,0.570072980161,
    0.689156231399,0.831527486661,1.),.UNSPECIFIED.);
#4004 = CARTESIAN_POINT('',(53.,-6.217248937901E-15,17.562478762248));
#4005 = CARTESIAN_POINT('',(53.,0.240266334712,17.575234550631));
#4006 = CARTESIAN_POINT('',(52.977993869637,0.480578832106,
    17.58798857092));
#4007 = CARTESIAN_POINT('',(52.934008920837,0.718493479435,
    17.600737257218));
#4008 = CARTESIAN_POINT('',(52.868352896486,0.951663000605,
    17.613479519743));
#4009 = CARTESIAN_POINT('',(52.781613970431,1.177836856171,
    17.62621674482));
#4010 = CARTESIAN_POINT('',(52.674660747483,1.394861243341,
    17.638952794886));
#4011 = CARTESIAN_POINT('',(52.548642263411,1.600679095973,
    17.651694008489));
#4012 = CARTESIAN_POINT('',(52.157819319249,2.12480150547,
    17.686395527061));
#4013 = CARTESIAN_POINT('',(51.857839311792,2.418112060675,
    17.70840563384));
#4014 = CARTESIAN_POINT('',(51.512774576539,2.662179637443,
    17.730390750145));
#4015 = CARTESIAN_POINT('',(51.132265511548,2.849381834144,
    17.752332342737));
#4016 = CARTESIAN_POINT('',(50.727082214343,2.974371338177,
    17.774256609176));
#4017 = CARTESIAN_POINT('',(50.308703012216,3.033715221536,
    17.796201746108));
#4018 = CARTESIAN_POINT('',(49.889255607457,3.026358154044,
    17.818177992258));
#4019 = CARTESIAN_POINT('',(49.077228597681,2.883959386514,
    17.861909815194));
#4020 = CARTESIAN_POINT('',(48.683039361325,2.749567695221,
    17.883741833626));
#4021 = CARTESIAN_POINT('',(48.312045385744,2.553629365422,
    17.905552980783));
#4022 = CARTESIAN_POINT('',(47.975170784041,2.301199484995,
    17.927349065768));
#4023 = CARTESIAN_POINT('',(47.681841348314,1.999162279471,
    17.949141319226));
#4024 = CARTESIAN_POINT('',(47.440204202482,1.655958763452,
    17.970947433582));
#4025 = CARTESIAN_POINT('',(47.256758837317,1.281912399459,
    17.992783784317));
#4026 = CARTESIAN_POINT('',(47.052550621226,0.6243090519,18.029319420419
    ));
#4027 = CARTESIAN_POINT('',(46.998175889454,0.35001427284,
    18.044076198287));
#4028 = CARTESIAN_POINT('',(46.973044748085,7.04599673743E-02,
    18.058834038449));
#4029 = CARTESIAN_POINT('',(46.977688173648,-0.210670116692,
    18.073590986759));
#4030 = CARTESIAN_POINT('',(47.012095945175,-0.489713513205,
    18.088345557987));
#4031 = CARTESIAN_POINT('',(47.075761549494,-0.763042410561,
    18.103096020793));
#4032 = CARTESIAN_POINT('',(47.167639152764,-1.02708382085,
    18.117840314381));
#4033 = CARTESIAN_POINT('',(47.405482255126,-1.532016664579,
    18.147433372996));
#4034 = CARTESIAN_POINT('',(47.552200824151,-1.773105060111,
    18.162296392529));
#4035 = CARTESIAN_POINT('',(47.724417663859,-1.99802645503,
    18.177167166957));
#4036 = CARTESIAN_POINT('',(47.920002744545,-2.203580284344,
    18.192050016145));
#4037 = CARTESIAN_POINT('',(48.136449538379,-2.386996918154,
    18.206944478003));
#4038 = CARTESIAN_POINT('',(48.370875019404,-2.545937661645,
    18.221845308493));
#4039 = CARTESIAN_POINT('',(48.620019663541,-2.678494755096,
    18.236742481623));
#4040 = CARTESIAN_POINT('',(49.19136556154,-2.908362536749,
    18.269409587807));
#4041 = CARTESIAN_POINT('',(49.518805864358,-2.993812540942,
    18.287188562147));
#4042 = CARTESIAN_POINT('',(49.856095988349,-3.037101724397,
    18.304971470587));
#4043 = CARTESIAN_POINT('',(50.196847137672,-3.036928120676,
    18.32276573084));
#4044 = CARTESIAN_POINT('',(50.534754089327,-2.99312745895,
    18.340572820219));
#4045 = CARTESIAN_POINT('',(50.86359519316,-2.906673164006,
    18.35838827564));
#4046 = CARTESIAN_POINT('',(51.17723237186,-2.779676356244,
    18.376201693616));
#4047 = CARTESIAN_POINT('',(51.815592355846,-2.420975581351,
    18.415054172959));
#4048 = CARTESIAN_POINT('',(52.132696146123,-2.17396809715,
    18.436133184767));
#4049 = CARTESIAN_POINT('',(52.410692025971,-1.879761929466,
    18.45718356735));
#4050 = CARTESIAN_POINT('',(52.641809954319,-1.545846611089,
    18.478227159576));
#4051 = CARTESIAN_POINT('',(52.819740502088,-1.180758845674,
    18.499284232609));
#4052 = CARTESIAN_POINT('',(52.940060735175,-0.794162178177,
    18.520358643305));
#4053 = CARTESIAN_POINT('',(53.,-0.396660987974,18.541450720784));
#4054 = CARTESIAN_POINT('',(53.,3.552713678801E-15,18.562496602112));
#4055 = PCURVE('',#2771,#4056);
#4056 = DEFINITIONAL_REPRESENTATION('',(#4057),#4109);
#4057 = B_SPLINE_CURVE_WITH_KNOTS('',8,(#4058,#4059,#4060,#4061,#4062,
    #4063,#4064,#4065,#4066,#4067,#4068,#4069,#4070,#4071,#4072,#4073,
    #4074,#4075,#4076,#4077,#4078,#4079,#4080,#4081,#4082,#4083,#4084,
    #4085,#4086,#4087,#4088,#4089,#4090,#4091,#4092,#4093,#4094,#4095,
    #4096,#4097,#4098,#4099,#4100,#4101,#4102,#4103,#4104,#4105,#4106,
    #4107,#4108),.UNSPECIFIED.,.F.,.F.,(9,7,7,7,7,7,7,9),(0.,
    0.102068354769,0.277685115568,0.452076659556,0.570072980161,
    0.689156231399,0.831527486661,1.),.UNSPECIFIED.);
#4058 = CARTESIAN_POINT('',(0.115428260471,120.88303532999));
#4059 = CARTESIAN_POINT('',(0.11544674188,120.96413224576));
#4060 = CARTESIAN_POINT('',(0.115461049881,121.04523118861));
#4061 = CARTESIAN_POINT('',(0.115465027427,121.1263290578));
#4062 = CARTESIAN_POINT('',(0.115456874249,121.20742464674));
#4063 = CARTESIAN_POINT('',(0.115439146854,121.28851864301));
#4064 = CARTESIAN_POINT('',(0.115418758526,121.36961362834));
#4065 = CARTESIAN_POINT('',(0.115406979327,121.45071407863));
#4066 = CARTESIAN_POINT('',(0.115440868963,121.67138653265));
#4067 = CARTESIAN_POINT('',(0.115491544564,121.81125946147));
#4068 = CARTESIAN_POINT('',(0.115527724083,121.95101950839));
#4069 = CARTESIAN_POINT('',(0.115528548572,122.09061511509));
#4070 = CARTESIAN_POINT('',(0.115500727756,122.23019161279));
#4071 = CARTESIAN_POINT('',(0.115470071257,122.36990991478));
#4072 = CARTESIAN_POINT('',(0.115459862252,122.50976109566));
#4073 = CARTESIAN_POINT('',(0.115452311302,122.78801856848));
#4074 = CARTESIAN_POINT('',(0.115457245986,122.9269039602));
#4075 = CARTESIAN_POINT('',(0.115470177756,123.06563112348));
#4076 = CARTESIAN_POINT('',(0.115474569518,123.2042896242));
#4077 = CARTESIAN_POINT('',(0.11546506477,123.34296795443));
#4078 = CARTESIAN_POINT('',(0.115452250472,123.48174499947));
#4079 = CARTESIAN_POINT('',(0.115451084381,123.62067736184));
#4080 = CARTESIAN_POINT('',(0.115464198716,123.85308504699));
#4081 = CARTESIAN_POINT('',(0.115473779389,123.94694110284));
#4082 = CARTESIAN_POINT('',(0.115487269078,124.04079148218));
#4083 = CARTESIAN_POINT('',(0.115502552779,124.1346304803));
#4084 = CARTESIAN_POINT('',(0.115513535051,124.2284680382));
#4085 = CARTESIAN_POINT('',(0.115514112934,124.32231255504));
#4086 = CARTESIAN_POINT('',(0.115503132203,124.41615459125));
#4087 = CARTESIAN_POINT('',(0.115466887022,124.60454877716));
#4088 = CARTESIAN_POINT('',(0.115428675025,124.69923280563));
#4089 = CARTESIAN_POINT('',(0.115397800864,124.79394283013));
#4090 = CARTESIAN_POINT('',(0.115389591611,124.8886575773));
#4091 = CARTESIAN_POINT('',(0.11540735725,124.98336357772));
#4092 = CARTESIAN_POINT('',(0.115442390677,125.0780551659));
#4093 = CARTESIAN_POINT('',(0.115473967702,125.17273448028));
#4094 = CARTESIAN_POINT('',(0.115463822774,125.38060354332));
#4095 = CARTESIAN_POINT('',(0.115431957109,125.49381946092));
#4096 = CARTESIAN_POINT('',(0.115404332693,125.60704691632));
#4097 = CARTESIAN_POINT('',(0.115398754716,125.7202764622));
#4098 = CARTESIAN_POINT('',(0.115420250914,125.83350150369));
#4099 = CARTESIAN_POINT('',(0.115461071576,125.94671829837));
#4100 = CARTESIAN_POINT('',(0.115500689538,126.05992595624));
#4101 = CARTESIAN_POINT('',(0.115511847774,126.30708023495));
#4102 = CARTESIAN_POINT('',(0.115499255509,126.44123055446));
#4103 = CARTESIAN_POINT('',(0.115470823218,126.57524911653));
#4104 = CARTESIAN_POINT('',(0.115447787009,126.70920731108));
#4105 = CARTESIAN_POINT('',(0.115447399147,126.84317922639));
#4106 = CARTESIAN_POINT('',(0.115454800351,126.97723667049));
#4107 = CARTESIAN_POINT('',(0.115461721044,127.1114080439));
#4108 = CARTESIAN_POINT('',(0.115464662196,127.24529816463));
#4109 = ( GEOMETRIC_REPRESENTATION_CONTEXT(2) 
PARAMETRIC_REPRESENTATION_CONTEXT() REPRESENTATION_CONTEXT('2D SPACE',''
  ) );
#4110 = PCURVE('',#4111,#4116);
#4111 = CYLINDRICAL_SURFACE('',#4112,3.);
#4112 = AXIS2_PLACEMENT_3D('',#4113,#4114,#4115);
#4113 = CARTESIAN_POINT('',(50.,0.,0.));
#4114 = DIRECTION('',(-0.,-0.,-1.));
#4115 = DIRECTION('',(1.,0.,0.));
#4116 = DEFINITIONAL_REPRESENTATION('',(#4117),#4169);
#4117 = B_SPLINE_CURVE_WITH_KNOTS('',8,(#4118,#4119,#4120,#4121,#4122,
    #4123,#4124,#4125,#4126,#4127,#4128,#4129,#4130,#4131,#4132,#4133,
    #4134,#4135,#4136,#4137,#4138,#4139,#4140,#4141,#4142,#4143,#4144,
    #4145,#4146,#4147,#4148,#4149,#4150,#4151,#4152,#4153,#4154,#4155,
    #4156,#4157,#4158,#4159,#4160,#4161,#4162,#4163,#4164,#4165,#4166,
    #4167,#4168),.UNSPECIFIED.,.F.,.F.,(9,7,7,7,7,7,7,9),(0.,
    0.102068354769,0.277685115568,0.452076659556,0.570072980161,
    0.689156231399,0.831527486661,1.),.UNSPECIFIED.);
#4118 = CARTESIAN_POINT('',(0.,-17.56247876224));
#4119 = CARTESIAN_POINT('',(-8.008877823735E-02,-17.57523455063));
#4120 = CARTESIAN_POINT('',(-0.160178163759,-17.58798857092));
#4121 = CARTESIAN_POINT('',(-0.240266311565,-17.60073725721));
#4122 = CARTESIAN_POINT('',(-0.320352818859,-17.61347951974));
#4123 = CARTESIAN_POINT('',(-0.400438725049,-17.62621674482));
#4124 = CARTESIAN_POINT('',(-0.480526511747,-17.63895279488));
#4125 = CARTESIAN_POINT('',(-0.560620102766,-17.65169400848));
#4126 = CARTESIAN_POINT('',(-0.778551507321,-17.68639552706));
#4127 = CARTESIAN_POINT('',(-0.916685279615,-17.70840563384));
#4128 = CARTESIAN_POINT('',(-1.054701231572,-17.73039075014));
#4129 = CARTESIAN_POINT('',(-1.192556354894,-17.75233234273));
#4130 = CARTESIAN_POINT('',(-1.330400193545,-17.77425660917));
#4131 = CARTESIAN_POINT('',(-1.468389839167,-17.7962017461));
#4132 = CARTESIAN_POINT('',(-1.606509310787,-17.81817799225));
#4133 = CARTESIAN_POINT('',(-1.88131535827,-17.86190981519));
#4134 = CARTESIAN_POINT('',(-2.018474995228,-17.88374183362));
#4135 = CARTESIAN_POINT('',(-2.155472981521,-17.90555298078));
#4136 = CARTESIAN_POINT('',(-2.292397639669,-17.92734906576));
#4137 = CARTESIAN_POINT('',(-2.429343056273,-17.94914131922));
#4138 = CARTESIAN_POINT('',(-2.566392919815,-17.97094743358));
#4139 = CARTESIAN_POINT('',(-2.703601073046,-17.99278378431));
#4140 = CARTESIAN_POINT('',(-2.93312791927,-18.02931942041));
#4141 = CARTESIAN_POINT('',(-3.025821495855,-18.04407619828));
#4142 = CARTESIAN_POINT('',(-3.118509487405,-18.05883403844));
#4143 = CARTESIAN_POINT('',(-3.211184927836,-18.07359098675));
#4144 = CARTESIAN_POINT('',(-3.303856653876,-18.08834555798));
#4145 = CARTESIAN_POINT('',(-3.396533152397,-18.10309602079));
#4146 = CARTESIAN_POINT('',(-3.489206495196,-18.11784031438));
#4147 = CARTESIAN_POINT('',(-3.675255030685,-18.14743337299));
#4148 = CARTESIAN_POINT('',(-3.768761980554,-18.16229639252));
#4149 = CARTESIAN_POINT('',(-3.862295356959,-18.17716716695));
#4150 = CARTESIAN_POINT('',(-3.95583341317,-18.19205001614));
#4151 = CARTESIAN_POINT('',(-4.049362426117,-18.206944478));
#4152 = CARTESIAN_POINT('',(-4.142876696397,-18.22184530849));
#4153 = CARTESIAN_POINT('',(-4.236378548272,-18.23674248162));
#4154 = CARTESIAN_POINT('',(-4.441662993806,-18.2694095878));
#4155 = CARTESIAN_POINT('',(-4.553472283958,-18.28718856214));
#4156 = CARTESIAN_POINT('',(-4.665293008396,-18.30497147058));
#4157 = CARTESIAN_POINT('',(-4.777115169733,-18.32276573084));
#4158 = CARTESIAN_POINT('',(-4.888931964917,-18.34057282021));
#4159 = CARTESIAN_POINT('',(-5.000739785237,-18.35838827564));
#4160 = CARTESIAN_POINT('',(-5.11253821632,-18.37620169361));
#4161 = CARTESIAN_POINT('',(-5.35661691835,-18.41505417295));
#4162 = CARTESIAN_POINT('',(-5.48910005333,-18.43613318476));
#4163 = CARTESIAN_POINT('',(-5.621457499333,-18.45718356735));
#4164 = CARTESIAN_POINT('',(-5.753760116669,-18.47822715957));
#4165 = CARTESIAN_POINT('',(-5.886073555288,-18.4992842326));
#4166 = CARTESIAN_POINT('',(-6.018465229663,-18.5203586433));
#4167 = CARTESIAN_POINT('',(-6.150964977855,-18.54145072078));
#4168 = CARTESIAN_POINT('',(-6.28318530718,-18.56249660211));
#4169 = ( GEOMETRIC_REPRESENTATION_CONTEXT(2) 
PARAMETRIC_REPRESENTATION_CONTEXT() REPRESENTATION_CONTEXT('2D SPACE',''
  ) );
#4170 = ORIENTED_EDGE('',*,*,#4171,.F.);
#4171 = EDGE_CURVE('',#4172,#4000,#4174,.T.);
#4172 = VERTEX_POINT('',#4173);
#4173 = CARTESIAN_POINT('',(53.,0.,16.562492413407));
#4174 = SURFACE_CURVE('',#4175,(#4220,#4268),.PCURVE_S1.);
#4175 = B_SPLINE_CURVE_WITH_KNOTS('',7,(#4176,#4177,#4178,#4179,#4180,
    #4181,#4182,#4183,#4184,#4185,#4186,#4187,#4188,#4189,#4190,#4191,
    #4192,#4193,#4194,#4195,#4196,#4197,#4198,#4199,#4200,#4201,#4202,
    #4203,#4204,#4205,#4206,#4207,#4208,#4209,#4210,#4211,#4212,#4213,
    #4214,#4215,#4216,#4217,#4218,#4219),.UNSPECIFIED.,.F.,.F.,(8,6,6,6,
    6,6,6,8),(0.,8.514147856194E-02,0.262803425807,0.440456443857,
    0.54075587951,0.633100775364,0.813578526223,1.),.UNSPECIFIED.);
#4176 = CARTESIAN_POINT('',(53.,2.6645352591E-15,16.562492413407));
#4177 = CARTESIAN_POINT('',(53.,0.229139904494,16.574650144887));
#4178 = CARTESIAN_POINT('',(52.979566547774,0.458397363052,
    16.586813281155));
#4179 = CARTESIAN_POINT('',(52.93870481246,0.685457463493,
    16.598977462039));
#4180 = CARTESIAN_POINT('',(52.877708105273,0.908105113187,
    16.611139748369));
#4181 = CARTESIAN_POINT('',(52.797157879499,1.124225039052,
    16.62329862198));
#4182 = CARTESIAN_POINT('',(52.697923730499,1.331801787557,
    16.635453985709));
#4183 = CARTESIAN_POINT('',(52.337523412122,1.940239297099,
    16.672966803018));
#4184 = CARTESIAN_POINT('',(52.016849637356,2.307164150724,
    16.698377676339));
#4185 = CARTESIAN_POINT('',(51.629937789787,2.610426328545,
    16.723749288757));
#4186 = CARTESIAN_POINT('',(51.192117797203,2.837277247247,
    16.749112391195));
#4187 = CARTESIAN_POINT('',(50.721036136024,2.978458172969,
    16.774509455128));
#4188 = CARTESIAN_POINT('',(50.236117084064,3.028644056836,
    16.799926421501));
#4189 = CARTESIAN_POINT('',(49.283312633967,2.952079327895,
    16.850603752016));
#4190 = CARTESIAN_POINT('',(48.812874129552,2.825135316544,
    16.87595994131));
#4191 = CARTESIAN_POINT('',(48.370546957517,2.610711172338,
    16.901370647219));
#4192 = CARTESIAN_POINT('',(47.974586098556,2.317034668239,
    16.926760562769));
#4193 = CARTESIAN_POINT('',(47.641003894789,1.955970682686,
    16.952113020428));
#4194 = CARTESIAN_POINT('',(47.382992090229,1.542611991098,
    16.977481652415));
#4195 = CARTESIAN_POINT('',(47.10936550597,0.846775828029,
    17.017162163201));
#4196 = CARTESIAN_POINT('',(47.036953172576,0.585248061725,
    17.031492271458));
#4197 = CARTESIAN_POINT('',(46.992189715848,0.316663472808,
    17.045824747607));
#4198 = CARTESIAN_POINT('',(46.97587910629,4.451515229088E-02,
    17.060156810922));
#4199 = CARTESIAN_POINT('',(46.988269738975,-0.227618015393,
    17.074487890859));
#4200 = CARTESIAN_POINT('',(47.029017656563,-0.496100918574,
    17.088815631716));
#4201 = CARTESIAN_POINT('',(47.159878471568,-0.997729731885,
    17.116312769586));
#4202 = CARTESIAN_POINT('',(47.245875924939,-1.232227676023,
    17.129494026701));
#4203 = CARTESIAN_POINT('',(47.3544275859,-1.457965774895,
    17.142677692363));
#4204 = CARTESIAN_POINT('',(47.484454957176,-1.672349394493,
    17.155864561758));
#4205 = CARTESIAN_POINT('',(47.63451559075,-1.872989108854,
    17.169054201528));
#4206 = CARTESIAN_POINT('',(47.802803087865,-2.057700700058,
    17.182244949767));
#4207 = CARTESIAN_POINT('',(48.347426811392,-2.550505779779,
    17.221210272634));
#4208 = CARTESIAN_POINT('',(48.770241069998,-2.809233871818,
    17.247054008904));
#4209 = CARTESIAN_POINT('',(49.238670923745,-2.984545942782,
    17.27284943025));
#4210 = CARTESIAN_POINT('',(49.733252631854,-3.068551883912,
    17.298603075901));
#4211 = CARTESIAN_POINT('',(50.233339937503,-3.057730281042,
    17.324382506903));
#4212 = CARTESIAN_POINT('',(50.7178713674,-2.953082883068,17.35022341868
    ));
#4213 = CARTESIAN_POINT('',(51.627957024377,-2.569357262651,
    17.40263581203));
#4214 = CARTESIAN_POINT('',(52.053594279466,-2.283585877835,
    17.42934593964));
#4215 = CARTESIAN_POINT('',(52.418369688779,-1.916251663348,
    17.455977674934));
#4216 = CARTESIAN_POINT('',(52.705335699905,-1.483817707077,
    17.482593192309));
#4217 = CARTESIAN_POINT('',(52.902060078504,-1.004977291632,
    17.509143090385));
#4218 = CARTESIAN_POINT('',(53.,-0.501798709941,17.535838167083));
#4219 = CARTESIAN_POINT('',(53.,-6.217248937901E-15,17.562478762248));
#4220 = PCURVE('',#2771,#4221);
#4221 = DEFINITIONAL_REPRESENTATION('',(#4222),#4267);
#4222 = B_SPLINE_CURVE_WITH_KNOTS('',7,(#4223,#4224,#4225,#4226,#4227,
    #4228,#4229,#4230,#4231,#4232,#4233,#4234,#4235,#4236,#4237,#4238,
    #4239,#4240,#4241,#4242,#4243,#4244,#4245,#4246,#4247,#4248,#4249,
    #4250,#4251,#4252,#4253,#4254,#4255,#4256,#4257,#4258,#4259,#4260,
    #4261,#4262,#4263,#4264,#4265,#4266),.UNSPECIFIED.,.F.,.F.,(8,6,6,6,
    6,6,6,8),(0.,8.514147856194E-02,0.262803425807,0.440456443857,
    0.54075587951,0.633100775364,0.813578526223,1.),.UNSPECIFIED.);
#4223 = CARTESIAN_POINT('',(0.115458145305,114.52076198297));
#4224 = CARTESIAN_POINT('',(0.115460779557,114.59810431413));
#4225 = CARTESIAN_POINT('',(0.115464241746,114.6754783982));
#4226 = CARTESIAN_POINT('',(0.115466749977,114.75286216306));
#4227 = CARTESIAN_POINT('',(0.11546733565,114.83023999019));
#4228 = CARTESIAN_POINT('',(0.115465843465,114.90760271465));
#4229 = CARTESIAN_POINT('',(0.115462931413,114.9849476251));
#4230 = CARTESIAN_POINT('',(0.1154541016,115.22364220349));
#4231 = CARTESIAN_POINT('',(0.115447821424,115.38533289483));
#4232 = CARTESIAN_POINT('',(0.115453920118,115.54673441919));
#4233 = CARTESIAN_POINT('',(0.115493074227,115.70797664686));
#4234 = CARTESIAN_POINT('',(0.115531785659,115.86943635466));
#4235 = CARTESIAN_POINT('',(0.115512837004,116.03120611186));
#4236 = CARTESIAN_POINT('',(0.115443891695,116.35384804933));
#4237 = CARTESIAN_POINT('',(0.115330086694,116.51553287763));
#4238 = CARTESIAN_POINT('',(0.115420170256,116.67691595726));
#4239 = CARTESIAN_POINT('',(0.115520155196,116.83813526599));
#4240 = CARTESIAN_POINT('',(0.115484083768,116.99954907203));
#4241 = CARTESIAN_POINT('',(0.115396889068,117.16122841299));
#4242 = CARTESIAN_POINT('',(0.115425036438,117.41359680231));
#4243 = CARTESIAN_POINT('',(0.115449230172,117.50469178677));
#4244 = CARTESIAN_POINT('',(0.115476976326,117.59579053572));
#4245 = CARTESIAN_POINT('',(0.115499272111,117.68690399652));
#4246 = CARTESIAN_POINT('',(0.115510424503,117.77804664945));
#4247 = CARTESIAN_POINT('',(0.115509878492,117.86920527242));
#4248 = CARTESIAN_POINT('',(0.115498674778,118.04418499443));
#4249 = CARTESIAN_POINT('',(0.115487600304,118.12808287638));
#4250 = CARTESIAN_POINT('',(0.115475273268,118.21200006671));
#4251 = CARTESIAN_POINT('',(0.115464789934,118.29593177499));
#4252 = CARTESIAN_POINT('',(0.115457891457,118.3798697052));
#4253 = CARTESIAN_POINT('',(0.11545496389,118.46380205578));
#4254 = CARTESIAN_POINT('',(0.115455183383,118.71170907256));
#4255 = CARTESIAN_POINT('',(0.115466563798,118.87609757202));
#4256 = CARTESIAN_POINT('',(0.115477796485,119.0401791491));
#4257 = CARTESIAN_POINT('',(0.115465128085,119.20407097075));
#4258 = CARTESIAN_POINT('',(0.115443595822,119.36815504278));
#4259 = CARTESIAN_POINT('',(0.115451459491,119.53253675936));
#4260 = CARTESIAN_POINT('',(0.115484890964,119.86589195193));
#4261 = CARTESIAN_POINT('',(0.115512680627,120.03574046277));
#4262 = CARTESIAN_POINT('',(0.115538621576,120.2050961017));
#4263 = CARTESIAN_POINT('',(0.115524215928,120.3744769066));
#4264 = CARTESIAN_POINT('',(0.115387058218,120.54383071457));
#4265 = CARTESIAN_POINT('',(0.115389661859,120.71366358774));
#4266 = CARTESIAN_POINT('',(0.115428260471,120.88303532999));
#4267 = ( GEOMETRIC_REPRESENTATION_CONTEXT(2) 
PARAMETRIC_REPRESENTATION_CONTEXT() REPRESENTATION_CONTEXT('2D SPACE',''
  ) );
#4268 = PCURVE('',#4269,#4274);
#4269 = CYLINDRICAL_SURFACE('',#4270,3.);
#4270 = AXIS2_PLACEMENT_3D('',#4271,#4272,#4273);
#4271 = CARTESIAN_POINT('',(50.,0.,0.));
#4272 = DIRECTION('',(-0.,-0.,-1.));
#4273 = DIRECTION('',(1.,0.,0.));
#4274 = DEFINITIONAL_REPRESENTATION('',(#4275),#4320);
#4275 = B_SPLINE_CURVE_WITH_KNOTS('',7,(#4276,#4277,#4278,#4279,#4280,
    #4281,#4282,#4283,#4284,#4285,#4286,#4287,#4288,#4289,#4290,#4291,
    #4292,#4293,#4294,#4295,#4296,#4297,#4298,#4299,#4300,#4301,#4302,
    #4303,#4304,#4305,#4306,#4307,#4308,#4309,#4310,#4311,#4312,#4313,
    #4314,#4315,#4316,#4317,#4318,#4319),.UNSPECIFIED.,.F.,.F.,(8,6,6,6,
    6,6,6,8),(0.,8.514147856194E-02,0.262803425807,0.440456443857,
    0.54075587951,0.633100775364,0.813578526223,1.),.UNSPECIFIED.);
#4276 = CARTESIAN_POINT('',(0.,-16.5624924134));
#4277 = CARTESIAN_POINT('',(-7.637996816455E-02,-16.57465014488));
#4278 = CARTESIAN_POINT('',(-0.152789864799,-16.58681328115));
#4279 = CARTESIAN_POINT('',(-0.229208360829,-16.59897746203));
#4280 = CARTESIAN_POINT('',(-0.305620540274,-16.61113974836));
#4281 = CARTESIAN_POINT('',(-0.382017900252,-16.62329862198));
#4282 = CARTESIAN_POINT('',(-0.458398350974,-16.6354539857));
#4283 = CARTESIAN_POINT('',(-0.694120549171,-16.67296680301));
#4284 = CARTESIAN_POINT('',(-0.853802154288,-16.69837767633));
#4285 = CARTESIAN_POINT('',(-1.013209164364,-16.72374928875));
#4286 = CARTESIAN_POINT('',(-1.172457604426,-16.74911239119));
#4287 = CARTESIAN_POINT('',(-1.33191115127,-16.77450945512));
#4288 = CARTESIAN_POINT('',(-1.491664632329,-16.7999264215));
#4289 = CARTESIAN_POINT('',(-1.810289887282,-16.85060375201));
#4290 = CARTESIAN_POINT('',(-1.969962389847,-16.87595994131));
#4291 = CARTESIAN_POINT('',(-2.129352304617,-16.90137064721));
#4292 = CARTESIAN_POINT('',(-2.288565384751,-16.92676056276));
#4293 = CARTESIAN_POINT('',(-2.447958565358,-16.95211302042));
#4294 = CARTESIAN_POINT('',(-2.607634607861,-16.97748165241));
#4295 = CARTESIAN_POINT('',(-2.856868873707,-17.0171621632));
#4296 = CARTESIAN_POINT('',(-2.946831993168,-17.03149227145));
#4297 = CARTESIAN_POINT('',(-3.036796887501,-17.0458247476));
#4298 = CARTESIAN_POINT('',(-3.126775004365,-17.06015681092));
#4299 = CARTESIAN_POINT('',(-3.216782174561,-17.07448789085));
#4300 = CARTESIAN_POINT('',(-3.306806650258,-17.08881563171));
#4301 = CARTESIAN_POINT('',(-3.479612263351,-17.11631276958));
#4302 = CARTESIAN_POINT('',(-3.562469236404,-17.1294940267));
#4303 = CARTESIAN_POINT('',(-3.645346410225,-17.14267769236));
#4304 = CARTESIAN_POINT('',(-3.728238543459,-17.15586456175));
#4305 = CARTESIAN_POINT('',(-3.81113680554,-17.16905420152));
#4306 = CARTESIAN_POINT('',(-3.894028776696,-17.18224494976));
#4307 = CARTESIAN_POINT('',(-4.138857934098,-17.22121027263));
#4308 = CARTESIAN_POINT('',(-4.301200589389,-17.2470540089));
#4309 = CARTESIAN_POINT('',(-4.463229521597,-17.27284943025));
#4310 = CARTESIAN_POINT('',(-4.625072781178,-17.2986030759));
#4311 = CARTESIAN_POINT('',(-4.787116399529,-17.3243825069));
#4312 = CARTESIAN_POINT('',(-4.949461793631,-17.35022341868));
#4313 = CARTESIAN_POINT('',(-5.278686683807,-17.40263581203));
#4314 = CARTESIAN_POINT('',(-5.44643015671,-17.42934593964));
#4315 = CARTESIAN_POINT('',(-5.613684385184,-17.45597767493));
#4316 = CARTESIAN_POINT('',(-5.780938373257,-17.4825931923));
#4317 = CARTESIAN_POINT('',(-5.948191328725,-17.50914309038));
#4318 = CARTESIAN_POINT('',(-6.115919070533,-17.53583816708));
#4319 = CARTESIAN_POINT('',(-6.28318530718,-17.56247876224));
#4320 = ( GEOMETRIC_REPRESENTATION_CONTEXT(2) 
PARAMETRIC_REPRESENTATION_CONTEXT() REPRESENTATION_CONTEXT('2D SPACE',''
  ) );
#4321 = ORIENTED_EDGE('',*,*,#4322,.F.);
#4322 = EDGE_CURVE('',#4323,#4172,#4325,.T.);
#4323 = VERTEX_POINT('',#4324);
#4324 = CARTESIAN_POINT('',(53.,0.,15.562471583009));
#4325 = SURFACE_CURVE('',#4326,(#4371,#4419),.PCURVE_S1.);
#4326 = B_SPLINE_CURVE_WITH_KNOTS('',7,(#4327,#4328,#4329,#4330,#4331,
    #4332,#4333,#4334,#4335,#4336,#4337,#4338,#4339,#4340,#4341,#4342,
    #4343,#4344,#4345,#4346,#4347,#4348,#4349,#4350,#4351,#4352,#4353,
    #4354,#4355,#4356,#4357,#4358,#4359,#4360,#4361,#4362,#4363,#4364,
    #4365,#4366,#4367,#4368,#4369,#4370),.UNSPECIFIED.,.F.,.F.,(8,6,6,6,
    6,6,6,8),(0.,8.58031348822E-02,0.239593742146,0.452881906512,
    0.577462190215,0.637885336904,0.798747405237,1.),.UNSPECIFIED.);
#4327 = CARTESIAN_POINT('',(53.,-5.773159728051E-15,15.562471583009));
#4328 = CARTESIAN_POINT('',(53.,0.231067550618,15.574726698721));
#4329 = CARTESIAN_POINT('',(52.979256352285,0.461970744032,
    15.586982133869));
#4330 = CARTESIAN_POINT('',(52.937779168529,0.690563731902,
    15.599239136307));
#4331 = CARTESIAN_POINT('',(52.875867502468,0.914718128804,
    15.611497338222));
#4332 = CARTESIAN_POINT('',(52.794109349901,1.13232301224,
    15.623754756143));
#4333 = CARTESIAN_POINT('',(52.693381648692,1.341284922632,
    15.636007790934));
#4334 = CARTESIAN_POINT('',(52.362398701255,1.894851736705,15.6701959457
    ));
#4335 = CARTESIAN_POINT('',(52.092606736657,2.216189491801,
    15.692157233085));
#4336 = CARTESIAN_POINT('',(51.772359302547,2.491781714308,
    15.714139744191));
#4337 = CARTESIAN_POINT('',(51.411154213939,2.712763556777,
    15.736119769597));
#4338 = CARTESIAN_POINT('',(51.019761486062,2.872466061621,
    15.758088743709));
#4339 = CARTESIAN_POINT('',(50.610528579026,2.966232414662,
    15.780077486673));
#4340 = CARTESIAN_POINT('',(49.624842039234,3.031286769273,
    15.832465812204));
#4341 = CARTESIAN_POINT('',(49.040761514877,2.941391676102,
    15.863051399748));
#4342 = CARTESIAN_POINT('',(48.485315537746,2.719168759176,
    15.893487710999));
#4343 = CARTESIAN_POINT('',(47.991879258289,2.378140180893,
    15.923986522298));
#4344 = CARTESIAN_POINT('',(47.587659117168,1.937136694762,
    15.954427109726));
#4345 = CARTESIAN_POINT('',(47.297089872559,1.422570684911,
    15.985026116864));
#4346 = CARTESIAN_POINT('',(47.032365953611,0.552755365763,
    16.03325837815));
#4347 = CARTESIAN_POINT('',(46.976625563954,0.219414731138,
    16.051038390902));
#4348 = CARTESIAN_POINT('',(46.964604643303,-0.119978307791,
    16.068815864856));
#4349 = CARTESIAN_POINT('',(46.997018826014,-0.458668529116,
    16.086599349185));
#4350 = CARTESIAN_POINT('',(47.073319686146,-0.789848359479,
    16.104394454034));
#4351 = CARTESIAN_POINT('',(47.191564778032,-1.106794498915,
    16.122194214223));
#4352 = CARTESIAN_POINT('',(47.424300432813,-1.54667048201,
    16.14859068759));
#4353 = CARTESIAN_POINT('',(47.509398727429,-1.685538692898,
    16.157210568926));
#4354 = CARTESIAN_POINT('',(47.603214004606,-1.818915045037,
    16.165829182792));
#4355 = CARTESIAN_POINT('',(47.705322066983,-1.946150532015,
    16.174447004607));
#4356 = CARTESIAN_POINT('',(47.815243075921,-2.066641274309,
    16.18306489937));
#4357 = CARTESIAN_POINT('',(47.932441551503,-2.179828519294,
    16.191684121669));
#4358 = CARTESIAN_POINT('',(48.386139856905,-2.565721200624,
    16.223260829577));
#4359 = CARTESIAN_POINT('',(48.763599281599,-2.791042772589,
    16.246220722953));
#4360 = CARTESIAN_POINT('',(49.176680530616,-2.950629981369,
    16.269299824561));
#4361 = CARTESIAN_POINT('',(49.611831518787,-3.038683667287,
    16.292256635413));
#4362 = CARTESIAN_POINT('',(50.054631971144,-3.052204860618,
    16.315122228978));
#4363 = CARTESIAN_POINT('',(50.490145954773,-2.991179626909,
    16.338157300291));
#4364 = CARTESIAN_POINT('',(51.419442801043,-2.697869973763,
    16.389889695652));
#4365 = CARTESIAN_POINT('',(51.903553869789,-2.425422098784,
    16.4187676741));
#4366 = CARTESIAN_POINT('',(52.323364623069,-2.052221574744,
    16.447502619024));
#4367 = CARTESIAN_POINT('',(52.656358636608,-1.597955038995,
    16.476193787873));
#4368 = CARTESIAN_POINT('',(52.885929705155,-1.0852353879,16.50491547274
    ));
#4369 = CARTESIAN_POINT('',(53.,-0.541517513738,16.533760514707));
#4370 = CARTESIAN_POINT('',(53.,2.6645352591E-15,16.562492413407));
#4371 = PCURVE('',#2771,#4372);
#4372 = DEFINITIONAL_REPRESENTATION('',(#4373),#4418);
#4373 = B_SPLINE_CURVE_WITH_KNOTS('',7,(#4374,#4375,#4376,#4377,#4378,
    #4379,#4380,#4381,#4382,#4383,#4384,#4385,#4386,#4387,#4388,#4389,
    #4390,#4391,#4392,#4393,#4394,#4395,#4396,#4397,#4398,#4399,#4400,
    #4401,#4402,#4403,#4404,#4405,#4406,#4407,#4408,#4409,#4410,#4411,
    #4412,#4413,#4414,#4415,#4416,#4417),.UNSPECIFIED.,.F.,.F.,(8,6,6,6,
    6,6,6,8),(0.,8.58031348822E-02,0.239593742146,0.452881906512,
    0.577462190215,0.637885336904,0.798747405237,1.),.UNSPECIFIED.);
#4374 = CARTESIAN_POINT('',(0.11541334802,108.15850682911));
#4375 = CARTESIAN_POINT('',(0.115406843853,108.23649781507));
#4376 = CARTESIAN_POINT('',(0.115421017556,108.3144250543));
#4377 = CARTESIAN_POINT('',(0.115442229097,108.39233987674));
#4378 = CARTESIAN_POINT('',(0.115460155991,108.47027277949));
#4379 = CARTESIAN_POINT('',(0.115467793308,108.54823342682));
#4380 = CARTESIAN_POINT('',(0.115461453664,108.62621065015));
#4381 = CARTESIAN_POINT('',(0.115403689572,108.84390851086));
#4382 = CARTESIAN_POINT('',(0.11537355902,108.98372789332));
#4383 = CARTESIAN_POINT('',(0.115440847072,109.12337240377));
#4384 = CARTESIAN_POINT('',(0.115499612076,109.26302821443));
#4385 = CARTESIAN_POINT('',(0.1155169559,109.40274547897));
#4386 = CARTESIAN_POINT('',(0.115512095824,109.54265915221));
#4387 = CARTESIAN_POINT('',(0.115478333398,109.8760749719));
#4388 = CARTESIAN_POINT('',(0.115440887831,110.07078770857));
#4389 = CARTESIAN_POINT('',(0.11542734765,110.26447466364));
#4390 = CARTESIAN_POINT('',(0.11548738176,110.45832521041));
#4391 = CARTESIAN_POINT('',(0.115472277905,110.65204434593));
#4392 = CARTESIAN_POINT('',(0.115458560404,110.84676697932));
#4393 = CARTESIAN_POINT('',(0.115453731221,111.15364877581));
#4394 = CARTESIAN_POINT('',(0.115455062039,111.26676569748));
#4395 = CARTESIAN_POINT('',(0.115466839445,111.3798332346));
#4396 = CARTESIAN_POINT('',(0.115486003843,111.49291551228));
#4397 = CARTESIAN_POINT('',(0.1155040347,111.60607532873));
#4398 = CARTESIAN_POINT('',(0.115511884333,111.71929715156));
#4399 = CARTESIAN_POINT('',(0.11550152988,111.88727145261));
#4400 = CARTESIAN_POINT('',(0.115494859899,111.9421346412));
#4401 = CARTESIAN_POINT('',(0.115484828103,111.99700046021));
#4402 = CARTESIAN_POINT('',(0.115471983847,112.05187018679));
#4403 = CARTESIAN_POINT('',(0.115457499504,112.10674559484));
#4404 = CARTESIAN_POINT('',(0.115443170456,112.16162895499));
#4405 = CARTESIAN_POINT('',(0.11540011931,112.36266529426));
#4406 = CARTESIAN_POINT('',(0.115329656124,112.50896637638));
#4407 = CARTESIAN_POINT('',(0.115552263278,112.65509359593));
#4408 = CARTESIAN_POINT('',(0.115557823819,112.80113322431));
#4409 = CARTESIAN_POINT('',(0.115338807022,112.94730691546));
#4410 = CARTESIAN_POINT('',(0.115399589033,113.09366879057));
#4411 = CARTESIAN_POINT('',(0.115468391778,113.42258513473));
#4412 = CARTESIAN_POINT('',(0.115537507309,113.60609462406));
#4413 = CARTESIAN_POINT('',(0.11554969065,113.78887520555));
#4414 = CARTESIAN_POINT('',(0.115460278427,113.97170046094));
#4415 = CARTESIAN_POINT('',(0.115451527411,114.15446327345));
#4416 = CARTESIAN_POINT('',(0.115451919878,114.33798182966));
#4417 = CARTESIAN_POINT('',(0.115458145305,114.52076198297));
#4418 = ( GEOMETRIC_REPRESENTATION_CONTEXT(2) 
PARAMETRIC_REPRESENTATION_CONTEXT() REPRESENTATION_CONTEXT('2D SPACE',''
  ) );
#4419 = PCURVE('',#4420,#4425);
#4420 = CYLINDRICAL_SURFACE('',#4421,3.);
#4421 = AXIS2_PLACEMENT_3D('',#4422,#4423,#4424);
#4422 = CARTESIAN_POINT('',(50.,0.,0.));
#4423 = DIRECTION('',(-0.,-0.,-1.));
#4424 = DIRECTION('',(1.,0.,0.));
#4425 = DEFINITIONAL_REPRESENTATION('',(#4426),#4471);
#4426 = B_SPLINE_CURVE_WITH_KNOTS('',7,(#4427,#4428,#4429,#4430,#4431,
    #4432,#4433,#4434,#4435,#4436,#4437,#4438,#4439,#4440,#4441,#4442,
    #4443,#4444,#4445,#4446,#4447,#4448,#4449,#4450,#4451,#4452,#4453,
    #4454,#4455,#4456,#4457,#4458,#4459,#4460,#4461,#4462,#4463,#4464,
    #4465,#4466,#4467,#4468,#4469,#4470),.UNSPECIFIED.,.F.,.F.,(8,6,6,6,
    6,6,6,8),(0.,8.58031348822E-02,0.239593742146,0.452881906512,
    0.577462190215,0.637885336904,0.798747405237,1.),.UNSPECIFIED.);
#4427 = CARTESIAN_POINT('',(0.,-15.562471583));
#4428 = CARTESIAN_POINT('',(-7.702251687251E-02,-15.57472669872));
#4429 = CARTESIAN_POINT('',(-0.153982106396,-15.58698213386));
#4430 = CARTESIAN_POINT('',(-0.230928774037,-15.5992391363));
#4431 = CARTESIAN_POINT('',(-0.307892374844,-15.61149733822));
#4432 = CARTESIAN_POINT('',(-0.384882613447,-15.62375475614));
#4433 = CARTESIAN_POINT('',(-0.461889044061,-15.63600779093));
#4434 = CARTESIAN_POINT('',(-0.676878947993,-15.6701959457));
#4435 = CARTESIAN_POINT('',(-0.814962609921,-15.69215723308));
#4436 = CARTESIAN_POINT('',(-0.952879772,-15.71413974419));
#4437 = CARTESIAN_POINT('',(-1.090790641316,-15.73611976959));
#4438 = CARTESIAN_POINT('',(-1.228766460673,-15.7580887437));
#4439 = CARTESIAN_POINT('',(-1.36693962946,-15.78007748667));
#4440 = CARTESIAN_POINT('',(-1.696216619205,-15.8324658122));
#4441 = CARTESIAN_POINT('',(-1.888518534292,-15.86305139974));
#4442 = CARTESIAN_POINT('',(-2.079815458043,-15.89348771099));
#4443 = CARTESIAN_POINT('',(-2.271247036237,-15.92398652229));
#4444 = CARTESIAN_POINT('',(-2.462538708745,-15.95442710972));
#4445 = CARTESIAN_POINT('',(-2.654834304013,-15.98502611686));
#4446 = CARTESIAN_POINT('',(-2.957903317548,-16.03325837815));
#4447 = CARTESIAN_POINT('',(-3.06961766678,-16.0510383909));
#4448 = CARTESIAN_POINT('',(-3.181285617086,-16.06881586485));
#4449 = CARTESIAN_POINT('',(-3.292968058202,-16.08659934918));
#4450 = CARTESIAN_POINT('',(-3.40472439249,-16.10439445403));
#4451 = CARTESIAN_POINT('',(-3.516538298642,-16.12219421422));
#4452 = CARTESIAN_POINT('',(-3.682422048268,-16.14859068759));
#4453 = CARTESIAN_POINT('',(-3.736602054798,-16.15721056892));
#4454 = CARTESIAN_POINT('',(-3.79078458321,-16.16582918279));
#4455 = CARTESIAN_POINT('',(-3.84497112878,-16.1744470046));
#4456 = CARTESIAN_POINT('',(-3.899163613822,-16.18306489937));
#4457 = CARTESIAN_POINT('',(-3.953364387692,-16.19168412166));
#4458 = CARTESIAN_POINT('',(-4.151902185333,-16.22326082957));
#4459 = CARTESIAN_POINT('',(-4.296390553297,-16.24622072295));
#4460 = CARTESIAN_POINT('',(-4.440699646069,-16.26929982456));
#4461 = CARTESIAN_POINT('',(-4.5849173432,-16.29225663541));
#4462 = CARTESIAN_POINT('',(-4.729271612173,-16.31512222897));
#4463 = CARTESIAN_POINT('',(-4.873820074535,-16.33815730029));
#4464 = CARTESIAN_POINT('',(-5.198648778302,-16.38988969565));
#4465 = CARTESIAN_POINT('',(-5.379873580135,-16.4187676741));
#4466 = CARTESIAN_POINT('',(-5.560366805634,-16.44750261902));
#4467 = CARTESIAN_POINT('',(-5.740931040223,-16.47619378787));
#4468 = CARTESIAN_POINT('',(-5.921437488565,-16.50491547274));
#4469 = CARTESIAN_POINT('',(-6.102679469267,-16.5337605147));
#4470 = CARTESIAN_POINT('',(-6.28318530718,-16.5624924134));
#4471 = ( GEOMETRIC_REPRESENTATION_CONTEXT(2) 
PARAMETRIC_REPRESENTATION_CONTEXT() REPRESENTATION_CONTEXT('2D SPACE',''
  ) );
#4472 = ORIENTED_EDGE('',*,*,#4473,.F.);
#4473 = EDGE_CURVE('',#4474,#4323,#4476,.T.);
#4474 = VERTEX_POINT('',#4475);
#4475 = CARTESIAN_POINT('',(53.,0.,14.562491223975));
#4476 = SURFACE_CURVE('',#4477,(#4536,#4598),.PCURVE_S1.);
#4477 = B_SPLINE_CURVE_WITH_KNOTS('',8,(#4478,#4479,#4480,#4481,#4482,
    #4483,#4484,#4485,#4486,#4487,#4488,#4489,#4490,#4491,#4492,#4493,
    #4494,#4495,#4496,#4497,#4498,#4499,#4500,#4501,#4502,#4503,#4504,
    #4505,#4506,#4507,#4508,#4509,#4510,#4511,#4512,#4513,#4514,#4515,
    #4516,#4517,#4518,#4519,#4520,#4521,#4522,#4523,#4524,#4525,#4526,
    #4527,#4528,#4529,#4530,#4531,#4532,#4533,#4534,#4535),
  .UNSPECIFIED.,.F.,.F.,(9,7,7,7,7,7,7,7,9),(0.,0.17820762785,
    0.298191693468,0.417646706897,0.582919311867,0.6973434292,
    0.815826612026,0.900892400429,1.),.UNSPECIFIED.);
#4478 = CARTESIAN_POINT('',(53.,6.661338147751E-15,14.562491223975));
#4479 = CARTESIAN_POINT('',(53.,0.419609974248,14.584750467664));
#4480 = CARTESIAN_POINT('',(52.932923715256,0.840213965703,
    14.607067298089));
#4481 = CARTESIAN_POINT('',(52.798224572219,1.247698418452,
    14.629356696736));
#4482 = CARTESIAN_POINT('',(52.599533216771,1.629677030844,
    14.651625888713));
#4483 = CARTESIAN_POINT('',(52.342304437378,1.974895762897,
    14.673882433431));
#4484 = CARTESIAN_POINT('',(52.034337742305,2.273588047668,
    14.696152998488));
#4485 = CARTESIAN_POINT('',(51.685154898736,2.517222393737,
    14.71845883908));
#4486 = CARTESIAN_POINT('',(51.053061682002,2.823280726414,
    14.755724191902));
#4487 = CARTESIAN_POINT('',(50.785245600121,2.919115589113,
    14.770728283437));
#4488 = CARTESIAN_POINT('',(50.507647230933,2.985876236672,
    14.78573651552));
#4489 = CARTESIAN_POINT('',(50.224002157034,3.022394593885,
    14.80074440892));
#4490 = CARTESIAN_POINT('',(49.938084525202,3.028094205164,
    14.815748411926));
#4491 = CARTESIAN_POINT('',(49.653707046396,3.002990234539,
    14.830745900353));
#4492 = CARTESIAN_POINT('',(49.374720995759,2.947689465656,
    14.845735177535));
#4493 = CARTESIAN_POINT('',(48.836500653264,2.779462842734,
    14.875629717693));
#4494 = CARTESIAN_POINT('',(48.576837750719,2.666679594732,
    14.89054019732));
#4495 = CARTESIAN_POINT('',(48.329835033874,2.526272667682,
    14.905458046313));
#4496 = CARTESIAN_POINT('',(48.098940500492,2.359918662847,
    14.920388475632));
#4497 = CARTESIAN_POINT('',(47.887242617197,2.16973867284,
    14.935330774093));
#4498 = CARTESIAN_POINT('',(47.697470319479,1.958298281625,
    14.950278308367));
#4499 = CARTESIAN_POINT('',(47.531993011691,1.72860756452,
    14.965218522982));
#4500 = CARTESIAN_POINT('',(47.200267807604,1.145860552588,
    15.00076785998));
#4501 = CARTESIAN_POINT('',(47.057514902897,0.778422983473,
    15.021424484891));
#4502 = CARTESIAN_POINT('',(46.970334123945,0.391195734764,
    15.042104637317));
#4503 = CARTESIAN_POINT('',(46.941454359145,-5.886782535526E-03,
    15.062800750522));
#4504 = CARTESIAN_POINT('',(46.971859238728,-0.402874825025,
    15.08348464974));
#4505 = CARTESIAN_POINT('',(47.060519605328,-0.789821222729,
    15.104166729361));
#4506 = CARTESIAN_POINT('',(47.204765905116,-1.156844134776,
    15.124859424421));
#4507 = CARTESIAN_POINT('',(47.533038977106,-1.728230331979,
    15.15980733398));
#4508 = CARTESIAN_POINT('',(47.691411216467,-1.948281323541,
    15.174103470906));
#4509 = CARTESIAN_POINT('',(47.872105294641,-2.151614676952,
    15.188401397139));
#4510 = CARTESIAN_POINT('',(48.073051484318,-2.335584425372,
    15.202702550247));
#4511 = CARTESIAN_POINT('',(48.291863996741,-2.497912787019,
    15.217006939663));
#4512 = CARTESIAN_POINT('',(48.525840981709,-2.636690165162,
    15.231313146689));
#4513 = CARTESIAN_POINT('',(48.771964527575,-2.750375148125,
    15.245618324488));
#4514 = CARTESIAN_POINT('',(49.290880364472,-2.928314972908,
    15.27472534346));
#4515 = CARTESIAN_POINT('',(49.564628953349,-2.990787290339,
    15.289534728652));
#4516 = CARTESIAN_POINT('',(49.844443598063,-3.023987880872,
    15.304344425468));
#4517 = CARTESIAN_POINT('',(50.126647042705,-3.027243485167,
    15.31915317918));
#4518 = CARTESIAN_POINT('',(50.407587605271,-3.000431165245,
    15.33396040854));
#4519 = CARTESIAN_POINT('',(50.683639177663,-2.94397830449,
    15.348766205775));
#4520 = CARTESIAN_POINT('',(50.951201225692,-2.858862607649,
    15.363571336592));
#4521 = CARTESIAN_POINT('',(51.390134962424,-2.666021103588,
    15.389007237029));
#4522 = CARTESIAN_POINT('',(51.567420212415,-2.571428865399,
    15.399638184395));
#4523 = CARTESIAN_POINT('',(51.737312595012,-2.463380498513,
    15.41027064704));
#4524 = CARTESIAN_POINT('',(51.89864077474,-2.342547340658,
    15.420905456228));
#4525 = CARTESIAN_POINT('',(52.050301390422,-2.209717374688,
    15.431543117542));
#4526 = CARTESIAN_POINT('',(52.191264850148,-2.06579585896,
    15.442183134027));
#4527 = CARTESIAN_POINT('',(52.320589555468,-1.911816168419,
    15.452823244634));
#4528 = CARTESIAN_POINT('',(52.5735888109,-1.55922299357,15.475849486007
    ));
#4529 = CARTESIAN_POINT('',(52.692760805169,-1.357502360061,
    15.488229571953));
#4530 = CARTESIAN_POINT('',(52.793789884073,-1.145515127326,
    15.500602405257));
#4531 = CARTESIAN_POINT('',(52.875700615436,-0.925097075524,
    15.512971235564));
#4532 = CARTESIAN_POINT('',(52.937709119795,-0.698204324221,
    15.525340133717));
#4533 = CARTESIAN_POINT('',(52.979245161562,-0.466911940415,
    15.537713252765));
#4534 = CARTESIAN_POINT('',(53.,-0.233410413906,15.550092208998));
#4535 = CARTESIAN_POINT('',(53.,-5.773159728051E-15,15.562471583009));
#4536 = PCURVE('',#2771,#4537);
#4537 = DEFINITIONAL_REPRESENTATION('',(#4538),#4597);
#4538 = B_SPLINE_CURVE_WITH_KNOTS('',8,(#4539,#4540,#4541,#4542,#4543,
    #4544,#4545,#4546,#4547,#4548,#4549,#4550,#4551,#4552,#4553,#4554,
    #4555,#4556,#4557,#4558,#4559,#4560,#4561,#4562,#4563,#4564,#4565,
    #4566,#4567,#4568,#4569,#4570,#4571,#4572,#4573,#4574,#4575,#4576,
    #4577,#4578,#4579,#4580,#4581,#4582,#4583,#4584,#4585,#4586,#4587,
    #4588,#4589,#4590,#4591,#4592,#4593,#4594,#4595,#4596),
  .UNSPECIFIED.,.F.,.F.,(9,7,7,7,7,7,7,7,9),(0.,0.17820762785,
    0.298191693468,0.417646706897,0.582919311867,0.6973434292,
    0.815826612026,0.900892400429,1.),.UNSPECIFIED.);
#4539 = CARTESIAN_POINT('',(0.115455451073,101.79623272309));
#4540 = CARTESIAN_POINT('',(0.115452947556,101.9378598971));
#4541 = CARTESIAN_POINT('',(0.115459419307,102.07982490162));
#4542 = CARTESIAN_POINT('',(0.11547139625,102.2215978651));
#4543 = CARTESIAN_POINT('',(0.115475674659,102.36326675858));
#4544 = CARTESIAN_POINT('',(0.115460594542,102.50491676885));
#4545 = CARTESIAN_POINT('',(0.115449716152,102.64664261404));
#4546 = CARTESIAN_POINT('',(0.1154513022,102.78855324044));
#4547 = CARTESIAN_POINT('',(0.115469381737,103.02558778183));
#4548 = CARTESIAN_POINT('',(0.115483733585,103.12100213503));
#4549 = CARTESIAN_POINT('',(0.115498820964,103.21644049167));
#4550 = CARTESIAN_POINT('',(0.115509861296,103.31188956772));
#4551 = CARTESIAN_POINT('',(0.11551363103,103.40733702085));
#4552 = CARTESIAN_POINT('',(0.115508465645,103.50277145033));
#4553 = CARTESIAN_POINT('',(0.115494259652,103.59818239712));
#4554 = CARTESIAN_POINT('',(0.115450769621,103.78851773535));
#4555 = CARTESIAN_POINT('',(0.115416510937,103.88349114154));
#4556 = CARTESIAN_POINT('',(0.115393674648,103.97847509738));
#4557 = CARTESIAN_POINT('',(0.115394388367,104.07346417679));
#4558 = CARTESIAN_POINT('',(0.115418923207,104.16845299259));
#4559 = CARTESIAN_POINT('',(0.115455693784,104.26343619646));
#4560 = CARTESIAN_POINT('',(0.115481258218,104.358408479));
#4561 = CARTESIAN_POINT('',(0.115431346357,104.58474156272));
#4562 = CARTESIAN_POINT('',(0.115369373362,104.71636163176));
#4563 = CARTESIAN_POINT('',(0.115390326322,104.84786759033));
#4564 = CARTESIAN_POINT('',(0.115460314762,104.97931910657));
#4565 = CARTESIAN_POINT('',(0.115501485345,105.11078458831));
#4566 = CARTESIAN_POINT('',(0.115516762774,105.2423208627));
#4567 = CARTESIAN_POINT('',(0.115511353951,105.37399048117));
#4568 = CARTESIAN_POINT('',(0.115489082402,105.59640919641));
#4569 = CARTESIAN_POINT('',(0.115476030222,105.68740653066));
#4570 = CARTESIAN_POINT('',(0.115463706438,105.77841293184));
#4571 = CARTESIAN_POINT('',(0.115455122911,105.86942796498));
#4572 = CARTESIAN_POINT('',(0.115451634092,105.9604473814));
#4573 = CARTESIAN_POINT('',(0.115452937025,106.05146311872));
#4574 = CARTESIAN_POINT('',(0.115457071344,106.1424633008));
#4575 = CARTESIAN_POINT('',(0.115463885969,106.32762819442));
#4576 = CARTESIAN_POINT('',(0.115466655938,106.4218406178));
#4577 = CARTESIAN_POINT('',(0.115467265359,106.51606189681));
#4578 = CARTESIAN_POINT('',(0.115465240263,106.6102855563));
#4579 = CARTESIAN_POINT('',(0.115461096534,106.70450625712));
#4580 = CARTESIAN_POINT('',(0.115456339913,106.79871979607));
#4581 = CARTESIAN_POINT('',(0.115453465994,106.89292310596));
#4582 = CARTESIAN_POINT('',(0.115457750975,107.0547394173));
#4583 = CARTESIAN_POINT('',(0.115461671326,107.12236385186));
#4584 = CARTESIAN_POINT('',(0.115468012451,107.18999022623));
#4585 = CARTESIAN_POINT('',(0.115476551554,107.25762453786));
#4586 = CARTESIAN_POINT('',(0.115486275708,107.32527322565));
#4587 = CARTESIAN_POINT('',(0.115495485411,107.3929385342));
#4588 = CARTESIAN_POINT('',(0.115502277859,107.46061213118));
#4589 = CARTESIAN_POINT('',(0.115509059039,107.60708961189));
#4590 = CARTESIAN_POINT('',(0.115507663127,107.68585944161));
#4591 = CARTESIAN_POINT('',(0.115499548989,107.7646044997));
#4592 = CARTESIAN_POINT('',(0.115483222385,107.84335021469));
#4593 = CARTESIAN_POINT('',(0.115460498591,107.92211671168));
#4594 = CARTESIAN_POINT('',(0.115436985336,108.00091257447));
#4595 = CARTESIAN_POINT('',(0.115419918135,108.07972506911));
#4596 = CARTESIAN_POINT('',(0.11541334802,108.15850682911));
#4597 = ( GEOMETRIC_REPRESENTATION_CONTEXT(2) 
PARAMETRIC_REPRESENTATION_CONTEXT() REPRESENTATION_CONTEXT('2D SPACE',''
  ) );
#4598 = PCURVE('',#4599,#4604);
#4599 = CYLINDRICAL_SURFACE('',#4600,3.);
#4600 = AXIS2_PLACEMENT_3D('',#4601,#4602,#4603);
#4601 = CARTESIAN_POINT('',(50.,0.,0.));
#4602 = DIRECTION('',(-0.,-0.,-1.));
#4603 = DIRECTION('',(1.,0.,0.));
#4604 = DEFINITIONAL_REPRESENTATION('',(#4605),#4664);
#4605 = B_SPLINE_CURVE_WITH_KNOTS('',8,(#4606,#4607,#4608,#4609,#4610,
    #4611,#4612,#4613,#4614,#4615,#4616,#4617,#4618,#4619,#4620,#4621,
    #4622,#4623,#4624,#4625,#4626,#4627,#4628,#4629,#4630,#4631,#4632,
    #4633,#4634,#4635,#4636,#4637,#4638,#4639,#4640,#4641,#4642,#4643,
    #4644,#4645,#4646,#4647,#4648,#4649,#4650,#4651,#4652,#4653,#4654,
    #4655,#4656,#4657,#4658,#4659,#4660,#4661,#4662,#4663),
  .UNSPECIFIED.,.F.,.F.,(9,7,7,7,7,7,7,7,9),(0.,0.17820762785,
    0.298191693468,0.417646706897,0.582919311867,0.6973434292,
    0.815826612026,0.900892400429,1.),.UNSPECIFIED.);
#4606 = CARTESIAN_POINT('',(0.,-14.56249122397));
#4607 = CARTESIAN_POINT('',(-0.139869991416,-14.58475046766));
#4608 = CARTESIAN_POINT('',(-0.280070114574,-14.60706729808));
#4609 = CARTESIAN_POINT('',(-0.420074967688,-14.62935669673));
#4610 = CARTESIAN_POINT('',(-0.559971629719,-14.65162588871));
#4611 = CARTESIAN_POINT('',(-0.699852607114,-14.67388243343));
#4612 = CARTESIAN_POINT('',(-0.839816206916,-14.69615299848));
#4613 = CARTESIAN_POINT('',(-0.979966979096,-14.71845883908));
#4614 = CARTESIAN_POINT('',(-1.214064190063,-14.7557241919));
#4615 = CARTESIAN_POINT('',(-1.308296919607,-14.77072828343));
#4616 = CARTESIAN_POINT('',(-1.402552500197,-14.78573651552));
#4617 = CARTESIAN_POINT('',(-1.496816868609,-14.80074440892));
#4618 = CARTESIAN_POINT('',(-1.591077553054,-14.81574841192));
#4619 = CARTESIAN_POINT('',(-1.685323673177,-14.83074590035));
#4620 = CARTESIAN_POINT('',(-1.779545940058,-14.84573517753));
#4621 = CARTESIAN_POINT('',(-1.967512052173,-14.87562971769));
#4622 = CARTESIAN_POINT('',(-2.061305228085,-14.89054019732));
#4623 = CARTESIAN_POINT('',(-2.155109639431,-14.90545804631));
#4624 = CARTESIAN_POINT('',(-2.24891908165,-14.92038847563));
#4625 = CARTESIAN_POINT('',(-2.342727690137,-14.93533077409));
#4626 = CARTESIAN_POINT('',(-2.436529940238,-14.95027830836));
#4627 = CARTESIAN_POINT('',(-2.530320647255,-14.96521852298));
#4628 = CARTESIAN_POINT('',(-2.753836913366,-15.00076785998));
#4629 = CARTESIAN_POINT('',(-2.883818444601,-15.02142448489));
#4630 = CARTESIAN_POINT('',(-3.013700494212,-15.04210463731));
#4631 = CARTESIAN_POINT('',(-3.143516978337,-15.06280075052));
#4632 = CARTESIAN_POINT('',(-3.273342278657,-15.08348464974));
#4633 = CARTESIAN_POINT('',(-3.403238880333,-15.10416672936));
#4634 = CARTESIAN_POINT('',(-3.533270921715,-15.12485942442));
#4635 = CARTESIAN_POINT('',(-3.752928583682,-15.15980733398));
#4636 = CARTESIAN_POINT('',(-3.842798236723,-15.1741034709));
#4637 = CARTESIAN_POINT('',(-3.932677604586,-15.18840139713));
#4638 = CARTESIAN_POINT('',(-4.022565294405,-15.20270255024));
#4639 = CARTESIAN_POINT('',(-4.112456361326,-15.21700693966));
#4640 = CARTESIAN_POINT('',(-4.202342308506,-15.23131314668));
#4641 = CARTESIAN_POINT('',(-4.292211087112,-15.24561832448));
#4642 = CARTESIAN_POINT('',(-4.47506993584,-15.27472534346));
#4643 = CARTESIAN_POINT('',(-4.568106884724,-15.28953472865));
#4644 = CARTESIAN_POINT('',(-4.661151955537,-15.30434442546));
#4645 = CARTESIAN_POINT('',(-4.754199930462,-15.31915317918));
#4646 = CARTESIAN_POINT('',(-4.847246361299,-15.33396040854));
#4647 = CARTESIAN_POINT('',(-4.940287569467,-15.34876620577));
#4648 = CARTESIAN_POINT('',(-5.033320646,-15.36357133659));
#4649 = CARTESIAN_POINT('',(-5.193129792911,-15.38900723702));
#4650 = CARTESIAN_POINT('',(-5.25991614386,-15.39963818439));
#4651 = CARTESIAN_POINT('',(-5.326704880845,-15.41027064704));
#4652 = CARTESIAN_POINT('',(-5.393501488099,-15.42090545622));
#4653 = CARTESIAN_POINT('',(-5.460311865662,-15.43154311754));
#4654 = CARTESIAN_POINT('',(-5.527137879901,-15.44218313402));
#4655 = CARTESIAN_POINT('',(-5.593971156529,-15.45282324463));
#4656 = CARTESIAN_POINT('',(-5.738628057198,-15.475849486));
#4657 = CARTESIAN_POINT('',(-5.816417780919,-15.48822957195));
#4658 = CARTESIAN_POINT('',(-5.894182038958,-15.50060240525));
#4659 = CARTESIAN_POINT('',(-5.971946653129,-15.51297123556));
#4660 = CARTESIAN_POINT('',(-6.049732372099,-15.52534013371));
#4661 = CARTESIAN_POINT('',(-6.127548291276,-15.53771325276));
#4662 = CARTESIAN_POINT('',(-6.205381835878,-15.55009220899));
#4663 = CARTESIAN_POINT('',(-6.28318530718,-15.562471583));
#4664 = ( GEOMETRIC_REPRESENTATION_CONTEXT(2) 
PARAMETRIC_REPRESENTATION_CONTEXT() REPRESENTATION_CONTEXT('2D SPACE',''
  ) );
#4665 = ORIENTED_EDGE('',*,*,#4666,.F.);
#4666 = EDGE_CURVE('',#4667,#4474,#4669,.T.);
#4667 = VERTEX_POINT('',#4668);
#4668 = CARTESIAN_POINT('',(53.,0.,13.562490252288));
#4669 = SURFACE_CURVE('',#4670,(#4715,#4763),.PCURVE_S1.);
#4670 = B_SPLINE_CURVE_WITH_KNOTS('',7,(#4671,#4672,#4673,#4674,#4675,
    #4676,#4677,#4678,#4679,#4680,#4681,#4682,#4683,#4684,#4685,#4686,
    #4687,#4688,#4689,#4690,#4691,#4692,#4693,#4694,#4695,#4696,#4697,
    #4698,#4699,#4700,#4701,#4702,#4703,#4704,#4705,#4706,#4707,#4708,
    #4709,#4710,#4711,#4712,#4713,#4714),.UNSPECIFIED.,.F.,.F.,(8,6,6,6,
    6,6,6,8),(0.,6.694726220135E-02,0.220548674585,0.409775476024,
    0.524073453278,0.635240337119,0.823657847693,1.),.UNSPECIFIED.);
#4671 = CARTESIAN_POINT('',(53.,-9.769962616701E-15,13.562490252288));
#4672 = CARTESIAN_POINT('',(53.,0.180162951709,13.572040799941));
#4673 = CARTESIAN_POINT('',(52.987365676539,0.360467869353,
    13.581597850001));
#4674 = CARTESIAN_POINT('',(52.962089396226,0.539743687334,
    13.591159433443));
#4675 = CARTESIAN_POINT('',(52.924281416619,0.716870109795,
    13.60072387502));
#4676 = CARTESIAN_POINT('',(52.874169886225,0.890777610625,
    13.610289793268));
#4677 = CARTESIAN_POINT('',(52.812100844504,1.060447433457,
    13.619856100508));
#4678 = CARTESIAN_POINT('',(52.569758762257,1.602252294733,
    13.651369668217));
#4679 = CARTESIAN_POINT('',(52.340002777106,1.95316146986,
    13.673392682109));
#4680 = CARTESIAN_POINT('',(52.054650253421,2.264591708126,
    13.695181124188));
#4681 = CARTESIAN_POINT('',(51.722319333336,2.526532681663,
    13.717195108972));
#4682 = CARTESIAN_POINT('',(51.353023323439,2.731208984398,
    13.739131443649));
#4683 = CARTESIAN_POINT('',(50.958324718151,2.872743583673,
    13.761119877226));
#4684 = CARTESIAN_POINT('',(50.051008062354,3.042528875233,
    13.810113754679));
#4685 = CARTESIAN_POINT('',(49.530176544909,3.037270117035,
    13.837220931738));
#4686 = CARTESIAN_POINT('',(49.015650166686,2.927177798756,
    13.86422097195));
#4687 = CARTESIAN_POINT('',(48.531764202736,2.716927560355,
    13.891239257188));
#4688 = CARTESIAN_POINT('',(48.100105586297,2.41587078908,
    13.918279566092));
#4689 = CARTESIAN_POINT('',(47.740853385002,2.038567878566,
    13.945400402275));
#4690 = CARTESIAN_POINT('',(47.302724541008,1.348845432174,
    13.988753870567));
#4691 = CARTESIAN_POINT('',(47.168841141548,1.069474101331,
    14.005066596313));
#4692 = CARTESIAN_POINT('',(47.06891888781,0.774956054153,
    14.021379007137));
#4693 = CARTESIAN_POINT('',(47.004916774337,0.470097551933,
    14.037697615573));
#4694 = CARTESIAN_POINT('',(46.977893920544,0.160014492108,
    14.054022921602));
#4695 = CARTESIAN_POINT('',(46.988009570713,-0.149867591747,
    14.070349412654));
#4696 = CARTESIAN_POINT('',(47.079762419863,-0.74943313416,
    14.102534747829));
#4697 = CARTESIAN_POINT('',(47.159440963532,-1.039984461182,
    14.118412632722));
#4698 = CARTESIAN_POINT('',(47.272759681052,-1.32038989083,
    14.13429371192));
#4699 = CARTESIAN_POINT('',(47.418157994672,-1.585989584741,
    14.150173330152));
#4700 = CARTESIAN_POINT('',(47.593313792839,-1.832541486343,
    14.166047683236));
#4701 = CARTESIAN_POINT('',(47.795143430198,-2.056221320854,
    14.181913818081));
#4702 = CARTESIAN_POINT('',(48.400576610021,-2.588199363342,
    14.22464376114));
#4703 = CARTESIAN_POINT('',(48.848534374311,-2.848742256765,
    14.251543420792));
#4704 = CARTESIAN_POINT('',(49.344021488032,-3.016856167928,
    14.278522456453));
#4705 = CARTESIAN_POINT('',(49.864546029071,-3.084370803791,
    14.30543943963));
#4706 = CARTESIAN_POINT('',(50.386487576759,-3.048238403437,
    14.332300727238));
#4707 = CARTESIAN_POINT('',(50.886073955464,-2.91063833967,
    14.359242023556));
#4708 = CARTESIAN_POINT('',(51.764108400485,-2.472445239769,
    14.411330480419));
#4709 = CARTESIAN_POINT('',(52.150650168132,-2.181682245798,
    14.436595128157));
#4710 = CARTESIAN_POINT('',(52.479381883694,-1.821191918933,
    14.461796358509));
#4711 = CARTESIAN_POINT('',(52.73671910883,-1.40510730323,
    14.486941206447));
#4712 = CARTESIAN_POINT('',(52.912443925607,-0.950026958338,
    14.512103698166));
#4713 = CARTESIAN_POINT('',(53.,-0.474432655238,14.537323776262));
#4714 = CARTESIAN_POINT('',(53.,6.661338147751E-15,14.562491223975));
#4715 = PCURVE('',#2771,#4716);
#4716 = DEFINITIONAL_REPRESENTATION('',(#4717),#4762);
#4717 = B_SPLINE_CURVE_WITH_KNOTS('',7,(#4718,#4719,#4720,#4721,#4722,
    #4723,#4724,#4725,#4726,#4727,#4728,#4729,#4730,#4731,#4732,#4733,
    #4734,#4735,#4736,#4737,#4738,#4739,#4740,#4741,#4742,#4743,#4744,
    #4745,#4746,#4747,#4748,#4749,#4750,#4751,#4752,#4753,#4754,#4755,
    #4756,#4757,#4758,#4759,#4760,#4761),.UNSPECIFIED.,.F.,.F.,(8,6,6,6,
    6,6,6,8),(0.,6.694726220135E-02,0.220548674585,0.409775476024,
    0.524073453278,0.635240337119,0.823657847693,1.),.UNSPECIFIED.);
#4718 = CARTESIAN_POINT('',(0.115450522153,95.433977088951));
#4719 = CARTESIAN_POINT('',(0.115435560895,95.494787799075));
#4720 = CARTESIAN_POINT('',(0.115419841569,95.555642290758));
#4721 = CARTESIAN_POINT('',(0.115408399596,95.616512018168));
#4722 = CARTESIAN_POINT('',(0.115404241167,95.677376759845));
#4723 = CARTESIAN_POINT('',(0.115408343247,95.738224618695));
#4724 = CARTESIAN_POINT('',(0.115419653571,95.799052022));
#4725 = CARTESIAN_POINT('',(0.115470508921,95.999387917189));
#4726 = CARTESIAN_POINT('',(0.115574412165,96.13917364006));
#4727 = CARTESIAN_POINT('',(0.115262950349,96.278788288151));
#4728 = CARTESIAN_POINT('',(0.115424586178,96.418332910367));
#4729 = CARTESIAN_POINT('',(0.115426018469,96.55789313107));
#4730 = CARTESIAN_POINT('',(0.115474986383,96.697633601709));
#4731 = CARTESIAN_POINT('',(0.115520277425,97.009201562902));
#4732 = CARTESIAN_POINT('',(0.115516625047,97.181676229064));
#4733 = CARTESIAN_POINT('',(0.115460337937,97.353636700332));
#4734 = CARTESIAN_POINT('',(0.115436926484,97.525608669599));
#4735 = CARTESIAN_POINT('',(0.115452811551,97.69759575147));
#4736 = CARTESIAN_POINT('',(0.115462187669,97.870115875133));
#4737 = CARTESIAN_POINT('',(0.115466911621,98.145927107238));
#4738 = CARTESIAN_POINT('',(0.115464682023,98.249720086111));
#4739 = CARTESIAN_POINT('',(0.115460266193,98.353518016066));
#4740 = CARTESIAN_POINT('',(0.115455656026,98.457355995082));
#4741 = CARTESIAN_POINT('',(0.115453013049,98.56123032806));
#4742 = CARTESIAN_POINT('',(0.115454668425,98.665098526821));
#4743 = CARTESIAN_POINT('',(0.115471345865,98.869817109343));
#4744 = CARTESIAN_POINT('',(0.115486831444,98.970787161006));
#4745 = CARTESIAN_POINT('',(0.115502170355,99.07177800225));
#4746 = CARTESIAN_POINT('',(0.115511890724,99.172777421788));
#4747 = CARTESIAN_POINT('',(0.11551245813,99.273772459891));
#4748 = CARTESIAN_POINT('',(0.115502275606,99.374749408391));
#4749 = CARTESIAN_POINT('',(0.11544678218,99.646785167464));
#4750 = CARTESIAN_POINT('',(0.115305438113,99.818377568987));
#4751 = CARTESIAN_POINT('',(0.115449551262,99.989566902663));
#4752 = CARTESIAN_POINT('',(0.115541500104,100.16052738453));
#4753 = CARTESIAN_POINT('',(0.115443436344,100.33173797303));
#4754 = CARTESIAN_POINT('',(0.115392581701,100.50330741849));
#4755 = CARTESIAN_POINT('',(0.115450553011,100.83452357642));
#4756 = CARTESIAN_POINT('',(0.115513913196,100.99506240647));
#4757 = CARTESIAN_POINT('',(0.115539348983,101.15531840092));
#4758 = CARTESIAN_POINT('',(0.115512055229,101.31538341529));
#4759 = CARTESIAN_POINT('',(0.115469432011,101.47560944922));
#4760 = CARTESIAN_POINT('',(0.115458281678,101.63610174351));
#4761 = CARTESIAN_POINT('',(0.115455451073,101.79623272309));
#4762 = ( GEOMETRIC_REPRESENTATION_CONTEXT(2) 
PARAMETRIC_REPRESENTATION_CONTEXT() REPRESENTATION_CONTEXT('2D SPACE',''
  ) );
#4763 = PCURVE('',#4764,#4769);
#4764 = CYLINDRICAL_SURFACE('',#4765,3.);
#4765 = AXIS2_PLACEMENT_3D('',#4766,#4767,#4768);
#4766 = CARTESIAN_POINT('',(50.,0.,0.));
#4767 = DIRECTION('',(-0.,-0.,-1.));
#4768 = DIRECTION('',(1.,0.,0.));
#4769 = DEFINITIONAL_REPRESENTATION('',(#4770),#4815);
#4770 = B_SPLINE_CURVE_WITH_KNOTS('',7,(#4771,#4772,#4773,#4774,#4775,
    #4776,#4777,#4778,#4779,#4780,#4781,#4782,#4783,#4784,#4785,#4786,
    #4787,#4788,#4789,#4790,#4791,#4792,#4793,#4794,#4795,#4796,#4797,
    #4798,#4799,#4800,#4801,#4802,#4803,#4804,#4805,#4806,#4807,#4808,
    #4809,#4810,#4811,#4812,#4813,#4814),.UNSPECIFIED.,.F.,.F.,(8,6,6,6,
    6,6,6,8),(0.,6.694726220135E-02,0.220548674585,0.409775476024,
    0.524073453278,0.635240337119,0.823657847693,1.),.UNSPECIFIED.);
#4771 = CARTESIAN_POINT('',(0.,-13.56249025228));
#4772 = CARTESIAN_POINT('',(-6.005431723626E-02,-13.57204079994));
#4773 = CARTESIAN_POINT('',(-0.120152525788,-13.58159785));
#4774 = CARTESIAN_POINT('',(-0.180266299217,-13.59115943344));
#4775 = CARTESIAN_POINT('',(-0.240375445395,-13.60072387502));
#4776 = CARTESIAN_POINT('',(-0.3004679065,-13.61028979326));
#4777 = CARTESIAN_POINT('',(-0.36053975902,-13.6198561005));
#4778 = CARTESIAN_POINT('',(-0.558384308696,-13.65136966821));
#4779 = CARTESIAN_POINT('',(-0.696429996693,-13.6733926821));
#4780 = CARTESIAN_POINT('',(-0.834301775233,-13.69518112418));
#4781 = CARTESIAN_POINT('',(-0.972123836824,-13.71719510897));
#4782 = CARTESIAN_POINT('',(-1.109949860403,-13.73913144364));
#4783 = CARTESIAN_POINT('',(-1.247949366316,-13.76111987722));
#4784 = CARTESIAN_POINT('',(-1.555637982203,-13.81011375467));
#4785 = CARTESIAN_POINT('',(-1.72596583437,-13.83722093173));
#4786 = CARTESIAN_POINT('',(-1.89579388607,-13.86422097195));
#4787 = CARTESIAN_POINT('',(-2.065647120704,-13.89123925718));
#4788 = CARTESIAN_POINT('',(-2.235499178905,-13.91827956609));
#4789 = CARTESIAN_POINT('',(-2.405869794182,-13.94540040227));
#4790 = CARTESIAN_POINT('',(-2.678240851748,-13.98875387056));
#4791 = CARTESIAN_POINT('',(-2.780738150554,-14.00506659631));
#4792 = CARTESIAN_POINT('',(-2.883241577863,-14.02137900713));
#4793 = CARTESIAN_POINT('',(-2.985787119189,-14.03769761557));
#4794 = CARTESIAN_POINT('',(-3.08837145958,-14.0540229216));
#4795 = CARTESIAN_POINT('',(-3.190951983628,-14.07034941265));
#4796 = CARTESIAN_POINT('',(-3.393133811852,-14.10253474782));
#4797 = CARTESIAN_POINT('',(-3.492853425934,-14.11841263272));
#4798 = CARTESIAN_POINT('',(-3.59259225853,-14.13429371192));
#4799 = CARTESIAN_POINT('',(-3.692337226264,-14.15017333015));
#4800 = CARTESIAN_POINT('',(-3.792075521557,-14.16604768323));
#4801 = CARTESIAN_POINT('',(-3.891794612627,-14.18191381808));
#4802 = CARTESIAN_POINT('',(-4.160443489813,-14.22464376114));
#4803 = CARTESIAN_POINT('',(-4.329900193968,-14.25154342079));
#4804 = CARTESIAN_POINT('',(-4.498975638641,-14.27852245645));
#4805 = CARTESIAN_POINT('',(-4.667807438247,-14.30543943963));
#4806 = CARTESIAN_POINT('',(-4.836873919477,-14.33230072723));
#4807 = CARTESIAN_POINT('',(-5.006320408953,-14.35924202355));
#4808 = CARTESIAN_POINT('',(-5.333421765899,-14.41133048041));
#4809 = CARTESIAN_POINT('',(-5.491963335463,-14.43659512815));
#4810 = CARTESIAN_POINT('',(-5.650216846291,-14.4617963585));
#4811 = CARTESIAN_POINT('',(-5.808290715229,-14.48694120644));
#4812 = CARTESIAN_POINT('',(-5.966535754211,-14.51210369816));
#4813 = CARTESIAN_POINT('',(-6.125041088767,-14.53732377626));
#4814 = CARTESIAN_POINT('',(-6.28318530718,-14.56249122397));
#4815 = ( GEOMETRIC_REPRESENTATION_CONTEXT(2) 
PARAMETRIC_REPRESENTATION_CONTEXT() REPRESENTATION_CONTEXT('2D SPACE',''
  ) );
#4816 = ORIENTED_EDGE('',*,*,#4817,.F.);
#4817 = EDGE_CURVE('',#4818,#4667,#4820,.T.);
#4818 = VERTEX_POINT('',#4819);
#4819 = CARTESIAN_POINT('',(53.,0.,12.562498180045));
#4820 = SURFACE_CURVE('',#4821,(#4880,#4942),.PCURVE_S1.);
#4821 = B_SPLINE_CURVE_WITH_KNOTS('',8,(#4822,#4823,#4824,#4825,#4826,
    #4827,#4828,#4829,#4830,#4831,#4832,#4833,#4834,#4835,#4836,#4837,
    #4838,#4839,#4840,#4841,#4842,#4843,#4844,#4845,#4846,#4847,#4848,
    #4849,#4850,#4851,#4852,#4853,#4854,#4855,#4856,#4857,#4858,#4859,
    #4860,#4861,#4862,#4863,#4864,#4865,#4866,#4867,#4868,#4869,#4870,
    #4871,#4872,#4873,#4874,#4875,#4876,#4877,#4878,#4879),
  .UNSPECIFIED.,.F.,.F.,(9,7,7,7,7,7,7,7,9),(0.,0.155744277034,
    0.330234766344,0.503194724971,0.600361263347,0.663230790759,
    0.782734536537,0.951459403521,1.),.UNSPECIFIED.);
#4822 = CARTESIAN_POINT('',(53.,7.993605777301E-15,12.562498180045));
#4823 = CARTESIAN_POINT('',(53.,0.366866390341,12.581954211788));
#4824 = CARTESIAN_POINT('',(52.948727014374,0.734262850881,12.6014412486
    ));
#4825 = CARTESIAN_POINT('',(52.84592407224,1.09305031343,12.620920973428
    ));
#4826 = CARTESIAN_POINT('',(52.693565043798,1.434865930996,
    12.640396105477));
#4827 = CARTESIAN_POINT('',(52.494897166641,1.751972975709,
    12.659867652799));
#4828 = CARTESIAN_POINT('',(52.254556665895,2.037381214898,
    12.679340796954));
#4829 = CARTESIAN_POINT('',(51.978390395991,2.284832835267,
    12.69882198874));
#4830 = CARTESIAN_POINT('',(51.333119958507,2.718750643903,
    12.740070900429));
#4831 = CARTESIAN_POINT('',(50.955690639912,2.895056950349,
    12.761904215435));
#4832 = CARTESIAN_POINT('',(50.552309800467,3.010853935679,
    12.783716764851));
#4833 = CARTESIAN_POINT('',(50.134358462128,3.062336413332,
    12.805525871907));
#4834 = CARTESIAN_POINT('',(49.713466490678,3.047679343767,
    12.827344917219));
#4835 = CARTESIAN_POINT('',(49.301390471516,2.967623933187,
    12.849164336851));
#4836 = CARTESIAN_POINT('',(48.909942251655,2.824965061805,
    12.870992244372));
#4837 = CARTESIAN_POINT('',(48.193997882765,2.429828010317,
    12.914344129791));
#4838 = CARTESIAN_POINT('',(47.867400416663,2.177465169967,
    12.935981444368));
#4839 = CARTESIAN_POINT('',(47.581886265195,1.87521031397,
    12.957506258116));
#4840 = CARTESIAN_POINT('',(47.346012380583,1.531228474231,
    12.979220457481));
#4841 = CARTESIAN_POINT('',(47.166282146107,1.154861728858,
    13.000901899518));
#4842 = CARTESIAN_POINT('',(47.047510325383,0.756411154561,
    13.022377363888));
#4843 = CARTESIAN_POINT('',(46.992492570449,0.347337388789,
    13.044034041824));
#4844 = CARTESIAN_POINT('',(47.005145354374,-0.288366368091,
    13.077777736767));
#4845 = CARTESIAN_POINT('',(47.02962084741,-0.516677425566,
    13.089922395922));
#4846 = CARTESIAN_POINT('',(47.07399216609,-0.742578035073,
    13.102070525621));
#4847 = CARTESIAN_POINT('',(47.13797099563,-0.964061900967,
    13.114219295928));
#4848 = CARTESIAN_POINT('',(47.221039365539,-1.179168688587,
    13.126367383302));
#4849 = CARTESIAN_POINT('',(47.322451939794,-1.385992409832,
    13.138514420374));
#4850 = CARTESIAN_POINT('',(47.441210303695,-1.582700007037,
    13.150658886167));
#4851 = CARTESIAN_POINT('',(47.663228016627,-1.887169921446,
    13.170646484882));
#4852 = CARTESIAN_POINT('',(47.757194494917,-2.001864046625,
    13.178497693637));
#4853 = CARTESIAN_POINT('',(47.857584404684,-2.111198446133,
    13.186348299933));
#4854 = CARTESIAN_POINT('',(47.964043221594,-2.214757904458,
    13.194198902632));
#4855 = CARTESIAN_POINT('',(48.076186922499,-2.312156827046,
    13.202050260435));
#4856 = CARTESIAN_POINT('',(48.193602733382,-2.403040012215,
    13.209903089739));
#4857 = CARTESIAN_POINT('',(48.315849877289,-2.487083423084,
    13.217757862488));
#4858 = CARTESIAN_POINT('',(48.683124170907,-2.710190057052,
    13.240548866829));
#4859 = CARTESIAN_POINT('',(48.939520870498,-2.830577001844,
    13.255483265671));
#4860 = CARTESIAN_POINT('',(49.208250877898,-2.923153396734,
    13.270418909419));
#4861 = CARTESIAN_POINT('',(49.485807747533,-2.986466065553,
    13.285356272517));
#4862 = CARTESIAN_POINT('',(49.768578131394,-3.019611053085,
    13.300295195003));
#4863 = CARTESIAN_POINT('',(50.052841779043,-3.022233625074,
    13.3152348825));
#4864 = CARTESIAN_POINT('',(50.334771537604,-2.994528268217,
    13.330173906222));
#4865 = CARTESIAN_POINT('',(50.999634565719,-2.856352719843,
    13.366198451425));
#4866 = CARTESIAN_POINT('',(51.377282119873,-2.716377188462,
    13.387322454545));
#4867 = CARTESIAN_POINT('',(51.731811381976,-2.519369387599,
    13.408423886175));
#4868 = CARTESIAN_POINT('',(52.053350626912,-2.270148269962,
    13.429516796199));
#4869 = CARTESIAN_POINT('',(52.333465127714,-1.975160285058,
    13.450617935783));
#4870 = CARTESIAN_POINT('',(52.564944065091,-1.642155292731,
    13.471735981629));
#4871 = CARTESIAN_POINT('',(52.742027196231,-1.280394230041,
    13.49286926983));
#4872 = CARTESIAN_POINT('',(52.895830311567,-0.791993672781,
    13.520029734203));
#4873 = CARTESIAN_POINT('',(52.925434402917,-0.681387698263,
    13.526096620179));
#4874 = CARTESIAN_POINT('',(52.950209367565,-0.569523340989,
    13.532162858905));
#4875 = CARTESIAN_POINT('',(52.97009422331,-0.456639928415,
    13.538228854753));
#4876 = CARTESIAN_POINT('',(52.985040491397,-0.342985205732,
    13.544294809873));
#4877 = CARTESIAN_POINT('',(52.995014552052,-0.228815483725,
    13.550360668632));
#4878 = CARTESIAN_POINT('',(53.,-0.11439578663,13.556426062059));
#4879 = CARTESIAN_POINT('',(53.,-9.769962616701E-15,13.562490252288));
#4880 = PCURVE('',#2771,#4881);
#4881 = DEFINITIONAL_REPRESENTATION('',(#4882),#4941);
#4882 = B_SPLINE_CURVE_WITH_KNOTS('',8,(#4883,#4884,#4885,#4886,#4887,
    #4888,#4889,#4890,#4891,#4892,#4893,#4894,#4895,#4896,#4897,#4898,
    #4899,#4900,#4901,#4902,#4903,#4904,#4905,#4906,#4907,#4908,#4909,
    #4910,#4911,#4912,#4913,#4914,#4915,#4916,#4917,#4918,#4919,#4920,
    #4921,#4922,#4923,#4924,#4925,#4926,#4927,#4928,#4929,#4930,#4931,
    #4932,#4933,#4934,#4935,#4936,#4937,#4938,#4939,#4940),
  .UNSPECIFIED.,.F.,.F.,(9,7,7,7,7,7,7,7,9),(0.,0.155744277034,
    0.330234766344,0.503194724971,0.600361263347,0.663230790759,
    0.782734536537,0.951459403521,1.),.UNSPECIFIED.);
#4883 = CARTESIAN_POINT('',(0.115467248802,89.071709186113));
#4884 = CARTESIAN_POINT('',(0.115455129776,89.195532170755));
#4885 = CARTESIAN_POINT('',(0.115448860384,89.319533809385));
#4886 = CARTESIAN_POINT('',(0.115452742816,89.443456632896));
#4887 = CARTESIAN_POINT('',(0.115464582148,89.567324923892));
#4888 = CARTESIAN_POINT('',(0.115470850966,89.691188128512));
#4889 = CARTESIAN_POINT('',(0.115468377783,89.81508930211));
#4890 = CARTESIAN_POINT('',(0.115462460709,89.939052632353));
#4891 = CARTESIAN_POINT('',(0.115453411261,90.201517932432));
#4892 = CARTESIAN_POINT('',(0.115450664483,90.340436009083));
#4893 = CARTESIAN_POINT('',(0.115457491676,90.479191513373));
#4894 = CARTESIAN_POINT('',(0.115480484964,90.617873690115));
#4895 = CARTESIAN_POINT('',(0.115517857674,90.756573353461));
#4896 = CARTESIAN_POINT('',(0.115525724336,90.895369261149));
#4897 = CARTESIAN_POINT('',(0.115503136789,91.034316050228));
#4898 = CARTESIAN_POINT('',(0.115439734834,91.310333929597));
#4899 = CARTESIAN_POINT('',(0.11543599898,91.448008145923));
#4900 = CARTESIAN_POINT('',(0.115258000486,91.585520955142));
#4901 = CARTESIAN_POINT('',(0.115485105875,91.722949995332));
#4902 = CARTESIAN_POINT('',(0.115644475228,91.860386102596));
#4903 = CARTESIAN_POINT('',(0.115364287543,91.997910016286));
#4904 = CARTESIAN_POINT('',(0.115399412947,92.135583804455));
#4905 = CARTESIAN_POINT('',(0.115423900521,92.350192239696));
#4906 = CARTESIAN_POINT('',(0.115442000622,92.427402202207));
#4907 = CARTESIAN_POINT('',(0.115465079558,92.504618406961));
#4908 = CARTESIAN_POINT('',(0.115486523604,92.58184388827));
#4909 = CARTESIAN_POINT('',(0.115501453344,92.659085747465));
#4910 = CARTESIAN_POINT('',(0.11550847243,92.736346089203));
#4911 = CARTESIAN_POINT('',(0.115509129939,92.813610308825));
#4912 = CARTESIAN_POINT('',(0.115502486509,92.940797844829));
#4913 = CARTESIAN_POINT('',(0.115497930081,92.990763811146));
#4914 = CARTESIAN_POINT('',(0.115491988038,93.040730352291));
#4915 = CARTESIAN_POINT('',(0.115485326895,93.090699158108));
#4916 = CARTESIAN_POINT('',(0.115478623427,93.140672902749));
#4917 = CARTESIAN_POINT('',(0.115472469366,93.190654261728));
#4918 = CARTESIAN_POINT('',(0.115467276115,93.240644928957));
#4919 = CARTESIAN_POINT('',(0.11545539242,93.385685144858));
#4920 = CARTESIAN_POINT('',(0.115453199731,93.48070872512));
#4921 = CARTESIAN_POINT('',(0.115454756385,93.57572829862));
#4922 = CARTESIAN_POINT('',(0.115458363889,93.670752287051));
#4923 = CARTESIAN_POINT('',(0.115462470258,93.76578460976));
#4924 = CARTESIAN_POINT('',(0.11546567001,93.860824683749));
#4925 = CARTESIAN_POINT('',(0.115466704169,93.955867423669));
#4926 = CARTESIAN_POINT('',(0.115461292147,94.185082347873));
#4927 = CARTESIAN_POINT('',(0.115454561324,94.319500268028));
#4928 = CARTESIAN_POINT('',(0.115446474463,94.453778896113));
#4929 = CARTESIAN_POINT('',(0.115449861204,94.587966808431));
#4930 = CARTESIAN_POINT('',(0.115472104222,94.722147094969));
#4931 = CARTESIAN_POINT('',(0.115501612029,94.856411833267));
#4932 = CARTESIAN_POINT('',(0.115512767871,94.990831927637));
#4933 = CARTESIAN_POINT('',(0.115503136171,95.163664642845));
#4934 = CARTESIAN_POINT('',(0.115499421824,95.202275595801));
#4935 = CARTESIAN_POINT('',(0.115494070156,95.240887639318));
#4936 = CARTESIAN_POINT('',(0.115487158593,95.279503099824));
#4937 = CARTESIAN_POINT('',(0.115478912029,95.318122548029));
#4938 = CARTESIAN_POINT('',(0.115469698008,95.356744460771));
#4939 = CARTESIAN_POINT('',(0.115460021914,95.395364882866));
#4940 = CARTESIAN_POINT('',(0.115450522153,95.433977088951));
#4941 = ( GEOMETRIC_REPRESENTATION_CONTEXT(2) 
PARAMETRIC_REPRESENTATION_CONTEXT() REPRESENTATION_CONTEXT('2D SPACE',''
  ) );
#4942 = PCURVE('',#4943,#4948);
#4943 = CYLINDRICAL_SURFACE('',#4944,3.);
#4944 = AXIS2_PLACEMENT_3D('',#4945,#4946,#4947);
#4945 = CARTESIAN_POINT('',(50.,0.,0.));
#4946 = DIRECTION('',(-0.,-0.,-1.));
#4947 = DIRECTION('',(1.,0.,0.));
#4948 = DEFINITIONAL_REPRESENTATION('',(#4949),#5008);
#4949 = B_SPLINE_CURVE_WITH_KNOTS('',8,(#4950,#4951,#4952,#4953,#4954,
    #4955,#4956,#4957,#4958,#4959,#4960,#4961,#4962,#4963,#4964,#4965,
    #4966,#4967,#4968,#4969,#4970,#4971,#4972,#4973,#4974,#4975,#4976,
    #4977,#4978,#4979,#4980,#4981,#4982,#4983,#4984,#4985,#4986,#4987,
    #4988,#4989,#4990,#4991,#4992,#4993,#4994,#4995,#4996,#4997,#4998,
    #4999,#5000,#5001,#5002,#5003,#5004,#5005,#5006,#5007),
  .UNSPECIFIED.,.F.,.F.,(9,7,7,7,7,7,7,7,9),(0.,0.155744277034,
    0.330234766344,0.503194724971,0.600361263347,0.663230790759,
    0.782734536537,0.951459403521,1.),.UNSPECIFIED.);
#4950 = CARTESIAN_POINT('',(0.,-12.56249818004));
#4951 = CARTESIAN_POINT('',(-0.12228879678,-12.58195421178));
#4952 = CARTESIAN_POINT('',(-0.244753899295,-12.6014412486));
#4953 = CARTESIAN_POINT('',(-0.367138650584,-12.62092097342));
#4954 = CARTESIAN_POINT('',(-0.489464417782,-12.64039610547));
#4955 = CARTESIAN_POINT('',(-0.611780537144,-12.65986765279));
#4956 = CARTESIAN_POINT('',(-0.734134133144,-12.67934079695));
#4957 = CARTESIAN_POINT('',(-0.856551705266,-12.69882198874));
#4958 = CARTESIAN_POINT('',(-1.115751028427,-12.74007090042));
#4959 = CARTESIAN_POINT('',(-1.252944552818,-12.76190421543));
#4960 = CARTESIAN_POINT('',(-1.389982293026,-12.78371676485));
#4961 = CARTESIAN_POINT('',(-1.526950647281,-12.8055258719));
#4962 = CARTESIAN_POINT('',(-1.663930528288,-12.82734491721));
#4963 = CARTESIAN_POINT('',(-1.800997897436,-12.84916433685));
#4964 = CARTESIAN_POINT('',(-1.938213494507,-12.87099224437));
#4965 = CARTESIAN_POINT('',(-2.210795720389,-12.91434412979));
#4966 = CARTESIAN_POINT('',(-2.346756688536,-12.93598144436));
#4967 = CARTESIAN_POINT('',(-2.482569436331,-12.95750625811));
#4968 = CARTESIAN_POINT('',(-2.618291198972,-12.97922045748));
#4969 = CARTESIAN_POINT('',(-2.754011004787,-13.00090189951));
#4970 = CARTESIAN_POINT('',(-2.889821585613,-13.02237736388));
#4971 = CARTESIAN_POINT('',(-3.025787965495,-13.04403404182));
#4972 = CARTESIAN_POINT('',(-3.237731186259,-13.07777773676));
#4973 = CARTESIAN_POINT('',(-3.31398185979,-13.08992239592));
#4974 = CARTESIAN_POINT('',(-3.39023753255,-13.10207052562));
#4975 = CARTESIAN_POINT('',(-3.466501293286,-13.11421929592));
#4976 = CARTESIAN_POINT('',(-3.542780782133,-13.1263673833));
#4977 = CARTESIAN_POINT('',(-3.619078898834,-13.13851442037));
#4978 = CARTESIAN_POINT('',(-3.695381855766,-13.15065888616));
#4979 = CARTESIAN_POINT('',(-3.820988735282,-13.17064648488));
#4980 = CARTESIAN_POINT('',(-3.870334179225,-13.17849769363));
#4981 = CARTESIAN_POINT('',(-3.919680677259,-13.18634829993));
#4982 = CARTESIAN_POINT('',(-3.9690298581,-13.19419890263));
#4983 = CARTESIAN_POINT('',(-4.01838425997,-13.20205026043));
#4984 = CARTESIAN_POINT('',(-4.067746381028,-13.20990308973));
#4985 = CARTESIAN_POINT('',(-4.117117729801,-13.21775786248));
#4986 = CARTESIAN_POINT('',(-4.260360715618,-13.24054886682));
#4987 = CARTESIAN_POINT('',(-4.354206337608,-13.25548326567));
#4988 = CARTESIAN_POINT('',(-4.448046348275,-13.27041890941));
#4989 = CARTESIAN_POINT('',(-4.541888486136,-13.28535627251));
#4990 = CARTESIAN_POINT('',(-4.635736621534,-13.300295195));
#4991 = CARTESIAN_POINT('',(-4.72959075664,-13.3152348825));
#4992 = CARTESIAN_POINT('',(-4.823447025453,-13.33017390622));
#4993 = CARTESIAN_POINT('',(-5.049803511339,-13.36619845142));
#4994 = CARTESIAN_POINT('',(-5.182547036706,-13.38732245454));
#4995 = CARTESIAN_POINT('',(-5.315157321847,-13.40842388617));
#4996 = CARTESIAN_POINT('',(-5.447684723904,-13.42951679619));
#4997 = CARTESIAN_POINT('',(-5.580206303929,-13.45061793578));
#4998 = CARTESIAN_POINT('',(-5.712806736374,-13.47173598162));
#4999 = CARTESIAN_POINT('',(-5.845555946367,-13.49286926983));
#5000 = CARTESIAN_POINT('',(-6.016237749934,-13.5200297342));
#5001 = CARTESIAN_POINT('',(-6.054368021465,-13.52609662017));
#5002 = CARTESIAN_POINT('',(-6.092499261319,-13.5321628589));
#5003 = CARTESIAN_POINT('',(-6.130633843121,-13.53822885475));
#5004 = CARTESIAN_POINT('',(-6.168772412585,-13.54429480987));
#5005 = CARTESIAN_POINT('',(-6.206913540931,-13.55036066863));
#5006 = CARTESIAN_POINT('',(-6.245053378303,-13.55642606205));
#5007 = CARTESIAN_POINT('',(-6.28318530718,-13.56249025228));
#5008 = ( GEOMETRIC_REPRESENTATION_CONTEXT(2) 
PARAMETRIC_REPRESENTATION_CONTEXT() REPRESENTATION_CONTEXT('2D SPACE',''
  ) );
#5009 = ORIENTED_EDGE('',*,*,#5010,.F.);
#5010 = EDGE_CURVE('',#5011,#4818,#5013,.T.);
#5011 = VERTEX_POINT('',#5012);
#5012 = CARTESIAN_POINT('',(53.,0.,11.56251117552));
#5013 = SURFACE_CURVE('',#5014,(#5066,#5121),.PCURVE_S1.);
#5014 = B_SPLINE_CURVE_WITH_KNOTS('',8,(#5015,#5016,#5017,#5018,#5019,
    #5020,#5021,#5022,#5023,#5024,#5025,#5026,#5027,#5028,#5029,#5030,
    #5031,#5032,#5033,#5034,#5035,#5036,#5037,#5038,#5039,#5040,#5041,
    #5042,#5043,#5044,#5045,#5046,#5047,#5048,#5049,#5050,#5051,#5052,
    #5053,#5054,#5055,#5056,#5057,#5058,#5059,#5060,#5061,#5062,#5063,
    #5064,#5065),.UNSPECIFIED.,.F.,.F.,(9,7,7,7,7,7,7,9),(0.,
    0.103678818876,0.279397367368,0.477834128486,0.603863081647,
    0.775547890951,0.871042460012,1.),.UNSPECIFIED.);
#5015 = CARTESIAN_POINT('',(53.,-4.440892098501E-16,11.56251117552));
#5016 = CARTESIAN_POINT('',(53.,0.24415050777,11.575457662481));
#5017 = CARTESIAN_POINT('',(52.977276350172,0.488455692085,
    11.588403636837));
#5018 = CARTESIAN_POINT('',(52.931825414805,0.730301394891,
    11.601352209986));
#5019 = CARTESIAN_POINT('',(52.863961796058,0.967182357632,
    11.614305186637));
#5020 = CARTESIAN_POINT('',(52.774318333966,1.196702221249,
    11.627263064815));
#5021 = CARTESIAN_POINT('',(52.663846106439,1.416573526183,
    11.640225035853));
#5022 = CARTESIAN_POINT('',(52.533814429258,1.624617712372,
    11.653188984403));
#5023 = CARTESIAN_POINT('',(52.134969138045,2.147813047272,
    11.688120801121));
#5024 = CARTESIAN_POINT('',(51.831739589156,2.43798258559,
    11.710110450283));
#5025 = CARTESIAN_POINT('',(51.483932769695,2.678417733033,
    11.732038587842));
#5026 = CARTESIAN_POINT('',(51.101223511869,2.861607657614,
    11.753970750317));
#5027 = CARTESIAN_POINT('',(50.694423278456,2.982264477744,
    11.775961769814));
#5028 = CARTESIAN_POINT('',(50.275085842267,3.037021517616,
    11.797989772908));
#5029 = CARTESIAN_POINT('',(49.855446286431,3.024952036757,
    11.819982267399));
#5030 = CARTESIAN_POINT('',(48.989352289306,2.863033343082,
    11.866724492206));
#5031 = CARTESIAN_POINT('',(48.543661955995,2.695058311654,
    11.891591595023));
#5032 = CARTESIAN_POINT('',(48.131442231629,2.447771467945,
    11.916394461594));
#5033 = CARTESIAN_POINT('',(47.768559970368,2.129820704665,
    11.941188905117));
#5034 = CARTESIAN_POINT('',(47.467910429905,1.752544196357,
    11.965995304076));
#5035 = CARTESIAN_POINT('',(47.240146118082,1.329364678072,
    11.990820113801));
#5036 = CARTESIAN_POINT('',(47.093074236076,0.876478882425,
    12.015693678976));
#5037 = CARTESIAN_POINT('',(46.98772365853,0.119578224463,
    12.056233008818));
#5038 = CARTESIAN_POINT('',(46.980096765538,-0.179287625738,
    12.071983133366));
#5039 = CARTESIAN_POINT('',(47.006310826464,-0.478271269135,
    12.08773474226));
#5040 = CARTESIAN_POINT('',(47.066252161022,-0.772833906696,
    12.103486433783));
#5041 = CARTESIAN_POINT('',(47.159145826704,-1.058650689465,
    12.119237760652));
#5042 = CARTESIAN_POINT('',(47.283555618777,-1.331610718565,
    12.134989230021));
#5043 = CARTESIAN_POINT('',(47.437384070287,-1.587817045197,
    12.150742303474));
#5044 = CARTESIAN_POINT('',(47.863745425125,-2.144767337217,
    12.187964731267));
#5045 = CARTESIAN_POINT('',(48.159504333701,-2.428575976974,
    12.209460828981));
#5046 = CARTESIAN_POINT('',(48.497930689636,-2.665019271294,
    12.230922044519));
#5047 = CARTESIAN_POINT('',(48.869933745965,-2.847151845965,
    12.252358397428));
#5048 = CARTESIAN_POINT('',(49.265612970421,-2.969743887698,
    12.273778851001));
#5049 = CARTESIAN_POINT('',(49.674170157473,-3.029742998314,
    12.295244269865));
#5050 = CARTESIAN_POINT('',(50.084084057858,-3.025950568834,
    12.316782053601));
#5051 = CARTESIAN_POINT('',(50.705030805809,-2.924636549589,
    12.350174511647));
#5052 = CARTESIAN_POINT('',(50.923835068759,-2.869428860426,
    12.36209014353));
#5053 = CARTESIAN_POINT('',(51.137596667056,-2.795533360613,
    12.374001016233));
#5054 = CARTESIAN_POINT('',(51.344485857515,-2.703477773134,
    12.385916787086));
#5055 = CARTESIAN_POINT('',(51.542752885216,-2.594009062703,
    12.397842114992));
#5056 = CARTESIAN_POINT('',(51.730727983501,-2.468093435761,
    12.409776660422));
#5057 = CARTESIAN_POINT('',(51.906821373976,-2.326916340478,
    12.421715085419));
#5058 = CARTESIAN_POINT('',(52.289238754191,-1.962522006076,
    12.449760192582));
#5059 = CARTESIAN_POINT('',(52.484891274218,-1.727528254258,
    12.465879597976));
#5060 = CARTESIAN_POINT('',(52.652842637631,-1.470484047448,
    12.481997613639));
#5061 = CARTESIAN_POINT('',(52.790172577015,-1.195259286744,
    12.498109430559));
#5062 = CARTESIAN_POINT('',(52.894678746498,-0.906010938188,
    12.514213086851));
#5063 = CARTESIAN_POINT('',(52.964876721753,-0.607183032767,
    12.53030946776));
#5064 = CARTESIAN_POINT('',(53.,-0.303506666413,12.546402305658));
#5065 = CARTESIAN_POINT('',(53.,7.993605777301E-15,12.562498180045));
#5066 = PCURVE('',#2771,#5067);
#5067 = DEFINITIONAL_REPRESENTATION('',(#5068),#5120);
#5068 = B_SPLINE_CURVE_WITH_KNOTS('',8,(#5069,#5070,#5071,#5072,#5073,
    #5074,#5075,#5076,#5077,#5078,#5079,#5080,#5081,#5082,#5083,#5084,
    #5085,#5086,#5087,#5088,#5089,#5090,#5091,#5092,#5093,#5094,#5095,
    #5096,#5097,#5098,#5099,#5100,#5101,#5102,#5103,#5104,#5105,#5106,
    #5107,#5108,#5109,#5110,#5111,#5112,#5113,#5114,#5115,#5116,#5117,
    #5118,#5119),.UNSPECIFIED.,.F.,.F.,(9,7,7,7,7,7,7,9),(0.,
    0.103678818876,0.279397367368,0.477834128486,0.603863081647,
    0.775547890951,0.871042460012,1.),.UNSPECIFIED.);
#5069 = CARTESIAN_POINT('',(0.115493473911,82.709443309499));
#5070 = CARTESIAN_POINT('',(0.11548070541,82.791852910436));
#5071 = CARTESIAN_POINT('',(0.115456598906,82.874295317794));
#5072 = CARTESIAN_POINT('',(0.115431338425,82.956757930296));
#5073 = CARTESIAN_POINT('',(0.115412257559,83.039228900814));
#5074 = CARTESIAN_POINT('',(0.115403839465,83.121697136376));
#5075 = CARTESIAN_POINT('',(0.115407716862,83.204152298161));
#5076 = CARTESIAN_POINT('',(0.115422672038,83.286584801503));
#5077 = CARTESIAN_POINT('',(0.11548186358,83.508641984808));
#5078 = CARTESIAN_POINT('',(0.115475294475,83.648566860206));
#5079 = CARTESIAN_POINT('',(0.115383144308,83.788372627607));
#5080 = CARTESIAN_POINT('',(0.115345416315,83.92803087805));
#5081 = CARTESIAN_POINT('',(0.115422701997,84.067697718059));
#5082 = CARTESIAN_POINT('',(0.115521862066,84.207530272178));
#5083 = CARTESIAN_POINT('',(0.115508588556,84.347494578072));
#5084 = CARTESIAN_POINT('',(0.115504882565,84.644892794352));
#5085 = CARTESIAN_POINT('',(0.115480378425,84.803181846487));
#5086 = CARTESIAN_POINT('',(0.115442101746,84.961106023108));
#5087 = CARTESIAN_POINT('',(0.115438469634,85.118866400846));
#5088 = CARTESIAN_POINT('',(0.115459268179,85.276625124897));
#5089 = CARTESIAN_POINT('',(0.115469522623,85.434534525424));
#5090 = CARTESIAN_POINT('',(0.115468030506,85.592791488464));
#5091 = CARTESIAN_POINT('',(0.115459917172,85.850739262802));
#5092 = CARTESIAN_POINT('',(0.115453830242,85.950965094391));
#5093 = CARTESIAN_POINT('',(0.11545013131,86.051192773233));
#5094 = CARTESIAN_POINT('',(0.115451917734,86.151403528115));
#5095 = CARTESIAN_POINT('',(0.115460060678,86.251591742011));
#5096 = CARTESIAN_POINT('',(0.11547320512,86.351764952071));
#5097 = CARTESIAN_POINT('',(0.115487769842,86.451943849631));
#5098 = CARTESIAN_POINT('',(0.115511812026,86.688686322589));
#5099 = CARTESIAN_POINT('',(0.115517555961,86.825431923297));
#5100 = CARTESIAN_POINT('',(0.115500350812,86.962028598496));
#5101 = CARTESIAN_POINT('',(0.115455360881,87.098555478577));
#5102 = CARTESIAN_POINT('',(0.115377186067,87.235086767832));
#5103 = CARTESIAN_POINT('',(0.115365366985,87.371693052144));
#5104 = CARTESIAN_POINT('',(0.115448829357,87.508456637352));
#5105 = CARTESIAN_POINT('',(0.115477237723,87.720817937929));
#5106 = CARTESIAN_POINT('',(0.115455835467,87.796696430698));
#5107 = CARTESIAN_POINT('',(0.115425865355,87.872571899833));
#5108 = CARTESIAN_POINT('',(0.115403066304,87.948455720164));
#5109 = CARTESIAN_POINT('',(0.115395928113,88.024350525646));
#5110 = CARTESIAN_POINT('',(0.115405691454,88.100250209363));
#5111 = CARTESIAN_POINT('',(0.115426347878,88.176139923522));
#5112 = CARTESIAN_POINT('',(0.115469341559,88.354433562118));
#5113 = CARTESIAN_POINT('',(0.115494282488,88.45691015249));
#5114 = CARTESIAN_POINT('',(0.115511684168,88.559401884414));
#5115 = CARTESIAN_POINT('',(0.11551739517,88.661891367935));
#5116 = CARTESIAN_POINT('',(0.115510891064,88.764367789306));
#5117 = CARTESIAN_POINT('',(0.11549527442,88.866826910983));
#5118 = CARTESIAN_POINT('',(0.115477274809,88.969271071629));
#5119 = CARTESIAN_POINT('',(0.115467248802,89.071709186113));
#5120 = ( GEOMETRIC_REPRESENTATION_CONTEXT(2) 
PARAMETRIC_REPRESENTATION_CONTEXT() REPRESENTATION_CONTEXT('2D SPACE',''
  ) );
#5121 = PCURVE('',#5122,#5127);
#5122 = CYLINDRICAL_SURFACE('',#5123,3.);
#5123 = AXIS2_PLACEMENT_3D('',#5124,#5125,#5126);
#5124 = CARTESIAN_POINT('',(50.,0.,0.));
#5125 = DIRECTION('',(-0.,-0.,-1.));
#5126 = DIRECTION('',(1.,0.,0.));
#5127 = DEFINITIONAL_REPRESENTATION('',(#5128),#5180);
#5128 = B_SPLINE_CURVE_WITH_KNOTS('',8,(#5129,#5130,#5131,#5132,#5133,
    #5134,#5135,#5136,#5137,#5138,#5139,#5140,#5141,#5142,#5143,#5144,
    #5145,#5146,#5147,#5148,#5149,#5150,#5151,#5152,#5153,#5154,#5155,
    #5156,#5157,#5158,#5159,#5160,#5161,#5162,#5163,#5164,#5165,#5166,
    #5167,#5168,#5169,#5170,#5171,#5172,#5173,#5174,#5175,#5176,#5177,
    #5178,#5179),.UNSPECIFIED.,.F.,.F.,(9,7,7,7,7,7,7,9),(0.,
    0.103678818876,0.279397367368,0.477834128486,0.603863081647,
    0.775547890951,0.871042460012,1.),.UNSPECIFIED.);
#5129 = CARTESIAN_POINT('',(0.,-11.56251117552));
#5130 = CARTESIAN_POINT('',(-8.138350259007E-02,-11.57545766248));
#5131 = CARTESIAN_POINT('',(-0.162799455182,-11.58840363683));
#5132 = CARTESIAN_POINT('',(-0.244236144702,-11.60135220998));
#5133 = CARTESIAN_POINT('',(-0.325682177522,-11.61430518663));
#5134 = CARTESIAN_POINT('',(-0.407126479457,-11.62726306481));
#5135 = CARTESIAN_POINT('',(-0.488558295765,-11.64022503585));
#5136 = CARTESIAN_POINT('',(-0.569967191148,-11.6531889844));
#5137 = CARTESIAN_POINT('',(-0.789261748203,-11.68812080112));
#5138 = CARTESIAN_POINT('',(-0.92744253575,-11.71011045028));
#5139 = CARTESIAN_POINT('',(-1.065512216232,-11.73203858784));
#5140 = CARTESIAN_POINT('',(-1.203439385706,-11.75397075031));
#5141 = CARTESIAN_POINT('',(-1.341372151525,-11.77596176981));
#5142 = CARTESIAN_POINT('',(-1.479463199028,-11.7979897729));
#5143 = CARTESIAN_POINT('',(-1.617682205868,-11.81998226739));
#5144 = CARTESIAN_POINT('',(-1.911382066878,-11.8667244922));
#5145 = CARTESIAN_POINT('',(-2.067706447734,-11.89159159502));
#5146 = CARTESIAN_POINT('',(-2.223678092504,-11.91639446159));
#5147 = CARTESIAN_POINT('',(-2.37948849222,-11.94118890511));
#5148 = CARTESIAN_POINT('',(-2.535287323913,-11.96599530407));
#5149 = CARTESIAN_POINT('',(-2.69122413659,-11.9908201138));
#5150 = CARTESIAN_POINT('',(-2.847505117313,-12.01569367897));
#5151 = CARTESIAN_POINT('',(-3.102237515072,-12.05623300881));
#5152 = CARTESIAN_POINT('',(-3.201215897329,-12.07198313336));
#5153 = CARTESIAN_POINT('',(-3.300198292439,-12.08773474226));
#5154 = CARTESIAN_POINT('',(-3.399166054567,-12.10348643378));
#5155 = CARTESIAN_POINT('',(-3.498113118878,-12.11923776065));
#5156 = CARTESIAN_POINT('',(-3.597046001542,-12.13498923002));
#5157 = CARTESIAN_POINT('',(-3.695983799729,-12.15074230347));
#5158 = CARTESIAN_POINT('',(-3.929787523841,-12.18796473126));
#5159 = CARTESIAN_POINT('',(-4.064832367105,-12.20946082898));
#5160 = CARTESIAN_POINT('',(-4.199726041911,-12.23092204451));
#5161 = CARTESIAN_POINT('',(-4.334549345821,-12.25235839742));
#5162 = CARTESIAN_POINT('',(-4.469383139107,-12.273778851));
#5163 = CARTESIAN_POINT('',(-4.604304906095,-12.29524426986));
#5164 = CARTESIAN_POINT('',(-4.739362464358,-12.3167820536));
#5165 = CARTESIAN_POINT('',(-4.949081693139,-12.35017451164));
#5166 = CARTESIAN_POINT('',(-5.024015904485,-12.36209014353));
#5167 = CARTESIAN_POINT('',(-5.098947585731,-12.37400101623));
#5168 = CARTESIAN_POINT('',(-5.173888313333,-12.38591678708));
#5169 = CARTESIAN_POINT('',(-5.24884067207,-12.39784211499));
#5170 = CARTESIAN_POINT('',(-5.323798255044,-12.40977666042));
#5171 = CARTESIAN_POINT('',(-5.398745663682,-12.42171508541));
#5172 = CARTESIAN_POINT('',(-5.574822125493,-12.44976019258));
#5173 = CARTESIAN_POINT('',(-5.676022010987,-12.46587959797));
#5174 = CARTESIAN_POINT('',(-5.777236704715,-12.48199761363));
#5175 = CARTESIAN_POINT('',(-5.878450519933,-12.49810943055));
#5176 = CARTESIAN_POINT('',(-5.979653542647,-12.51421308685));
#5177 = CARTESIAN_POINT('',(-6.080841631622,-12.53030946776));
#5178 = CARTESIAN_POINT('',(-6.182016418375,-12.54640230565));
#5179 = CARTESIAN_POINT('',(-6.28318530718,-12.56249818004));
#5180 = ( GEOMETRIC_REPRESENTATION_CONTEXT(2) 
PARAMETRIC_REPRESENTATION_CONTEXT() REPRESENTATION_CONTEXT('2D SPACE',''
  ) );
#5181 = ORIENTED_EDGE('',*,*,#5182,.F.);
#5182 = EDGE_CURVE('',#5183,#5011,#5185,.T.);
#5183 = VERTEX_POINT('',#5184);
#5184 = CARTESIAN_POINT('',(53.,0.,10.56251089837));
#5185 = SURFACE_CURVE('',#5186,(#5231,#5279),.PCURVE_S1.);
#5186 = B_SPLINE_CURVE_WITH_KNOTS('',7,(#5187,#5188,#5189,#5190,#5191,
    #5192,#5193,#5194,#5195,#5196,#5197,#5198,#5199,#5200,#5201,#5202,
    #5203,#5204,#5205,#5206,#5207,#5208,#5209,#5210,#5211,#5212,#5213,
    #5214,#5215,#5216,#5217,#5218,#5219,#5220,#5221,#5222,#5223,#5224,
    #5225,#5226,#5227,#5228,#5229,#5230),.UNSPECIFIED.,.F.,.F.,(8,6,6,6,
    6,6,6,8),(0.,0.105615193692,0.267528350671,0.393970460788,
    0.547131987518,0.665971505787,0.859851296972,1.),.UNSPECIFIED.);
#5187 = CARTESIAN_POINT('',(53.,-1.7763568394E-15,10.56251089837));
#5188 = CARTESIAN_POINT('',(53.,0.284204403991,10.57758225375));
#5189 = CARTESIAN_POINT('',(52.968557955214,0.568625312852,
    10.592659808617));
#5190 = CARTESIAN_POINT('',(52.905689102232,0.848827900198,
    10.607742142474));
#5191 = CARTESIAN_POINT('',(52.812077201353,1.12062639073,
    10.622827598976));
#5192 = CARTESIAN_POINT('',(52.689074536592,1.380084060234,
    10.637914285927));
#5193 = CARTESIAN_POINT('',(52.538701915672,1.623513235583,
    10.653000075279));
#5194 = CARTESIAN_POINT('',(52.095283649334,2.190819872096,
    10.69120484166));
#5195 = CARTESIAN_POINT('',(51.768200435344,2.489340180499,
    10.714370249351));
#5196 = CARTESIAN_POINT('',(51.392290679929,2.72970805734,
    10.737501051669));
#5197 = CARTESIAN_POINT('',(50.980101306604,2.903281608915,
    10.760607563559));
#5198 = CARTESIAN_POINT('',(50.545584014286,3.004236720201,
    10.783732627292));
#5199 = CARTESIAN_POINT('',(50.103663410179,3.029697223982,
    10.806892457083));
#5200 = CARTESIAN_POINT('',(49.332452083587,2.944509334477,
    10.848070007017));
#5201 = CARTESIAN_POINT('',(48.998902069862,2.862375297364,
    10.866144154791));
#5202 = CARTESIAN_POINT('',(48.677670285147,2.7361598573,10.884202538912
    ));
#5203 = CARTESIAN_POINT('',(48.375660227141,2.568349477242,
    10.902243267701));
#5204 = CARTESIAN_POINT('',(48.09900114436,2.362441773014,
    10.920268486049));
#5205 = CARTESIAN_POINT('',(47.853162022494,2.122957327469,
    10.938300696651));
#5206 = CARTESIAN_POINT('',(47.387622246388,1.531497407144,
    10.978209140182));
#5207 = CARTESIAN_POINT('',(47.184299737088,1.16601486618,
    11.000110686129));
#5208 = CARTESIAN_POINT('',(47.041053816384,0.77015132618,
    11.022017181598));
#5209 = CARTESIAN_POINT('',(46.963230519147,0.355611729454,
    11.043908881135));
#5210 = CARTESIAN_POINT('',(46.953136606265,-6.530514463542E-02,
    11.065781807872));
#5211 = CARTESIAN_POINT('',(47.010039564645,-0.479706679672,
    11.087647753529));
#5212 = CARTESIAN_POINT('',(47.22337612383,-1.180125018415,
    11.126516245936));
#5213 = CARTESIAN_POINT('',(47.354754108602,-1.474730346242,
    11.14350747728));
#5214 = CARTESIAN_POINT('',(47.522405978919,-1.751914677921,
    11.16049775865));
#5215 = CARTESIAN_POINT('',(47.723559404061,-2.006365425589,
    11.177480888215));
#5216 = CARTESIAN_POINT('',(47.954565305191,-2.233465141267,
    11.194454676111));
#5217 = CARTESIAN_POINT('',(48.210897855362,-2.429291516863,
    11.211420944433));
#5218 = CARTESIAN_POINT('',(48.937851161768,-2.853811193106,
    11.256062261552));
#5219 = CARTESIAN_POINT('',(49.44358678974,-3.026412836572,
    11.28382733575));
#5220 = CARTESIAN_POINT('',(49.979288140731,-3.09263938929,
    11.311544387647));
#5221 = CARTESIAN_POINT('',(50.519117126109,-3.048834463409,
    11.339221508647));
#5222 = CARTESIAN_POINT('',(51.037131451524,-2.897093791712,
    11.366931806235));
#5223 = CARTESIAN_POINT('',(51.508428280408,-2.645187733005,
    11.39470514269));
#5224 = CARTESIAN_POINT('',(52.201609858624,-2.072495653381,
    11.442404193113));
#5225 = CARTESIAN_POINT('',(52.457263432888,-1.789481284929,
    11.462423416184));
#5226 = CARTESIAN_POINT('',(52.669915864707,-1.470164057163,
    11.482435708835));
#5227 = CARTESIAN_POINT('',(52.833823585032,-1.122323299852,
    11.502452544304));
#5228 = CARTESIAN_POINT('',(52.944704961544,-0.754734213036,
    11.522483320505));
#5229 = CARTESIAN_POINT('',(53.,-0.377060981445,11.542516889519));
#5230 = CARTESIAN_POINT('',(53.,-4.440892098501E-16,11.56251117552));
#5231 = PCURVE('',#2771,#5232);
#5232 = DEFINITIONAL_REPRESENTATION('',(#5233),#5278);
#5233 = B_SPLINE_CURVE_WITH_KNOTS('',7,(#5234,#5235,#5236,#5237,#5238,
    #5239,#5240,#5241,#5242,#5243,#5244,#5245,#5246,#5247,#5248,#5249,
    #5250,#5251,#5252,#5253,#5254,#5255,#5256,#5257,#5258,#5259,#5260,
    #5261,#5262,#5263,#5264,#5265,#5266,#5267,#5268,#5269,#5270,#5271,
    #5272,#5273,#5274,#5275,#5276,#5277),.UNSPECIFIED.,.F.,.F.,(8,6,6,6,
    6,6,6,8),(0.,0.105615193692,0.267528350671,0.393970460788,
    0.547131987518,0.665971505787,0.859851296972,1.),.UNSPECIFIED.);
#5234 = CARTESIAN_POINT('',(0.115490479734,76.347185939547));
#5235 = CARTESIAN_POINT('',(0.115478953429,76.443110565119));
#5236 = CARTESIAN_POINT('',(0.11546579434,76.539079827592));
#5237 = CARTESIAN_POINT('',(0.11545578377,76.635069479401));
#5238 = CARTESIAN_POINT('',(0.115451359542,76.731061227381));
#5239 = CARTESIAN_POINT('',(0.115452615995,76.827042732768));
#5240 = CARTESIAN_POINT('',(0.115457303985,76.923007611198));
#5241 = CARTESIAN_POINT('',(0.1154662378,77.166048044505));
#5242 = CARTESIAN_POINT('',(0.115471806778,77.313414794439));
#5243 = CARTESIAN_POINT('',(0.115464109744,77.460603576797));
#5244 = CARTESIAN_POINT('',(0.115449441148,77.607659994515));
#5245 = CARTESIAN_POINT('',(0.115444950893,77.754802065296));
#5246 = CARTESIAN_POINT('',(0.11546173041,77.902097664898));
#5247 = CARTESIAN_POINT('',(0.115494003399,78.163977490227));
#5248 = CARTESIAN_POINT('',(0.11550961957,78.278920333196));
#5249 = CARTESIAN_POINT('',(0.115519721526,78.393780425083));
#5250 = CARTESIAN_POINT('',(0.115513750289,78.508579320168));
#5251 = CARTESIAN_POINT('',(0.115480606753,78.623365972519));
#5252 = CARTESIAN_POINT('',(0.115444673691,78.738205985257));
#5253 = CARTESIAN_POINT('',(0.115398429366,78.992261193499));
#5254 = CARTESIAN_POINT('',(0.115437174279,79.13148138273));
#5255 = CARTESIAN_POINT('',(0.115473192814,79.270741735124));
#5256 = CARTESIAN_POINT('',(0.115473228134,79.410022419422));
#5257 = CARTESIAN_POINT('',(0.115437569612,79.549297213198));
#5258 = CARTESIAN_POINT('',(0.115400052829,79.688533502853));
#5259 = CARTESIAN_POINT('',(0.115449790288,79.935666935098));
#5260 = CARTESIAN_POINT('',(0.11548211391,80.043666827947));
#5261 = CARTESIAN_POINT('',(0.115508251011,80.15168035698));
#5262 = CARTESIAN_POINT('',(0.115519070512,80.259697111729));
#5263 = CARTESIAN_POINT('',(0.11551308968,80.367707876453));
#5264 = CARTESIAN_POINT('',(0.115496474138,80.475704630128));
#5265 = CARTESIAN_POINT('',(0.115461117343,80.759837000259));
#5266 = CARTESIAN_POINT('',(0.115436578902,80.936563823877));
#5267 = CARTESIAN_POINT('',(0.11545429149,81.112850710531));
#5268 = CARTESIAN_POINT('',(0.115475771791,81.288871560615));
#5269 = CARTESIAN_POINT('',(0.115472660658,81.465181717689));
#5270 = CARTESIAN_POINT('',(0.115458016107,81.641929634122));
#5271 = CARTESIAN_POINT('',(0.115453548317,81.945417852085));
#5272 = CARTESIAN_POINT('',(0.115456737384,82.072775312122));
#5273 = CARTESIAN_POINT('',(0.115470797467,82.200054096859));
#5274 = CARTESIAN_POINT('',(0.11549642316,82.327324992354));
#5275 = CARTESIAN_POINT('',(0.115517516586,82.454699000186));
#5276 = CARTESIAN_POINT('',(0.115513193319,82.582171630676));
#5277 = CARTESIAN_POINT('',(0.115493473911,82.709443309499));
#5278 = ( GEOMETRIC_REPRESENTATION_CONTEXT(2) 
PARAMETRIC_REPRESENTATION_CONTEXT() REPRESENTATION_CONTEXT('2D SPACE',''
  ) );
#5279 = PCURVE('',#5280,#5285);
#5280 = CYLINDRICAL_SURFACE('',#5281,3.);
#5281 = AXIS2_PLACEMENT_3D('',#5282,#5283,#5284);
#5282 = CARTESIAN_POINT('',(50.,0.,0.));
#5283 = DIRECTION('',(-0.,-0.,-1.));
#5284 = DIRECTION('',(1.,0.,0.));
#5285 = DEFINITIONAL_REPRESENTATION('',(#5286),#5331);
#5286 = B_SPLINE_CURVE_WITH_KNOTS('',7,(#5287,#5288,#5289,#5290,#5291,
    #5292,#5293,#5294,#5295,#5296,#5297,#5298,#5299,#5300,#5301,#5302,
    #5303,#5304,#5305,#5306,#5307,#5308,#5309,#5310,#5311,#5312,#5313,
    #5314,#5315,#5316,#5317,#5318,#5319,#5320,#5321,#5322,#5323,#5324,
    #5325,#5326,#5327,#5328,#5329,#5330),.UNSPECIFIED.,.F.,.F.,(8,6,6,6,
    6,6,6,8),(0.,0.105615193692,0.267528350671,0.393970460788,
    0.547131987518,0.665971505787,0.859851296972,1.),.UNSPECIFIED.);
#5287 = CARTESIAN_POINT('',(0.,-10.56251089837));
#5288 = CARTESIAN_POINT('',(-9.473480133024E-02,-10.57758225375));
#5289 = CARTESIAN_POINT('',(-0.189515508256,-10.59265980861));
#5290 = CARTESIAN_POINT('',(-0.284316504508,-10.60774214247));
#5291 = CARTESIAN_POINT('',(-0.37911850855,-10.62282759897));
#5292 = CARTESIAN_POINT('',(-0.473908573581,-10.63791428592));
#5293 = CARTESIAN_POINT('',(-0.568680087532,-10.65300007527));
#5294 = CARTESIAN_POINT('',(-0.808693184109,-10.69120484166));
#5295 = CARTESIAN_POINT('',(-0.954220451764,-10.71437024935));
#5296 = CARTESIAN_POINT('',(-1.099569536731,-10.73750105166));
#5297 = CARTESIAN_POINT('',(-1.244794889675,-10.76060756355));
#5298 = CARTESIAN_POINT('',(-1.390113667212,-10.78373262729));
#5299 = CARTESIAN_POINT('',(-1.53558569612,-10.80689245708));
#5300 = CARTESIAN_POINT('',(-1.794219690359,-10.84807000701));
#5301 = CARTESIAN_POINT('',(-1.907736621849,-10.86614415479));
#5302 = CARTESIAN_POINT('',(-2.02116899322,-10.88420253891));
#5303 = CARTESIAN_POINT('',(-2.134536759658,-10.9022432677));
#5304 = CARTESIAN_POINT('',(-2.247892561421,-10.92026848604));
#5305 = CARTESIAN_POINT('',(-2.361304204974,-10.93830069665));
#5306 = CARTESIAN_POINT('',(-2.612203060312,-10.97820914018));
#5307 = CARTESIAN_POINT('',(-2.74969273826,-11.00011068612));
#5308 = CARTESIAN_POINT('',(-2.88722177535,-11.02201718159));
#5309 = CARTESIAN_POINT('',(-3.024770963546,-11.04390888113));
#5310 = CARTESIAN_POINT('',(-3.162314609373,-11.06578180787));
#5311 = CARTESIAN_POINT('',(-3.29982053392,-11.08764775352));
#5312 = CARTESIAN_POINT('',(-3.543882988754,-11.12651624593));
#5313 = CARTESIAN_POINT('',(-3.650538137767,-11.14350747728));
#5314 = CARTESIAN_POINT('',(-3.757206049954,-11.16049775865));
#5315 = CARTESIAN_POINT('',(-3.863877910602,-11.17748088821));
#5316 = CARTESIAN_POINT('',(-3.970545560208,-11.19445467611));
#5317 = CARTESIAN_POINT('',(-4.077201494479,-11.21142094443));
#5318 = CARTESIAN_POINT('',(-4.357811557103,-11.25606226155));
#5319 = CARTESIAN_POINT('',(-4.532351478358,-11.28382733575));
#5320 = CARTESIAN_POINT('',(-4.706453564745,-11.31154438764));
#5321 = CARTESIAN_POINT('',(-4.880277463104,-11.33922150864));
#5322 = CARTESIAN_POINT('',(-5.05437915385,-11.36693180623));
#5323 = CARTESIAN_POINT('',(-5.22892527661,-11.39470514269));
#5324 = CARTESIAN_POINT('',(-5.528643091756,-11.44240419311));
#5325 = CARTESIAN_POINT('',(-5.6544217014,-11.46242341618));
#5326 = CARTESIAN_POINT('',(-5.780126111998,-11.48243570883));
#5327 = CARTESIAN_POINT('',(-5.905821021399,-11.5024525443));
#5328 = CARTESIAN_POINT('',(-6.031612807649,-11.5224833205));
#5329 = CARTESIAN_POINT('',(-6.157498313364,-11.54251688951));
#5330 = CARTESIAN_POINT('',(-6.28318530718,-11.56251117552));
#5331 = ( GEOMETRIC_REPRESENTATION_CONTEXT(2) 
PARAMETRIC_REPRESENTATION_CONTEXT() REPRESENTATION_CONTEXT('2D SPACE',''
  ) );
#5332 = ORIENTED_EDGE('',*,*,#5333,.F.);
#5333 = EDGE_CURVE('',#5334,#5183,#5336,.T.);
#5334 = VERTEX_POINT('',#5335);
#5335 = CARTESIAN_POINT('',(53.,0.,9.562517315392));
#5336 = SURFACE_CURVE('',#5337,(#5376,#5418),.PCURVE_S1.);
#5337 = B_SPLINE_CURVE_WITH_KNOTS('',7,(#5338,#5339,#5340,#5341,#5342,
    #5343,#5344,#5345,#5346,#5347,#5348,#5349,#5350,#5351,#5352,#5353,
    #5354,#5355,#5356,#5357,#5358,#5359,#5360,#5361,#5362,#5363,#5364,
    #5365,#5366,#5367,#5368,#5369,#5370,#5371,#5372,#5373,#5374,#5375),
  .UNSPECIFIED.,.F.,.F.,(8,6,6,6,6,6,8),(0.,0.101212518492,
    0.312190781752,0.515901579832,0.643287352797,0.835135362274,1.),
  .UNSPECIFIED.);
#5338 = CARTESIAN_POINT('',(53.,4.440892098501E-15,9.562517315392));
#5339 = CARTESIAN_POINT('',(53.,0.272380891282,9.576968606458));
#5340 = CARTESIAN_POINT('',(52.971168268645,0.544665529511,
    9.591407501353));
#5341 = CARTESIAN_POINT('',(52.91351094617,0.813194139996,9.605840989508
    ));
#5342 = CARTESIAN_POINT('',(52.827599135468,1.074418939295,
    9.620274199177));
#5343 = CARTESIAN_POINT('',(52.714568902094,1.324904135211,9.63471039744
    ));
#5344 = CARTESIAN_POINT('',(52.576121274265,1.561325926796,
    9.649150990198));
#5345 = CARTESIAN_POINT('',(52.077667834933,2.237285209152,
    9.693705258757));
#5346 = CARTESIAN_POINT('',(51.638278689209,2.621984447054,
    9.724056392301));
#5347 = CARTESIAN_POINT('',(51.117851843842,2.902199995542,
    9.754096468047));
#5348 = CARTESIAN_POINT('',(50.547029481602,3.061568757575,
    9.784093257106));
#5349 = CARTESIAN_POINT('',(49.956686944189,3.091431490614,
    9.814389259841));
#5350 = CARTESIAN_POINT('',(49.381529404452,2.989927642641,
    9.844632881294));
#5351 = CARTESIAN_POINT('',(48.350060756932,2.564772986788,
    9.903816725931));
#5352 = CARTESIAN_POINT('',(47.885602361818,2.246948986136,
    9.933005578222));
#5353 = CARTESIAN_POINT('',(47.496184991165,1.831929682684,
    9.962053696716));
#5354 = CARTESIAN_POINT('',(47.202999245384,1.342383176212,9.99116109749
    ));
#5355 = CARTESIAN_POINT('',(47.021053571489,0.803148783326,
    10.020245623165));
#5356 = CARTESIAN_POINT('',(46.960119350818,0.243808552464,
    10.049444946482));
#5357 = CARTESIAN_POINT('',(47.049613742638,-0.642382184888,
    10.096694017384));
#5358 = CARTESIAN_POINT('',(47.129596688188,-0.979036187147,
    10.114876905535));
#5359 = CARTESIAN_POINT('',(47.254209595528,-1.303603731064,
    10.133063761717));
#5360 = CARTESIAN_POINT('',(47.421265064019,-1.609027021603,
    10.151253707323));
#5361 = CARTESIAN_POINT('',(47.627309290816,-1.888978766252,
    10.169445343637));
#5362 = CARTESIAN_POINT('',(47.867622070862,-2.137862175023,
    10.18763675184));
#5363 = CARTESIAN_POINT('',(48.540731071486,-2.671520248907,
    10.233218456178));
#5364 = CARTESIAN_POINT('',(49.011054959635,-2.912090784237,
    10.260715013259));
#5365 = CARTESIAN_POINT('',(49.52538465511,-3.054020846722,
    10.288033164227));
#5366 = CARTESIAN_POINT('',(50.059491178297,-3.090106306706,
    10.315372405612));
#5367 = CARTESIAN_POINT('',(50.58822936625,-3.018651326751,
    10.342849905782));
#5368 = CARTESIAN_POINT('',(51.086635910431,-2.843538384008,
    10.370337774754));
#5369 = CARTESIAN_POINT('',(51.912151229594,-2.353821277398,
    10.42121639162));
#5370 = CARTESIAN_POINT('',(52.255092369668,-2.061385752531,
    10.444762010284));
#5371 = CARTESIAN_POINT('',(52.544589754026,-1.711338262421,
    10.4683283173));
#5372 = CARTESIAN_POINT('',(52.770023542913,-1.31565054776,
    10.491886258762));
#5373 = CARTESIAN_POINT('',(52.923538504242,-0.887826204376,
    10.51542636028));
#5374 = CARTESIAN_POINT('',(53.,-0.443390859053,10.538997887608));
#5375 = CARTESIAN_POINT('',(53.,-1.7763568394E-15,10.56251089837));
#5376 = PCURVE('',#2771,#5377);
#5377 = DEFINITIONAL_REPRESENTATION('',(#5378),#5417);
#5378 = B_SPLINE_CURVE_WITH_KNOTS('',7,(#5379,#5380,#5381,#5382,#5383,
    #5384,#5385,#5386,#5387,#5388,#5389,#5390,#5391,#5392,#5393,#5394,
    #5395,#5396,#5397,#5398,#5399,#5400,#5401,#5402,#5403,#5404,#5405,
    #5406,#5407,#5408,#5409,#5410,#5411,#5412,#5413,#5414,#5415,#5416),
  .UNSPECIFIED.,.F.,.F.,(8,6,6,6,6,6,8),(0.,0.101212518492,
    0.312190781752,0.515901579832,0.643287352797,0.835135362274,1.),
  .UNSPECIFIED.);
#5379 = CARTESIAN_POINT('',(0.115506737079,69.984909917909));
#5380 = CARTESIAN_POINT('',(0.1155086746,70.076846699649));
#5381 = CARTESIAN_POINT('',(0.115501824481,70.168732568358));
#5382 = CARTESIAN_POINT('',(0.115484792124,70.260616429048));
#5383 = CARTESIAN_POINT('',(0.115459719887,70.352524093891));
#5384 = CARTESIAN_POINT('',(0.115432287086,70.444458282218));
#5385 = CARTESIAN_POINT('',(0.115411709998,70.536398620522));
#5386 = CARTESIAN_POINT('',(0.115408723763,70.819874189464));
#5387 = CARTESIAN_POINT('',(0.115590742136,71.012397122787));
#5388 = CARTESIAN_POINT('',(0.115439453334,71.204001319509));
#5389 = CARTESIAN_POINT('',(0.115187084426,71.395651665075));
#5390 = CARTESIAN_POINT('',(0.115551973129,71.587242105512));
#5391 = CARTESIAN_POINT('',(0.115510484445,71.779792025073));
#5392 = CARTESIAN_POINT('',(0.115503021079,72.156359078151));
#5393 = CARTESIAN_POINT('',(0.115468517967,72.342176054399));
#5394 = CARTESIAN_POINT('',(0.115420049033,72.527142072199));
#5395 = CARTESIAN_POINT('',(0.115458085654,72.712210073536));
#5396 = CARTESIAN_POINT('',(0.115472271323,72.897208410491));
#5397 = CARTESIAN_POINT('',(0.115468202356,73.082995191056));
#5398 = CARTESIAN_POINT('',(0.115457478844,73.383640420308));
#5399 = CARTESIAN_POINT('',(0.115450888495,73.499345740385));
#5400 = CARTESIAN_POINT('',(0.115450147385,73.615057698899));
#5401 = CARTESIAN_POINT('',(0.115458724723,73.730759669884));
#5402 = CARTESIAN_POINT('',(0.115475245095,73.846447129729));
#5403 = CARTESIAN_POINT('',(0.115493488463,73.962127657177));
#5404 = CARTESIAN_POINT('',(0.115515796481,74.252059580406));
#5405 = CARTESIAN_POINT('',(0.115559084926,74.42686226035));
#5406 = CARTESIAN_POINT('',(0.115375059206,74.601252990813));
#5407 = CARTESIAN_POINT('',(0.115321049869,74.775364303952));
#5408 = CARTESIAN_POINT('',(0.11546273094,74.949732738106));
#5409 = CARTESIAN_POINT('',(0.115488110901,75.124537111434));
#5410 = CARTESIAN_POINT('',(0.11540181313,75.448514886854));
#5411 = CARTESIAN_POINT('',(0.115367899025,75.598426240965));
#5412 = CARTESIAN_POINT('',(0.115455668507,75.748082126545));
#5413 = CARTESIAN_POINT('',(0.115514486575,75.897776889001));
#5414 = CARTESIAN_POINT('',(0.115521568418,76.047522727206));
#5415 = CARTESIAN_POINT('',(0.115508462066,76.19753272679));
#5416 = CARTESIAN_POINT('',(0.115490479734,76.347185939547));
#5417 = ( GEOMETRIC_REPRESENTATION_CONTEXT(2) 
PARAMETRIC_REPRESENTATION_CONTEXT() REPRESENTATION_CONTEXT('2D SPACE',''
  ) );
#5418 = PCURVE('',#5419,#5424);
#5419 = CYLINDRICAL_SURFACE('',#5420,3.);
#5420 = AXIS2_PLACEMENT_3D('',#5421,#5422,#5423);
#5421 = CARTESIAN_POINT('',(50.,0.,0.));
#5422 = DIRECTION('',(-0.,-0.,-1.));
#5423 = DIRECTION('',(1.,0.,0.));
#5424 = DEFINITIONAL_REPRESENTATION('',(#5425),#5464);
#5425 = B_SPLINE_CURVE_WITH_KNOTS('',7,(#5426,#5427,#5428,#5429,#5430,
    #5431,#5432,#5433,#5434,#5435,#5436,#5437,#5438,#5439,#5440,#5441,
    #5442,#5443,#5444,#5445,#5446,#5447,#5448,#5449,#5450,#5451,#5452,
    #5453,#5454,#5455,#5456,#5457,#5458,#5459,#5460,#5461,#5462,#5463),
  .UNSPECIFIED.,.F.,.F.,(8,6,6,6,6,6,8),(0.,0.101212518492,
    0.312190781752,0.515901579832,0.643287352797,0.835135362274,1.),
  .UNSPECIFIED.);
#5426 = CARTESIAN_POINT('',(0.,-9.562517315392));
#5427 = CARTESIAN_POINT('',(-9.079363042724E-02,-9.576968606458));
#5428 = CARTESIAN_POINT('',(-0.181535029047,-9.591407501353));
#5429 = CARTESIAN_POINT('',(-0.272274232852,-9.605840989508));
#5430 = CARTESIAN_POINT('',(-0.363037833102,-9.620274199177));
#5431 = CARTESIAN_POINT('',(-0.45382897532,-9.63471039744));
#5432 = CARTESIAN_POINT('',(-0.544627359296,-9.649150990198));
#5433 = CARTESIAN_POINT('',(-0.824583066623,-9.693705258757));
#5434 = CARTESIAN_POINT('',(-1.014718407581,-9.724056392301));
#5435 = CARTESIAN_POINT('',(-1.203903217962,-9.754096468047));
#5436 = CARTESIAN_POINT('',(-1.393219988682,-9.784093257106));
#5437 = CARTESIAN_POINT('',(-1.582410110797,-9.814389259841));
#5438 = CARTESIAN_POINT('',(-1.772560640555,-9.844632881294));
#5439 = CARTESIAN_POINT('',(-2.144445337771,-9.903816725931));
#5440 = CARTESIAN_POINT('',(-2.327957162119,-9.933005578222));
#5441 = CARTESIAN_POINT('',(-2.510640605284,-9.962053696716));
#5442 = CARTESIAN_POINT('',(-2.693417301026,-9.99116109749));
#5443 = CARTESIAN_POINT('',(-2.876102075917,-10.02024562316));
#5444 = CARTESIAN_POINT('',(-3.059568549913,-10.04944494648));
#5445 = CARTESIAN_POINT('',(-3.356467947228,-10.09669401738));
#5446 = CARTESIAN_POINT('',(-3.470734769902,-10.11487690553));
#5447 = CARTESIAN_POINT('',(-3.585011053559,-10.13306376171));
#5448 = CARTESIAN_POINT('',(-3.69927961374,-10.15125370732));
#5449 = CARTESIAN_POINT('',(-3.813534657632,-10.16944534363));
#5450 = CARTESIAN_POINT('',(-3.927781784073,-10.18763675184));
#5451 = CARTESIAN_POINT('',(-4.214112336357,-10.23321845617));
#5452 = CARTESIAN_POINT('',(-4.386736713151,-10.26071501325));
#5453 = CARTESIAN_POINT('',(-4.558950801992,-10.28803316422));
#5454 = CARTESIAN_POINT('',(-4.730903366446,-10.31537240561));
#5455 = CARTESIAN_POINT('',(-4.903114934532,-10.34284990578));
#5456 = CARTESIAN_POINT('',(-5.075737704896,-10.37033777475));
#5457 = CARTESIAN_POINT('',(-5.395685337187,-10.42121639162));
#5458 = CARTESIAN_POINT('',(-5.54373588543,-10.44476201028));
#5459 = CARTESIAN_POINT('',(-5.691541489672,-10.4683283173));
#5460 = CARTESIAN_POINT('',(-5.839362284358,-10.49188625876));
#5461 = CARTESIAN_POINT('',(-5.98724279689,-10.51542636028));
#5462 = CARTESIAN_POINT('',(-6.135388354162,-10.5389978876));
#5463 = CARTESIAN_POINT('',(-6.28318530718,-10.56251089837));
#5464 = ( GEOMETRIC_REPRESENTATION_CONTEXT(2) 
PARAMETRIC_REPRESENTATION_CONTEXT() REPRESENTATION_CONTEXT('2D SPACE',''
  ) );
#5465 = ORIENTED_EDGE('',*,*,#5466,.F.);
#5466 = EDGE_CURVE('',#5467,#5334,#5469,.T.);
#5467 = VERTEX_POINT('',#5468);
#5468 = CARTESIAN_POINT('',(53.,0.,8.562519324961));
#5469 = SURFACE_CURVE('',#5470,(#5522,#5577),.PCURVE_S1.);
#5470 = B_SPLINE_CURVE_WITH_KNOTS('',8,(#5471,#5472,#5473,#5474,#5475,
    #5476,#5477,#5478,#5479,#5480,#5481,#5482,#5483,#5484,#5485,#5486,
    #5487,#5488,#5489,#5490,#5491,#5492,#5493,#5494,#5495,#5496,#5497,
    #5498,#5499,#5500,#5501,#5502,#5503,#5504,#5505,#5506,#5507,#5508,
    #5509,#5510,#5511,#5512,#5513,#5514,#5515,#5516,#5517,#5518,#5519,
    #5520,#5521),.UNSPECIFIED.,.F.,.F.,(9,7,7,7,7,7,7,9),(0.,
    0.178397307742,0.292434870131,0.429089358868,0.612498767856,
    0.768100194348,0.821471006133,1.),.UNSPECIFIED.);
#5471 = CARTESIAN_POINT('',(53.,-4.440892098501E-16,8.562519324961));
#5472 = CARTESIAN_POINT('',(53.,0.419779443796,8.584787917007));
#5473 = CARTESIAN_POINT('',(52.932870042288,0.840735836653,
    8.607109275733));
#5474 = CARTESIAN_POINT('',(52.797957039433,1.248623147373,8.62939776095
    ));
#5475 = CARTESIAN_POINT('',(52.598912708686,1.630914605005,
    8.651676851372));
#5476 = CARTESIAN_POINT('',(52.341244099878,1.976326557348,
    8.673966013161));
#5477 = CARTESIAN_POINT('',(52.03279726761,2.275100897785,8.696267393598
    ));
#5478 = CARTESIAN_POINT('',(51.683065304753,2.518668945922,
    8.718597536962));
#5479 = CARTESIAN_POINT('',(51.063120977202,2.818129724765,
    8.755123187639));
#5480 = CARTESIAN_POINT('',(50.809206743545,2.910237838086,8.76937207588
    ));
#5481 = CARTESIAN_POINT('',(50.546320581314,2.976173413719,
    8.783623628836));
#5482 = CARTESIAN_POINT('',(50.277675689997,3.014913607816,
    8.797875897797));
#5483 = CARTESIAN_POINT('',(50.0065089336,3.025916006094,8.81212770855)
  );
#5484 = CARTESIAN_POINT('',(49.736080840648,3.009118623838,
    8.826378661374));
#5485 = CARTESIAN_POINT('',(49.469675604179,2.964939905903,
    8.840629131044));
#5486 = CARTESIAN_POINT('',(48.900144635072,2.809603404696,
    8.871957812448));
#5487 = CARTESIAN_POINT('',(48.599795712663,2.686712832464,
    8.889044412962));
#5488 = CARTESIAN_POINT('',(48.315410193571,2.527311798701,
    8.906130739282));
#5489 = CARTESIAN_POINT('',(48.052211731344,2.333849735904,
    8.923210874082));
#5490 = CARTESIAN_POINT('',(47.81479175403,2.109520720376,8.940282311799
    ));
#5491 = CARTESIAN_POINT('',(47.607109464175,1.858263472226,
    8.957345958628));
#5492 = CARTESIAN_POINT('',(47.432491838824,1.584761355371,
    8.974406132528));
#5493 = CARTESIAN_POINT('',(47.107266519767,0.904793763457,
    9.014373412414));
#5494 = CARTESIAN_POINT('',(46.984612951992,0.483584988284,
    9.037355849643));
#5495 = CARTESIAN_POINT('',(46.932674606979,4.448265923614E-02,
    9.060328261656));
#5496 = CARTESIAN_POINT('',(46.953827442083,-0.398800506559,
    9.083230108919));
#5497 = CARTESIAN_POINT('',(47.047495854501,-0.832601806301,
    9.106090380193));
#5498 = CARTESIAN_POINT('',(47.210732232354,-1.24355673876,
    9.129003141579));
#5499 = CARTESIAN_POINT('',(47.437701893594,-1.618999254541,
    9.152018180026));
#5500 = CARTESIAN_POINT('',(47.955935846106,-2.226220456827,
    9.194398943179));
#5501 = CARTESIAN_POINT('',(48.232982469807,-2.472044515599,
    9.213867913225));
#5502 = CARTESIAN_POINT('',(48.54347066542,-2.677995673141,
    9.233312744186));
#5503 = CARTESIAN_POINT('',(48.880613617999,-2.839014081219,
    9.252736475506));
#5504 = CARTESIAN_POINT('',(49.236933164569,-2.951425311277,
    9.272160757255));
#5505 = CARTESIAN_POINT('',(49.60445494742,-3.012795294575,
    9.291604179098));
#5506 = CARTESIAN_POINT('',(49.974745872193,-3.022185507104,
    9.311064264329));
#5507 = CARTESIAN_POINT('',(50.463661217113,-2.966616178252,
    9.337170599872));
#5508 = CARTESIAN_POINT('',(50.587849786163,-2.946445772146,
    9.343838422445));
#5509 = CARTESIAN_POINT('',(50.711026905997,-2.920335270812,
    9.350506564919));
#5510 = CARTESIAN_POINT('',(50.832864632769,-2.888343823573,
    9.357175100819));
#5511 = CARTESIAN_POINT('',(50.953040246624,-2.850551518285,
    9.36384416102));
#5512 = CARTESIAN_POINT('',(51.071236747609,-2.807059260412,
    9.37051388582));
#5513 = CARTESIAN_POINT('',(51.187143351584,-2.757988652097,
    9.377184377009));
#5514 = CARTESIAN_POINT('',(51.679494452308,-2.521152983612,
    9.406171511424));
#5515 = CARTESIAN_POINT('',(52.030129807292,-2.277698002361,
    9.428532519213));
#5516 = CARTESIAN_POINT('',(52.339442988882,-1.978780170994,
    9.450859289167));
#5517 = CARTESIAN_POINT('',(52.597770081011,-1.63306533324,
    9.473167661765));
#5518 = CARTESIAN_POINT('',(52.797307947007,-1.250417622147,
    9.495485338938));
#5519 = CARTESIAN_POINT('',(52.9325625717,-0.842168125971,9.517827366284
    ));
#5520 = CARTESIAN_POINT('',(53.,-0.42073884017,9.540194826418));
#5521 = CARTESIAN_POINT('',(53.,4.440892098501E-15,9.562517315392));
#5522 = PCURVE('',#2771,#5523);
#5523 = DEFINITIONAL_REPRESENTATION('',(#5524),#5576);
#5524 = B_SPLINE_CURVE_WITH_KNOTS('',8,(#5525,#5526,#5527,#5528,#5529,
    #5530,#5531,#5532,#5533,#5534,#5535,#5536,#5537,#5538,#5539,#5540,
    #5541,#5542,#5543,#5544,#5545,#5546,#5547,#5548,#5549,#5550,#5551,
    #5552,#5553,#5554,#5555,#5556,#5557,#5558,#5559,#5560,#5561,#5562,
    #5563,#5564,#5565,#5566,#5567,#5568,#5569,#5570,#5571,#5572,#5573,
    #5574,#5575),.UNSPECIFIED.,.F.,.F.,(9,7,7,7,7,7,7,9),(0.,
    0.178397307742,0.292434870131,0.429089358868,0.612498767856,
    0.768100194348,0.821471006133,1.),.UNSPECIFIED.);
#5525 = CARTESIAN_POINT('',(0.115506651355,63.622657844492));
#5526 = CARTESIAN_POINT('',(0.115503647424,63.764346087114));
#5527 = CARTESIAN_POINT('',(0.115482696093,63.906427138464));
#5528 = CARTESIAN_POINT('',(0.115452856442,64.048327314775));
#5529 = CARTESIAN_POINT('',(0.115440942038,64.190110696377));
#5530 = CARTESIAN_POINT('',(0.115452756279,64.331882670483));
#5531 = CARTESIAN_POINT('',(0.115463044349,64.473737237849));
#5532 = CARTESIAN_POINT('',(0.115466968946,64.615795045674));
#5533 = CARTESIAN_POINT('',(0.115464703288,64.848188126753));
#5534 = CARTESIAN_POINT('',(0.115460349667,64.938857181037));
#5535 = CARTESIAN_POINT('',(0.115455520597,65.029544701404));
#5536 = CARTESIAN_POINT('',(0.115452436124,65.120231227392));
#5537 = CARTESIAN_POINT('',(0.115452541677,65.210904690229));
#5538 = CARTESIAN_POINT('',(0.115456508072,65.301560412835));
#5539 = CARTESIAN_POINT('',(0.115464231508,65.392201109818));
#5540 = CARTESIAN_POINT('',(0.115487538327,65.591448344948));
#5541 = CARTESIAN_POINT('',(0.1155071878,65.70009531991));
#5542 = CARTESIAN_POINT('',(0.115519864846,65.808762730633));
#5543 = CARTESIAN_POINT('',(0.115517770917,65.917437737792));
#5544 = CARTESIAN_POINT('',(0.115499226065,66.026109744469));
#5545 = CARTESIAN_POINT('',(0.115468668941,66.134770396156));
#5546 = CARTESIAN_POINT('',(0.115436656792,66.24341358075));
#5547 = CARTESIAN_POINT('',(0.115397329158,66.497821118388));
#5548 = CARTESIAN_POINT('',(0.115439287727,66.643908001277));
#5549 = CARTESIAN_POINT('',(0.115506329789,66.78985130752));
#5550 = CARTESIAN_POINT('',(0.115490832064,66.935608232521));
#5551 = CARTESIAN_POINT('',(0.115394704641,67.081357133838));
#5552 = CARTESIAN_POINT('',(0.115345047321,67.227292163162));
#5553 = CARTESIAN_POINT('',(0.115447717054,67.373393333226));
#5554 = CARTESIAN_POINT('',(0.115505182192,67.642848180462));
#5555 = CARTESIAN_POINT('',(0.115522091173,67.766661139979));
#5556 = CARTESIAN_POINT('',(0.115513073275,67.890402997097));
#5557 = CARTESIAN_POINT('',(0.115488964732,68.014058618125));
#5558 = CARTESIAN_POINT('',(0.115466310461,68.137713114968));
#5559 = CARTESIAN_POINT('',(0.115454737773,68.261454134165));
#5560 = CARTESIAN_POINT('',(0.115453291458,68.385268956795));
#5561 = CARTESIAN_POINT('',(0.115456566762,68.551353965939));
#5562 = CARTESIAN_POINT('',(0.115457909156,68.593772150655));
#5563 = CARTESIAN_POINT('',(0.115459563499,68.636191378315));
#5564 = CARTESIAN_POINT('',(0.115461311154,68.678612812215));
#5565 = CARTESIAN_POINT('',(0.115462936917,68.721037969617));
#5566 = CARTESIAN_POINT('',(0.115464257142,68.763468327336));
#5567 = CARTESIAN_POINT('',(0.115465147865,68.805904927323));
#5568 = CARTESIAN_POINT('',(0.115466994804,68.990322886505));
#5569 = CARTESIAN_POINT('',(0.115463100639,69.132601934545));
#5570 = CARTESIAN_POINT('',(0.115452742223,69.274683716062));
#5571 = CARTESIAN_POINT('',(0.11544083457,69.41665337702));
#5572 = CARTESIAN_POINT('',(0.115452733392,69.558606504624));
#5573 = CARTESIAN_POINT('',(0.115482689395,69.700657111965));
#5574 = CARTESIAN_POINT('',(0.115503744247,69.842897845271));
#5575 = CARTESIAN_POINT('',(0.115506737079,69.984909917909));
#5576 = ( GEOMETRIC_REPRESENTATION_CONTEXT(2) 
PARAMETRIC_REPRESENTATION_CONTEXT() REPRESENTATION_CONTEXT('2D SPACE',''
  ) );
#5577 = PCURVE('',#5578,#5583);
#5578 = CYLINDRICAL_SURFACE('',#5579,3.);
#5579 = AXIS2_PLACEMENT_3D('',#5580,#5581,#5582);
#5580 = CARTESIAN_POINT('',(50.,0.,0.));
#5581 = DIRECTION('',(-0.,-0.,-1.));
#5582 = DIRECTION('',(1.,0.,0.));
#5583 = DEFINITIONAL_REPRESENTATION('',(#5584),#5636);
#5584 = B_SPLINE_CURVE_WITH_KNOTS('',8,(#5585,#5586,#5587,#5588,#5589,
    #5590,#5591,#5592,#5593,#5594,#5595,#5596,#5597,#5598,#5599,#5600,
    #5601,#5602,#5603,#5604,#5605,#5606,#5607,#5608,#5609,#5610,#5611,
    #5612,#5613,#5614,#5615,#5616,#5617,#5618,#5619,#5620,#5621,#5622,
    #5623,#5624,#5625,#5626,#5627,#5628,#5629,#5630,#5631,#5632,#5633,
    #5634,#5635),.UNSPECIFIED.,.F.,.F.,(9,7,7,7,7,7,7,9),(0.,
    0.178397307742,0.292434870131,0.429089358868,0.612498767856,
    0.768100194348,0.821471006133,1.),.UNSPECIFIED.);
#5585 = CARTESIAN_POINT('',(0.,-8.562519324961));
#5586 = CARTESIAN_POINT('',(-0.139926481265,-8.584787917007));
#5587 = CARTESIAN_POINT('',(-0.280244207434,-8.607109275733));
#5588 = CARTESIAN_POINT('',(-0.420388133125,-8.62939776095));
#5589 = CARTESIAN_POINT('',(-0.560419467567,-8.651676851372));
#5590 = CARTESIAN_POINT('',(-0.700432096787,-8.673966013162));
#5591 = CARTESIAN_POINT('',(-0.840519069568,-8.696267393598));
#5592 = CARTESIAN_POINT('',(-0.980803962316,-8.718597536962));
#5593 = CARTESIAN_POINT('',(-1.210298025983,-8.755123187639));
#5594 = CARTESIAN_POINT('',(-1.299836343191,-8.76937207588));
#5595 = CARTESIAN_POINT('',(-1.389394304515,-8.783623628836));
#5596 = CARTESIAN_POINT('',(-1.478953274681,-8.797875897797));
#5597 = CARTESIAN_POINT('',(-1.568501417652,-8.81212770855));
#5598 = CARTESIAN_POINT('',(-1.65803369662,-8.826378661374));
#5599 = CARTESIAN_POINT('',(-1.747551874013,-8.840629131044));
#5600 = CARTESIAN_POINT('',(-1.944330077802,-8.871957812448));
#5601 = CARTESIAN_POINT('',(-2.051629173298,-8.889044412962));
#5602 = CARTESIAN_POINT('',(-2.158946550257,-8.906130739282));
#5603 = CARTESIAN_POINT('',(-2.266269604936,-8.923210874082));
#5604 = CARTESIAN_POINT('',(-2.373588377568,-8.940282311799));
#5605 = CARTESIAN_POINT('',(-2.480895552362,-8.957345958628));
#5606 = CARTESIAN_POINT('',(-2.588186457506,-8.974406132528));
#5607 = CARTESIAN_POINT('',(-2.839433886285,-9.014373412414));
#5608 = CARTESIAN_POINT('',(-2.983711313982,-9.037355849643));
#5609 = CARTESIAN_POINT('',(-3.127833430861,-9.060328261656));
#5610 = CARTESIAN_POINT('',(-3.271771395841,-9.083230108919));
#5611 = CARTESIAN_POINT('',(-3.415711747612,-9.106090380193));
#5612 = CARTESIAN_POINT('',(-3.559840265367,-9.129003141579));
#5613 = CARTESIAN_POINT('',(-3.704123386782,-9.152018180026));
#5614 = CARTESIAN_POINT('',(-3.97022362229,-9.194398943179));
#5615 = CARTESIAN_POINT('',(-4.092494049214,-9.213867913225));
#5616 = CARTESIAN_POINT('',(-4.214696069936,-9.233312744186));
#5617 = CARTESIAN_POINT('',(-4.336817410486,-9.252736475506));
#5618 = CARTESIAN_POINT('',(-4.45894169005,-9.272160757255));
#5619 = CARTESIAN_POINT('',(-4.581151826767,-9.291604179098));
#5620 = CARTESIAN_POINT('',(-4.703431076309,-9.311064264329));
#5621 = CARTESIAN_POINT('',(-4.867452133496,-9.337170599872));
#5622 = CARTESIAN_POINT('',(-4.90934279646,-9.343838422445));
#5623 = CARTESIAN_POINT('',(-4.951234085719,-9.350506564919));
#5624 = CARTESIAN_POINT('',(-4.993127169628,-9.357175100819));
#5625 = CARTESIAN_POINT('',(-5.0350235956,-9.36384416102));
#5626 = CARTESIAN_POINT('',(-5.076924894386,-9.37051388582));
#5627 = CARTESIAN_POINT('',(-5.118832184352,-9.377184377009));
#5628 = CARTESIAN_POINT('',(-5.300949588564,-9.406171511424));
#5629 = CARTESIAN_POINT('',(-5.441452926022,-9.428532519213));
#5630 = CARTESIAN_POINT('',(-5.581764230346,-9.450859289167));
#5631 = CARTESIAN_POINT('',(-5.721972077991,-9.473167661765));
#5632 = CARTESIAN_POINT('',(-5.862171083274,-9.495485338938));
#5633 = CARTESIAN_POINT('',(-6.002463592278,-9.517827366284));
#5634 = CARTESIAN_POINT('',(-6.142939027123,-9.540194826418));
#5635 = CARTESIAN_POINT('',(-6.28318530718,-9.562517315392));
#5636 = ( GEOMETRIC_REPRESENTATION_CONTEXT(2) 
PARAMETRIC_REPRESENTATION_CONTEXT() REPRESENTATION_CONTEXT('2D SPACE',''
  ) );
#5637 = ORIENTED_EDGE('',*,*,#5638,.F.);
#5638 = EDGE_CURVE('',#5639,#5467,#5641,.T.);
#5639 = VERTEX_POINT('',#5640);
#5640 = CARTESIAN_POINT('',(53.,0.,7.562509537081));
#5641 = SURFACE_CURVE('',#5642,(#5694,#5749),.PCURVE_S1.);
#5642 = B_SPLINE_CURVE_WITH_KNOTS('',8,(#5643,#5644,#5645,#5646,#5647,
    #5648,#5649,#5650,#5651,#5652,#5653,#5654,#5655,#5656,#5657,#5658,
    #5659,#5660,#5661,#5662,#5663,#5664,#5665,#5666,#5667,#5668,#5669,
    #5670,#5671,#5672,#5673,#5674,#5675,#5676,#5677,#5678,#5679,#5680,
    #5681,#5682,#5683,#5684,#5685,#5686,#5687,#5688,#5689,#5690,#5691,
    #5692,#5693),.UNSPECIFIED.,.F.,.F.,(9,7,7,7,7,7,7,9),(0.,
    0.125118545963,0.276996786307,0.483874259565,0.642563113436,
    0.799181345716,0.839079141952,1.),.UNSPECIFIED.);
#5643 = CARTESIAN_POINT('',(53.,-5.329070518201E-15,7.562509537081));
#5644 = CARTESIAN_POINT('',(53.,0.294693892505,7.578149084695));
#5645 = CARTESIAN_POINT('',(52.966856078104,0.589624227279,
    7.593794435557));
#5646 = CARTESIAN_POINT('',(52.900640001082,0.880132803985,
    7.609437637845));
#5647 = CARTESIAN_POINT('',(52.80204898251,1.161840805832,7.625074235282
    ));
#5648 = CARTESIAN_POINT('',(52.672405682777,1.430648799574,
    7.640703267133));
#5649 = CARTESIAN_POINT('',(52.513658209079,1.682736735507,
    7.656327268206));
#5650 = CARTESIAN_POINT('',(52.328380115423,1.914563947473,
    7.671952268852));
#5651 = CARTESIAN_POINT('',(51.866544345251,2.375725576379,
    7.706567364899));
#5652 = CARTESIAN_POINT('',(51.578695229795,2.594208907184,7.72554967956
    ));
#5653 = CARTESIAN_POINT('',(51.261978741327,2.772453760948,
    7.744637325054));
#5654 = CARTESIAN_POINT('',(50.922990199267,2.906247550649,
    7.763579473929));
#5655 = CARTESIAN_POINT('',(50.568844867334,2.992626507636,
    7.782476452336));
#5656 = CARTESIAN_POINT('',(50.207104233515,3.029782243211,
    7.801498341215));
#5657 = CARTESIAN_POINT('',(49.845769879648,3.017315870653,7.82051125139
    ));
#5658 = CARTESIAN_POINT('',(49.012876008838,2.874550883378,
    7.865376693853));
#5659 = CARTESIAN_POINT('',(48.546069260153,2.702726695723,
    7.891351996334));
#5660 = CARTESIAN_POINT('',(48.115279727692,2.444248811519,
    7.917234364326));
#5661 = CARTESIAN_POINT('',(47.738494702776,2.10890384532,7.943062949951
    ));
#5662 = CARTESIAN_POINT('',(47.430225068452,1.709635760445,
    7.968896625638));
#5663 = CARTESIAN_POINT('',(47.202400177119,1.261822736784,
    7.994781709578));
#5664 = CARTESIAN_POINT('',(47.063578916971,0.784111576547,8.02073694581
    ));
#5665 = CARTESIAN_POINT('',(46.977680163093,-7.257278767874E-02,
    8.066419926773));
#5666 = CARTESIAN_POINT('',(46.993302805465,-0.450132588086,
    8.086270072926));
#5667 = CARTESIAN_POINT('',(47.062968999996,-0.823910292604,
    8.106101141582));
#5668 = CARTESIAN_POINT('',(47.18545031372,-1.185008273745,
    8.125919215326));
#5669 = CARTESIAN_POINT('',(47.358133609844,-1.525009087389,
    8.145738481172));
#5670 = CARTESIAN_POINT('',(47.576858863235,-1.836119656766,
    8.165574832327));
#5671 = CARTESIAN_POINT('',(47.836061700357,-2.111139146689,
    8.185430641826));
#5672 = CARTESIAN_POINT('',(48.416041898858,-2.574295339717,
    8.224820698379));
#5673 = CARTESIAN_POINT('',(48.736730795973,-2.764125054412,
    8.244407221867));
#5674 = CARTESIAN_POINT('',(49.082947013306,-2.907844436069,
    8.263973089237));
#5675 = CARTESIAN_POINT('',(49.446851387689,-3.001797944708,
    8.283518804904));
#5676 = CARTESIAN_POINT('',(49.820327876064,-3.043716339246,
    8.303047347104));
#5677 = CARTESIAN_POINT('',(50.194993696032,-3.032847345216,
    8.322579006301));
#5678 = CARTESIAN_POINT('',(50.562254457403,-2.969815404637,8.3421469757
    ));
#5679 = CARTESIAN_POINT('',(51.002903267564,-2.828958551688,
    8.366697350668));
#5680 = CARTESIAN_POINT('',(51.091343790482,-2.797159752816,
    8.371682732354));
#5681 = CARTESIAN_POINT('',(51.178628164795,-2.762202406606,
    8.376669089236));
#5682 = CARTESIAN_POINT('',(51.264625744169,-2.724135490802,
    8.381656307643));
#5683 = CARTESIAN_POINT('',(51.349208954773,-2.683014103612,
    8.386644149835));
#5684 = CARTESIAN_POINT('',(51.43225335776,-2.638899302537,
    8.391632193168));
#5685 = CARTESIAN_POINT('',(51.513637711752,-2.591857943204,
    8.39661976927));
#5686 = CARTESIAN_POINT('',(51.914322368031,-2.340717954282,
    8.421716611757));
#5687 = CARTESIAN_POINT('',(52.206754766496,-2.092859377483,
    8.441801203167));
#5688 = CARTESIAN_POINT('',(52.46192474219,-1.803561943263,
    8.461899935767));
#5689 = CARTESIAN_POINT('',(52.67326403156,-1.479486472463,
    8.482017049753));
#5690 = CARTESIAN_POINT('',(52.835655554798,-1.128292601103,
    8.502146604913));
#5691 = CARTESIAN_POINT('',(52.945293423899,-0.758389240281,
    8.522283279902));
#5692 = CARTESIAN_POINT('',(53.,-0.37892234615,8.542418133089));
#5693 = CARTESIAN_POINT('',(53.,-4.440892098501E-16,8.562519324961));
#5694 = PCURVE('',#2771,#5695);
#5695 = DEFINITIONAL_REPRESENTATION('',(#5696),#5748);
#5696 = B_SPLINE_CURVE_WITH_KNOTS('',8,(#5697,#5698,#5699,#5700,#5701,
    #5702,#5703,#5704,#5705,#5706,#5707,#5708,#5709,#5710,#5711,#5712,
    #5713,#5714,#5715,#5716,#5717,#5718,#5719,#5720,#5721,#5722,#5723,
    #5724,#5725,#5726,#5727,#5728,#5729,#5730,#5731,#5732,#5733,#5734,
    #5735,#5736,#5737,#5738,#5739,#5740,#5741,#5742,#5743,#5744,#5745,
    #5746,#5747),.UNSPECIFIED.,.F.,.F.,(9,7,7,7,7,7,7,9),(0.,
    0.125118545963,0.276996786307,0.483874259565,0.642563113436,
    0.799181345716,0.839079141952,1.),.UNSPECIFIED.);
#5697 = CARTESIAN_POINT('',(0.115490495057,57.260381835216));
#5698 = CARTESIAN_POINT('',(0.115502407106,57.359846889805));
#5699 = CARTESIAN_POINT('',(0.115513661562,57.459350958075));
#5700 = CARTESIAN_POINT('',(0.115515465961,57.558871418492));
#5701 = CARTESIAN_POINT('',(0.115503860492,57.658392515738));
#5702 = CARTESIAN_POINT('',(0.115479718003,57.757905360711));
#5703 = CARTESIAN_POINT('',(0.115448743999,57.857407930526));
#5704 = CARTESIAN_POINT('',(0.11542147664,57.956905068513));
#5705 = CARTESIAN_POINT('',(0.115403345241,58.177193165419));
#5706 = CARTESIAN_POINT('',(0.115376621393,58.298048696279));
#5707 = CARTESIAN_POINT('',(0.115585404103,58.418825191526));
#5708 = CARTESIAN_POINT('',(0.115511927215,58.539573904886));
#5709 = CARTESIAN_POINT('',(0.115341143806,58.660344777167));
#5710 = CARTESIAN_POINT('',(0.115399856488,58.781180304664));
#5711 = CARTESIAN_POINT('',(0.115415032047,58.902097204263));
#5712 = CARTESIAN_POINT('',(0.115483762142,59.187324404538));
#5713 = CARTESIAN_POINT('',(0.115534178017,59.352425786181));
#5714 = CARTESIAN_POINT('',(0.115534378719,59.517095634939));
#5715 = CARTESIAN_POINT('',(0.115482655996,59.681588481664));
#5716 = CARTESIAN_POINT('',(0.115442777409,59.846076035066));
#5717 = CARTESIAN_POINT('',(0.115449585126,60.010742145786));
#5718 = CARTESIAN_POINT('',(0.11545577702,60.175856542953));
#5719 = CARTESIAN_POINT('',(0.115466137325,60.466470822279));
#5720 = CARTESIAN_POINT('',(0.115469396903,60.592752345837));
#5721 = CARTESIAN_POINT('',(0.115466854269,60.718930950946));
#5722 = CARTESIAN_POINT('',(0.115456165936,60.845052791534));
#5723 = CARTESIAN_POINT('',(0.115446487727,60.971179003267));
#5724 = CARTESIAN_POINT('',(0.115450538566,61.097370242304));
#5725 = CARTESIAN_POINT('',(0.115464486031,61.22365379794));
#5726 = CARTESIAN_POINT('',(0.115495392932,61.474165462175));
#5727 = CARTESIAN_POINT('',(0.115512388073,61.598726053726));
#5728 = CARTESIAN_POINT('',(0.115522463989,61.723177236559));
#5729 = CARTESIAN_POINT('',(0.115513921454,61.847559436826));
#5730 = CARTESIAN_POINT('',(0.115471891442,61.971938903258));
#5731 = CARTESIAN_POINT('',(0.115417654205,62.096377033524));
#5732 = CARTESIAN_POINT('',(0.11540090579,62.220926921926));
#5733 = CARTESIAN_POINT('',(0.115417213988,62.377071037954));
#5734 = CARTESIAN_POINT('',(0.115422460739,62.408772667389));
#5735 = CARTESIAN_POINT('',(0.115429528668,62.440474707863));
#5736 = CARTESIAN_POINT('',(0.115438076281,62.472177522518));
#5737 = CARTESIAN_POINT('',(0.115447454493,62.503881663601));
#5738 = CARTESIAN_POINT('',(0.115456625952,62.535587742105));
#5739 = CARTESIAN_POINT('',(0.115464084356,62.567296297423));
#5740 = CARTESIAN_POINT('',(0.115482654382,62.726909989488));
#5741 = CARTESIAN_POINT('',(0.115395893174,62.854969484426));
#5742 = CARTESIAN_POINT('',(0.11536683677,62.982935382471));
#5743 = CARTESIAN_POINT('',(0.115404413228,63.110806259454));
#5744 = CARTESIAN_POINT('',(0.115462346037,63.2386915341));
#5745 = CARTESIAN_POINT('',(0.115500071985,63.366686387811));
#5746 = CARTESIAN_POINT('',(0.115509362914,63.494760106503));
#5747 = CARTESIAN_POINT('',(0.115506651355,63.622657844492));
#5748 = ( GEOMETRIC_REPRESENTATION_CONTEXT(2) 
PARAMETRIC_REPRESENTATION_CONTEXT() REPRESENTATION_CONTEXT('2D SPACE',''
  ) );
#5749 = PCURVE('',#5750,#5755);
#5750 = CYLINDRICAL_SURFACE('',#5751,3.);
#5751 = AXIS2_PLACEMENT_3D('',#5752,#5753,#5754);
#5752 = CARTESIAN_POINT('',(50.,0.,0.));
#5753 = DIRECTION('',(-0.,-0.,-1.));
#5754 = DIRECTION('',(1.,0.,0.));
#5755 = DEFINITIONAL_REPRESENTATION('',(#5756),#5808);
#5756 = B_SPLINE_CURVE_WITH_KNOTS('',8,(#5757,#5758,#5759,#5760,#5761,
    #5762,#5763,#5764,#5765,#5766,#5767,#5768,#5769,#5770,#5771,#5772,
    #5773,#5774,#5775,#5776,#5777,#5778,#5779,#5780,#5781,#5782,#5783,
    #5784,#5785,#5786,#5787,#5788,#5789,#5790,#5791,#5792,#5793,#5794,
    #5795,#5796,#5797,#5798,#5799,#5800,#5801,#5802,#5803,#5804,#5805,
    #5806,#5807),.UNSPECIFIED.,.F.,.F.,(9,7,7,7,7,7,7,9),(0.,
    0.125118545963,0.276996786307,0.483874259565,0.642563113436,
    0.799181345716,0.839079141952,1.),.UNSPECIFIED.);
#5757 = CARTESIAN_POINT('',(0.,-7.562509537081));
#5758 = CARTESIAN_POINT('',(-9.823129750177E-02,-7.578149084695));
#5759 = CARTESIAN_POINT('',(-0.196498686677,-7.593794435557));
#5760 = CARTESIAN_POINT('',(-0.294780728083,-7.609437637845));
#5761 = CARTESIAN_POINT('',(-0.393062670963,-7.625074235282));
#5762 = CARTESIAN_POINT('',(-0.491336453238,-7.640703267133));
#5763 = CARTESIAN_POINT('',(-0.589600701514,-7.656327268206));
#5764 = CARTESIAN_POINT('',(-0.687860731077,-7.671952268852));
#5765 = CARTESIAN_POINT('',(-0.905413362407,-7.706567364899));
#5766 = CARTESIAN_POINT('',(-1.024769180873,-7.72554967956));
#5767 = CARTESIAN_POINT('',(-1.14404235362,-7.744637325054));
#5768 = CARTESIAN_POINT('',(-1.263284477513,-7.763579473929));
#5769 = CARTESIAN_POINT('',(-1.382552566177,-7.782476452336));
#5770 = CARTESIAN_POINT('',(-1.501890703414,-7.801498341215));
#5771 = CARTESIAN_POINT('',(-1.621306413434,-7.82051125139));
#5772 = CARTESIAN_POINT('',(-1.902986697449,-7.865376693853));
#5773 = CARTESIAN_POINT('',(-2.066031426957,-7.891351996334));
#5774 = CARTESIAN_POINT('',(-2.228644879262,-7.917234364326));
#5775 = CARTESIAN_POINT('',(-2.391098434523,-7.943062949951));
#5776 = CARTESIAN_POINT('',(-2.553556443917,-7.968896625638));
#5777 = CARTESIAN_POINT('',(-2.716183886857,-7.994781709578));
#5778 = CARTESIAN_POINT('',(-2.879245541487,-8.02073694581));
#5779 = CARTESIAN_POINT('',(-3.166238901036,-8.066419926773));
#5780 = CARTESIAN_POINT('',(-3.290944314357,-8.086270072926));
#5781 = CARTESIAN_POINT('',(-3.415547044009,-8.106101141582));
#5782 = CARTESIAN_POINT('',(-3.540096021717,-8.125919215326));
#5783 = CARTESIAN_POINT('',(-3.664655572932,-8.145738481172));
#5784 = CARTESIAN_POINT('',(-3.789283584645,-8.165574832327));
#5785 = CARTESIAN_POINT('',(-3.914003406326,-8.185430641826));
#5786 = CARTESIAN_POINT('',(-4.161410109234,-8.224820698379));
#5787 = CARTESIAN_POINT('',(-4.284425398497,-8.244407221867));
#5788 = CARTESIAN_POINT('',(-4.407329044915,-8.263973089237));
#5789 = CARTESIAN_POINT('',(-4.53016049256,-8.283518804904));
#5790 = CARTESIAN_POINT('',(-4.6529873543,-8.303047347104));
#5791 = CARTESIAN_POINT('',(-4.775879705383,-8.322579006301));
#5792 = CARTESIAN_POINT('',(-4.898884276598,-8.3421469757));
#5793 = CARTESIAN_POINT('',(-5.053089056362,-8.366697350668));
#5794 = CARTESIAN_POINT('',(-5.08439683922,-8.371682732354));
#5795 = CARTESIAN_POINT('',(-5.115704873859,-8.376669089236));
#5796 = CARTESIAN_POINT('',(-5.147013464739,-8.381656307643));
#5797 = CARTESIAN_POINT('',(-5.178323134666,-8.386644149835));
#5798 = CARTESIAN_POINT('',(-5.209634534664,-8.391632193168));
#5799 = CARTESIAN_POINT('',(-5.240948353846,-8.39661976927));
#5800 = CARTESIAN_POINT('',(-5.398576427985,-8.421716611757));
#5801 = CARTESIAN_POINT('',(-5.525039901655,-8.441801203167));
#5802 = CARTESIAN_POINT('',(-5.651419267256,-8.461899935767));
#5803 = CARTESIAN_POINT('',(-5.777705987675,-8.482017049753));
#5804 = CARTESIAN_POINT('',(-5.904001015547,-8.502146604913));
#5805 = CARTESIAN_POINT('',(-6.030399400301,-8.522283279902));
#5806 = CARTESIAN_POINT('',(-6.156877858463,-8.542418133089));
#5807 = CARTESIAN_POINT('',(-6.28318530718,-8.562519324961));
#5808 = ( GEOMETRIC_REPRESENTATION_CONTEXT(2) 
PARAMETRIC_REPRESENTATION_CONTEXT() REPRESENTATION_CONTEXT('2D SPACE',''
  ) );
#5809 = ORIENTED_EDGE('',*,*,#5810,.F.);
#5810 = EDGE_CURVE('',#5811,#5639,#5813,.T.);
#5811 = VERTEX_POINT('',#5812);
#5812 = CARTESIAN_POINT('',(53.,0.,6.562512337672));
#5813 = SURFACE_CURVE('',#5814,(#5865,#5919),.PCURVE_S1.);
#5814 = B_SPLINE_CURVE_WITH_KNOTS('',7,(#5815,#5816,#5817,#5818,#5819,
    #5820,#5821,#5822,#5823,#5824,#5825,#5826,#5827,#5828,#5829,#5830,
    #5831,#5832,#5833,#5834,#5835,#5836,#5837,#5838,#5839,#5840,#5841,
    #5842,#5843,#5844,#5845,#5846,#5847,#5848,#5849,#5850,#5851,#5852,
    #5853,#5854,#5855,#5856,#5857,#5858,#5859,#5860,#5861,#5862,#5863,
    #5864),.UNSPECIFIED.,.F.,.F.,(8,6,6,6,6,6,6,6,8),(0.,
    9.422588260176E-02,0.247583116477,0.409656388738,0.508826349266,
    0.61845727036,0.756413150177,0.88453547901,1.),.UNSPECIFIED.);
#5815 = CARTESIAN_POINT('',(53.,-3.996802888651E-15,6.562512337672));
#5816 = CARTESIAN_POINT('',(53.,0.253756855245,6.575981485204));
#5817 = CARTESIAN_POINT('',(52.974915287773,0.507623619293,
    6.589450331209));
#5818 = CARTESIAN_POINT('',(52.924820310165,0.758434127513,
    6.602913201959));
#5819 = CARTESIAN_POINT('',(52.850174596236,1.003208908775,
    6.616368503209));
#5820 = CARTESIAN_POINT('',(52.751822757257,1.239155185452,
    6.629818720195));
#5821 = CARTESIAN_POINT('',(52.630994486712,1.463666873421,
    6.643270417636));
#5822 = CARTESIAN_POINT('',(52.258697272966,2.017180309162,6.6786472689)
  );
#5823 = CARTESIAN_POINT('',(51.972652414125,2.323486017228,
    6.700596656841));
#5824 = CARTESIAN_POINT('',(51.638664556925,2.581521260155,6.72252775596
    ));
#5825 = CARTESIAN_POINT('',(51.266797556077,2.782919569495,
    6.744458532274));
#5826 = CARTESIAN_POINT('',(50.868255685489,2.921626396759,
    6.766383339016));
#5827 = CARTESIAN_POINT('',(50.455566638745,2.993833966797,
    6.788327141666));
#5828 = CARTESIAN_POINT('',(49.606145134609,3.005894583225,
    6.833390554516));
#5829 = CARTESIAN_POINT('',(49.168173069831,2.938006745535,
    6.856570480956));
#5830 = CARTESIAN_POINT('',(48.74488392892,2.795560091697,6.879719195172
    ));
#5831 = CARTESIAN_POINT('',(48.350906811184,2.582877310001,
    6.902883217599));
#5832 = CARTESIAN_POINT('',(47.999398930208,2.306939879118,
    6.926056544992));
#5833 = CARTESIAN_POINT('',(47.702337863078,1.977651789788,
    6.949251274484));
#5834 = CARTESIAN_POINT('',(47.325046988736,1.384159186382,
    6.986540763833));
#5835 = CARTESIAN_POINT('',(47.205134437293,1.143829630328,
    7.000695942176));
#5836 = CARTESIAN_POINT('',(47.110497933547,0.891561830404,
    7.014854723674));
#5837 = CARTESIAN_POINT('',(47.042555304544,0.630581651401,
    7.029018944488));
#5838 = CARTESIAN_POINT('',(47.002176151966,0.364243913284,
    7.043188472307));
#5839 = CARTESIAN_POINT('',(46.989681852129,9.603239118575E-02,
    7.057361206342));
#5840 = CARTESIAN_POINT('',(47.021608805793,-0.465021666456,
    7.087199870602));
#5841 = CARTESIAN_POINT('',(47.072175222099,-0.757701816249,
    7.102874852854));
#5842 = CARTESIAN_POINT('',(47.156280561768,-1.043712060057,
    7.118485599606));
#5843 = CARTESIAN_POINT('',(47.272804454245,-1.318535995361,
    7.134108080691));
#5844 = CARTESIAN_POINT('',(47.419950741607,-1.57787333338,7.1497739489)
  );
#5845 = CARTESIAN_POINT('',(47.595227213823,-1.81770292918,
    7.165436305752));
#5846 = CARTESIAN_POINT('',(48.046894927689,-2.307185736919,
    7.200796992551));
#5847 = CARTESIAN_POINT('',(48.338333487946,-2.544042947428,
    7.220535644765));
#5848 = CARTESIAN_POINT('',(48.662835272248,-2.737307176316,
    7.240248420688));
#5849 = CARTESIAN_POINT('',(49.012301241324,-2.881843499381,
    7.25993209911));
#5850 = CARTESIAN_POINT('',(49.378194694865,-2.974230038609,
    7.27960895004));
#5851 = CARTESIAN_POINT('',(49.751415269257,-3.012660137678,
    7.299299563802));
#5852 = CARTESIAN_POINT('',(50.467086189361,-2.983418401399,
    7.337287267487));
#5853 = CARTESIAN_POINT('',(50.809960314107,-2.923071556897,7.3555817149
    ));
#5854 = CARTESIAN_POINT('',(51.143256801759,-2.816879425542,
    7.373880029611));
#5855 = CARTESIAN_POINT('',(51.459742169599,-2.66662781581,
    7.392181832718));
#5856 = CARTESIAN_POINT('',(51.752790411715,-2.475467306302,
    7.410485057513));
#5857 = CARTESIAN_POINT('',(52.016382999,-2.247913245748,7.428785949476)
  );
#5858 = CARTESIAN_POINT('',(52.451237853167,-1.757273962395,
    7.463564919985));
#5859 = CARTESIAN_POINT('',(52.62936089636,-1.499571170713,
    7.480054977998));
#5860 = CARTESIAN_POINT('',(52.775681012264,-1.221180608685,
    7.496546199246));
#5861 = CARTESIAN_POINT('',(52.887344282305,-0.926842499278,
    7.513036903854));
#5862 = CARTESIAN_POINT('',(52.962439865809,-0.621594057696,
    7.529526773147));
#5863 = CARTESIAN_POINT('',(53.,-0.310769491378,7.546016849648));
#5864 = CARTESIAN_POINT('',(53.,-5.329070518201E-15,7.562509537081));
#5865 = PCURVE('',#2771,#5866);
#5866 = DEFINITIONAL_REPRESENTATION('',(#5867),#5918);
#5867 = B_SPLINE_CURVE_WITH_KNOTS('',7,(#5868,#5869,#5870,#5871,#5872,
    #5873,#5874,#5875,#5876,#5877,#5878,#5879,#5880,#5881,#5882,#5883,
    #5884,#5885,#5886,#5887,#5888,#5889,#5890,#5891,#5892,#5893,#5894,
    #5895,#5896,#5897,#5898,#5899,#5900,#5901,#5902,#5903,#5904,#5905,
    #5906,#5907,#5908,#5909,#5910,#5911,#5912,#5913,#5914,#5915,#5916,
    #5917),.UNSPECIFIED.,.F.,.F.,(8,6,6,6,6,6,6,6,8),(0.,
    9.422588260176E-02,0.247583116477,0.409656388738,0.508826349266,
    0.61845727036,0.756413150177,0.88453547901,1.),.UNSPECIFIED.);
#5868 = CARTESIAN_POINT('',(0.115493648055,50.898124491666));
#5869 = CARTESIAN_POINT('',(0.11550690976,50.983776592067));
#5870 = CARTESIAN_POINT('',(0.115511594689,51.069454057957));
#5871 = CARTESIAN_POINT('',(0.115508630546,51.155117840432));
#5872 = CARTESIAN_POINT('',(0.115499744408,51.240752302421));
#5873 = CARTESIAN_POINT('',(0.11548746272,51.32636521869));
#5874 = CARTESIAN_POINT('',(0.1154751113,51.411987775838));
#5875 = CARTESIAN_POINT('',(0.11545331325,51.637134025705));
#5876 = CARTESIAN_POINT('',(0.115447415099,51.776800614106));
#5877 = CARTESIAN_POINT('',(0.115456364341,51.916303612524));
#5878 = CARTESIAN_POINT('',(0.115471116172,52.05578609838));
#5879 = CARTESIAN_POINT('',(0.115470054298,52.195280909808));
#5880 = CARTESIAN_POINT('',(0.115463533786,52.334913942896));
#5881 = CARTESIAN_POINT('',(0.115453393147,52.621651581939));
#5882 = CARTESIAN_POINT('',(0.115450404394,52.769137927312));
#5883 = CARTESIAN_POINT('',(0.115456560394,52.916396601568));
#5884 = CARTESIAN_POINT('',(0.115490786686,53.063663375214));
#5885 = CARTESIAN_POINT('',(0.115521708656,53.210999860982));
#5886 = CARTESIAN_POINT('',(0.115515459137,53.358590760272));
#5887 = CARTESIAN_POINT('',(0.115474043619,53.595968126596));
#5888 = CARTESIAN_POINT('',(0.115445242598,53.686118744188));
#5889 = CARTESIAN_POINT('',(0.115418304597,53.776286359482));
#5890 = CARTESIAN_POINT('',(0.115402878724,53.866451959497));
#5891 = CARTESIAN_POINT('',(0.115403320807,53.956600845942));
#5892 = CARTESIAN_POINT('',(0.115418693396,54.046722635209));
#5893 = CARTESIAN_POINT('',(0.115469377398,54.23640289566));
#5894 = CARTESIAN_POINT('',(0.115510548314,54.336000318329));
#5895 = CARTESIAN_POINT('',(0.115430374316,54.435575072566));
#5896 = CARTESIAN_POINT('',(0.115377562522,54.535137440842));
#5897 = CARTESIAN_POINT('',(0.115405261652,54.634719733188));
#5898 = CARTESIAN_POINT('',(0.11541729074,54.734329533851));
#5899 = CARTESIAN_POINT('',(0.11547030714,54.959134946034));
#5900 = CARTESIAN_POINT('',(0.115507039964,55.084600632601));
#5901 = CARTESIAN_POINT('',(0.115526832965,55.209955575313));
#5902 = CARTESIAN_POINT('',(0.115512266104,55.335234695354));
#5903 = CARTESIAN_POINT('',(0.115491457969,55.460490231435));
#5904 = CARTESIAN_POINT('',(0.115473897151,55.58582300016));
#5905 = CARTESIAN_POINT('',(0.115453850886,55.827574612674));
#5906 = CARTESIAN_POINT('',(0.115453160073,55.943970935119));
#5907 = CARTESIAN_POINT('',(0.115457149775,56.060376972982));
#5908 = CARTESIAN_POINT('',(0.115462358831,56.176801326017));
#5909 = CARTESIAN_POINT('',(0.115466146292,56.293239246484));
#5910 = CARTESIAN_POINT('',(0.115466691426,56.409672639149));
#5911 = CARTESIAN_POINT('',(0.115459661314,56.630968034277));
#5912 = CARTESIAN_POINT('',(0.115453214014,56.735902665128));
#5913 = CARTESIAN_POINT('',(0.115450019774,56.840834348364));
#5914 = CARTESIAN_POINT('',(0.115453399767,56.945741831072));
#5915 = CARTESIAN_POINT('',(0.115463628378,57.050622212893));
#5916 = CARTESIAN_POINT('',(0.115477933205,57.155490946024));
#5917 = CARTESIAN_POINT('',(0.115490495057,57.260381835216));
#5918 = ( GEOMETRIC_REPRESENTATION_CONTEXT(2) 
PARAMETRIC_REPRESENTATION_CONTEXT() REPRESENTATION_CONTEXT('2D SPACE',''
  ) );
#5919 = PCURVE('',#5920,#5925);
#5920 = CYLINDRICAL_SURFACE('',#5921,3.);
#5921 = AXIS2_PLACEMENT_3D('',#5922,#5923,#5924);
#5922 = CARTESIAN_POINT('',(50.,0.,0.));
#5923 = DIRECTION('',(-0.,-0.,-1.));
#5924 = DIRECTION('',(1.,0.,0.));
#5925 = DEFINITIONAL_REPRESENTATION('',(#5926),#5977);
#5926 = B_SPLINE_CURVE_WITH_KNOTS('',7,(#5927,#5928,#5929,#5930,#5931,
    #5932,#5933,#5934,#5935,#5936,#5937,#5938,#5939,#5940,#5941,#5942,
    #5943,#5944,#5945,#5946,#5947,#5948,#5949,#5950,#5951,#5952,#5953,
    #5954,#5955,#5956,#5957,#5958,#5959,#5960,#5961,#5962,#5963,#5964,
    #5965,#5966,#5967,#5968,#5969,#5970,#5971,#5972,#5973,#5974,#5975,
    #5976),.UNSPECIFIED.,.F.,.F.,(8,6,6,6,6,6,6,6,8),(0.,
    9.422588260176E-02,0.247583116477,0.409656388738,0.508826349266,
    0.61845727036,0.756413150177,0.88453547901,1.),.UNSPECIFIED.);
#5927 = CARTESIAN_POINT('',(0.,-6.562512337672));
#5928 = CARTESIAN_POINT('',(-8.458561841491E-02,-6.575981485204));
#5929 = CARTESIAN_POINT('',(-0.169196355369,-6.589450331209));
#5930 = CARTESIAN_POINT('',(-0.253794715628,-6.602913201959));
#5931 = CARTESIAN_POINT('',(-0.338365765133,-6.616368503209));
#5932 = CARTESIAN_POINT('',(-0.422917130998,-6.629818720195));
#5933 = CARTESIAN_POINT('',(-0.507479001511,-6.643270417636));
#5934 = CARTESIAN_POINT('',(-0.729835656687,-6.6786472689));
#5935 = CARTESIAN_POINT('',(-0.867771483639,-6.700596656841));
#5936 = CARTESIAN_POINT('',(-1.005542052498,-6.72252775596));
#5937 = CARTESIAN_POINT('',(-1.143283829977,-6.744458532274));
#5938 = CARTESIAN_POINT('',(-1.281035299486,-6.766383339016));
#5939 = CARTESIAN_POINT('',(-1.418926428246,-6.788327141666));
#5940 = CARTESIAN_POINT('',(-1.702095468879,-6.833390554516));
#5941 = CARTESIAN_POINT('',(-1.847750883384,-6.856570480956));
#5942 = CARTESIAN_POINT('',(-1.99318732025,-6.879719195172));
#5943 = CARTESIAN_POINT('',(-2.138634572678,-6.902883217599));
#5944 = CARTESIAN_POINT('',(-2.284140348124,-6.926056544992));
#5945 = CARTESIAN_POINT('',(-2.42989336696,-6.949251274484));
#5946 = CARTESIAN_POINT('',(-2.664315084327,-6.986540763833));
#5947 = CARTESIAN_POINT('',(-2.753343514766,-7.000695942176));
#5948 = CARTESIAN_POINT('',(-2.842389916195,-7.014854723674));
#5949 = CARTESIAN_POINT('',(-2.931435691657,-7.029018944488));
#5950 = CARTESIAN_POINT('',(-3.02046580177,-7.043188472307));
#5951 = CARTESIAN_POINT('',(-3.109468764724,-7.057361206342));
#5952 = CARTESIAN_POINT('',(-3.296789341386,-7.087199870602));
#5953 = CARTESIAN_POINT('',(-3.395148258741,-7.102874852854));
#5954 = CARTESIAN_POINT('',(-3.493481437286,-7.118485599606));
#5955 = CARTESIAN_POINT('',(-3.591806075172,-7.134108080692));
#5956 = CARTESIAN_POINT('',(-3.690154465738,-7.1497739489));
#5957 = CARTESIAN_POINT('',(-3.788527075353,-7.165436305752));
#5958 = CARTESIAN_POINT('',(-4.010537371115,-7.200796992551));
#5959 = CARTESIAN_POINT('',(-4.134440815855,-7.220535644765));
#5960 = CARTESIAN_POINT('',(-4.25823232763,-7.240248420688));
#5961 = CARTESIAN_POINT('',(-4.381952532444,-7.25993209911));
#5962 = CARTESIAN_POINT('',(-4.505655074453,-7.27960895004));
#5963 = CARTESIAN_POINT('',(-4.629435549672,-7.299299563802));
#5964 = CARTESIAN_POINT('',(-4.868191572289,-7.337287267487));
#5965 = CARTESIAN_POINT('',(-4.983144781922,-7.3555817149));
#5966 = CARTESIAN_POINT('',(-5.098104641105,-7.373880029611));
#5967 = CARTESIAN_POINT('',(-5.213078930766,-7.392181832718));
#5968 = CARTESIAN_POINT('',(-5.328063658952,-7.410485057513));
#5969 = CARTESIAN_POINT('',(-5.443043060827,-7.428785949476));
#5970 = CARTESIAN_POINT('',(-5.661580027077,-7.463564919985));
#5971 = CARTESIAN_POINT('',(-5.765208614158,-7.480054977998));
#5972 = CARTESIAN_POINT('',(-5.868836855912,-7.496546199246));
#5973 = CARTESIAN_POINT('',(-5.97244364884,-7.513036903854));
#5974 = CARTESIAN_POINT('',(-6.076025289942,-7.529526773147));
#5975 = CARTESIAN_POINT('',(-6.17959547672,-7.546016849648));
#5976 = CARTESIAN_POINT('',(-6.28318530718,-7.562509537081));
#5977 = ( GEOMETRIC_REPRESENTATION_CONTEXT(2) 
PARAMETRIC_REPRESENTATION_CONTEXT() REPRESENTATION_CONTEXT('2D SPACE',''
  ) );
#5978 = ORIENTED_EDGE('',*,*,#5979,.F.);
#5979 = EDGE_CURVE('',#5980,#5811,#5982,.T.);
#5980 = VERTEX_POINT('',#5981);
#5981 = CARTESIAN_POINT('',(53.,0.,5.562499025083));
#5982 = SURFACE_CURVE('',#5983,(#6035,#6090),.PCURVE_S1.);
#5983 = B_SPLINE_CURVE_WITH_KNOTS('',8,(#5984,#5985,#5986,#5987,#5988,
    #5989,#5990,#5991,#5992,#5993,#5994,#5995,#5996,#5997,#5998,#5999,
    #6000,#6001,#6002,#6003,#6004,#6005,#6006,#6007,#6008,#6009,#6010,
    #6011,#6012,#6013,#6014,#6015,#6016,#6017,#6018,#6019,#6020,#6021,
    #6022,#6023,#6024,#6025,#6026,#6027,#6028,#6029,#6030,#6031,#6032,
    #6033,#6034),.UNSPECIFIED.,.F.,.F.,(9,7,7,7,7,7,7,9),(0.,
    0.157381285936,0.259970978195,0.401561103886,0.563448693204,
    0.743366325753,0.853183319386,1.),.UNSPECIFIED.);
#5984 = CARTESIAN_POINT('',(53.,-4.440892098501E-15,5.562499025083));
#5985 = CARTESIAN_POINT('',(53.,0.370601937937,5.582165424977));
#5986 = CARTESIAN_POINT('',(52.947677582004,0.741836443973,
    5.601868323473));
#5987 = CARTESIAN_POINT('',(52.842722244652,1.104147557041,
    5.621556393272));
#5988 = CARTESIAN_POINT('',(52.687254745804,1.448862028156,
    5.641226399976));
#5989 = CARTESIAN_POINT('',(52.484706532838,1.768069262239,
    5.660877316455));
#5990 = CARTESIAN_POINT('',(52.239880995241,2.054672381687,
    5.680519253771));
#5991 = CARTESIAN_POINT('',(51.958737432837,2.302360792646,
    5.700183532163));
#5992 = CARTESIAN_POINT('',(51.447004496215,2.639054973258,
    5.732672988573));
#5993 = CARTESIAN_POINT('',(51.232929663001,2.753284035644,
    5.745499833279));
#5994 = CARTESIAN_POINT('',(51.008697070685,2.847579090849,5.75832727501
    ));
#5995 = CARTESIAN_POINT('',(50.776404132224,2.920921819917,
    5.771151803318));
#5996 = CARTESIAN_POINT('',(50.538268542305,2.972572468381,5.78397166259
    ));
#5997 = CARTESIAN_POINT('',(50.29662827734,3.002069846268,5.796786852047
    ));
#5998 = CARTESIAN_POINT('',(50.053941595469,3.009231328093,
    5.809599125748));
#5999 = CARTESIAN_POINT('',(49.479955310922,2.973342153897,
    5.840095790894));
#6000 = CARTESIAN_POINT('',(49.149486258681,2.910177222597,
    5.857798812951));
#6001 = CARTESIAN_POINT('',(48.828106115114,2.805156169443,
    5.875512792317));
#6002 = CARTESIAN_POINT('',(48.522017241441,2.659784924253,
    5.893230447891));
#6003 = CARTESIAN_POINT('',(48.236898124818,2.476577236176,
    5.910945483903));
#6004 = CARTESIAN_POINT('',(47.977903378338,2.259054673697,
    5.928652589922));
#6005 = CARTESIAN_POINT('',(47.749663741033,2.011746624635,
    5.946347440854));
#6006 = CARTESIAN_POINT('',(47.335187017722,1.429705372367,
    5.984240339204));
#6007 = CARTESIAN_POINT('',(47.158796847986,1.086587677107,
    6.004485246207));
#6008 = CARTESIAN_POINT('',(47.033413501216,0.719125073761,
    6.024713009552));
#6009 = CARTESIAN_POINT('',(46.962474364815,0.336250423976,
    6.044940018342));
#6010 = CARTESIAN_POINT('',(46.947944945845,-5.287891243485E-02,
    6.065172442762));
#6011 = CARTESIAN_POINT('',(46.989945402178,-0.438883521736,
    6.085414171774));
#6012 = CARTESIAN_POINT('',(47.087003070973,-0.812230598244,
    6.105668807951));
#6013 = CARTESIAN_POINT('',(47.399116337678,-1.553973697349,
    6.148359941659));
#6014 = CARTESIAN_POINT('',(47.626818716923,-1.918869693001,
    6.170884765075));
#6015 = CARTESIAN_POINT('',(47.912856202088,-2.244643810805,
    6.193380010858));
#6016 = CARTESIAN_POINT('',(48.24885214275,-2.520997832663,
    6.215865684056));
#6017 = CARTESIAN_POINT('',(48.625119884987,-2.739411114217,
    6.238366749539));
#6018 = CARTESIAN_POINT('',(49.03030570212,-2.893772443522,
    6.260884002235));
#6019 = CARTESIAN_POINT('',(49.451855426664,-2.979773368032,
    6.283420533105));
#6020 = CARTESIAN_POINT('',(50.133561118424,-3.008162169473,
    6.319604655313));
#6021 = CARTESIAN_POINT('',(50.393154812177,-2.993462533781,
    6.333316676305));
#6022 = CARTESIAN_POINT('',(50.650877377053,-2.95316706207,
    6.347030801926));
#6023 = CARTESIAN_POINT('',(50.903762437638,-2.887543511919,
    6.360750015074));
#6024 = CARTESIAN_POINT('',(51.148957796669,-2.797263501317,
    6.374475470152));
#6025 = CARTESIAN_POINT('',(51.383725435026,-2.683402508657,
    6.388206493071));
#6026 = CARTESIAN_POINT('',(51.605441511736,-2.547439872742,
    6.40194058125));
#6027 = CARTESIAN_POINT('',(52.087209182138,-2.182456976447,
    6.434033106689));
#6028 = CARTESIAN_POINT('',(52.335588187181,-1.937003709737,
    6.452372595985));
#6029 = CARTESIAN_POINT('',(52.550733387011,-1.659629418633,
    6.470710212344));
#6030 = CARTESIAN_POINT('',(52.727816895471,-1.355642993307,
    6.489057156722));
#6031 = CARTESIAN_POINT('',(52.863182932333,-1.030931788126,
    6.507417490193));
#6032 = CARTESIAN_POINT('',(52.954347823298,-0.691961621649,
    6.525788133949));
#6033 = CARTESIAN_POINT('',(53.,-0.345776776626,6.544158869299));
#6034 = CARTESIAN_POINT('',(53.,-3.996802888651E-15,6.562512337672));
#6035 = PCURVE('',#2771,#6036);
#6036 = DEFINITIONAL_REPRESENTATION('',(#6037),#6089);
#6037 = B_SPLINE_CURVE_WITH_KNOTS('',8,(#6038,#6039,#6040,#6041,#6042,
    #6043,#6044,#6045,#6046,#6047,#6048,#6049,#6050,#6051,#6052,#6053,
    #6054,#6055,#6056,#6057,#6058,#6059,#6060,#6061,#6062,#6063,#6064,
    #6065,#6066,#6067,#6068,#6069,#6070,#6071,#6072,#6073,#6074,#6075,
    #6076,#6077,#6078,#6079,#6080,#6081,#6082,#6083,#6084,#6085,#6086,
    #6087,#6088),.UNSPECIFIED.,.F.,.F.,(9,7,7,7,7,7,7,9),(0.,
    0.157381285936,0.259970978195,0.401561103886,0.563448693204,
    0.743366325753,0.853183319386,1.),.UNSPECIFIED.);
#6038 = CARTESIAN_POINT('',(0.115467269421,44.535858575905));
#6039 = CARTESIAN_POINT('',(0.115479550388,44.660942358769));
#6040 = CARTESIAN_POINT('',(0.115497860637,44.786239175437));
#6041 = CARTESIAN_POINT('',(0.11551740059,44.911437736146));
#6042 = CARTESIAN_POINT('',(0.115527118314,45.03655262046));
#6043 = CARTESIAN_POINT('',(0.11550718715,45.161640365082));
#6044 = CARTESIAN_POINT('',(0.115457877616,45.286764438334));
#6045 = CARTESIAN_POINT('',(0.115421671908,45.41198896638));
#6046 = CARTESIAN_POINT('',(0.115406416887,45.618744030347));
#6047 = CARTESIAN_POINT('',(0.115428313761,45.700282160214));
#6048 = CARTESIAN_POINT('',(0.115454707961,45.781809781908));
#6049 = CARTESIAN_POINT('',(0.115470496268,45.863352606432));
#6050 = CARTESIAN_POINT('',(0.115468891722,45.944921054351));
#6051 = CARTESIAN_POINT('',(0.115451423629,46.026510255795));
#6052 = CARTESIAN_POINT('',(0.115427937552,46.108100050457));
#6053 = CARTESIAN_POINT('',(0.115400941228,46.302213798776));
#6054 = CARTESIAN_POINT('',(0.11542011895,46.414784111754));
#6055 = CARTESIAN_POINT('',(0.115453359038,46.527379403721));
#6056 = CARTESIAN_POINT('',(0.115485471067,46.640001673204));
#6057 = CARTESIAN_POINT('',(0.115506843631,46.752641440071));
#6058 = CARTESIAN_POINT('',(0.115513444341,46.865277745527));
#6059 = CARTESIAN_POINT('',(0.11550681983,46.977878152113));
#6060 = CARTESIAN_POINT('',(0.115479547619,47.219049574646));
#6061 = CARTESIAN_POINT('',(0.115459825239,47.347915780146));
#6062 = CARTESIAN_POINT('',(0.11544559518,47.47665544135));
#6063 = CARTESIAN_POINT('',(0.115448218085,47.605336690298));
#6064 = CARTESIAN_POINT('',(0.115460032654,47.73402315491));
#6065 = CARTESIAN_POINT('',(0.115466929806,47.862784460826));
#6066 = CARTESIAN_POINT('',(0.115467498853,47.991648016113));
#6067 = CARTESIAN_POINT('',(0.11546122346,48.263280290411));
#6068 = CARTESIAN_POINT('',(0.115453508318,48.406613731947));
#6069 = CARTESIAN_POINT('',(0.11544595751,48.549758469964));
#6070 = CARTESIAN_POINT('',(0.115448721683,48.692809491243));
#6071 = CARTESIAN_POINT('',(0.115481329701,48.835863505201));
#6072 = CARTESIAN_POINT('',(0.11551191435,48.979026942764));
#6073 = CARTESIAN_POINT('',(0.115516105231,49.122396995519));
#6074 = CARTESIAN_POINT('',(0.115488936987,49.352696400499));
#6075 = CARTESIAN_POINT('',(0.115465197598,49.440011431825));
#6076 = CARTESIAN_POINT('',(0.115438592309,49.527348970166));
#6077 = CARTESIAN_POINT('',(0.115416998407,49.614702934747));
#6078 = CARTESIAN_POINT('',(0.115405594454,49.702064196478));
#6079 = CARTESIAN_POINT('',(0.115406860289,49.789420577955));
#6080 = CARTESIAN_POINT('',(0.115420577022,49.876756853458));
#6081 = CARTESIAN_POINT('',(0.115474910485,50.080765167053));
#6082 = CARTESIAN_POINT('',(0.115451629284,50.197519921105));
#6083 = CARTESIAN_POINT('',(0.115416003706,50.314302028137));
#6084 = CARTESIAN_POINT('',(0.115395343001,50.431095877144));
#6085 = CARTESIAN_POINT('',(0.115402245393,50.547887229087));
#6086 = CARTESIAN_POINT('',(0.115434598085,50.664663216896));
#6087 = CARTESIAN_POINT('',(0.115475577253,50.781412345467));
#6088 = CARTESIAN_POINT('',(0.115493648055,50.898124491666));
#6089 = ( GEOMETRIC_REPRESENTATION_CONTEXT(2) 
PARAMETRIC_REPRESENTATION_CONTEXT() REPRESENTATION_CONTEXT('2D SPACE',''
  ) );
#6090 = PCURVE('',#6091,#6096);
#6091 = CYLINDRICAL_SURFACE('',#6092,3.);
#6092 = AXIS2_PLACEMENT_3D('',#6093,#6094,#6095);
#6093 = CARTESIAN_POINT('',(50.,0.,0.));
#6094 = DIRECTION('',(-0.,-0.,-1.));
#6095 = DIRECTION('',(1.,0.,0.));
#6096 = DEFINITIONAL_REPRESENTATION('',(#6097),#6149);
#6097 = B_SPLINE_CURVE_WITH_KNOTS('',8,(#6098,#6099,#6100,#6101,#6102,
    #6103,#6104,#6105,#6106,#6107,#6108,#6109,#6110,#6111,#6112,#6113,
    #6114,#6115,#6116,#6117,#6118,#6119,#6120,#6121,#6122,#6123,#6124,
    #6125,#6126,#6127,#6128,#6129,#6130,#6131,#6132,#6133,#6134,#6135,
    #6136,#6137,#6138,#6139,#6140,#6141,#6142,#6143,#6144,#6145,#6146,
    #6147,#6148),.UNSPECIFIED.,.F.,.F.,(9,7,7,7,7,7,7,9),(0.,
    0.157381285936,0.259970978195,0.401561103886,0.563448693204,
    0.743366325753,0.853183319386,1.),.UNSPECIFIED.);
#6098 = CARTESIAN_POINT('',(0.,-5.562499025083));
#6099 = CARTESIAN_POINT('',(-0.123533979312,-5.582165424977));
#6100 = CARTESIAN_POINT('',(-0.247278493399,-5.601868323473));
#6101 = CARTESIAN_POINT('',(-0.37092352898,-5.621556393272));
#6102 = CARTESIAN_POINT('',(-0.494481387042,-5.641226399976));
#6103 = CARTESIAN_POINT('',(-0.618007408981,-5.660877316455));
#6104 = CARTESIAN_POINT('',(-0.741573216107,-5.680519253771));
#6105 = CARTESIAN_POINT('',(-0.865242132889,-5.700183532163));
#6106 = CARTESIAN_POINT('',(-1.069429837841,-5.732672988573));
#6107 = CARTESIAN_POINT('',(-1.149955286213,-5.745499833279));
#6108 = CARTESIAN_POINT('',(-1.230469675644,-5.75832727501));
#6109 = CARTESIAN_POINT('',(-1.310998228079,-5.771151803318));
#6110 = CARTESIAN_POINT('',(-1.391551385917,-5.78397166259));
#6111 = CARTESIAN_POINT('',(-1.472124812007,-5.796786852047));
#6112 = CARTESIAN_POINT('',(-1.552699389652,-5.809599125748));
#6113 = CARTESIAN_POINT('',(-1.744401788544,-5.840095790894));
#6114 = CARTESIAN_POINT('',(-1.855574230016,-5.857798812951));
#6115 = CARTESIAN_POINT('',(-1.966770429022,-5.875512792317));
#6116 = CARTESIAN_POINT('',(-2.077991730938,-5.893230447891));
#6117 = CARTESIAN_POINT('',(-2.189228944517,-5.910945483903));
#6118 = CARTESIAN_POINT('',(-2.300462341886,-5.928652589922));
#6119 = CARTESIAN_POINT('',(-2.411661658548,-5.946347440854));
#6120 = CARTESIAN_POINT('',(-2.64984062336,-5.984240339204));
#6121 = CARTESIAN_POINT('',(-2.777110588762,-6.004485246207));
#6122 = CARTESIAN_POINT('',(-2.904257195333,-6.024713009552));
#6123 = CARTESIAN_POINT('',(-3.03134403882,-6.044940018341));
#6124 = CARTESIAN_POINT('',(-3.15842929516,-6.065172442762));
#6125 = CARTESIAN_POINT('',(-3.285584058805,-6.085414171774));
#6126 = CARTESIAN_POINT('',(-3.412838963486,-6.105668807951));
#6127 = CARTESIAN_POINT('',(-3.681083776281,-6.148359941659));
#6128 = CARTESIAN_POINT('',(-3.822631757626,-6.170884765075));
#6129 = CARTESIAN_POINT('',(-3.96399868081,-6.193380010858));
#6130 = CARTESIAN_POINT('',(-4.105280450343,-6.215865684056));
#6131 = CARTESIAN_POINT('',(-4.246566898416,-6.238366749539));
#6132 = CARTESIAN_POINT('',(-4.387953597147,-6.260884002235));
#6133 = CARTESIAN_POINT('',(-4.529539806707,-6.283420533105));
#6134 = CARTESIAN_POINT('',(-4.756971988107,-6.319604655313));
#6135 = CARTESIAN_POINT('',(-4.843199565328,-6.333316676305));
#6136 = CARTESIAN_POINT('',(-4.929450094162,-6.347030801926));
#6137 = CARTESIAN_POINT('',(-5.015718112841,-6.360750015074));
#6138 = CARTESIAN_POINT('',(-5.101994584243,-6.374475470152));
#6139 = CARTESIAN_POINT('',(-5.188266895891,-6.388206493071));
#6140 = CARTESIAN_POINT('',(-5.274518859956,-6.40194058125));
#6141 = CARTESIAN_POINT('',(-5.475989178374,-6.434033106689));
#6142 = CARTESIAN_POINT('',(-5.591291574727,-6.452372595985));
#6143 = CARTESIAN_POINT('',(-5.706621539088,-6.470710212344));
#6144 = CARTESIAN_POINT('',(-5.821963753077,-6.489057156722));
#6145 = CARTESIAN_POINT('',(-5.937303943154,-6.507417490193));
#6146 = CARTESIAN_POINT('',(-6.052628880626,-6.525788133949));
#6147 = CARTESIAN_POINT('',(-6.167926381638,-6.544158869299));
#6148 = CARTESIAN_POINT('',(-6.28318530718,-6.562512337672));
#6149 = ( GEOMETRIC_REPRESENTATION_CONTEXT(2) 
PARAMETRIC_REPRESENTATION_CONTEXT() REPRESENTATION_CONTEXT('2D SPACE',''
  ) );
#6150 = ORIENTED_EDGE('',*,*,#6151,.F.);
#6151 = EDGE_CURVE('',#6152,#5980,#6154,.T.);
#6152 = VERTEX_POINT('',#6153);
#6153 = CARTESIAN_POINT('',(53.,0.,4.562490251763));
#6154 = SURFACE_CURVE('',#6155,(#6206,#6260),.PCURVE_S1.);
#6155 = B_SPLINE_CURVE_WITH_KNOTS('',7,(#6156,#6157,#6158,#6159,#6160,
    #6161,#6162,#6163,#6164,#6165,#6166,#6167,#6168,#6169,#6170,#6171,
    #6172,#6173,#6174,#6175,#6176,#6177,#6178,#6179,#6180,#6181,#6182,
    #6183,#6184,#6185,#6186,#6187,#6188,#6189,#6190,#6191,#6192,#6193,
    #6194,#6195,#6196,#6197,#6198,#6199,#6200,#6201,#6202,#6203,#6204,
    #6205),.UNSPECIFIED.,.F.,.F.,(8,6,6,6,6,6,6,6,8),(0.,0.100262206487,
    0.265088093105,0.420314715818,0.435113615461,0.572384159815,
    0.7002900867,0.855534590832,1.),.UNSPECIFIED.);
#6156 = CARTESIAN_POINT('',(53.,-4.440892098501E-15,4.562490251763));
#6157 = CARTESIAN_POINT('',(53.,0.269769766858,4.57681329335));
#6158 = CARTESIAN_POINT('',(52.971669423209,0.539740735289,
    4.591143995993));
#6159 = CARTESIAN_POINT('',(52.915021396566,0.806111517009,
    4.605473857097));
#6160 = CARTESIAN_POINT('',(52.830614487726,1.065284971466,
    4.619797623112));
#6161 = CARTESIAN_POINT('',(52.719552705059,1.313868205833,
    4.634113289535));
#6162 = CARTESIAN_POINT('',(52.583485497655,1.548672575012,
    4.648422100908));
#6163 = CARTESIAN_POINT('',(52.163420956594,2.125161994083,
    4.686247615218));
#6164 = CARTESIAN_POINT('',(51.839910858381,2.439213467276,
    4.709805994713));
#6165 = CARTESIAN_POINT('',(51.464078719631,2.694494799307,
    4.733341603992));
#6166 = CARTESIAN_POINT('',(51.048816545525,2.88162903331,4.756865965759
    ));
#6167 = CARTESIAN_POINT('',(50.60860705249,2.994091782471,4.78040977978)
  );
#6168 = CARTESIAN_POINT('',(50.159122262359,3.028408130872,
    4.803975185307));
#6169 = CARTESIAN_POINT('',(49.3020258903,2.94740189155,4.849644498857)
  );
#6170 = CARTESIAN_POINT('',(48.892185191513,2.840556727392,
    4.871819370675));
#6171 = CARTESIAN_POINT('',(48.502485944683,2.667245868097,
    4.893971400932));
#6172 = CARTESIAN_POINT('',(48.145286003058,2.432455511592,
    4.916119220332));
#6173 = CARTESIAN_POINT('',(47.831629330762,2.143424872859,
    4.938289709489));
#6174 = CARTESIAN_POINT('',(47.570976949908,1.809486922193,
    4.960478574598));
#6175 = CARTESIAN_POINT('',(47.350897723645,1.408489350845,
    4.984741651809));
#6176 = CARTESIAN_POINT('',(47.332282569759,1.373290199106,
    4.986853400668));
#6177 = CARTESIAN_POINT('',(47.314213270079,1.337804397035,
    4.988965060957));
#6178 = CARTESIAN_POINT('',(47.296695067379,1.302042029445,
    4.991076636635));
#6179 = CARTESIAN_POINT('',(47.279732977281,1.266013305857,
    4.993188132188));
#6180 = CARTESIAN_POINT('',(47.263331788258,1.229728560494,
    4.995299552635));
#6181 = CARTESIAN_POINT('',(47.100608193817,0.854353107416,
    5.016995216744));
#6182 = CARTESIAN_POINT('',(47.002143802318,0.493847619483,
    5.036600197498));
#6183 = CARTESIAN_POINT('',(46.956366691918,0.120763043466,
    5.056208536615));
#6184 = CARTESIAN_POINT('',(46.964751399491,-0.255589003219,
    5.075755426901));
#6185 = CARTESIAN_POINT('',(47.027001774109,-0.626063526813,
    5.09542149402));
#6186 = CARTESIAN_POINT('',(47.141181721014,-0.981707760134,
    5.115055562665));
#6187 = CARTESIAN_POINT('',(47.453883407262,-1.623539777141,
    5.152908212723));
#6188 = CARTESIAN_POINT('',(47.646301052954,-1.91318536934,
    5.171165869748));
#6189 = CARTESIAN_POINT('',(47.877005576046,-2.17580785734,
    5.189445777176));
#6190 = CARTESIAN_POINT('',(48.141285823116,-2.405511703202,
    5.207745968902));
#6191 = CARTESIAN_POINT('',(48.433565879314,-2.597439271195,
    5.226048799382));
#6192 = CARTESIAN_POINT('',(48.747390662492,-2.747664376218,
    5.244356526679));
#6193 = CARTESIAN_POINT('',(49.472906267199,-2.982787550123,
    5.284828449663));
#6194 = CARTESIAN_POINT('',(49.892410193533,-3.047055893974,
    5.307014173262));
#6195 = CARTESIAN_POINT('',(50.319651854249,-3.042466840352,
    5.329203439958));
#6196 = CARTESIAN_POINT('',(50.741208044588,-2.968052152869,
    5.351399021969));
#6197 = CARTESIAN_POINT('',(51.144215962341,-2.826088774525,
    5.37359887185));
#6198 = CARTESIAN_POINT('',(51.516373207845,-2.622098827703,
    5.395796122495));
#6199 = CARTESIAN_POINT('',(52.152619695885,-2.125461990771,
    5.438621821508));
#6200 = CARTESIAN_POINT('',(52.423315738553,-1.839389346775,
    5.459285742934));
#6201 = CARTESIAN_POINT('',(52.649188254001,-1.513663618935,
    5.479929585453));
#6202 = CARTESIAN_POINT('',(52.823369966175,-1.156730340875,
    5.500561045904));
#6203 = CARTESIAN_POINT('',(52.941123349928,-0.778241762394,
    5.521203759158));
#6204 = CARTESIAN_POINT('',(53.,-0.388849968759,5.541864273342));
#6205 = CARTESIAN_POINT('',(53.,-4.440892098501E-15,5.562499025083));
#6206 = PCURVE('',#2771,#6207);
#6207 = DEFINITIONAL_REPRESENTATION('',(#6208),#6259);
#6208 = B_SPLINE_CURVE_WITH_KNOTS('',7,(#6209,#6210,#6211,#6212,#6213,
    #6214,#6215,#6216,#6217,#6218,#6219,#6220,#6221,#6222,#6223,#6224,
    #6225,#6226,#6227,#6228,#6229,#6230,#6231,#6232,#6233,#6234,#6235,
    #6236,#6237,#6238,#6239,#6240,#6241,#6242,#6243,#6244,#6245,#6246,
    #6247,#6248,#6249,#6250,#6251,#6252,#6253,#6254,#6255,#6256,#6257,
    #6258),.UNSPECIFIED.,.F.,.F.,(8,6,6,6,6,6,6,6,8),(0.,0.100262206487,
    0.265088093105,0.420314715818,0.435113615461,0.572384159815,
    0.7002900867,0.855534590832,1.),.UNSPECIFIED.);
#6209 = CARTESIAN_POINT('',(0.115450594109,38.173590672604));
#6210 = CARTESIAN_POINT('',(0.115472954261,38.264646529953));
#6211 = CARTESIAN_POINT('',(0.115495352743,38.355751007058));
#6212 = CARTESIAN_POINT('',(0.115510583191,38.446872932563));
#6213 = CARTESIAN_POINT('',(0.115515148978,38.537990005245));
#6214 = CARTESIAN_POINT('',(0.115509263204,38.629088794012));
#6215 = CARTESIAN_POINT('',(0.115496848704,38.720164737903));
#6216 = CARTESIAN_POINT('',(0.115466943907,38.960915819934));
#6217 = CARTESIAN_POINT('',(0.115445960367,39.110867227873));
#6218 = CARTESIAN_POINT('',(0.115446461757,39.260605419168));
#6219 = CARTESIAN_POINT('',(0.115461064116,39.410227193667));
#6220 = CARTESIAN_POINT('',(0.115471479922,39.559986046547));
#6221 = CARTESIAN_POINT('',(0.115467104603,39.709929322945));
#6222 = CARTESIAN_POINT('',(0.115456871938,40.000522155631));
#6223 = CARTESIAN_POINT('',(0.115450522844,40.141624766716));
#6224 = CARTESIAN_POINT('',(0.115447457766,40.282571606855));
#6225 = CARTESIAN_POINT('',(0.115466836994,40.423420258015));
#6226 = CARTESIAN_POINT('',(0.115499433004,40.56437109576));
#6227 = CARTESIAN_POINT('',(0.115512895196,40.705499713397));
#6228 = CARTESIAN_POINT('',(0.11550441954,40.859894805745));
#6229 = CARTESIAN_POINT('',(0.115503488684,40.873333273059));
#6230 = CARTESIAN_POINT('',(0.115502361934,40.886771800038));
#6231 = CARTESIAN_POINT('',(0.115501038844,40.900210413273));
#6232 = CARTESIAN_POINT('',(0.115499521282,40.91364913538));
#6233 = CARTESIAN_POINT('',(0.115497813422,40.927087985005));
#6234 = CARTESIAN_POINT('',(0.115478375134,41.065183388163));
#6235 = CARTESIAN_POINT('',(0.11543744249,41.190045685886));
#6236 = CARTESIAN_POINT('',(0.115429588419,41.31482412381));
#6237 = CARTESIAN_POINT('',(0.115322760127,41.439526455855));
#6238 = CARTESIAN_POINT('',(0.115448312129,41.56424779232));
#6239 = CARTESIAN_POINT('',(0.115487718956,41.689039583783));
#6240 = CARTESIAN_POINT('',(0.11543895844,41.930023293428));
#6241 = CARTESIAN_POINT('',(0.115383526079,42.046359686387));
#6242 = CARTESIAN_POINT('',(0.11538803873,42.162646948297));
#6243 = CARTESIAN_POINT('',(0.115431261214,42.278940123074));
#6244 = CARTESIAN_POINT('',(0.1154691803,42.395266957684));
#6245 = CARTESIAN_POINT('',(0.115493629578,42.51166779619));
#6246 = CARTESIAN_POINT('',(0.115514863847,42.769093351489));
#6247 = CARTESIAN_POINT('',(0.115497376018,42.910300438321));
#6248 = CARTESIAN_POINT('',(0.115472843404,43.0515524777));
#6249 = CARTESIAN_POINT('',(0.115455203741,43.192822769384));
#6250 = CARTESIAN_POINT('',(0.115450247221,43.33407986759));
#6251 = CARTESIAN_POINT('',(0.115455616496,43.475287580994));
#6252 = CARTESIAN_POINT('',(0.115465636484,43.747724157598));
#6253 = CARTESIAN_POINT('',(0.115471060323,43.879176250394));
#6254 = CARTESIAN_POINT('',(0.115465966634,44.010534053551));
#6255 = CARTESIAN_POINT('',(0.115454879989,44.141832143126));
#6256 = CARTESIAN_POINT('',(0.115448523921,44.273186777401));
#6257 = CARTESIAN_POINT('',(0.115454383753,44.404615805483));
#6258 = CARTESIAN_POINT('',(0.115467269421,44.535858575905));
#6259 = ( GEOMETRIC_REPRESENTATION_CONTEXT(2) 
PARAMETRIC_REPRESENTATION_CONTEXT() REPRESENTATION_CONTEXT('2D SPACE',''
  ) );
#6260 = PCURVE('',#6261,#6266);
#6261 = CYLINDRICAL_SURFACE('',#6262,3.);
#6262 = AXIS2_PLACEMENT_3D('',#6263,#6264,#6265);
#6263 = CARTESIAN_POINT('',(50.,0.,0.));
#6264 = DIRECTION('',(-0.,-0.,-1.));
#6265 = DIRECTION('',(1.,0.,0.));
#6266 = DEFINITIONAL_REPRESENTATION('',(#6267),#6318);
#6267 = B_SPLINE_CURVE_WITH_KNOTS('',7,(#6268,#6269,#6270,#6271,#6272,
    #6273,#6274,#6275,#6276,#6277,#6278,#6279,#6280,#6281,#6282,#6283,
    #6284,#6285,#6286,#6287,#6288,#6289,#6290,#6291,#6292,#6293,#6294,
    #6295,#6296,#6297,#6298,#6299,#6300,#6301,#6302,#6303,#6304,#6305,
    #6306,#6307,#6308,#6309,#6310,#6311,#6312,#6313,#6314,#6315,#6316,
    #6317),.UNSPECIFIED.,.F.,.F.,(8,6,6,6,6,6,6,6,8),(0.,0.100262206487,
    0.265088093105,0.420314715818,0.435113615461,0.572384159815,
    0.7002900867,0.855534590832,1.),.UNSPECIFIED.);
#6268 = CARTESIAN_POINT('',(0.,-4.562490251763));
#6269 = CARTESIAN_POINT('',(-8.992325561948E-02,-4.57681329335));
#6270 = CARTESIAN_POINT('',(-0.17989292338,-4.591143995993));
#6271 = CARTESIAN_POINT('',(-0.269879705135,-4.605473857097));
#6272 = CARTESIAN_POINT('',(-0.359862610141,-4.619797623112));
#6273 = CARTESIAN_POINT('',(-0.449828955061,-4.634113289535));
#6274 = CARTESIAN_POINT('',(-0.539774363962,-4.648422100908));
#6275 = CARTESIAN_POINT('',(-0.777540418206,-4.686247615218));
#6276 = CARTESIAN_POINT('',(-0.925635485501,-4.709805994713));
#6277 = CARTESIAN_POINT('',(-1.073519876006,-4.733341603992));
#6278 = CARTESIAN_POINT('',(-1.221280361406,-4.756865965759));
#6279 = CARTESIAN_POINT('',(-1.369168010901,-4.78040977978));
#6280 = CARTESIAN_POINT('',(-1.517239288598,-4.803975185307));
#6281 = CARTESIAN_POINT('',(-1.804211258155,-4.849644498857));
#6282 = CARTESIAN_POINT('',(-1.943558803389,-4.871819370675));
#6283 = CARTESIAN_POINT('',(-2.082759439537,-4.893971400932));
#6284 = CARTESIAN_POINT('',(-2.221866634405,-4.916119220332));
#6285 = CARTESIAN_POINT('',(-2.361071981775,-4.938289709489));
#6286 = CARTESIAN_POINT('',(-2.500446227735,-4.960478574598));
#6287 = CARTESIAN_POINT('',(-2.652919875025,-4.984741651809));
#6288 = CARTESIAN_POINT('',(-2.66619108013,-4.986853400668));
#6289 = CARTESIAN_POINT('',(-2.679462326243,-4.988965060957));
#6290 = CARTESIAN_POINT('',(-2.692733642531,-4.991076636635));
#6291 = CARTESIAN_POINT('',(-2.706005054405,-4.993188132188));
#6292 = CARTESIAN_POINT('',(-2.719276583528,-4.995299552635));
#6293 = CARTESIAN_POINT('',(-2.855652574801,-5.016995216744));
#6294 = CARTESIAN_POINT('',(-2.978961581271,-5.036600197498));
#6295 = CARTESIAN_POINT('',(-3.102179518123,-5.056208536615));
#6296 = CARTESIAN_POINT('',(-3.225354369338,-5.075755426901));
#6297 = CARTESIAN_POINT('',(-3.348512258566,-5.09542149402));
#6298 = CARTESIAN_POINT('',(-3.471754795295,-5.115055562665));
#6299 = CARTESIAN_POINT('',(-3.70973954799,-5.152908212723));
#6300 = CARTESIAN_POINT('',(-3.824627101796,-5.171165869748));
#6301 = CARTESIAN_POINT('',(-3.939476446046,-5.189445777176));
#6302 = CARTESIAN_POINT('',(-4.054324747866,-5.207745968902));
#6303 = CARTESIAN_POINT('',(-4.169203258903,-5.226048799382));
#6304 = CARTESIAN_POINT('',(-4.284153919845,-5.244356526679));
#6305 = CARTESIAN_POINT('',(-4.538375127016,-5.284828449663));
#6306 = CARTESIAN_POINT('',(-4.677828600209,-5.307014173262));
#6307 = CARTESIAN_POINT('',(-4.81732951217,-5.329203439958));
#6308 = CARTESIAN_POINT('',(-4.956849950693,-5.351399021969));
#6309 = CARTESIAN_POINT('',(-5.096356812448,-5.37359887185));
#6310 = CARTESIAN_POINT('',(-5.235811802991,-5.395796122495));
#6311 = CARTESIAN_POINT('',(-5.504854910099,-5.438621821508));
#6312 = CARTESIAN_POINT('',(-5.634665994287,-5.459285742934));
#6313 = CARTESIAN_POINT('',(-5.764383439502,-5.479929585453));
#6314 = CARTESIAN_POINT('',(-5.894044953318,-5.500561045904));
#6315 = CARTESIAN_POINT('',(-6.023767675189,-5.521203759158));
#6316 = CARTESIAN_POINT('',(-6.153568650927,-5.541864273342));
#6317 = CARTESIAN_POINT('',(-6.28318530718,-5.562499025083));
#6318 = ( GEOMETRIC_REPRESENTATION_CONTEXT(2) 
PARAMETRIC_REPRESENTATION_CONTEXT() REPRESENTATION_CONTEXT('2D SPACE',''
  ) );
#6319 = ORIENTED_EDGE('',*,*,#6320,.F.);
#6320 = EDGE_CURVE('',#6321,#6152,#6323,.T.);
#6321 = VERTEX_POINT('',#6322);
#6322 = CARTESIAN_POINT('',(53.,0.,3.562494183728));
#6323 = SURFACE_CURVE('',#6324,(#6369,#6417),.PCURVE_S1.);
#6324 = B_SPLINE_CURVE_WITH_KNOTS('',7,(#6325,#6326,#6327,#6328,#6329,
    #6330,#6331,#6332,#6333,#6334,#6335,#6336,#6337,#6338,#6339,#6340,
    #6341,#6342,#6343,#6344,#6345,#6346,#6347,#6348,#6349,#6350,#6351,
    #6352,#6353,#6354,#6355,#6356,#6357,#6358,#6359,#6360,#6361,#6362,
    #6363,#6364,#6365,#6366,#6367,#6368),.UNSPECIFIED.,.F.,.F.,(8,6,6,6,
    6,6,6,8),(0.,8.277981644347E-02,0.271579942563,0.463316622792,
    0.593235949409,0.667084235966,0.850161598898,1.),.UNSPECIFIED.);
#6325 = CARTESIAN_POINT('',(53.,1.7763568394E-15,3.562494183728));
#6326 = CARTESIAN_POINT('',(53.,0.222669207381,3.574307555575));
#6327 = CARTESIAN_POINT('',(52.980724272331,0.445349794954,
    3.586121530172));
#6328 = CARTESIAN_POINT('',(52.942160467083,0.666027884999,3.59793871369
    ));
#6329 = CARTESIAN_POINT('',(52.884556835138,0.882730522071,
    3.609759924176));
#6330 = CARTESIAN_POINT('',(52.808422228169,1.093525673008,
    3.621584191552));
#6331 = CARTESIAN_POINT('',(52.714526098643,1.296522226925,
    3.633408757612));
#6332 = CARTESIAN_POINT('',(52.351584523931,1.930848057333,
    3.672188275787));
#6333 = CARTESIAN_POINT('',(52.011296333454,2.323403450426,
    3.699207837507));
#6334 = CARTESIAN_POINT('',(51.595623414575,2.643523129345,
    3.726223563572));
#6335 = CARTESIAN_POINT('',(51.12371200028,2.876065829233,3.752947289724
    ));
#6336 = CARTESIAN_POINT('',(50.616487223608,3.010555358331,
    3.780117925874));
#6337 = CARTESIAN_POINT('',(50.097916173321,3.041118626421,
    3.807133962271));
#6338 = CARTESIAN_POINT('',(49.083549804845,2.902791237298,
    3.861400187505));
#6339 = CARTESIAN_POINT('',(48.584683273586,2.730306919392,
    3.888837045178));
#6340 = CARTESIAN_POINT('',(48.12624582304,2.457756192589,3.916284265823
    ));
#6341 = CARTESIAN_POINT('',(47.730634510498,2.097978838718,3.94368363867
    ));
#6342 = CARTESIAN_POINT('',(47.415828502209,1.667366853821,
    3.971045723296));
#6343 = CARTESIAN_POINT('',(47.196878358372,1.186867669579,
    3.998500388467));
#6344 = CARTESIAN_POINT('',(46.999384722135,0.344243929368,
    4.044396737538));
#6345 = CARTESIAN_POINT('',(46.965894270096,-7.215630357835E-03,
    4.062941213482));
#6346 = CARTESIAN_POINT('',(46.980440200397,-0.361692388213,
    4.081490244668));
#6347 = CARTESIAN_POINT('',(47.04322484295,-0.711374717866,
    4.100041602595));
#6348 = CARTESIAN_POINT('',(47.152895216636,-1.048739540972,
    4.118592863787));
#6349 = CARTESIAN_POINT('',(47.306543029308,-1.366552327177,
    4.13714140979));
#6350 = CARTESIAN_POINT('',(47.609500942446,-1.823455209038,
    4.166224583874));
#6351 = CARTESIAN_POINT('',(47.73207886652,-1.980561323954,
    4.176763004621));
#6352 = CARTESIAN_POINT('',(47.866686817733,-2.128010009188,
    4.187303359418));
#6353 = CARTESIAN_POINT('',(48.012428195655,-2.264723384005,
    4.197847300877));
#6354 = CARTESIAN_POINT('',(48.168261431714,-2.389721116606,
    4.208394464221));
#6355 = CARTESIAN_POINT('',(48.332999989186,-2.502120424128,
    4.21894246728));
#6356 = CARTESIAN_POINT('',(48.932492146333,-2.846605868418,
    4.25562765048));
#6357 = CARTESIAN_POINT('',(49.408106460476,-3.010996214599,
    4.281851500574));
#6358 = CARTESIAN_POINT('',(49.911135919895,-3.081223766973,
    4.308042371195));
#6359 = CARTESIAN_POINT('',(50.419795523893,-3.053769119852,
    4.334175895925));
#6360 = CARTESIAN_POINT('',(50.912253253577,-2.929857839741,
    4.360306713707));
#6361 = CARTESIAN_POINT('',(51.367425655215,-2.715335476377,
    4.386489520907));
#6362 = CARTESIAN_POINT('',(52.09193839445,-2.187807092734,
    4.434031573911));
#6363 = CARTESIAN_POINT('',(52.381132562538,-1.898965104687,
    4.455450960567));
#6364 = CARTESIAN_POINT('',(52.622977574096,-1.566057104703,4.4770075076
    ));
#6365 = CARTESIAN_POINT('',(52.810006536034,-1.198545044071,
    4.498175899805));
#6366 = CARTESIAN_POINT('',(52.936780538061,-0.807005961526,
    4.519659580158));
#6367 = CARTESIAN_POINT('',(53.,-0.403181207656,4.541083919721));
#6368 = CARTESIAN_POINT('',(53.,-4.440892098501E-15,4.562490251763));
#6369 = PCURVE('',#2771,#6370);
#6370 = DEFINITIONAL_REPRESENTATION('',(#6371),#6416);
#6371 = B_SPLINE_CURVE_WITH_KNOTS('',7,(#6372,#6373,#6374,#6375,#6376,
    #6377,#6378,#6379,#6380,#6381,#6382,#6383,#6384,#6385,#6386,#6387,
    #6388,#6389,#6390,#6391,#6392,#6393,#6394,#6395,#6396,#6397,#6398,
    #6399,#6400,#6401,#6402,#6403,#6404,#6405,#6406,#6407,#6408,#6409,
    #6410,#6411,#6412,#6413,#6414,#6415),.UNSPECIFIED.,.F.,.F.,(8,6,6,6,
    6,6,6,8),(0.,8.277981644347E-02,0.271579942563,0.463316622792,
    0.593235949409,0.667084235966,0.850161598898,1.),.UNSPECIFIED.);
#6372 = CARTESIAN_POINT('',(0.115455483578,31.811335003158));
#6373 = CARTESIAN_POINT('',(0.115456826505,31.886490534911));
#6374 = CARTESIAN_POINT('',(0.115460905852,31.961641196596));
#6375 = CARTESIAN_POINT('',(0.115468042676,32.03680254804));
#6376 = CARTESIAN_POINT('',(0.115477692148,32.111981527038));
#6377 = CARTESIAN_POINT('',(0.115488443559,32.187176449348));
#6378 = CARTESIAN_POINT('',(0.115498020318,32.262377008695));
#6379 = CARTESIAN_POINT('',(0.115515275858,32.509047692712));
#6380 = CARTESIAN_POINT('',(0.115470589907,32.681095459872));
#6381 = CARTESIAN_POINT('',(0.115585420847,32.852611380544));
#6382 = CARTESIAN_POINT('',(0.11511702423,33.024124842936));
#6383 = CARTESIAN_POINT('',(0.115538591608,33.195650571835));
#6384 = CARTESIAN_POINT('',(0.115489541562,33.36768979278));
#6385 = CARTESIAN_POINT('',(0.11539703168,33.713240192399));
#6386 = CARTESIAN_POINT('',(0.115352389009,33.887942769712));
#6387 = CARTESIAN_POINT('',(0.115507432175,34.062076049886));
#6388 = CARTESIAN_POINT('',(0.115541719076,34.236289054744));
#6389 = CARTESIAN_POINT('',(0.115517705419,34.410450281384));
#6390 = CARTESIAN_POINT('',(0.115489534344,34.585213756552));
#6391 = CARTESIAN_POINT('',(0.115457870199,34.877319225925));
#6392 = CARTESIAN_POINT('',(0.115452690114,34.99532057717));
#6393 = CARTESIAN_POINT('',(0.115453487284,35.113331895599));
#6394 = CARTESIAN_POINT('',(0.115458084745,35.231345928129));
#6395 = CARTESIAN_POINT('',(0.115463760618,35.349355914622));
#6396 = CARTESIAN_POINT('',(0.115467248114,35.467355587886));
#6397 = CARTESIAN_POINT('',(0.115463307339,35.652402988421));
#6398 = CARTESIAN_POINT('',(0.115460662137,35.719459630031));
#6399 = CARTESIAN_POINT('',(0.115457693288,35.786529606141));
#6400 = CARTESIAN_POINT('',(0.115455216,35.853620837829));
#6401 = CARTESIAN_POINT('',(0.115453967328,35.920728659607));
#6402 = CARTESIAN_POINT('',(0.115454606173,35.987835819427));
#6403 = CARTESIAN_POINT('',(0.115465416125,36.221202293416));
#6404 = CARTESIAN_POINT('',(0.11548144131,36.387994402194));
#6405 = CARTESIAN_POINT('',(0.115535347295,36.554456182675));
#6406 = CARTESIAN_POINT('',(0.115541718674,36.72070432763));
#6407 = CARTESIAN_POINT('',(0.115477244289,36.887160620442));
#6408 = CARTESIAN_POINT('',(0.115414271598,37.053942906412));
#6409 = CARTESIAN_POINT('',(0.115408026522,37.356437918965));
#6410 = CARTESIAN_POINT('',(0.115402139469,37.492732463427));
#6411 = CARTESIAN_POINT('',(0.115714065356,37.628888651812));
#6412 = CARTESIAN_POINT('',(0.115250694391,37.765041622124));
#6413 = CARTESIAN_POINT('',(0.115415364761,37.901202653554));
#6414 = CARTESIAN_POINT('',(0.11541717601,38.037504220228));
#6415 = CARTESIAN_POINT('',(0.115450594109,38.173590672604));
#6416 = ( GEOMETRIC_REPRESENTATION_CONTEXT(2) 
PARAMETRIC_REPRESENTATION_CONTEXT() REPRESENTATION_CONTEXT('2D SPACE',''
  ) );
#6417 = PCURVE('',#6418,#6423);
#6418 = CYLINDRICAL_SURFACE('',#6419,3.);
#6419 = AXIS2_PLACEMENT_3D('',#6420,#6421,#6422);
#6420 = CARTESIAN_POINT('',(50.,0.,0.));
#6421 = DIRECTION('',(-0.,-0.,-1.));
#6422 = DIRECTION('',(1.,0.,0.));
#6423 = DEFINITIONAL_REPRESENTATION('',(#6424),#6469);
#6424 = B_SPLINE_CURVE_WITH_KNOTS('',7,(#6425,#6426,#6427,#6428,#6429,
    #6430,#6431,#6432,#6433,#6434,#6435,#6436,#6437,#6438,#6439,#6440,
    #6441,#6442,#6443,#6444,#6445,#6446,#6447,#6448,#6449,#6450,#6451,
    #6452,#6453,#6454,#6455,#6456,#6457,#6458,#6459,#6460,#6461,#6462,
    #6463,#6464,#6465,#6466,#6467,#6468),.UNSPECIFIED.,.F.,.F.,(8,6,6,6,
    6,6,6,8),(0.,8.277981644347E-02,0.271579942563,0.463316622792,
    0.593235949409,0.667084235966,0.850161598898,1.),.UNSPECIFIED.);
#6425 = CARTESIAN_POINT('',(0.,-3.562494183728));
#6426 = CARTESIAN_POINT('',(-7.422306912703E-02,-3.574307555575));
#6427 = CARTESIAN_POINT('',(-0.148442455084,-3.586121530172));
#6428 = CARTESIAN_POINT('',(-0.22267285306,-3.59793871369));
#6429 = CARTESIAN_POINT('',(-0.296920547811,-3.609759924176));
#6430 = CARTESIAN_POINT('',(-0.371183413666,-3.621584191552));
#6431 = CARTESIAN_POINT('',(-0.445450914522,-3.633408757612));
#6432 = CARTESIAN_POINT('',(-0.689057119008,-3.672188275787));
#6433 = CARTESIAN_POINT('',(-0.858965400794,-3.699207837507));
#6434 = CARTESIAN_POINT('',(-1.02832415725,-3.726223563572));
#6435 = CARTESIAN_POINT('',(-1.197735913913,-3.752947289724));
#6436 = CARTESIAN_POINT('',(-1.367121723351,-3.780117925874));
#6437 = CARTESIAN_POINT('',(-1.537019513427,-3.807133962271));
#6438 = CARTESIAN_POINT('',(-1.878271065491,-3.861400187505));
#6439 = CARTESIAN_POINT('',(-2.050805927985,-3.888837045178));
#6440 = CARTESIAN_POINT('',(-2.222788002172,-3.916284265823));
#6441 = CARTESIAN_POINT('',(-2.39480870803,-3.94368363867));
#6442 = CARTESIAN_POINT('',(-2.566808001603,-3.971045723296));
#6443 = CARTESIAN_POINT('',(-2.73940450423,-3.998500388467));
#6444 = CARTESIAN_POINT('',(-3.027890687978,-4.044396737538));
#6445 = CARTESIAN_POINT('',(-3.144430450894,-4.062941213482));
#6446 = CARTESIAN_POINT('',(-3.260977540802,-4.081490244668));
#6447 = CARTESIAN_POINT('',(-3.377523417425,-4.100041602595));
#6448 = CARTESIAN_POINT('',(-3.494061655307,-4.118592863787));
#6449 = CARTESIAN_POINT('',(-3.610587943816,-4.13714140979));
#6450 = CARTESIAN_POINT('',(-3.79332750974,-4.166224583874));
#6451 = CARTESIAN_POINT('',(-3.859548245082,-4.176763004621));
#6452 = CARTESIAN_POINT('',(-3.925782986124,-4.187303359418));
#6453 = CARTESIAN_POINT('',(-3.99203979336,-4.197847300877));
#6454 = CARTESIAN_POINT('',(-4.058314094824,-4.208394464221));
#6455 = CARTESIAN_POINT('',(-4.124588686086,-4.21894246728));
#6456 = CARTESIAN_POINT('',(-4.355061887181,-4.25562765048));
#6457 = CARTESIAN_POINT('',(-4.519789846338,-4.281851500574));
#6458 = CARTESIAN_POINT('',(-4.684189749151,-4.308042371195));
#6459 = CARTESIAN_POINT('',(-4.848364781886,-4.334175895925));
#6460 = CARTESIAN_POINT('',(-5.012740382563,-4.360306713707));
#6461 = CARTESIAN_POINT('',(-5.177452906295,-4.386489520907));
#6462 = CARTESIAN_POINT('',(-5.476191905137,-4.434031573911));
#6463 = CARTESIAN_POINT('',(-5.610793958453,-4.455450960567));
#6464 = CARTESIAN_POINT('',(-5.745251992579,-4.4770075076));
#6465 = CARTESIAN_POINT('',(-5.879706298088,-4.498175899805));
#6466 = CARTESIAN_POINT('',(-6.014183043442,-4.519659580158));
#6467 = CARTESIAN_POINT('',(-6.148791571294,-4.541083919721));
#6468 = CARTESIAN_POINT('',(-6.28318530718,-4.562490251763));
#6469 = ( GEOMETRIC_REPRESENTATION_CONTEXT(2) 
PARAMETRIC_REPRESENTATION_CONTEXT() REPRESENTATION_CONTEXT('2D SPACE',''
  ) );
#6470 = ORIENTED_EDGE('',*,*,#6471,.F.);
#6471 = EDGE_CURVE('',#6472,#6321,#6474,.T.);
#6472 = VERTEX_POINT('',#6473);
#6473 = CARTESIAN_POINT('',(53.,0.,2.562471567191));
#6474 = SURFACE_CURVE('',#6475,(#6520,#6568),.PCURVE_S1.);
#6475 = B_SPLINE_CURVE_WITH_KNOTS('',7,(#6476,#6477,#6478,#6479,#6480,
    #6481,#6482,#6483,#6484,#6485,#6486,#6487,#6488,#6489,#6490,#6491,
    #6492,#6493,#6494,#6495,#6496,#6497,#6498,#6499,#6500,#6501,#6502,
    #6503,#6504,#6505,#6506,#6507,#6508,#6509,#6510,#6511,#6512,#6513,
    #6514,#6515,#6516,#6517,#6518,#6519),.UNSPECIFIED.,.F.,.F.,(8,6,6,6,
    6,6,6,8),(0.,9.512269761087E-02,0.290242817214,0.453734322925,
    0.543279546221,0.663413712699,0.864268943735,1.),.UNSPECIFIED.);
#6476 = CARTESIAN_POINT('',(53.,-1.7763568394E-15,2.562471567191));
#6477 = CARTESIAN_POINT('',(53.,0.255805525563,2.576046006807));
#6478 = CARTESIAN_POINT('',(52.974547859525,0.511718258401,
    2.589631019335));
#6479 = CARTESIAN_POINT('',(52.923630992492,0.764585456772,
    2.603221251589));
#6480 = CARTESIAN_POINT('',(52.847687340742,1.011377444709,
    2.616812221317));
#6481 = CARTESIAN_POINT('',(52.747605374043,1.24918761202,2.630400317193
    ));
#6482 = CARTESIAN_POINT('',(52.624724090091,1.475232414287,
    2.643982798818));
#6483 = CARTESIAN_POINT('',(52.185676920497,2.12093406339,2.685403466393
    ));
#6484 = CARTESIAN_POINT('',(51.800730239528,2.496394254874,
    2.713331476052));
#6485 = CARTESIAN_POINT('',(51.342159141246,2.787537282739,2.74118663866
    ));
#6486 = CARTESIAN_POINT('',(50.832187098242,2.979787783442,
    2.769016394279));
#6487 = CARTESIAN_POINT('',(50.295601529913,3.06383601532,2.796902950122
    ));
#6488 = CARTESIAN_POINT('',(49.758655293244,3.036003961795,
    2.824845570966));
#6489 = CARTESIAN_POINT('',(48.824463993894,2.794921333714,
    2.876026448481));
#6490 = CARTESIAN_POINT('',(48.416783445836,2.612003148046,
    2.899389894804));
#6491 = CARTESIAN_POINT('',(48.043639235156,2.359952400212,
    2.922714691558));
#6492 = CARTESIAN_POINT('',(47.718337751564,2.047139521832,
    2.946046719236));
#6493 = CARTESIAN_POINT('',(47.451850634461,1.684102417447,
    2.969395010603));
#6494 = CARTESIAN_POINT('',(47.253135944759,1.283810415705,
    2.992772315629));
#6495 = CARTESIAN_POINT('',(47.057419740645,0.631860137691,3.02887700931
    ));
#6496 = CARTESIAN_POINT('',(47.009773379524,0.394648362489,
    3.041651201995));
#6497 = CARTESIAN_POINT('',(46.984455621933,0.153365548511,
    3.054421501402));
#6498 = CARTESIAN_POINT('',(46.981870521794,-8.949487393532E-02,
    3.067192241966));
#6499 = CARTESIAN_POINT('',(47.002077288707,-0.331388968805,
    3.079968792525));
#6500 = CARTESIAN_POINT('',(47.044755851057,-0.569738155743,
    3.092752982884));
#6501 = CARTESIAN_POINT('',(47.195593899018,-1.11347463444,
    3.122691663002));
#6502 = CARTESIAN_POINT('',(47.321296388457,-1.414313118316,3.1398649845
    ));
#6503 = CARTESIAN_POINT('',(47.484424734743,-1.698201325976,
    3.15703262338));
#6504 = CARTESIAN_POINT('',(47.682228721609,-1.959597586568,
    3.174182504128));
#6505 = CARTESIAN_POINT('',(47.911063069219,-2.193677755551,
    3.191316347209));
#6506 = CARTESIAN_POINT('',(48.166387434178,-2.396335214692,
    3.208449669063));
#6507 = CARTESIAN_POINT('',(48.904851131755,-2.844806103676,
    3.254305535787));
#6508 = CARTESIAN_POINT('',(49.427972572371,-3.029482275831,
    3.283149996549));
#6509 = CARTESIAN_POINT('',(49.984570484855,-3.099655133802,
    3.311868404463));
#6510 = CARTESIAN_POINT('',(50.544959328302,-3.051389099789,
    3.340524103707));
#6511 = CARTESIAN_POINT('',(51.081318415266,-2.887164189526,
    3.36920039237));
#6512 = CARTESIAN_POINT('',(51.565233111366,-2.615816195651,
    3.39800425414));
#6513 = CARTESIAN_POINT('',(52.247992760569,-2.019920317392,
    3.446084792581));
#6514 = CARTESIAN_POINT('',(52.489558054309,-1.740151171125,
    3.465503488535));
#6515 = CARTESIAN_POINT('',(52.689924843312,-1.42706784111,
    3.484907718688));
#6516 = CARTESIAN_POINT('',(52.843939969474,-1.088157235061,
    3.504300813153));
#6517 = CARTESIAN_POINT('',(52.948000098174,-0.731468179746,
    3.523690250789));
#6518 = CARTESIAN_POINT('',(53.,-0.365663301621,3.543094480448));
#6519 = CARTESIAN_POINT('',(53.,1.7763568394E-15,3.562494183728));
#6520 = PCURVE('',#2771,#6521);
#6521 = DEFINITIONAL_REPRESENTATION('',(#6522),#6567);
#6522 = B_SPLINE_CURVE_WITH_KNOTS('',7,(#6523,#6524,#6525,#6526,#6527,
    #6528,#6529,#6530,#6531,#6532,#6533,#6534,#6535,#6536,#6537,#6538,
    #6539,#6540,#6541,#6542,#6543,#6544,#6545,#6546,#6547,#6548,#6549,
    #6550,#6551,#6552,#6553,#6554,#6555,#6556,#6557,#6558,#6559,#6560,
    #6561,#6562,#6563,#6564,#6565,#6566),.UNSPECIFIED.,.F.,.F.,(8,6,6,6,
    6,6,6,8),(0.,9.512269761087E-02,0.290242817214,0.453734322925,
    0.543279546221,0.663413712699,0.864268943735,1.),.UNSPECIFIED.);
#6523 = CARTESIAN_POINT('',(0.115413076297,25.449060882675));
#6524 = CARTESIAN_POINT('',(0.11542046675,25.535401556406));
#6525 = CARTESIAN_POINT('',(0.115442371379,25.621763326253));
#6526 = CARTESIAN_POINT('',(0.115468095347,25.708146155581));
#6527 = CARTESIAN_POINT('',(0.115490119685,25.794545445961));
#6528 = CARTESIAN_POINT('',(0.115504101293,25.880952037164));
#6529 = CARTESIAN_POINT('',(0.115508872938,25.967352207169));
#6530 = CARTESIAN_POINT('',(0.115501459383,26.230905059704));
#6531 = CARTESIAN_POINT('',(0.115465385082,26.408705219002));
#6532 = CARTESIAN_POINT('',(0.115434742682,26.586024626561));
#6533 = CARTESIAN_POINT('',(0.115444743786,26.763053095488));
#6534 = CARTESIAN_POINT('',(0.115473182474,26.940384289919));
#6535 = CARTESIAN_POINT('',(0.115468658018,27.11817704514));
#6536 = CARTESIAN_POINT('',(0.115458492753,27.443835694651));
#6537 = CARTESIAN_POINT('',(0.115450784201,27.592504656503));
#6538 = CARTESIAN_POINT('',(0.115445128648,27.740921188669));
#6539 = CARTESIAN_POINT('',(0.115463431086,27.889307512329));
#6540 = CARTESIAN_POINT('',(0.115501246811,28.037735235282));
#6541 = CARTESIAN_POINT('',(0.115514583835,28.186425421019));
#6542 = CARTESIAN_POINT('',(0.115498890657,28.416182976877));
#6543 = CARTESIAN_POINT('',(0.115486634632,28.49749476569));
#6544 = CARTESIAN_POINT('',(0.115465625346,28.578809629752));
#6545 = CARTESIAN_POINT('',(0.115440481867,28.660140451996));
#6546 = CARTESIAN_POINT('',(0.115418904147,28.741496895795));
#6547 = CARTESIAN_POINT('',(0.115408084058,28.822867724527));
#6548 = CARTESIAN_POINT('',(0.115415184673,29.013322957101));
#6549 = CARTESIAN_POINT('',(0.115452297272,29.122466121395));
#6550 = CARTESIAN_POINT('',(0.115478034345,29.231609318483));
#6551 = CARTESIAN_POINT('',(0.115471957231,29.34074073893));
#6552 = CARTESIAN_POINT('',(0.115437608491,29.449860059403));
#6553 = CARTESIAN_POINT('',(0.115402511908,29.558978442677));
#6554 = CARTESIAN_POINT('',(0.115444355796,29.850592513432));
#6555 = CARTESIAN_POINT('',(0.115519278779,30.033870279999));
#6556 = CARTESIAN_POINT('',(0.115568503052,30.216427816416));
#6557 = CARTESIAN_POINT('',(0.11547733338,30.399032995482));
#6558 = CARTESIAN_POINT('',(0.11545817172,30.581540102924));
#6559 = CARTESIAN_POINT('',(0.1154519254,30.764817778716));
#6560 = CARTESIAN_POINT('',(0.115458981346,31.070696466014));
#6561 = CARTESIAN_POINT('',(0.115465678439,31.194222053808));
#6562 = CARTESIAN_POINT('',(0.115471485867,31.317658436475));
#6563 = CARTESIAN_POINT('',(0.115467458348,31.441055257298));
#6564 = CARTESIAN_POINT('',(0.115457981891,31.564446146182));
#6565 = CARTESIAN_POINT('',(0.115453278247,31.687915962874));
#6566 = CARTESIAN_POINT('',(0.115455483578,31.811335003158));
#6567 = ( GEOMETRIC_REPRESENTATION_CONTEXT(2) 
PARAMETRIC_REPRESENTATION_CONTEXT() REPRESENTATION_CONTEXT('2D SPACE',''
  ) );
#6568 = PCURVE('',#6569,#6574);
#6569 = CYLINDRICAL_SURFACE('',#6570,3.);
#6570 = AXIS2_PLACEMENT_3D('',#6571,#6572,#6573);
#6571 = CARTESIAN_POINT('',(50.,0.,0.));
#6572 = DIRECTION('',(-0.,-0.,-1.));
#6573 = DIRECTION('',(1.,0.,0.));
#6574 = DEFINITIONAL_REPRESENTATION('',(#6575),#6620);
#6575 = B_SPLINE_CURVE_WITH_KNOTS('',7,(#6576,#6577,#6578,#6579,#6580,
    #6581,#6582,#6583,#6584,#6585,#6586,#6587,#6588,#6589,#6590,#6591,
    #6592,#6593,#6594,#6595,#6596,#6597,#6598,#6599,#6600,#6601,#6602,
    #6603,#6604,#6605,#6606,#6607,#6608,#6609,#6610,#6611,#6612,#6613,
    #6614,#6615,#6616,#6617,#6618,#6619),.UNSPECIFIED.,.F.,.F.,(8,6,6,6,
    6,6,6,8),(0.,9.512269761087E-02,0.290242817214,0.453734322925,
    0.543279546221,0.663413712699,0.864268943735,1.),.UNSPECIFIED.);
#6576 = CARTESIAN_POINT('',(0.,-2.562471567191));
#6577 = CARTESIAN_POINT('',(-8.526850852102E-02,-2.576046006807));
#6578 = CARTESIAN_POINT('',(-0.170557100984,-2.589631019335));
#6579 = CARTESIAN_POINT('',(-0.255865392712,-2.603221251589));
#6580 = CARTESIAN_POINT('',(-0.341188915579,-2.616812221317));
#6581 = CARTESIAN_POINT('',(-0.426519118011,-2.630400317193));
#6582 = CARTESIAN_POINT('',(-0.511843364983,-2.643982798818));
#6583 = CARTESIAN_POINT('',(-0.772119508249,-2.685403466393));
#6584 = CARTESIAN_POINT('',(-0.947713784423,-2.713331476052));
#6585 = CARTESIAN_POINT('',(-1.122845460539,-2.74118663866));
#6586 = CARTESIAN_POINT('',(-1.297680440059,-2.769016394279));
#6587 = CARTESIAN_POINT('',(-1.472798093562,-2.796902950122));
#6588 = CARTESIAN_POINT('',(-1.648369919584,-2.824845570966));
#6589 = CARTESIAN_POINT('',(-1.969969086482,-2.876026448481));
#6590 = CARTESIAN_POINT('',(-2.116788017851,-2.899389894804));
#6591 = CARTESIAN_POINT('',(-2.263363983183,-2.922714691558));
#6592 = CARTESIAN_POINT('',(-2.409918012829,-2.946046719236));
#6593 = CARTESIAN_POINT('',(-2.556506808186,-2.969395010603));
#6594 = CARTESIAN_POINT('',(-2.703348595552,-2.992772315629));
#6595 = CARTESIAN_POINT('',(-2.930246516201,-3.02887700931));
#6596 = CARTESIAN_POINT('',(-3.010545546542,-3.041651201995));
#6597 = CARTESIAN_POINT('',(-3.090847659548,-3.054421501402));
#6598 = CARTESIAN_POINT('',(-3.171166447962,-3.067192241966));
#6599 = CARTESIAN_POINT('',(-3.251511966947,-3.079968792525));
#6600 = CARTESIAN_POINT('',(-3.331872817378,-3.092752982884));
#6601 = CARTESIAN_POINT('',(-3.519963066101,-3.122691663002));
#6602 = CARTESIAN_POINT('',(-3.627748142107,-3.1398649845));
#6603 = CARTESIAN_POINT('',(-3.735532683109,-3.15703262338));
#6604 = CARTESIAN_POINT('',(-3.843306407463,-3.174182504128));
#6605 = CARTESIAN_POINT('',(-3.951069525935,-3.191316347209));
#6606 = CARTESIAN_POINT('',(-4.058832741697,-3.208449669063));
#6607 = CARTESIAN_POINT('',(-4.346824788444,-3.254305535787));
#6608 = CARTESIAN_POINT('',(-4.527823584403,-3.283149996549));
#6609 = CARTESIAN_POINT('',(-4.708095206711,-3.311868404463));
#6610 = CARTESIAN_POINT('',(-4.888434302785,-3.340524103707));
#6611 = CARTESIAN_POINT('',(-5.068689349839,-3.36920039237));
#6612 = CARTESIAN_POINT('',(-5.24969581736,-3.39800425414));
#6613 = CARTESIAN_POINT('',(-5.551772451549,-3.446084792581));
#6614 = CARTESIAN_POINT('',(-5.673759256881,-3.465503488535));
#6615 = CARTESIAN_POINT('',(-5.79565439819,-3.484907718688));
#6616 = CARTESIAN_POINT('',(-5.917509287736,-3.504300813153));
#6617 = CARTESIAN_POINT('',(-6.039362325646,-3.523690250789));
#6618 = CARTESIAN_POINT('',(-6.161297539973,-3.543094480448));
#6619 = CARTESIAN_POINT('',(-6.28318530718,-3.562494183728));
#6620 = ( GEOMETRIC_REPRESENTATION_CONTEXT(2) 
PARAMETRIC_REPRESENTATION_CONTEXT() REPRESENTATION_CONTEXT('2D SPACE',''
  ) );
#6621 = ORIENTED_EDGE('',*,*,#6622,.F.);
#6622 = EDGE_CURVE('',#6623,#6472,#6625,.T.);
#6623 = VERTEX_POINT('',#6624);
#6624 = CARTESIAN_POINT('',(53.,0.,1.562495660531));
#6625 = SURFACE_CURVE('',#6626,(#6678,#6733),.PCURVE_S1.);
#6626 = B_SPLINE_CURVE_WITH_KNOTS('',8,(#6627,#6628,#6629,#6630,#6631,
    #6632,#6633,#6634,#6635,#6636,#6637,#6638,#6639,#6640,#6641,#6642,
    #6643,#6644,#6645,#6646,#6647,#6648,#6649,#6650,#6651,#6652,#6653,
    #6654,#6655,#6656,#6657,#6658,#6659,#6660,#6661,#6662,#6663,#6664,
    #6665,#6666,#6667,#6668,#6669,#6670,#6671,#6672,#6673,#6674,#6675,
    #6676,#6677),.UNSPECIFIED.,.F.,.F.,(9,7,7,7,7,7,7,9),(0.,
    0.114580218471,0.292441093184,0.438642036159,0.593656605353,
    0.781987302071,0.886006855171,1.),.UNSPECIFIED.);
#6627 = CARTESIAN_POINT('',(53.,-8.881784197001E-16,1.562495660531));
#6628 = CARTESIAN_POINT('',(53.,0.269717217321,1.576803244395));
#6629 = CARTESIAN_POINT('',(52.972254530068,0.539566469066,
    1.591113504958));
#6630 = CARTESIAN_POINT('',(52.916806813468,0.806029303833,
    1.605426414686));
#6631 = CARTESIAN_POINT('',(52.834144224008,1.065763840708,
    1.619741651381));
#6632 = CARTESIAN_POINT('',(52.72519828604,1.315604769258,1.634058598173
    ));
#6633 = CARTESIAN_POINT('',(52.59134467446,1.552563349533,1.648376343525
    ));
#6634 = CARTESIAN_POINT('',(52.434403214711,1.773827412069,
    1.662693681231));
#6635 = CARTESIAN_POINT('',(51.980695858459,2.291772182554,
    1.699230701465));
#6636 = CARTESIAN_POINT('',(51.653895329414,2.563418626795,
    1.721496355321));
#6637 = CARTESIAN_POINT('',(51.285127401793,2.780972130687,
    1.743712092426));
#6638 = CARTESIAN_POINT('',(50.884954294225,2.937396275483,
    1.765890560329));
#6639 = CARTESIAN_POINT('',(50.464958698872,3.028071771256,
    1.788089559898));
#6640 = CARTESIAN_POINT('',(50.037356343517,3.050430690627,
    1.810353573248));
#6641 = CARTESIAN_POINT('',(49.614871754705,3.00449994857,1.832658293392
    ));
#6642 = CARTESIAN_POINT('',(48.878795296944,2.803814512871,
    1.873106355491));
#6643 = CARTESIAN_POINT('',(48.558166944589,2.669614824172,
    1.891364226938));
#6644 = CARTESIAN_POINT('',(48.256240608693,2.493536813342,
    1.909641789881));
#6645 = CARTESIAN_POINT('',(47.979348797129,2.278803068832,
    1.927934780813));
#6646 = CARTESIAN_POINT('',(47.733013278519,2.029590368195,
    1.946230025036));
#6647 = CARTESIAN_POINT('',(47.522033638865,1.750867931847,
    1.964522733781));
#6648 = CARTESIAN_POINT('',(47.350382789381,1.448488199572,
    1.982817579875));
#6649 = CARTESIAN_POINT('',(47.083267394299,0.791194970015,2.02045449496
    ));
#6650 = CARTESIAN_POINT('',(46.992786606896,0.433225980516,
    2.039825139393));
#6651 = CARTESIAN_POINT('',(46.95252370579,6.404681731687E-02,
    2.059200500518));
#6652 = CARTESIAN_POINT('',(46.964090764271,-0.30801703713,
    2.078581621174));
#6653 = CARTESIAN_POINT('',(47.027478877744,-0.674810553164,
    2.097967425397));
#6654 = CARTESIAN_POINT('',(47.141058163725,-1.028349153915,
    2.11735471842));
#6655 = CARTESIAN_POINT('',(47.301577761845,-1.360818715303,
    2.136738186679));
#6656 = CARTESIAN_POINT('',(47.750294652222,-2.033616615729,
    2.179646134072));
#6657 = CARTESIAN_POINT('',(48.059505652066,-2.36214078544,
    2.203248073077));
#6658 = CARTESIAN_POINT('',(48.423027727351,-2.635647151509,
    2.226801853565));
#6659 = CARTESIAN_POINT('',(48.828883220793,-2.84461867749,
    2.250328977994));
#6660 = CARTESIAN_POINT('',(49.264174363559,-2.981903392918,
    2.27386417388));
#6661 = CARTESIAN_POINT('',(49.714687675633,-3.043582759029,
    2.297428519478));
#6662 = CARTESIAN_POINT('',(50.165356882545,-3.028123418164,
    2.321028807967));
#6663 = CARTESIAN_POINT('',(50.840210640899,-2.890346848669,
    2.357571608514));
#6664 = CARTESIAN_POINT('',(51.075705439986,-2.818930243805,
    2.37056494469));
#6665 = CARTESIAN_POINT('',(51.304120501388,-2.725625100038,
    2.383553646464));
#6666 = CARTESIAN_POINT('',(51.523130728761,-2.611232828191,
    2.396541006537));
#6667 = CARTESIAN_POINT('',(51.73054441911,-2.476849716158,
    2.409529485681));
#6668 = CARTESIAN_POINT('',(51.924303262781,-2.3238669289,2.42252071274)
  );
#6669 = CARTESIAN_POINT('',(52.102482343462,-2.153970508446,
    2.435515484629));
#6670 = CARTESIAN_POINT('',(52.439516488786,-1.76659047192,
    2.462758347901));
#6671 = CARTESIAN_POINT('',(52.59507361645,-1.545927282583,
    2.477017468704));
#6672 = CARTESIAN_POINT('',(52.727727298272,-1.309773008764,
    2.491276320725));
#6673 = CARTESIAN_POINT('',(52.83568265109,-1.060914889439,
    2.505526143072));
#6674 = CARTESIAN_POINT('',(52.917584131479,-0.802306199682,
    2.519764221977));
#6675 = CARTESIAN_POINT('',(52.972515535762,-0.537066250663,
    2.533993890792));
#6676 = CARTESIAN_POINT('',(53.,-0.268480389648,2.548224529996));
#6677 = CARTESIAN_POINT('',(53.,-1.7763568394E-15,2.562471567191));
#6678 = PCURVE('',#2771,#6679);
#6679 = DEFINITIONAL_REPRESENTATION('',(#6680),#6732);
#6680 = B_SPLINE_CURVE_WITH_KNOTS('',8,(#6681,#6682,#6683,#6684,#6685,
    #6686,#6687,#6688,#6689,#6690,#6691,#6692,#6693,#6694,#6695,#6696,
    #6697,#6698,#6699,#6700,#6701,#6702,#6703,#6704,#6705,#6706,#6707,
    #6708,#6709,#6710,#6711,#6712,#6713,#6714,#6715,#6716,#6717,#6718,
    #6719,#6720,#6721,#6722,#6723,#6724,#6725,#6726,#6727,#6728,#6729,
    #6730,#6731),.UNSPECIFIED.,.F.,.F.,(9,7,7,7,7,7,7,9),(0.,
    0.114580218471,0.292441093184,0.438642036159,0.593656605353,
    0.781987302071,0.886006855171,1.),.UNSPECIFIED.);
#6681 = CARTESIAN_POINT('',(0.115458103714,19.086805800826));
#6682 = CARTESIAN_POINT('',(0.115454998354,19.177844321337));
#6683 = CARTESIAN_POINT('',(0.115452583719,19.268897674426));
#6684 = CARTESIAN_POINT('',(0.115453872151,19.359956102248));
#6685 = CARTESIAN_POINT('',(0.115460196018,19.451013316437));
#6686 = CARTESIAN_POINT('',(0.115471207709,19.5420664981));
#6687 = CARTESIAN_POINT('',(0.115484879638,19.633116297824));
#6688 = CARTESIAN_POINT('',(0.115497504245,19.724166835674));
#6689 = CARTESIAN_POINT('',(0.115513302228,19.956574789957));
#6690 = CARTESIAN_POINT('',(0.115521354165,20.098209168844));
#6691 = CARTESIAN_POINT('',(0.115469392353,20.239716876041));
#6692 = CARTESIAN_POINT('',(0.115394455216,20.381060554335));
#6693 = CARTESIAN_POINT('',(0.115361745849,20.522400528226));
#6694 = CARTESIAN_POINT('',(0.115407414071,20.66390480719));
#6695 = CARTESIAN_POINT('',(0.115491451743,20.805546015078));
#6696 = CARTESIAN_POINT('',(0.115435424655,21.063065540074));
#6697 = CARTESIAN_POINT('',(0.115383227976,21.179393003779));
#6698 = CARTESIAN_POINT('',(0.115386568706,21.295669077912));
#6699 = CARTESIAN_POINT('',(0.115430158081,21.411915272404));
#6700 = CARTESIAN_POINT('',(0.115475248949,21.528171026499));
#6701 = CARTESIAN_POINT('',(0.115500467108,21.644473867175));
#6702 = CARTESIAN_POINT('',(0.115509566634,21.760841581718));
#6703 = CARTESIAN_POINT('',(0.11550322708,22.000317781208));
#6704 = CARTESIAN_POINT('',(0.115485159166,22.123616433368));
#6705 = CARTESIAN_POINT('',(0.115465114165,22.246951383761));
#6706 = CARTESIAN_POINT('',(0.115451355141,22.370302981262));
#6707 = CARTESIAN_POINT('',(0.115447579916,22.493652617023));
#6708 = CARTESIAN_POINT('',(0.115452921073,22.61698272447));
#6709 = CARTESIAN_POINT('',(0.115461945958,22.740276779305));
#6710 = CARTESIAN_POINT('',(0.115467949983,23.013249417239));
#6711 = CARTESIAN_POINT('',(0.115466249724,23.163416619562));
#6712 = CARTESIAN_POINT('',(0.115455952656,23.313304772312));
#6713 = CARTESIAN_POINT('',(0.115438650481,23.463045616161));
#6714 = CARTESIAN_POINT('',(0.115448167218,23.612752498385));
#6715 = CARTESIAN_POINT('',(0.11548124051,23.762569902076));
#6716 = CARTESIAN_POINT('',(0.115504086623,23.912648517947));
#6717 = CARTESIAN_POINT('',(0.115508073854,24.145130819718));
#6718 = CARTESIAN_POINT('',(0.115502164487,24.227816667946));
#6719 = CARTESIAN_POINT('',(0.11548849037,24.310497731622));
#6720 = CARTESIAN_POINT('',(0.115468371931,24.393190759291));
#6721 = CARTESIAN_POINT('',(0.115444886739,24.475901616865));
#6722 = CARTESIAN_POINT('',(0.115422869497,24.558625287623));
#6723 = CARTESIAN_POINT('',(0.115408912047,24.641345872207));
#6724 = CARTESIAN_POINT('',(0.115414049728,24.814655847527));
#6725 = CARTESIAN_POINT('',(0.115443690092,24.905281864595));
#6726 = CARTESIAN_POINT('',(0.115471193419,24.99591296986));
#6727 = CARTESIAN_POINT('',(0.115479677358,25.086547129241));
#6728 = CARTESIAN_POINT('',(0.115464468245,25.177181944555));
#6729 = CARTESIAN_POINT('',(0.115433101105,25.267814653512));
#6730 = CARTESIAN_POINT('',(0.115405319655,25.358442129719));
#6731 = CARTESIAN_POINT('',(0.115413076297,25.449060882675));
#6732 = ( GEOMETRIC_REPRESENTATION_CONTEXT(2) 
PARAMETRIC_REPRESENTATION_CONTEXT() REPRESENTATION_CONTEXT('2D SPACE',''
  ) );
#6733 = PCURVE('',#6734,#6739);
#6734 = CYLINDRICAL_SURFACE('',#6735,3.);
#6735 = AXIS2_PLACEMENT_3D('',#6736,#6737,#6738);
#6736 = CARTESIAN_POINT('',(50.,0.,0.));
#6737 = DIRECTION('',(-0.,-0.,-1.));
#6738 = DIRECTION('',(1.,0.,0.));
#6739 = DEFINITIONAL_REPRESENTATION('',(#6740),#6792);
#6740 = B_SPLINE_CURVE_WITH_KNOTS('',8,(#6741,#6742,#6743,#6744,#6745,
    #6746,#6747,#6748,#6749,#6750,#6751,#6752,#6753,#6754,#6755,#6756,
    #6757,#6758,#6759,#6760,#6761,#6762,#6763,#6764,#6765,#6766,#6767,
    #6768,#6769,#6770,#6771,#6772,#6773,#6774,#6775,#6776,#6777,#6778,
    #6779,#6780,#6781,#6782,#6783,#6784,#6785,#6786,#6787,#6788,#6789,
    #6790,#6791),.UNSPECIFIED.,.F.,.F.,(9,7,7,7,7,7,7,9),(0.,
    0.114580218471,0.292441093184,0.438642036159,0.593656605353,
    0.781987302071,0.886006855171,1.),.UNSPECIFIED.);
#6741 = CARTESIAN_POINT('',(0.,-1.562495660531));
#6742 = CARTESIAN_POINT('',(-8.990573910712E-02,-1.576803244395));
#6743 = CARTESIAN_POINT('',(-0.179828310962,-1.591113504958));
#6744 = CARTESIAN_POINT('',(-0.269757535215,-1.605426414686));
#6745 = CARTESIAN_POINT('',(-0.35968659672,-1.619741651381));
#6746 = CARTESIAN_POINT('',(-0.44961204554,-1.634058598173));
#6747 = CARTESIAN_POINT('',(-0.539533796942,-1.648376343525));
#6748 = CARTESIAN_POINT('',(-0.629455131401,-1.662693681231));
#6749 = CARTESIAN_POINT('',(-0.858975682499,-1.699230701465));
#6750 = CARTESIAN_POINT('',(-0.998846274335,-1.721496355321));
#6751 = CARTESIAN_POINT('',(-1.138588512696,-1.743712092426));
#6752 = CARTESIAN_POINT('',(-1.278173809686,-1.765890560329));
#6753 = CARTESIAN_POINT('',(-1.417762281916,-1.788089559898));
#6754 = CARTESIAN_POINT('',(-1.557512392108,-1.810353573248));
#6755 = CARTESIAN_POINT('',(-1.697388897316,-1.832658293392));
#6756 = CARTESIAN_POINT('',(-1.951703487226,-1.873106355491));
#6757 = CARTESIAN_POINT('',(-2.066582803665,-1.891364226938));
#6758 = CARTESIAN_POINT('',(-2.18142019604,-1.909641789881));
#6759 = CARTESIAN_POINT('',(-2.296223944659,-1.927934780813));
#6760 = CARTESIAN_POINT('',(-2.411031048665,-1.946230025036));
#6761 = CARTESIAN_POINT('',(-2.525884493816,-1.964522733781));
#6762 = CARTESIAN_POINT('',(-2.640803049077,-1.982817579875));
#6763 = CARTESIAN_POINT('',(-2.877301821428,-2.02045449496));
#6764 = CARTESIAN_POINT('',(-2.999071939055,-2.039825139393));
#6765 = CARTESIAN_POINT('',(-3.120879607579,-2.059200500518));
#6766 = CARTESIAN_POINT('',(-3.242703299076,-2.078581621174));
#6767 = CARTESIAN_POINT('',(-3.364523137533,-2.097967425397));
#6768 = CARTESIAN_POINT('',(-3.486320898842,-2.11735471842));
#6769 = CARTESIAN_POINT('',(-3.608080010803,-2.136738186679));
#6770 = CARTESIAN_POINT('',(-3.877648361758,-2.179646134072));
#6771 = CARTESIAN_POINT('',(-4.025940704094,-2.203248073077));
#6772 = CARTESIAN_POINT('',(-4.173959238693,-2.226801853565));
#6773 = CARTESIAN_POINT('',(-4.321840136376,-2.250328977994));
#6774 = CARTESIAN_POINT('',(-4.469697659152,-2.27386417388));
#6775 = CARTESIAN_POINT('',(-4.617661271259,-2.297428519478));
#6776 = CARTESIAN_POINT('',(-4.765877338247,-2.321028807967));
#6777 = CARTESIAN_POINT('',(-4.995468757527,-2.357571608514));
#6778 = CARTESIAN_POINT('',(-5.077124863937,-2.37056494469));
#6779 = CARTESIAN_POINT('',(-5.158775925706,-2.383553646464));
#6780 = CARTESIAN_POINT('',(-5.240439330019,-2.396541006537));
#6781 = CARTESIAN_POINT('',(-5.32212132752,-2.409529485681));
#6782 = CARTESIAN_POINT('',(-5.403817032306,-2.42252071274));
#6783 = CARTESIAN_POINT('',(-5.485510421933,-2.435515484629));
#6784 = CARTESIAN_POINT('',(-5.656668343752,-2.462758347901));
#6785 = CARTESIAN_POINT('',(-5.746167360238,-2.477017468704));
#6786 = CARTESIAN_POINT('',(-5.835670662817,-2.491276320725));
#6787 = CARTESIAN_POINT('',(-5.92517694432,-2.505526143072));
#6788 = CARTESIAN_POINT('',(-6.014684314464,-2.519764221977));
#6789 = CARTESIAN_POINT('',(-6.104190299849,-2.533993890792));
#6790 = CARTESIAN_POINT('',(-6.193691843964,-2.548224529996));
#6791 = CARTESIAN_POINT('',(-6.28318530718,-2.562471567191));
#6792 = ( GEOMETRIC_REPRESENTATION_CONTEXT(2) 
PARAMETRIC_REPRESENTATION_CONTEXT() REPRESENTATION_CONTEXT('2D SPACE',''
  ) );
#6793 = ORIENTED_EDGE('',*,*,#6794,.F.);
#6794 = EDGE_CURVE('',#6795,#6623,#6797,.T.);
#6795 = VERTEX_POINT('',#6796);
#6796 = CARTESIAN_POINT('',(53.,0.,0.562479486679));
#6797 = SURFACE_CURVE('',#6798,(#6855,#6915),.PCURVE_S1.);
#6798 = B_SPLINE_CURVE_WITH_KNOTS('',7,(#6799,#6800,#6801,#6802,#6803,
    #6804,#6805,#6806,#6807,#6808,#6809,#6810,#6811,#6812,#6813,#6814,
    #6815,#6816,#6817,#6818,#6819,#6820,#6821,#6822,#6823,#6824,#6825,
    #6826,#6827,#6828,#6829,#6830,#6831,#6832,#6833,#6834,#6835,#6836,
    #6837,#6838,#6839,#6840,#6841,#6842,#6843,#6844,#6845,#6846,#6847,
    #6848,#6849,#6850,#6851,#6852,#6853,#6854),.UNSPECIFIED.,.F.,.F.,(8,
    6,6,6,6,6,6,6,6,8),(0.,0.185206400726,0.380009315405,0.46057523465,
    0.580754088629,0.606585456823,0.689731927339,0.719407872358,
    0.897896388284,1.),.UNSPECIFIED.);
#6799 = CARTESIAN_POINT('',(53.,4.440892098501E-16,0.562479486679));
#6800 = CARTESIAN_POINT('',(53.,0.498267402424,0.588894312493));
#6801 = CARTESIAN_POINT('',(52.903433490924,0.997909579118,
    0.615399090572));
#6802 = CARTESIAN_POINT('',(52.709464239522,1.473800699592,
    0.641902546832));
#6803 = CARTESIAN_POINT('',(52.42631809093,1.904284353879,0.668353453647
    ));
#6804 = CARTESIAN_POINT('',(52.066126772036,2.270921722128,
    0.694780070632));
#6805 = CARTESIAN_POINT('',(51.645465466129,2.557476729445,
    0.721277962146));
#6806 = CARTESIAN_POINT('',(50.706732864895,2.962290430613,0.77549269121
    ));
#6807 = CARTESIAN_POINT('',(50.181521185779,3.072442740806,
    0.803387836253));
#6808 = CARTESIAN_POINT('',(49.639202457369,3.072362415817,
    0.831202011424));
#6809 = CARTESIAN_POINT('',(49.106831261536,2.961740200239,
    0.859022454435));
#6810 = CARTESIAN_POINT('',(48.609339696126,2.745727657282,
    0.886815434506));
#6811 = CARTESIAN_POINT('',(48.171489744165,2.435390337984,0.91471348776
    ));
#6812 = CARTESIAN_POINT('',(47.664504231834,1.895369225378,
    0.954012353549));
#6813 = CARTESIAN_POINT('',(47.529478541558,1.724869295859,
    0.965510873981));
#6814 = CARTESIAN_POINT('',(47.409034481469,1.543207943653,
    0.977012402426));
#6815 = CARTESIAN_POINT('',(47.304254581299,1.351862841076,
    0.988517641136));
#6816 = CARTESIAN_POINT('',(47.216027650277,1.152447272838,
    1.000025658118));
#6817 = CARTESIAN_POINT('',(47.145048777131,0.94671013604,1.011533887134
    ));
#6818 = CARTESIAN_POINT('',(47.012417841184,0.423022555958,
    1.040198813772));
#6819 = CARTESIAN_POINT('',(46.97244215366,9.955548650434E-02,
    1.057345385583));
#6820 = CARTESIAN_POINT('',(46.973402480252,-0.227760114586,
    1.074485704209));
#6821 = CARTESIAN_POINT('',(47.015660389147,-0.55287229952,
    1.091625820149));
#6822 = CARTESIAN_POINT('',(47.098428803981,-0.869782326315,
    1.108769973325));
#6823 = CARTESIAN_POINT('',(47.219772003839,-1.172544658797,
    1.125920593088));
#6824 = CARTESIAN_POINT('',(47.410315604959,-1.516035594258,
    1.146766193244));
#6825 = CARTESIAN_POINT('',(47.445667905296,-1.575893305796,
    1.150454631957));
#6826 = CARTESIAN_POINT('',(47.482633100479,-1.634787086035,
    1.154143629383));
#6827 = CARTESIAN_POINT('',(47.521179788797,-1.692665263065,
    1.157833141929));
#6828 = CARTESIAN_POINT('',(47.561274590613,-1.749477508254,
    1.161523067378));
#6829 = CARTESIAN_POINT('',(47.602882148369,-1.805174836242,
    1.16521324489));
#6830 = CARTESIAN_POINT('',(47.784641388354,-2.035247095025,
    1.180781569397));
#6831 = CARTESIAN_POINT('',(47.938649958046,-2.198760080985,
    1.192652381339));
#6832 = CARTESIAN_POINT('',(48.106626884802,-2.348587083828,
    1.204515308687));
#6833 = CARTESIAN_POINT('',(48.287092264353,-2.483296489694,
    1.216372520685));
#6834 = CARTESIAN_POINT('',(48.478450239013,-2.601686549858,
    1.228228937963));
#6835 = CARTESIAN_POINT('',(48.678988997685,-2.702785380731,
    1.240092232533));
#6836 = CARTESIAN_POINT('',(48.961079776013,-2.815498039228,
    1.256213150802));
#6837 = CARTESIAN_POINT('',(49.036200471804,-2.842839678472,
    1.260454102291));
#6838 = CARTESIAN_POINT('',(49.112157199372,-2.867841646624,
    1.264695613498));
#6839 = CARTESIAN_POINT('',(49.188863137128,-2.890473725529,
    1.268937612365));
#6840 = CARTESIAN_POINT('',(49.26623030575,-2.910709713849,
    1.273180023541));
#6841 = CARTESIAN_POINT('',(49.344169568181,-2.928527427063,
    1.277422768383));
#6842 = CARTESIAN_POINT('',(49.894260828051,-3.036420667189,
    1.307185631662));
#6843 = CARTESIAN_POINT('',(50.384431130837,-3.040979407609,
    1.332769746583));
#6844 = CARTESIAN_POINT('',(50.871061183231,-2.952595423286,
    1.35827800658));
#6845 = CARTESIAN_POINT('',(51.333952195352,-2.774374885523,
    1.383741474596));
#6846 = CARTESIAN_POINT('',(51.75417915514,-2.513604660038,
    1.409241245884));
#6847 = CARTESIAN_POINT('',(52.114772457766,-2.181478247901,
    1.434803330861));
#6848 = CARTESIAN_POINT('',(52.567327500057,-1.576216065533,
    1.474900283614));
#6849 = CARTESIAN_POINT('',(52.708638332024,-1.338107465515,
    1.489508854008));
#6850 = CARTESIAN_POINT('',(52.824015495266,-1.085370762089,
    1.504115525041));
#6851 = CARTESIAN_POINT('',(52.911713206944,-0.821517237853,
    1.51871613025));
#6852 = CARTESIAN_POINT('',(52.970575770027,-0.550173732821,
    1.533311008421));
#6853 = CARTESIAN_POINT('',(53.,-0.275067150884,1.547904280832));
#6854 = CARTESIAN_POINT('',(53.,-8.881784197001E-16,1.562495660531));
#6855 = PCURVE('',#2771,#6856);
#6856 = DEFINITIONAL_REPRESENTATION('',(#6857),#6914);
#6857 = B_SPLINE_CURVE_WITH_KNOTS('',7,(#6858,#6859,#6860,#6861,#6862,
    #6863,#6864,#6865,#6866,#6867,#6868,#6869,#6870,#6871,#6872,#6873,
    #6874,#6875,#6876,#6877,#6878,#6879,#6880,#6881,#6882,#6883,#6884,
    #6885,#6886,#6887,#6888,#6889,#6890,#6891,#6892,#6893,#6894,#6895,
    #6896,#6897,#6898,#6899,#6900,#6901,#6902,#6903,#6904,#6905,#6906,
    #6907,#6908,#6909,#6910,#6911,#6912,#6913),.UNSPECIFIED.,.F.,.F.,(8,
    6,6,6,6,6,6,6,6,8),(0.,0.185206400726,0.380009315405,0.46057523465,
    0.580754088629,0.606585456823,0.689731927339,0.719407872358,
    0.897896388284,1.),.UNSPECIFIED.);
#6858 = CARTESIAN_POINT('',(0.115428351737,12.724532412067));
#6859 = CARTESIAN_POINT('',(0.115390096716,12.892712231801));
#6860 = CARTESIAN_POINT('',(0.115387260511,13.061351679592));
#6861 = CARTESIAN_POINT('',(0.115521355152,13.229547121466));
#6862 = CARTESIAN_POINT('',(0.115538090787,13.397781565637));
#6863 = CARTESIAN_POINT('',(0.115513409244,13.565993224608));
#6864 = CARTESIAN_POINT('',(0.115485966277,13.734667135706));
#6865 = CARTESIAN_POINT('',(0.115450569291,14.079708218716));
#6866 = CARTESIAN_POINT('',(0.115442915194,14.257208876126));
#6867 = CARTESIAN_POINT('',(0.115466895587,14.434093748014));
#6868 = CARTESIAN_POINT('',(0.115484875501,14.611037585969));
#6869 = CARTESIAN_POINT('',(0.115459522371,14.787944545773));
#6870 = CARTESIAN_POINT('',(0.11545081857,14.965467045188));
#6871 = CARTESIAN_POINT('',(0.115458507987,15.215472387628));
#6872 = CARTESIAN_POINT('',(0.115463520393,15.288613078089));
#6873 = CARTESIAN_POINT('',(0.115471274932,15.36176418323));
#6874 = CARTESIAN_POINT('',(0.115481040441,15.434932496879));
#6875 = CARTESIAN_POINT('',(0.115491375145,15.508116675939));
#6876 = CARTESIAN_POINT('',(0.11550012665,15.581307240389));
#6877 = CARTESIAN_POINT('',(0.115510854092,15.763646978136));
#6878 = CARTESIAN_POINT('',(0.115505746621,15.872754261702));
#6879 = CARTESIAN_POINT('',(0.1154864877,15.981866778545));
#6880 = CARTESIAN_POINT('',(0.115456138867,16.091013284324));
#6881 = CARTESIAN_POINT('',(0.115423445034,16.200192935793));
#6882 = CARTESIAN_POINT('',(0.115402834484,16.3093752908));
#6883 = CARTESIAN_POINT('',(0.115416908837,16.441955753342));
#6884 = CARTESIAN_POINT('',(0.115420463275,16.465411271207));
#6885 = CARTESIAN_POINT('',(0.115425057822,16.488867035028));
#6886 = CARTESIAN_POINT('',(0.115430552022,16.512323214262));
#6887 = CARTESIAN_POINT('',(0.115436689332,16.535779974681));
#6888 = CARTESIAN_POINT('',(0.11544309712,16.55923747837));
#6889 = CARTESIAN_POINT('',(0.115469209686,16.658204218987));
#6890 = CARTESIAN_POINT('',(0.115468868093,16.73373055857));
#6891 = CARTESIAN_POINT('',(0.115455055528,16.809249587284));
#6892 = CARTESIAN_POINT('',(0.115434946048,16.884752284783));
#6893 = CARTESIAN_POINT('',(0.115416094134,16.96024592557));
#6894 = CARTESIAN_POINT('',(0.115406434686,17.035754078999));
#6895 = CARTESIAN_POINT('',(0.115417084188,17.138285757577));
#6896 = CARTESIAN_POINT('',(0.115421086326,17.165255083989));
#6897 = CARTESIAN_POINT('',(0.115426076998,17.192224826815));
#6898 = CARTESIAN_POINT('',(0.115431834764,17.219195232034));
#6899 = CARTESIAN_POINT('',(0.115438129186,17.246166553304));
#6900 = CARTESIAN_POINT('',(0.115444720826,17.273139051959));
#6901 = CARTESIAN_POINT('',(0.115491300641,17.462350102426));
#6902 = CARTESIAN_POINT('',(0.11553703647,17.624977532933));
#6903 = CARTESIAN_POINT('',(0.115519982805,17.787322095951));
#6904 = CARTESIAN_POINT('',(0.115476874059,17.949464565405));
#6905 = CARTESIAN_POINT('',(0.115451896264,18.111780329061));
#6906 = CARTESIAN_POINT('',(0.115452149293,18.274412286047));
#6907 = CARTESIAN_POINT('',(0.115458894567,18.529498272783));
#6908 = CARTESIAN_POINT('',(0.115463293984,18.622427875669));
#6909 = CARTESIAN_POINT('',(0.115467435311,18.715346215333));
#6910 = CARTESIAN_POINT('',(0.115468311564,18.808236349278));
#6911 = CARTESIAN_POINT('',(0.115465440477,18.901101967082));
#6912 = CARTESIAN_POINT('',(0.115461270671,18.993961500021));
#6913 = CARTESIAN_POINT('',(0.115458103714,19.086805800826));
#6914 = ( GEOMETRIC_REPRESENTATION_CONTEXT(2) 
PARAMETRIC_REPRESENTATION_CONTEXT() REPRESENTATION_CONTEXT('2D SPACE',''
  ) );
#6915 = PCURVE('',#6916,#6921);
#6916 = CYLINDRICAL_SURFACE('',#6917,3.);
#6917 = AXIS2_PLACEMENT_3D('',#6918,#6919,#6920);
#6918 = CARTESIAN_POINT('',(50.,0.,0.));
#6919 = DIRECTION('',(-0.,-0.,-1.));
#6920 = DIRECTION('',(1.,0.,0.));
#6921 = DEFINITIONAL_REPRESENTATION('',(#6922),#6979);
#6922 = B_SPLINE_CURVE_WITH_KNOTS('',7,(#6923,#6924,#6925,#6926,#6927,
    #6928,#6929,#6930,#6931,#6932,#6933,#6934,#6935,#6936,#6937,#6938,
    #6939,#6940,#6941,#6942,#6943,#6944,#6945,#6946,#6947,#6948,#6949,
    #6950,#6951,#6952,#6953,#6954,#6955,#6956,#6957,#6958,#6959,#6960,
    #6961,#6962,#6963,#6964,#6965,#6966,#6967,#6968,#6969,#6970,#6971,
    #6972,#6973,#6974,#6975,#6976,#6977,#6978),.UNSPECIFIED.,.F.,.F.,(8,
    6,6,6,6,6,6,6,6,8),(0.,0.185206400726,0.380009315405,0.46057523465,
    0.580754088629,0.606585456823,0.689731927339,0.719407872358,
    0.897896388284,1.),.UNSPECIFIED.);
#6923 = CARTESIAN_POINT('',(0.,-0.562479486679));
#6924 = CARTESIAN_POINT('',(-0.166089134141,-0.588894312493));
#6925 = CARTESIAN_POINT('',(-0.332638176344,-0.615399090572));
#6926 = CARTESIAN_POINT('',(-0.49874720621,-0.641902546832));
#6927 = CARTESIAN_POINT('',(-0.664869629013,-0.668353453647));
#6928 = CARTESIAN_POINT('',(-0.830993546229,-0.694780070632));
#6929 = CARTESIAN_POINT('',(-0.997576797206,-0.721277962146));
#6930 = CARTESIAN_POINT('',(-1.338342769241,-0.77549269121));
#6931 = CARTESIAN_POINT('',(-1.513644202534,-0.803387836253));
#6932 = CARTESIAN_POINT('',(-1.688331130168,-0.831202011424));
#6933 = CARTESIAN_POINT('',(-1.863056452968,-0.859022454435));
#6934 = CARTESIAN_POINT('',(-2.037753894245,-0.886815434506));
#6935 = CARTESIAN_POINT('',(-2.213069832634,-0.91471348776));
#6936 = CARTESIAN_POINT('',(-2.459974472744,-0.954012353549));
#6937 = CARTESIAN_POINT('',(-2.532208976638,-0.965510873981));
#6938 = CARTESIAN_POINT('',(-2.604454047407,-0.977012402426));
#6939 = CARTESIAN_POINT('',(-2.676715859198,-0.988517641136));
#6940 = CARTESIAN_POINT('',(-2.748992677459,-1.000025658118));
#6941 = CARTESIAN_POINT('',(-2.821274858932,-1.011533887134));
#6942 = CARTESIAN_POINT('',(-3.001348808773,-1.040198813772));
#6943 = CARTESIAN_POINT('',(-3.109097034533,-1.057345385583));
#6944 = CARTESIAN_POINT('',(-3.216850127576,-1.074485704209));
#6945 = CARTESIAN_POINT('',(-3.324638241877,-1.091625820149));
#6946 = CARTESIAN_POINT('',(-3.432461086754,-1.108769973325));
#6947 = CARTESIAN_POINT('',(-3.540287926864,-1.125920593088));
#6948 = CARTESIAN_POINT('',(-3.671221704304,-1.146766193244));
#6949 = CARTESIAN_POINT('',(-3.694385843528,-1.150454631957));
#6950 = CARTESIAN_POINT('',(-3.717550136729,-1.154143629383));
#6951 = CARTESIAN_POINT('',(-3.7407147323,-1.157833141929));
#6952 = CARTESIAN_POINT('',(-3.76387979017,-1.161523067378));
#6953 = CARTESIAN_POINT('',(-3.787045481808,-1.16521324489));
#6954 = CARTESIAN_POINT('',(-3.88478076236,-1.180781569397));
#6955 = CARTESIAN_POINT('',(-3.959367000281,-1.192652381339));
#6956 = CARTESIAN_POINT('',(-4.033946342247,-1.204515308687));
#6957 = CARTESIAN_POINT('',(-4.108510227305,-1.216372520685));
#6958 = CARTESIAN_POINT('',(-4.183065895283,-1.228228937963));
#6959 = CARTESIAN_POINT('',(-4.257636386798,-1.240092232533));
#6960 = CARTESIAN_POINT('',(-4.358894774984,-1.256213150802));
#6961 = CARTESIAN_POINT('',(-4.385529133478,-1.260454102291));
#6962 = CARTESIAN_POINT('',(-4.412163822987,-1.264695613498));
#6963 = CARTESIAN_POINT('',(-4.438799065708,-1.268937612365));
#6964 = CARTESIAN_POINT('',(-4.46543510178,-1.273180023541));
#6965 = CARTESIAN_POINT('',(-4.492072189281,-1.277422768383));
#6966 = CARTESIAN_POINT('',(-4.678929635079,-1.307185631662));
#6967 = CARTESIAN_POINT('',(-4.83953008582,-1.332769746583));
#6968 = CARTESIAN_POINT('',(-4.999850829966,-1.35827800658));
#6969 = CARTESIAN_POINT('',(-5.15998391237,-1.383741474596));
#6970 = CARTESIAN_POINT('',(-5.320295830788,-1.409241245884));
#6971 = CARTESIAN_POINT('',(-5.480910983832,-1.434803330861));
#6972 = CARTESIAN_POINT('',(-5.732825514248,-1.474900283614));
#6973 = CARTESIAN_POINT('',(-5.824597817978,-1.489508854008));
#6974 = CARTESIAN_POINT('',(-5.916357080985,-1.504115525041));
#6975 = CARTESIAN_POINT('',(-6.00808738075,-1.51871613025));
#6976 = CARTESIAN_POINT('',(-6.099794025129,-1.533311008421));
#6977 = CARTESIAN_POINT('',(-6.191496256885,-1.547904280832));
#6978 = CARTESIAN_POINT('',(-6.28318530718,-1.562495660531));
#6979 = ( GEOMETRIC_REPRESENTATION_CONTEXT(2) 
PARAMETRIC_REPRESENTATION_CONTEXT() REPRESENTATION_CONTEXT('2D SPACE',''
  ) );
#6980 = ORIENTED_EDGE('',*,*,#6981,.F.);
#6981 = EDGE_CURVE('',#3266,#6795,#6982,.T.);
#6982 = SURFACE_CURVE('',#6983,(#6989,#6998),.PCURVE_S1.);
#6983 = B_SPLINE_CURVE_WITH_KNOTS('',4,(#6984,#6985,#6986,#6987,#6988),
  .UNSPECIFIED.,.F.,.F.,(5,5),(0.,1.),.PIECEWISE_BEZIER_KNOTS.);
#6984 = CARTESIAN_POINT('',(52.771787334759,-1.147691147857,0.4999994));
#6985 = CARTESIAN_POINT('',(52.884394096505,-0.875734710274,
    0.515626388205));
#6986 = CARTESIAN_POINT('',(52.961461890661,-0.589051046857,
    0.531267992512));
#6987 = CARTESIAN_POINT('',(53.,-0.294275297757,0.546878966368));
#6988 = CARTESIAN_POINT('',(53.,2.22044604925E-16,0.562479486679));
#6989 = PCURVE('',#2771,#6990);
#6990 = DEFINITIONAL_REPRESENTATION('',(#6991),#6997);
#6991 = B_SPLINE_CURVE_WITH_KNOTS('',4,(#6992,#6993,#6994,#6995,#6996),
  .UNSPECIFIED.,.F.,.F.,(5,5),(0.,1.),.PIECEWISE_BEZIER_KNOTS.);
#6992 = CARTESIAN_POINT('',(0.115428290376,12.327017730341));
#6993 = CARTESIAN_POINT('',(0.115450946165,12.426368701351));
#6994 = CARTESIAN_POINT('',(0.115503924478,12.525716203754));
#6995 = CARTESIAN_POINT('',(0.115450945043,12.625205893237));
#6996 = CARTESIAN_POINT('',(0.115428351737,12.724532412067));
#6997 = ( GEOMETRIC_REPRESENTATION_CONTEXT(2) 
PARAMETRIC_REPRESENTATION_CONTEXT() REPRESENTATION_CONTEXT('2D SPACE',''
  ) );
#6998 = PCURVE('',#6999,#7004);
#6999 = CYLINDRICAL_SURFACE('',#7000,3.);
#7000 = AXIS2_PLACEMENT_3D('',#7001,#7002,#7003);
#7001 = CARTESIAN_POINT('',(50.,0.,0.));
#7002 = DIRECTION('',(-0.,-0.,-1.));
#7003 = DIRECTION('',(1.,0.,0.));
#7004 = DEFINITIONAL_REPRESENTATION('',(#7005),#7011);
#7005 = B_SPLINE_CURVE_WITH_KNOTS('',4,(#7006,#7007,#7008,#7009,#7010),
  .UNSPECIFIED.,.F.,.F.,(5,5),(0.,1.),.PIECEWISE_BEZIER_KNOTS.);
#7006 = CARTESIAN_POINT('',(-5.890615802115,-0.4999994));
#7007 = CARTESIAN_POINT('',(-5.988731712442,-0.515626388205));
#7008 = CARTESIAN_POINT('',(-6.086842035746,-0.531267992512));
#7009 = CARTESIAN_POINT('',(-6.18509354126,-0.546878966368));
#7010 = CARTESIAN_POINT('',(-6.28318530718,-0.562479486679));
#7011 = ( GEOMETRIC_REPRESENTATION_CONTEXT(2) 
PARAMETRIC_REPRESENTATION_CONTEXT() REPRESENTATION_CONTEXT('2D SPACE',''
  ) );
#7012 = ADVANCED_FACE('',(#7013),#3536,.F.);
#7013 = FACE_BOUND('',#7014,.F.);
#7014 = EDGE_LOOP('',(#7015,#7016,#7040,#7135));
#7015 = ORIENTED_EDGE('',*,*,#3452,.T.);
#7016 = ORIENTED_EDGE('',*,*,#7017,.T.);
#7017 = EDGE_CURVE('',#3264,#7018,#7020,.T.);
#7018 = VERTEX_POINT('',#7019);
#7019 = CARTESIAN_POINT('',(51.484426750007,-2.011585748574,0.));
#7020 = SURFACE_CURVE('',#7021,(#7026,#7033),.PCURVE_S1.);
#7021 = CIRCLE('',#7022,2.5);
#7022 = AXIS2_PLACEMENT_3D('',#7023,#7024,#7025);
#7023 = CARTESIAN_POINT('',(50.,0.,0.));
#7024 = DIRECTION('',(0.,0.,1.));
#7025 = DIRECTION('',(1.,0.,-0.));
#7026 = PCURVE('',#3536,#7027);
#7027 = DEFINITIONAL_REPRESENTATION('',(#7028),#7032);
#7028 = CIRCLE('',#7029,2.5);
#7029 = AXIS2_PLACEMENT_2D('',#7030,#7031);
#7030 = CARTESIAN_POINT('',(0.,-1.054420088418E-16));
#7031 = DIRECTION('',(1.,0.));
#7032 = ( GEOMETRIC_REPRESENTATION_CONTEXT(2) 
PARAMETRIC_REPRESENTATION_CONTEXT() REPRESENTATION_CONTEXT('2D SPACE',''
  ) );
#7033 = PCURVE('',#3387,#7034);
#7034 = DEFINITIONAL_REPRESENTATION('',(#7035),#7039);
#7035 = LINE('',#7036,#7037);
#7036 = CARTESIAN_POINT('',(0.,-0.5));
#7037 = VECTOR('',#7038,1.);
#7038 = DIRECTION('',(1.,-0.));
#7039 = ( GEOMETRIC_REPRESENTATION_CONTEXT(2) 
PARAMETRIC_REPRESENTATION_CONTEXT() REPRESENTATION_CONTEXT('2D SPACE',''
  ) );
#7040 = ORIENTED_EDGE('',*,*,#7041,.T.);
#7041 = EDGE_CURVE('',#7018,#7042,#7044,.T.);
#7042 = VERTEX_POINT('',#7043);
#7043 = CARTESIAN_POINT('',(51.738585907425,-1.738587083084,
    -5.763390417279E-17));
#7044 = SURFACE_CURVE('',#7045,(#7073,#7104),.PCURVE_S1.);
#7045 = B_SPLINE_CURVE_WITH_KNOTS('',6,(#7046,#7047,#7048,#7049,#7050,
    #7051,#7052,#7053,#7054,#7055,#7056,#7057,#7058,#7059,#7060,#7061,
    #7062,#7063,#7064,#7065,#7066,#7067,#7068,#7069,#7070,#7071,#7072),
  .UNSPECIFIED.,.F.,.F.,(7,5,5,5,5,7),(0.,0.302240688862,0.434157249575,
    0.562795666934,0.790457381868,1.),.UNSPECIFIED.);
#7046 = CARTESIAN_POINT('',(46.901356107103,-9.281986312049E-02,0.));
#7047 = CARTESIAN_POINT('',(46.940583339304,-0.421911469916,0.));
#7048 = CARTESIAN_POINT('',(47.022177699258,-0.745719847211,0.));
#7049 = CARTESIAN_POINT('',(47.145780723515,-1.05701443687,0.));
#7050 = CARTESIAN_POINT('',(47.309335680031,-1.348946315615,0.));
#7051 = CARTESIAN_POINT('',(47.509531791301,-1.61490569176,0.));
#7052 = CARTESIAN_POINT('',(47.842209102728,-1.951143831663,0.));
#7053 = CARTESIAN_POINT('',(47.949287858867,-2.047249136318,0.));
#7054 = CARTESIAN_POINT('',(48.061941835051,-2.136813846415,0.));
#7055 = CARTESIAN_POINT('',(48.179701785576,-2.219393462347,0.));
#7056 = CARTESIAN_POINT('',(48.302049596615,-2.29458380021,0.));
#7057 = CARTESIAN_POINT('',(48.551645154019,-2.427788747004,0.));
#7058 = CARTESIAN_POINT('',(48.678698088847,-2.486184792978,0.));
#7059 = CARTESIAN_POINT('',(48.809040558709,-2.536893755262,0.));
#7060 = CARTESIAN_POINT('',(48.942105248415,-2.579643325919,0.));
#7061 = CARTESIAN_POINT('',(49.077292784716,-2.61421319136,0.));
#7062 = CARTESIAN_POINT('',(49.455862062683,-2.686857697816,0.));
#7063 = CARTESIAN_POINT('',(49.702482441072,-2.707157535186,0.));
#7064 = CARTESIAN_POINT('',(49.950241858817,-2.700400446015,0.));
#7065 = CARTESIAN_POINT('',(50.195431933578,-2.666340744161,0.));
#7066 = CARTESIAN_POINT('',(50.434236731653,-2.605326284323,0.));
#7067 = CARTESIAN_POINT('',(50.873178684336,-2.438721882895,0.));
#7068 = CARTESIAN_POINT('',(51.07494838919,-2.337040759487,0.));
#7069 = CARTESIAN_POINT('',(51.265082196896,-2.214457268469,0.));
#7070 = CARTESIAN_POINT('',(51.440767092936,-2.07245235848,0.));
#7071 = CARTESIAN_POINT('',(51.599367669928,-1.912973089131,0.));
#7072 = CARTESIAN_POINT('',(51.738585907425,-1.738587083084,0.));
#7073 = PCURVE('',#3536,#7074);
#7074 = DEFINITIONAL_REPRESENTATION('',(#7075),#7103);
#7075 = B_SPLINE_CURVE_WITH_KNOTS('',6,(#7076,#7077,#7078,#7079,#7080,
    #7081,#7082,#7083,#7084,#7085,#7086,#7087,#7088,#7089,#7090,#7091,
    #7092,#7093,#7094,#7095,#7096,#7097,#7098,#7099,#7100,#7101,#7102),
  .UNSPECIFIED.,.F.,.F.,(7,5,5,5,5,7),(0.,0.302240688862,0.434157249575,
    0.562795666934,0.790457381868,1.),.UNSPECIFIED.);
#7076 = CARTESIAN_POINT('',(-3.098643892897,-9.281986312049E-02));
#7077 = CARTESIAN_POINT('',(-3.059416660696,-0.421911469916));
#7078 = CARTESIAN_POINT('',(-2.977822300742,-0.745719847211));
#7079 = CARTESIAN_POINT('',(-2.854219276485,-1.05701443687));
#7080 = CARTESIAN_POINT('',(-2.690664319969,-1.348946315615));
#7081 = CARTESIAN_POINT('',(-2.490468208699,-1.61490569176));
#7082 = CARTESIAN_POINT('',(-2.157790897272,-1.951143831663));
#7083 = CARTESIAN_POINT('',(-2.050712141133,-2.047249136318));
#7084 = CARTESIAN_POINT('',(-1.938058164949,-2.136813846415));
#7085 = CARTESIAN_POINT('',(-1.820298214424,-2.219393462347));
#7086 = CARTESIAN_POINT('',(-1.697950403385,-2.29458380021));
#7087 = CARTESIAN_POINT('',(-1.448354845981,-2.427788747004));
#7088 = CARTESIAN_POINT('',(-1.321301911153,-2.486184792978));
#7089 = CARTESIAN_POINT('',(-1.190959441291,-2.536893755262));
#7090 = CARTESIAN_POINT('',(-1.057894751585,-2.579643325919));
#7091 = CARTESIAN_POINT('',(-0.922707215284,-2.61421319136));
#7092 = CARTESIAN_POINT('',(-0.544137937317,-2.686857697816));
#7093 = CARTESIAN_POINT('',(-0.297517558928,-2.707157535186));
#7094 = CARTESIAN_POINT('',(-4.975814118336E-02,-2.700400446015));
#7095 = CARTESIAN_POINT('',(0.195431933578,-2.666340744161));
#7096 = CARTESIAN_POINT('',(0.434236731653,-2.605326284323));
#7097 = CARTESIAN_POINT('',(0.873178684336,-2.438721882895));
#7098 = CARTESIAN_POINT('',(1.07494838919,-2.337040759487));
#7099 = CARTESIAN_POINT('',(1.265082196896,-2.214457268469));
#7100 = CARTESIAN_POINT('',(1.440767092936,-2.07245235848));
#7101 = CARTESIAN_POINT('',(1.599367669928,-1.912973089131));
#7102 = CARTESIAN_POINT('',(1.738585907425,-1.738587083084));
#7103 = ( GEOMETRIC_REPRESENTATION_CONTEXT(2) 
PARAMETRIC_REPRESENTATION_CONTEXT() REPRESENTATION_CONTEXT('2D SPACE',''
  ) );
#7104 = PCURVE('',#2251,#7105);
#7105 = DEFINITIONAL_REPRESENTATION('',(#7106),#7134);
#7106 = B_SPLINE_CURVE_WITH_KNOTS('',6,(#7107,#7108,#7109,#7110,#7111,
    #7112,#7113,#7114,#7115,#7116,#7117,#7118,#7119,#7120,#7121,#7122,
    #7123,#7124,#7125,#7126,#7127,#7128,#7129,#7130,#7131,#7132,#7133),
  .UNSPECIFIED.,.F.,.F.,(7,5,5,5,5,7),(0.,0.302240688862,0.434157249575,
    0.562795666934,0.790457381868,1.),.UNSPECIFIED.);
#7107 = CARTESIAN_POINT('',(0.740470053838,3.211449183899));
#7108 = CARTESIAN_POINT('',(0.706573289861,3.319279102383));
#7109 = CARTESIAN_POINT('',(0.672317896082,3.428249858132));
#7110 = CARTESIAN_POINT('',(0.637722098918,3.538303485515));
#7111 = CARTESIAN_POINT('',(0.602762435538,3.649514672721));
#7112 = CARTESIAN_POINT('',(0.567404218778,3.761993715825));
#7113 = CARTESIAN_POINT('',(0.516055415565,3.925340829483));
#7114 = CARTESIAN_POINT('',(0.5003770903,3.97521558334));
#7115 = CARTESIAN_POINT('',(0.484621594987,4.025335815284));
#7116 = CARTESIAN_POINT('',(0.468787326653,4.075706625749));
#7117 = CARTESIAN_POINT('',(0.452872781958,4.126332806874));
#7118 = CARTESIAN_POINT('',(0.421279370711,4.226835491857));
#7119 = CARTESIAN_POINT('',(0.405603362332,4.276702861395));
#7120 = CARTESIAN_POINT('',(0.389848756115,4.326820249352));
#7121 = CARTESIAN_POINT('',(0.374013960348,4.377192728757));
#7122 = CARTESIAN_POINT('',(0.358097165052,4.427826065444));
#7123 = CARTESIAN_POINT('',(0.313780682409,4.56880242341));
#7124 = CARTESIAN_POINT('',(0.285196690764,4.659731761565));
#7125 = CARTESIAN_POINT('',(0.256348389831,4.751501956078));
#7126 = CARTESIAN_POINT('',(0.227222843581,4.844154144298));
#7127 = CARTESIAN_POINT('',(0.197802239974,4.937744946182));
#7128 = CARTESIAN_POINT('',(0.140736159594,5.119279581418));
#7129 = CARTESIAN_POINT('',(0.113127136585,5.207107454964));
#7130 = CARTESIAN_POINT('',(8.526152435105E-02,5.295751525435));
#7131 = CARTESIAN_POINT('',(5.712700723774E-02,5.385250956136));
#7132 = CARTESIAN_POINT('',(2.870712134963E-02,5.475658135914));
#7133 = CARTESIAN_POINT('',(0.,5.566979031714));
#7134 = ( GEOMETRIC_REPRESENTATION_CONTEXT(2) 
PARAMETRIC_REPRESENTATION_CONTEXT() REPRESENTATION_CONTEXT('2D SPACE',''
  ) );
#7135 = ORIENTED_EDGE('',*,*,#7136,.T.);
#7136 = EDGE_CURVE('',#7042,#3453,#7137,.T.);
#7137 = SURFACE_CURVE('',#7138,(#7183,#7231),.PCURVE_S1.);
#7138 = B_SPLINE_CURVE_WITH_KNOTS('',7,(#7139,#7140,#7141,#7142,#7143,
    #7144,#7145,#7146,#7147,#7148,#7149,#7150,#7151,#7152,#7153,#7154,
    #7155,#7156,#7157,#7158,#7159,#7160,#7161,#7162,#7163,#7164,#7165,
    #7166,#7167,#7168,#7169,#7170,#7171,#7172,#7173,#7174,#7175,#7176,
    #7177,#7178,#7179,#7180,#7181,#7182),.UNSPECIFIED.,.F.,.F.,(8,6,6,6,
    6,6,6,8),(0.,9.940467159543E-02,0.218892692036,0.499855950408,
    0.666773638673,0.780936342784,0.900517148897,1.),.UNSPECIFIED.);
#7139 = CARTESIAN_POINT('',(51.738585907425,-1.738587083084,0.));
#7140 = CARTESIAN_POINT('',(51.767827383453,-1.701958949391,0.));
#7141 = CARTESIAN_POINT('',(51.797640844508,-1.663869500176,0.));
#7142 = CARTESIAN_POINT('',(51.827611012004,-1.624478337479,0.));
#7143 = CARTESIAN_POINT('',(51.857457787749,-1.583900451714,0.));
#7144 = CARTESIAN_POINT('',(51.886978346331,-1.542223837556,0.));
#7145 = CARTESIAN_POINT('',(51.91601655962,-1.49951471772,0.));
#7146 = CARTESIAN_POINT('',(51.978649503838,-1.403276169223,0.));
#7147 = CARTESIAN_POINT('',(52.011964988002,-1.349325706626,0.));
#7148 = CARTESIAN_POINT('',(52.044192047902,-1.29405397407,0.));
#7149 = CARTESIAN_POINT('',(52.075170441378,-1.237547836999,0.));
#7150 = CARTESIAN_POINT('',(52.104772757543,-1.179889993251,0.));
#7151 = CARTESIAN_POINT('',(52.132892669907,-1.121160565777,0.));
#7152 = CARTESIAN_POINT('',(52.22187166767,-0.921001211355,0.));
#7153 = CARTESIAN_POINT('',(52.275617741116,-0.775069003382,0.));
#7154 = CARTESIAN_POINT('',(52.319513481173,-0.624697150964,0.));
#7155 = CARTESIAN_POINT('',(52.352897249539,-0.470938662637,0.));
#7156 = CARTESIAN_POINT('',(52.375313188152,-0.314886831515,0.));
#7157 = CARTESIAN_POINT('',(52.38653257948,-0.157675670878,0.));
#7158 = CARTESIAN_POINT('',(52.386579212474,9.288423469389E-02,0.));
#7159 = CARTESIAN_POINT('',(52.382646869137,0.186266802663,0.));
#7160 = CARTESIAN_POINT('',(52.374765691237,0.27941020852,0.));
#7161 = CARTESIAN_POINT('',(52.362962394202,0.372076241753,0.));
#7162 = CARTESIAN_POINT('',(52.347291871586,0.464029898695,0.));
#7163 = CARTESIAN_POINT('',(52.327839545877,0.555038528169,0.));
#7164 = CARTESIAN_POINT('',(52.288913739567,0.706311531435,0.));
#7165 = CARTESIAN_POINT('',(52.271389873235,0.767202810326,0.));
#7166 = CARTESIAN_POINT('',(52.252190535949,0.827471391604,0.));
#7167 = CARTESIAN_POINT('',(52.231360909903,0.887045280679,0.));
#7168 = CARTESIAN_POINT('',(52.208954905047,0.945853569766,0.));
#7169 = CARTESIAN_POINT('',(52.185037120281,1.003826097069,0.));
#7170 = CARTESIAN_POINT('',(52.133129281448,1.12066848516,0.));
#7171 = CARTESIAN_POINT('',(52.105000969094,1.179448218643,0.));
#7172 = CARTESIAN_POINT('',(52.075387593836,1.237155337962,0.));
#7173 = CARTESIAN_POINT('',(52.044395583027,1.293709527283,0.));
#7174 = CARTESIAN_POINT('',(52.012152477126,1.349027895306,0.));
#7175 = CARTESIAN_POINT('',(51.978818702549,1.403023382217,0.));
#7176 = CARTESIAN_POINT('',(51.916148385027,1.499341530335,0.));
#7177 = CARTESIAN_POINT('',(51.887091704195,1.542085722987,0.));
#7178 = CARTESIAN_POINT('',(51.857551476172,1.58379603424,0.));
#7179 = CARTESIAN_POINT('',(51.827684063633,1.624406110133,0.));
#7180 = CARTESIAN_POINT('',(51.797692617192,1.663827786573,0.));
#7181 = CARTESIAN_POINT('',(51.767857744044,1.701945853439,0.));
#7182 = CARTESIAN_POINT('',(51.738595606721,1.738600384332,0.));
#7183 = PCURVE('',#3536,#7184);
#7184 = DEFINITIONAL_REPRESENTATION('',(#7185),#7230);
#7185 = B_SPLINE_CURVE_WITH_KNOTS('',7,(#7186,#7187,#7188,#7189,#7190,
    #7191,#7192,#7193,#7194,#7195,#7196,#7197,#7198,#7199,#7200,#7201,
    #7202,#7203,#7204,#7205,#7206,#7207,#7208,#7209,#7210,#7211,#7212,
    #7213,#7214,#7215,#7216,#7217,#7218,#7219,#7220,#7221,#7222,#7223,
    #7224,#7225,#7226,#7227,#7228,#7229),.UNSPECIFIED.,.F.,.F.,(8,6,6,6,
    6,6,6,8),(0.,9.940467159543E-02,0.218892692036,0.499855950408,
    0.666773638673,0.780936342784,0.900517148897,1.),.UNSPECIFIED.);
#7186 = CARTESIAN_POINT('',(1.738585907425,-1.738587083084));
#7187 = CARTESIAN_POINT('',(1.767827383453,-1.701958949391));
#7188 = CARTESIAN_POINT('',(1.797640844508,-1.663869500176));
#7189 = CARTESIAN_POINT('',(1.827611012004,-1.624478337479));
#7190 = CARTESIAN_POINT('',(1.857457787749,-1.583900451714));
#7191 = CARTESIAN_POINT('',(1.886978346331,-1.542223837556));
#7192 = CARTESIAN_POINT('',(1.91601655962,-1.49951471772));
#7193 = CARTESIAN_POINT('',(1.978649503838,-1.403276169223));
#7194 = CARTESIAN_POINT('',(2.011964988002,-1.349325706626));
#7195 = CARTESIAN_POINT('',(2.044192047902,-1.29405397407));
#7196 = CARTESIAN_POINT('',(2.075170441378,-1.237547836999));
#7197 = CARTESIAN_POINT('',(2.104772757543,-1.179889993251));
#7198 = CARTESIAN_POINT('',(2.132892669907,-1.121160565777));
#7199 = CARTESIAN_POINT('',(2.22187166767,-0.921001211355));
#7200 = CARTESIAN_POINT('',(2.275617741116,-0.775069003382));
#7201 = CARTESIAN_POINT('',(2.319513481173,-0.624697150964));
#7202 = CARTESIAN_POINT('',(2.352897249539,-0.470938662637));
#7203 = CARTESIAN_POINT('',(2.375313188152,-0.314886831515));
#7204 = CARTESIAN_POINT('',(2.38653257948,-0.157675670878));
#7205 = CARTESIAN_POINT('',(2.386579212474,9.288423469389E-02));
#7206 = CARTESIAN_POINT('',(2.382646869137,0.186266802663));
#7207 = CARTESIAN_POINT('',(2.374765691237,0.27941020852));
#7208 = CARTESIAN_POINT('',(2.362962394202,0.372076241753));
#7209 = CARTESIAN_POINT('',(2.347291871586,0.464029898695));
#7210 = CARTESIAN_POINT('',(2.327839545877,0.555038528169));
#7211 = CARTESIAN_POINT('',(2.288913739567,0.706311531435));
#7212 = CARTESIAN_POINT('',(2.271389873235,0.767202810326));
#7213 = CARTESIAN_POINT('',(2.252190535949,0.827471391604));
#7214 = CARTESIAN_POINT('',(2.231360909903,0.887045280679));
#7215 = CARTESIAN_POINT('',(2.208954905047,0.945853569766));
#7216 = CARTESIAN_POINT('',(2.185037120281,1.003826097069));
#7217 = CARTESIAN_POINT('',(2.133129281448,1.12066848516));
#7218 = CARTESIAN_POINT('',(2.105000969094,1.179448218643));
#7219 = CARTESIAN_POINT('',(2.075387593836,1.237155337962));
#7220 = CARTESIAN_POINT('',(2.044395583027,1.293709527283));
#7221 = CARTESIAN_POINT('',(2.012152477126,1.349027895306));
#7222 = CARTESIAN_POINT('',(1.978818702549,1.403023382217));
#7223 = CARTESIAN_POINT('',(1.916148385027,1.499341530335));
#7224 = CARTESIAN_POINT('',(1.887091704195,1.542085722987));
#7225 = CARTESIAN_POINT('',(1.857551476172,1.58379603424));
#7226 = CARTESIAN_POINT('',(1.827684063633,1.624406110133));
#7227 = CARTESIAN_POINT('',(1.797692617192,1.663827786573));
#7228 = CARTESIAN_POINT('',(1.767857744044,1.701945853439));
#7229 = CARTESIAN_POINT('',(1.738595606721,1.738600384332));
#7230 = ( GEOMETRIC_REPRESENTATION_CONTEXT(2) 
PARAMETRIC_REPRESENTATION_CONTEXT() REPRESENTATION_CONTEXT('2D SPACE',''
  ) );
#7231 = PCURVE('',#592,#7232);
#7232 = DEFINITIONAL_REPRESENTATION('',(#7233),#7278);
#7233 = B_SPLINE_CURVE_WITH_KNOTS('',7,(#7234,#7235,#7236,#7237,#7238,
    #7239,#7240,#7241,#7242,#7243,#7244,#7245,#7246,#7247,#7248,#7249,
    #7250,#7251,#7252,#7253,#7254,#7255,#7256,#7257,#7258,#7259,#7260,
    #7261,#7262,#7263,#7264,#7265,#7266,#7267,#7268,#7269,#7270,#7271,
    #7272,#7273,#7274,#7275,#7276,#7277),.UNSPECIFIED.,.F.,.F.,(8,6,6,6,
    6,6,6,8),(0.,9.940467159543E-02,0.218892692036,0.499855950408,
    0.666773638673,0.780936342784,0.900517148897,1.),.UNSPECIFIED.);
#7234 = CARTESIAN_POINT('',(2.094395102393,5.566979031714));
#7235 = CARTESIAN_POINT('',(2.052619334065,5.586160123455));
#7236 = CARTESIAN_POINT('',(2.012873004491,5.606028390236));
#7237 = CARTESIAN_POINT('',(1.974781108726,5.626420668558));
#7238 = CARTESIAN_POINT('',(1.938100488794,5.647228990917));
#7239 = CARTESIAN_POINT('',(1.902644783331,5.668377673993));
#7240 = CARTESIAN_POINT('',(1.868248983607,5.689812539639));
#7241 = CARTESIAN_POINT('',(1.794534965865,5.737574109642));
#7242 = CARTESIAN_POINT('',(1.755641879424,5.764003308097));
#7243 = CARTESIAN_POINT('',(1.717867688714,5.790720605911));
#7244 = CARTESIAN_POINT('',(1.681049647306,5.817677199367));
#7245 = CARTESIAN_POINT('',(1.64505933845,5.84483641937));
#7246 = CARTESIAN_POINT('',(1.60978714117,5.872169239787));
#7247 = CARTESIAN_POINT('',(1.493673425998,5.964280170559));
#7248 = CARTESIAN_POINT('',(1.415666691986,6.029742969238));
#7249 = CARTESIAN_POINT('',(1.339948384146,6.095727558168));
#7250 = CARTESIAN_POINT('',(1.265820450888,6.162076977188));
#7251 = CARTESIAN_POINT('',(1.19268371243,6.228660448139));
#7252 = CARTESIAN_POINT('',(1.120042551041,6.295367109846));
#7253 = CARTESIAN_POINT('',(1.004272238172,6.401680792746));
#7254 = CARTESIAN_POINT('',(0.961126277412,6.44130305433));
#7255 = CARTESIAN_POINT('',(0.917876080398,6.480900462192));
#7256 = CARTESIAN_POINT('',(0.874417138106,6.520449252295));
#7257 = CARTESIAN_POINT('',(0.830638648088,6.559924834224));
#7258 = CARTESIAN_POINT('',(0.786417808093,6.599298933256));
#7259 = CARTESIAN_POINT('',(0.710970794307,6.665373272665));
#7260 = CARTESIAN_POINT('',(0.680054386996,6.692146455273));
#7261 = CARTESIAN_POINT('',(0.648818871491,6.718845192285));
#7262 = CARTESIAN_POINT('',(0.617214229032,6.745457533517));
#7263 = CARTESIAN_POINT('',(0.58518360781,6.771969688864));
#7264 = CARTESIAN_POINT('',(0.552660492416,6.798365050593));
#7265 = CARTESIAN_POINT('',(0.484900600896,6.852127579417));
#7266 = CARTESIAN_POINT('',(0.449609217969,6.879480373585));
#7267 = CARTESIAN_POINT('',(0.413599281326,6.906659543382));
#7268 = CARTESIAN_POINT('',(0.376761022163,6.933636044628));
#7269 = CARTESIAN_POINT('',(0.33896585197,6.960373179359));
#7270 = CARTESIAN_POINT('',(0.300050798566,6.986822094245));
#7271 = CARTESIAN_POINT('',(0.226293770874,7.034619614612));
#7272 = CARTESIAN_POINT('',(0.19187734446,7.056070754108));
#7273 = CARTESIAN_POINT('',(0.156399876758,7.077235514203));
#7274 = CARTESIAN_POINT('',(0.119696074818,7.098059636145));
#7275 = CARTESIAN_POINT('',(8.157926640264E-02,7.118467312989));
#7276 = CARTESIAN_POINT('',(4.180585036814E-02,7.138350377919));
#7277 = CARTESIAN_POINT('',(0.,7.157545316396));
#7278 = ( GEOMETRIC_REPRESENTATION_CONTEXT(2) 
PARAMETRIC_REPRESENTATION_CONTEXT() REPRESENTATION_CONTEXT('2D SPACE',''
  ) );
#7279 = ADVANCED_FACE('',(#7280),#3939,.T.);
#7280 = FACE_BOUND('',#7281,.F.);
#7281 = EDGE_LOOP('',(#7282,#7283,#7306,#7470));
#7282 = ORIENTED_EDGE('',*,*,#3827,.T.);
#7283 = ORIENTED_EDGE('',*,*,#7284,.F.);
#7284 = EDGE_CURVE('',#7285,#2735,#7287,.T.);
#7285 = VERTEX_POINT('',#7286);
#7286 = CARTESIAN_POINT('',(53.,0.,19.437501568356));
#7287 = SURFACE_CURVE('',#7288,(#7292,#7299),.PCURVE_S1.);
#7288 = LINE('',#7289,#7290);
#7289 = CARTESIAN_POINT('',(53.,0.,0.));
#7290 = VECTOR('',#7291,1.);
#7291 = DIRECTION('',(0.,0.,1.));
#7292 = PCURVE('',#3939,#7293);
#7293 = DEFINITIONAL_REPRESENTATION('',(#7294),#7298);
#7294 = LINE('',#7295,#7296);
#7295 = CARTESIAN_POINT('',(-6.28318530718,0.));
#7296 = VECTOR('',#7297,1.);
#7297 = DIRECTION('',(-0.,-1.));
#7298 = ( GEOMETRIC_REPRESENTATION_CONTEXT(2) 
PARAMETRIC_REPRESENTATION_CONTEXT() REPRESENTATION_CONTEXT('2D SPACE',''
  ) );
#7299 = PCURVE('',#502,#7300);
#7300 = DEFINITIONAL_REPRESENTATION('',(#7301),#7305);
#7301 = LINE('',#7302,#7303);
#7302 = CARTESIAN_POINT('',(-0.,0.));
#7303 = VECTOR('',#7304,1.);
#7304 = DIRECTION('',(-0.,-1.));
#7305 = ( GEOMETRIC_REPRESENTATION_CONTEXT(2) 
PARAMETRIC_REPRESENTATION_CONTEXT() REPRESENTATION_CONTEXT('2D SPACE',''
  ) );
#7306 = ORIENTED_EDGE('',*,*,#7307,.F.);
#7307 = EDGE_CURVE('',#7308,#7285,#7310,.T.);
#7308 = VERTEX_POINT('',#7309);
#7309 = CARTESIAN_POINT('',(53.,0.,18.437520083674));
#7310 = SURFACE_CURVE('',#7311,(#7362,#7416),.PCURVE_S1.);
#7311 = B_SPLINE_CURVE_WITH_KNOTS('',7,(#7312,#7313,#7314,#7315,#7316,
    #7317,#7318,#7319,#7320,#7321,#7322,#7323,#7324,#7325,#7326,#7327,
    #7328,#7329,#7330,#7331,#7332,#7333,#7334,#7335,#7336,#7337,#7338,
    #7339,#7340,#7341,#7342,#7343,#7344,#7345,#7346,#7347,#7348,#7349,
    #7350,#7351,#7352,#7353,#7354,#7355,#7356,#7357,#7358,#7359,#7360,
    #7361),.UNSPECIFIED.,.F.,.F.,(8,6,6,6,6,6,6,6,8),(0.,
    7.525565719658E-02,0.103813536833,0.268315969079,0.387509988077,
    0.553954827298,0.693083869783,0.836615910185,1.),.UNSPECIFIED.);
#7312 = CARTESIAN_POINT('',(53.,7.105427357601E-15,18.437520083674));
#7313 = CARTESIAN_POINT('',(53.,0.202730457723,18.448267505073));
#7314 = CARTESIAN_POINT('',(52.983971928369,0.405657333998,
    18.459021629318));
#7315 = CARTESIAN_POINT('',(52.951964762069,0.607044462667,
    18.469780741694));
#7316 = CARTESIAN_POINT('',(52.904176948526,0.805290362831,
    18.480543288777));
#7317 = CARTESIAN_POINT('',(52.84095640563,0.998928238846,
    18.491307878435));
#7318 = CARTESIAN_POINT('',(52.762800521734,1.186625980327,
    18.502073279824));
#7319 = CARTESIAN_POINT('',(52.6352755361,1.43570481086,18.516923560454)
  );
#7320 = CARTESIAN_POINT('',(52.598180830027,1.503101037179,
    18.521003722462));
#7321 = CARTESIAN_POINT('',(52.559100243747,1.569338638303,
    18.525080858923));
#7322 = CARTESIAN_POINT('',(52.518064466785,1.634370452914,
    18.529156396461));
#7323 = CARTESIAN_POINT('',(52.475109065819,1.698140252829,
    18.533231243739));
#7324 = CARTESIAN_POINT('',(52.430276878622,1.760584634655,
    18.537305796371));
#7325 = CARTESIAN_POINT('',(52.114864359034,2.173303843047,
    18.564848310193));
#7326 = CARTESIAN_POINT('',(51.784979711718,2.479485046795,
    18.588354798368));
#7327 = CARTESIAN_POINT('',(51.404065019176,2.726047368121,
    18.611832898959));
#7328 = CARTESIAN_POINT('',(50.985434096356,2.903720709739,
    18.635343727396));
#7329 = CARTESIAN_POINT('',(50.543463240539,3.006459971597,
    18.65885481106));
#7330 = CARTESIAN_POINT('',(50.093922210381,3.031050833289,
    18.682402670117));
#7331 = CARTESIAN_POINT('',(49.33533939121,2.94298742539,18.722922366805
    ));
#7332 = CARTESIAN_POINT('',(49.021109932975,2.866190927833,
    18.73994216851));
#7333 = CARTESIAN_POINT('',(48.717607348837,2.750351419109,
    18.756963196923));
#7334 = CARTESIAN_POINT('',(48.430573026488,2.597252204502,
    18.773987637012));
#7335 = CARTESIAN_POINT('',(48.165249186225,2.409705924633,18.7910142324
    ));
#7336 = CARTESIAN_POINT('',(47.926378880948,2.191554555467,
    18.808038285365));
#7337 = CARTESIAN_POINT('',(47.427509343517,1.607103460043,
    18.848809458636));
#7338 = CARTESIAN_POINT('',(47.195652214876,1.2153647121,18.872606272159
    ));
#7339 = CARTESIAN_POINT('',(47.034491557201,0.785732627268,
    18.896358093866));
#7340 = CARTESIAN_POINT('',(46.950356047262,0.333589094348,
    18.920091847427));
#7341 = CARTESIAN_POINT('',(46.946151661711,-0.125303404522,
    18.943824046282));
#7342 = CARTESIAN_POINT('',(47.021634825918,-0.574342303255,
    18.967619822628));
#7343 = CARTESIAN_POINT('',(47.294771975761,-1.349759879828,
    19.011250094405));
#7344 = CARTESIAN_POINT('',(47.470742167164,-1.685318132554,
    19.031160076161));
#7345 = CARTESIAN_POINT('',(47.695147256477,-1.993402130956,
    19.051051159443));
#7346 = CARTESIAN_POINT('',(47.962469029384,-2.265884403132,
    19.070955699077));
#7347 = CARTESIAN_POINT('',(48.265989140217,-2.496041001828,
    19.090791772643));
#7348 = CARTESIAN_POINT('',(48.597797921957,-2.678437561629,
    19.110632763612));
#7349 = CARTESIAN_POINT('',(49.310249281454,-2.945073255374,
    19.151006955319));
#7350 = CARTESIAN_POINT('',(49.692993528888,-3.02619363429,
    19.171530975076));
#7351 = CARTESIAN_POINT('',(50.08591177655,-3.049212607463,
    19.192052686283));
#7352 = CARTESIAN_POINT('',(50.478460820048,-3.012687863414,
    19.212559147958));
#7353 = CARTESIAN_POINT('',(50.860349907997,-2.91756203137,
    19.233049257175));
#7354 = CARTESIAN_POINT('',(51.22154074202,-2.767162681262,
    19.25353374907));
#7355 = CARTESIAN_POINT('',(51.928694566177,-2.339585263979,
    19.297372218829));
#7356 = CARTESIAN_POINT('',(52.266626605567,-2.047139782714,
    19.320755665043));
#7357 = CARTESIAN_POINT('',(52.552050081623,-1.698557904395,
    19.344112034423));
#7358 = CARTESIAN_POINT('',(52.773949715203,-1.305145915751,
    19.367447868008));
#7359 = CARTESIAN_POINT('',(52.924620543129,-0.880433599625,
    19.390797528579));
#7360 = CARTESIAN_POINT('',(53.,-0.43978346883,19.414170980299));
#7361 = CARTESIAN_POINT('',(53.,3.552713678801E-15,19.437501568356));
#7362 = PCURVE('',#3939,#7363);
#7363 = DEFINITIONAL_REPRESENTATION('',(#7364),#7415);
#7364 = B_SPLINE_CURVE_WITH_KNOTS('',7,(#7365,#7366,#7367,#7368,#7369,
    #7370,#7371,#7372,#7373,#7374,#7375,#7376,#7377,#7378,#7379,#7380,
    #7381,#7382,#7383,#7384,#7385,#7386,#7387,#7388,#7389,#7390,#7391,
    #7392,#7393,#7394,#7395,#7396,#7397,#7398,#7399,#7400,#7401,#7402,
    #7403,#7404,#7405,#7406,#7407,#7408,#7409,#7410,#7411,#7412,#7413,
    #7414),.UNSPECIFIED.,.F.,.F.,(8,6,6,6,6,6,6,6,8),(0.,
    7.525565719658E-02,0.103813536833,0.268315969079,0.387509988077,
    0.553954827298,0.693083869783,0.836615910185,1.),.UNSPECIFIED.);
#7365 = CARTESIAN_POINT('',(0.,-18.43752008367));
#7366 = CARTESIAN_POINT('',(-6.757681924092E-02,-18.44826750507));
#7367 = CARTESIAN_POINT('',(-0.135215820998,-18.45902162931));
#7368 = CARTESIAN_POINT('',(-0.202851930874,-18.46978074169));
#7369 = CARTESIAN_POINT('',(-0.270452210393,-18.48054328877));
#7370 = CARTESIAN_POINT('',(-0.338015856996,-18.49130787843));
#7371 = CARTESIAN_POINT('',(-0.405574204048,-18.50207327982));
#7372 = CARTESIAN_POINT('',(-0.498849713386,-18.51692356045));
#7373 = CARTESIAN_POINT('',(-0.524481688748,-18.52100372246));
#7374 = CARTESIAN_POINT('',(-0.550099064682,-18.52508085892));
#7375 = CARTESIAN_POINT('',(-0.575710625674,-18.52915639646));
#7376 = CARTESIAN_POINT('',(-0.601321651291,-18.53323124373));
#7377 = CARTESIAN_POINT('',(-0.626934044546,-18.53730579637));
#7378 = CARTESIAN_POINT('',(-0.800082087333,-18.56484831019));
#7379 = CARTESIAN_POINT('',(-0.947943769618,-18.58835479836));
#7380 = CARTESIAN_POINT('',(-1.095586318745,-18.61183289895));
#7381 = CARTESIAN_POINT('',(-1.243214621502,-18.63534372739));
#7382 = CARTESIAN_POINT('',(-1.39085881222,-18.65885481106));
#7383 = CARTESIAN_POINT('',(-1.538761342875,-18.68240267011));
#7384 = CARTESIAN_POINT('',(-1.793320451347,-18.7229223668));
#7385 = CARTESIAN_POINT('',(-1.900267720504,-18.73994216851));
#7386 = CARTESIAN_POINT('',(-2.007229426792,-18.75696319692));
#7387 = CARTESIAN_POINT('',(-2.114208370812,-18.77398763701));
#7388 = CARTESIAN_POINT('',(-2.221190914036,-18.7910142324));
#7389 = CARTESIAN_POINT('',(-2.328146978805,-18.80803828536));
#7390 = CARTESIAN_POINT('',(-2.584283639013,-18.84880945863));
#7391 = CARTESIAN_POINT('',(-2.733778726433,-18.87260627215));
#7392 = CARTESIAN_POINT('',(-2.883008605969,-18.89635809386));
#7393 = CARTESIAN_POINT('',(-3.032219627699,-18.92009184742));
#7394 = CARTESIAN_POINT('',(-3.181461372689,-18.94382404628));
#7395 = CARTESIAN_POINT('',(-3.330998370156,-18.96761982262));
#7396 = CARTESIAN_POINT('',(-3.605037361843,-19.0112500944));
#7397 = CARTESIAN_POINT('',(-3.730024390323,-19.03116007616));
#7398 = CARTESIAN_POINT('',(-3.854910215047,-19.05105115944));
#7399 = CARTESIAN_POINT('',(-3.979747583393,-19.07095569907));
#7400 = CARTESIAN_POINT('',(-4.104567825118,-19.09079177264));
#7401 = CARTESIAN_POINT('',(-4.229464781978,-19.11063276361));
#7402 = CARTESIAN_POINT('',(-4.48303518264,-19.15100695531));
#7403 = CARTESIAN_POINT('',(-4.611884679505,-19.17153097507));
#7404 = CARTESIAN_POINT('',(-4.740775364251,-19.19205268628));
#7405 = CARTESIAN_POINT('',(-4.869671368951,-19.21255914795));
#7406 = CARTESIAN_POINT('',(-4.998549139513,-19.23304925717));
#7407 = CARTESIAN_POINT('',(-5.127397435686,-19.25353374907));
#7408 = CARTESIAN_POINT('',(-5.40285442543,-19.29737221882));
#7409 = CARTESIAN_POINT('',(-5.549701782036,-19.32075566504));
#7410 = CARTESIAN_POINT('',(-5.696381369202,-19.34411203442));
#7411 = CARTESIAN_POINT('',(-5.842973884036,-19.367447868));
#7412 = CARTESIAN_POINT('',(-5.989698200515,-19.39079752857));
#7413 = CARTESIAN_POINT('',(-6.13659081757,-19.41417098029));
#7414 = CARTESIAN_POINT('',(-6.28318530718,-19.43750156835));
#7415 = ( GEOMETRIC_REPRESENTATION_CONTEXT(2) 
PARAMETRIC_REPRESENTATION_CONTEXT() REPRESENTATION_CONTEXT('2D SPACE',''
  ) );
#7416 = PCURVE('',#2251,#7417);
#7417 = DEFINITIONAL_REPRESENTATION('',(#7418),#7469);
#7418 = B_SPLINE_CURVE_WITH_KNOTS('',7,(#7419,#7420,#7421,#7422,#7423,
    #7424,#7425,#7426,#7427,#7428,#7429,#7430,#7431,#7432,#7433,#7434,
    #7435,#7436,#7437,#7438,#7439,#7440,#7441,#7442,#7443,#7444,#7445,
    #7446,#7447,#7448,#7449,#7450,#7451,#7452,#7453,#7454,#7455,#7456,
    #7457,#7458,#7459,#7460,#7461,#7462,#7463,#7464,#7465,#7466,#7467,
    #7468),.UNSPECIFIED.,.F.,.F.,(8,6,6,6,6,6,6,6,8),(0.,
    7.525565719658E-02,0.103813536833,0.268315969079,0.387509988077,
    0.553954827298,0.693083869783,0.836615910185,1.),.UNSPECIFIED.);
#7419 = CARTESIAN_POINT('',(0.625040842929,120.88303535084));
#7420 = CARTESIAN_POINT('',(0.625025278093,120.95146280901));
#7421 = CARTESIAN_POINT('',(0.625003104362,121.01995393618));
#7422 = CARTESIAN_POINT('',(0.624991711954,121.0884425024));
#7423 = CARTESIAN_POINT('',(0.624998583293,121.15689482183));
#7424 = CARTESIAN_POINT('',(0.625021293009,121.22530975277));
#7425 = CARTESIAN_POINT('',(0.625047507937,121.29371869763));
#7426 = CARTESIAN_POINT('',(0.625057825305,121.38816729941));
#7427 = CARTESIAN_POINT('',(0.625059336978,121.41412156307));
#7428 = CARTESIAN_POINT('',(0.625059457179,121.44006100383));
#7429 = CARTESIAN_POINT('',(0.625058231291,121.46599455391));
#7430 = CARTESIAN_POINT('',(0.625055785232,121.49192759389));
#7431 = CARTESIAN_POINT('',(0.625052295644,121.51786207885));
#7432 = CARTESIAN_POINT('',(0.62502298588,121.69318809226));
#7433 = CARTESIAN_POINT('',(0.624969706942,121.84291208941));
#7434 = CARTESIAN_POINT('',(0.624927101557,121.99242152345));
#7435 = CARTESIAN_POINT('',(0.624956002789,122.14191170887));
#7436 = CARTESIAN_POINT('',(0.624983805109,122.29140701389));
#7437 = CARTESIAN_POINT('',(0.625003040754,122.44116354546));
#7438 = CARTESIAN_POINT('',(0.625016456351,122.69891792212));
#7439 = CARTESIAN_POINT('',(0.625014293926,122.807209292));
#7440 = CARTESIAN_POINT('',(0.625009118033,122.91551805276));
#7441 = CARTESIAN_POINT('',(0.625004366187,123.02384717055));
#7442 = CARTESIAN_POINT('',(0.625002127954,123.1321820048));
#7443 = CARTESIAN_POINT('',(0.625003144942,123.2404903082));
#7444 = CARTESIAN_POINT('',(0.625011929901,123.49985937619));
#7445 = CARTESIAN_POINT('',(0.62501936925,123.65123734759));
#7446 = CARTESIAN_POINT('',(0.625023373951,123.80233999511));
#7447 = CARTESIAN_POINT('',(0.624999622568,123.95341598419));
#7448 = CARTESIAN_POINT('',(0.624960364813,124.1045314093));
#7449 = CARTESIAN_POINT('',(0.624952337992,124.25595198173));
#7450 = CARTESIAN_POINT('',(0.624981804301,124.53344560246));
#7451 = CARTESIAN_POINT('',(0.625016620207,124.66000743117));
#7452 = CARTESIAN_POINT('',(0.625043070418,124.78647563621));
#7453 = CARTESIAN_POINT('',(0.625121373905,124.91286449942));
#7454 = CARTESIAN_POINT('',(0.625059586228,125.03926341426));
#7455 = CARTESIAN_POINT('',(0.624985471247,125.1657328284));
#7456 = CARTESIAN_POINT('',(0.625018932116,125.42249769728));
#7457 = CARTESIAN_POINT('',(0.625053414418,125.55296725994));
#7458 = CARTESIAN_POINT('',(0.625070138465,125.68347862628));
#7459 = CARTESIAN_POINT('',(0.625054085063,125.81399724029));
#7460 = CARTESIAN_POINT('',(0.625010465335,125.94449950763));
#7461 = CARTESIAN_POINT('',(0.624964720726,126.0749727956));
#7462 = CARTESIAN_POINT('',(0.624960021299,126.35389971262));
#7463 = CARTESIAN_POINT('',(0.62498447597,126.50259360364));
#7464 = CARTESIAN_POINT('',(0.625010239268,126.6511110618));
#7465 = CARTESIAN_POINT('',(0.625023095465,126.79953892497));
#7466 = CARTESIAN_POINT('',(0.625019832077,126.94810603752));
#7467 = CARTESIAN_POINT('',(0.625007811086,127.09685237468));
#7468 = CARTESIAN_POINT('',(0.625004540167,127.24529816679));
#7469 = ( GEOMETRIC_REPRESENTATION_CONTEXT(2) 
PARAMETRIC_REPRESENTATION_CONTEXT() REPRESENTATION_CONTEXT('2D SPACE',''
  ) );
#7470 = ORIENTED_EDGE('',*,*,#7471,.T.);
#7471 = EDGE_CURVE('',#7308,#3828,#7472,.T.);
#7472 = SURFACE_CURVE('',#7473,(#7477,#7484),.PCURVE_S1.);
#7473 = LINE('',#7474,#7475);
#7474 = CARTESIAN_POINT('',(53.,0.,0.));
#7475 = VECTOR('',#7476,1.);
#7476 = DIRECTION('',(0.,0.,1.));
#7477 = PCURVE('',#3939,#7478);
#7478 = DEFINITIONAL_REPRESENTATION('',(#7479),#7483);
#7479 = LINE('',#7480,#7481);
#7480 = CARTESIAN_POINT('',(-0.,0.));
#7481 = VECTOR('',#7482,1.);
#7482 = DIRECTION('',(-0.,-1.));
#7483 = ( GEOMETRIC_REPRESENTATION_CONTEXT(2) 
PARAMETRIC_REPRESENTATION_CONTEXT() REPRESENTATION_CONTEXT('2D SPACE',''
  ) );
#7484 = PCURVE('',#4111,#7485);
#7485 = DEFINITIONAL_REPRESENTATION('',(#7486),#7490);
#7486 = LINE('',#7487,#7488);
#7487 = CARTESIAN_POINT('',(-6.28318530718,0.));
#7488 = VECTOR('',#7489,1.);
#7489 = DIRECTION('',(-0.,-1.));
#7490 = ( GEOMETRIC_REPRESENTATION_CONTEXT(2) 
PARAMETRIC_REPRESENTATION_CONTEXT() REPRESENTATION_CONTEXT('2D SPACE',''
  ) );
#7491 = ADVANCED_FACE('',(#7492),#4111,.T.);
#7492 = FACE_BOUND('',#7493,.F.);
#7493 = EDGE_LOOP('',(#7494,#7495,#7496,#7642));
#7494 = ORIENTED_EDGE('',*,*,#3999,.T.);
#7495 = ORIENTED_EDGE('',*,*,#7471,.F.);
#7496 = ORIENTED_EDGE('',*,*,#7497,.F.);
#7497 = EDGE_CURVE('',#7498,#7308,#7500,.T.);
#7498 = VERTEX_POINT('',#7499);
#7499 = CARTESIAN_POINT('',(53.,0.,17.43750390988));
#7500 = SURFACE_CURVE('',#7501,(#7546,#7594),.PCURVE_S1.);
#7501 = B_SPLINE_CURVE_WITH_KNOTS('',7,(#7502,#7503,#7504,#7505,#7506,
    #7507,#7508,#7509,#7510,#7511,#7512,#7513,#7514,#7515,#7516,#7517,
    #7518,#7519,#7520,#7521,#7522,#7523,#7524,#7525,#7526,#7527,#7528,
    #7529,#7530,#7531,#7532,#7533,#7534,#7535,#7536,#7537,#7538,#7539,
    #7540,#7541,#7542,#7543,#7544,#7545),.UNSPECIFIED.,.F.,.F.,(8,6,6,6,
    6,6,6,8),(0.,7.700887045823E-02,0.27089156379,0.394138268557,
    0.484508107614,0.598923452322,0.79234291852,1.),.UNSPECIFIED.);
#7502 = CARTESIAN_POINT('',(53.,1.33226762955E-15,17.43750390988));
#7503 = CARTESIAN_POINT('',(53.,0.207115970778,17.448490709878));
#7504 = CARTESIAN_POINT('',(52.983310628913,0.414337630381,
    17.45948189751));
#7505 = CARTESIAN_POINT('',(52.949922515978,0.619957836103,
    17.470475522806));
#7506 = CARTESIAN_POINT('',(52.900028551061,0.822328497025,
    17.481469728102));
#7507 = CARTESIAN_POINT('',(52.834023884652,1.019860574023,
    17.492462748038));
#7508 = CARTESIAN_POINT('',(52.752505927865,1.21102407976,
    17.503452909558));
#7509 = CARTESIAN_POINT('',(52.413995288802,1.855896864621,
    17.542097022749));
#7510 = CARTESIAN_POINT('',(52.077194602022,2.270100791601,
    17.569862564676));
#7511 = CARTESIAN_POINT('',(51.658439510043,2.610269298543,
    17.59753059079));
#7512 = CARTESIAN_POINT('',(51.178263002756,2.85927666909,
    17.625172169373));
#7513 = CARTESIAN_POINT('',(50.659024835548,3.005637544867,
    17.652817715115));
#7514 = CARTESIAN_POINT('',(50.126393329114,3.042330687105,
    17.680597953228));
#7515 = CARTESIAN_POINT('',(49.280972180123,2.931349444345,
    17.72586867023));
#7516 = CARTESIAN_POINT('',(48.95767174076,2.845837408893,17.74348444337
    ));
#7517 = CARTESIAN_POINT('',(48.646736406622,2.718741628372,
    17.761060523259));
#7518 = CARTESIAN_POINT('',(48.35445990781,2.552435328561,
    17.778673782776));
#7519 = CARTESIAN_POINT('',(48.086520837258,2.350197062291,
    17.796156044361));
#7520 = CARTESIAN_POINT('',(47.847962649455,2.116263417729,
    17.813758270391));
#7521 = CARTESIAN_POINT('',(47.492610660816,1.664947859302,
    17.844258359453));
#7522 = CARTESIAN_POINT('',(47.360212483754,1.459575633965,
    17.857171491559));
#7523 = CARTESIAN_POINT('',(47.247490535133,1.242071747635,
    17.870079370598));
#7524 = CARTESIAN_POINT('',(47.155807306992,1.014794232009,
    17.882974622589));
#7525 = CARTESIAN_POINT('',(47.086143972378,0.780146281387,
    17.895857913422));
#7526 = CARTESIAN_POINT('',(47.039100385342,0.540576252666,
    17.908737948855));
#7527 = CARTESIAN_POINT('',(46.984249256243,-7.811635289734E-03,
    17.937955695053));
#7528 = CARTESIAN_POINT('',(46.990329677733,-0.318080545363,
    17.954289891825));
#7529 = CARTESIAN_POINT('',(47.033608853994,-0.626594962588,
    17.970629897502));
#7530 = CARTESIAN_POINT('',(47.113652853766,-0.928005864606,
    17.986972606171));
#7531 = CARTESIAN_POINT('',(47.229121305951,-1.217249308984,
    18.003315973327));
#7532 = CARTESIAN_POINT('',(47.377767399615,-1.489546433214,
    18.019659015881));
#7533 = CARTESIAN_POINT('',(47.858480846842,-2.164477964245,
    18.063629355817));
#7534 = CARTESIAN_POINT('',(48.24758422669,-2.528982559852,
    18.091348771127));
#7535 = CARTESIAN_POINT('',(48.707440490199,-2.809179551029,
    18.118982023287));
#7536 = CARTESIAN_POINT('',(49.216074262757,-2.991231438958,
    18.14658114506));
#7537 = CARTESIAN_POINT('',(49.749149813211,-3.066506885815,
    18.174236805015));
#7538 = CARTESIAN_POINT('',(50.281039563375,-3.031853809244,
    18.201950296615));
#7539 = CARTESIAN_POINT('',(51.323265123857,-2.749813382982,
    18.259220609763));
#7540 = CARTESIAN_POINT('',(51.833800506364,-2.485713037071,
    18.289010443917));
#7541 = CARTESIAN_POINT('',(52.278968788759,-2.111423903395,
    18.318652267939));
#7542 = CARTESIAN_POINT('',(52.633363146797,-1.648356880931,
    18.34831669531));
#7543 = CARTESIAN_POINT('',(52.878367248813,-1.120951797859,
    18.378072954192));
#7544 = CARTESIAN_POINT('',(53.,-0.559156323846,18.407877331875));
#7545 = CARTESIAN_POINT('',(53.,7.105427357601E-15,18.437520083674));
#7546 = PCURVE('',#4111,#7547);
#7547 = DEFINITIONAL_REPRESENTATION('',(#7548),#7593);
#7548 = B_SPLINE_CURVE_WITH_KNOTS('',7,(#7549,#7550,#7551,#7552,#7553,
    #7554,#7555,#7556,#7557,#7558,#7559,#7560,#7561,#7562,#7563,#7564,
    #7565,#7566,#7567,#7568,#7569,#7570,#7571,#7572,#7573,#7574,#7575,
    #7576,#7577,#7578,#7579,#7580,#7581,#7582,#7583,#7584,#7585,#7586,
    #7587,#7588,#7589,#7590,#7591,#7592),.UNSPECIFIED.,.F.,.F.,(8,6,6,6,
    6,6,6,8),(0.,7.700887045823E-02,0.27089156379,0.394138268557,
    0.484508107614,0.598923452322,0.79234291852,1.),.UNSPECIFIED.);
#7549 = CARTESIAN_POINT('',(0.,-17.43750390988));
#7550 = CARTESIAN_POINT('',(-6.903865692598E-02,-17.44849070987));
#7551 = CARTESIAN_POINT('',(-0.138105888072,-17.45948189751));
#7552 = CARTESIAN_POINT('',(-0.207185594416,-17.4704755228));
#7553 = CARTESIAN_POINT('',(-0.276264019141,-17.4814697281));
#7554 = CARTESIAN_POINT('',(-0.345329747631,-17.49246274803));
#7555 = CARTESIAN_POINT('',(-0.414373707473,-17.50345290955));
#7556 = CARTESIAN_POINT('',(-0.657147118385,-17.54209702274));
#7557 = CARTESIAN_POINT('',(-0.831578382548,-17.56986256467));
#7558 = CARTESIAN_POINT('',(-1.005412943872,-17.59753059079));
#7559 = CARTESIAN_POINT('',(-1.179290611304,-17.62517216937));
#7560 = CARTESIAN_POINT('',(-1.353114043141,-17.65281771511));
#7561 = CARTESIAN_POINT('',(-1.527557389707,-17.68059795322));
#7562 = CARTESIAN_POINT('',(-1.811782213747,-17.72586867023));
#7563 = CARTESIAN_POINT('',(-1.922342155048,-17.74348444337));
#7564 = CARTESIAN_POINT('',(-2.032821840746,-17.76106052325));
#7565 = CARTESIAN_POINT('',(-2.143252890918,-17.77867378277));
#7566 = CARTESIAN_POINT('',(-2.253670365215,-17.79615604436));
#7567 = CARTESIAN_POINT('',(-2.364129465154,-17.81375827039));
#7568 = CARTESIAN_POINT('',(-2.555603504331,-17.84425835945));
#7569 = CARTESIAN_POINT('',(-2.636681225312,-17.85717149155));
#7570 = CARTESIAN_POINT('',(-2.717763023543,-17.87007937059));
#7571 = CARTESIAN_POINT('',(-2.798811866391,-17.88297462258));
#7572 = CARTESIAN_POINT('',(-2.879824813542,-17.89585791342));
#7573 = CARTESIAN_POINT('',(-2.960833016998,-17.90873794885));
#7574 = CARTESIAN_POINT('',(-3.144541095215,-17.93795569505));
#7575 = CARTESIAN_POINT('',(-3.247212814832,-17.95428989182));
#7576 = CARTESIAN_POINT('',(-3.349886332681,-17.9706298975));
#7577 = CARTESIAN_POINT('',(-3.452545358726,-17.98697260617));
#7578 = CARTESIAN_POINT('',(-3.555187860141,-18.00331597332));
#7579 = CARTESIAN_POINT('',(-3.657826061305,-18.01965901588));
#7580 = CARTESIAN_POINT('',(-3.934034112906,-18.06362935581));
#7581 = CARTESIAN_POINT('',(-4.108196083196,-18.09134877112));
#7582 = CARTESIAN_POINT('',(-4.281905345795,-18.11898202328));
#7583 = CARTESIAN_POINT('',(-4.455320292758,-18.14658114506));
#7584 = CARTESIAN_POINT('',(-4.628998813959,-18.17423680501));
#7585 = CARTESIAN_POINT('',(-4.803108456709,-18.20195029661));
#7586 = CARTESIAN_POINT('',(-5.163012907141,-18.25922060976));
#7587 = CARTESIAN_POINT('',(-5.35028242979,-18.28901044391));
#7588 = CARTESIAN_POINT('',(-5.536668278956,-18.31865226793));
#7589 = CARTESIAN_POINT('',(-5.723162691308,-18.34831669531));
#7590 = CARTESIAN_POINT('',(-5.90953079835,-18.37807295419));
#7591 = CARTESIAN_POINT('',(-6.096799865898,-18.40787733187));
#7592 = CARTESIAN_POINT('',(-6.28318530718,-18.43752008367));
#7593 = ( GEOMETRIC_REPRESENTATION_CONTEXT(2) 
PARAMETRIC_REPRESENTATION_CONTEXT() REPRESENTATION_CONTEXT('2D SPACE',''
  ) );
#7594 = PCURVE('',#2251,#7595);
#7595 = DEFINITIONAL_REPRESENTATION('',(#7596),#7641);
#7596 = B_SPLINE_CURVE_WITH_KNOTS('',7,(#7597,#7598,#7599,#7600,#7601,
    #7602,#7603,#7604,#7605,#7606,#7607,#7608,#7609,#7610,#7611,#7612,
    #7613,#7614,#7615,#7616,#7617,#7618,#7619,#7620,#7621,#7622,#7623,
    #7624,#7625,#7626,#7627,#7628,#7629,#7630,#7631,#7632,#7633,#7634,
    #7635,#7636,#7637,#7638,#7639,#7640),.UNSPECIFIED.,.F.,.F.,(8,6,6,6,
    6,6,6,8),(0.,7.700887045823E-02,0.27089156379,0.394138268557,
    0.484508107614,0.598923452322,0.79234291852,1.),.UNSPECIFIED.);
#7597 = CARTESIAN_POINT('',(0.625011090981,114.52076196208));
#7598 = CARTESIAN_POINT('',(0.625008706376,114.59067048235));
#7599 = CARTESIAN_POINT('',(0.625005637018,114.66060909619));
#7600 = CARTESIAN_POINT('',(0.625003204889,114.73056119199));
#7601 = CARTESIAN_POINT('',(0.625002187282,114.80051247814));
#7602 = CARTESIAN_POINT('',(0.625002816794,114.87045098301));
#7603 = CARTESIAN_POINT('',(0.625004781332,114.94036705498));
#7604 = CARTESIAN_POINT('',(0.625013374205,115.18620381385));
#7605 = CARTESIAN_POINT('',(0.625021148321,115.36283082264));
#7606 = CARTESIAN_POINT('',(0.625027011252,115.53884348964));
#7607 = CARTESIAN_POINT('',(0.624969132091,115.71489066256));
#7608 = CARTESIAN_POINT('',(0.62492890608,115.89090691796));
#7609 = CARTESIAN_POINT('',(0.624960432907,116.06755186754));
#7610 = CARTESIAN_POINT('',(0.625028799748,116.35535868819));
#7611 = CARTESIAN_POINT('',(0.625067939225,116.46731039978));
#7612 = CARTESIAN_POINT('',(0.62505339556,116.57918034494));
#7613 = CARTESIAN_POINT('',(0.62513214897,116.69099004685));
#7614 = CARTESIAN_POINT('',(0.624945957393,116.80280913018));
#7615 = CARTESIAN_POINT('',(0.624990765082,116.91465661978));
#7616 = CARTESIAN_POINT('',(0.625042031452,117.10854318825));
#7617 = CARTESIAN_POINT('',(0.625060693244,117.19064059284));
#7618 = CARTESIAN_POINT('',(0.625067750148,117.27274149262));
#7619 = CARTESIAN_POINT('',(0.625059960764,117.3548092837));
#7620 = CARTESIAN_POINT('',(0.625039420882,117.43684153569));
#7621 = CARTESIAN_POINT('',(0.625013563488,117.51886999168));
#7622 = CARTESIAN_POINT('',(0.624971856928,117.70489371348));
#7623 = CARTESIAN_POINT('',(0.624957832841,117.80886081648));
#7624 = CARTESIAN_POINT('',(0.624955227164,117.91282855383));
#7625 = CARTESIAN_POINT('',(0.62496340968,118.01677916971));
#7626 = CARTESIAN_POINT('',(0.624978979291,118.12071047576));
#7627 = CARTESIAN_POINT('',(0.624995764017,118.22463585118));
#7628 = CARTESIAN_POINT('',(0.625020131851,118.5043092946));
#7629 = CARTESIAN_POINT('',(0.625023555061,118.68065667442));
#7630 = CARTESIAN_POINT('',(0.624994902802,118.85655789759));
#7631 = CARTESIAN_POINT('',(0.624988629992,119.03217078232));
#7632 = CARTESIAN_POINT('',(0.625012600005,119.20804717167));
#7633 = CARTESIAN_POINT('',(0.62501957699,119.38434555826));
#7634 = CARTESIAN_POINT('',(0.625002713966,119.74876811812));
#7635 = CARTESIAN_POINT('',(0.624975599968,119.9383851944));
#7636 = CARTESIAN_POINT('',(0.624935269764,120.12710263303));
#7637 = CARTESIAN_POINT('',(0.624892132868,120.31597280939));
#7638 = CARTESIAN_POINT('',(0.625082080182,120.50468577074));
#7639 = CARTESIAN_POINT('',(0.625083772722,120.69430373948));
#7640 = CARTESIAN_POINT('',(0.625040842929,120.88303535084));
#7641 = ( GEOMETRIC_REPRESENTATION_CONTEXT(2) 
PARAMETRIC_REPRESENTATION_CONTEXT() REPRESENTATION_CONTEXT('2D SPACE',''
  ) );
#7642 = ORIENTED_EDGE('',*,*,#7643,.T.);
#7643 = EDGE_CURVE('',#7498,#4000,#7644,.T.);
#7644 = SURFACE_CURVE('',#7645,(#7649,#7656),.PCURVE_S1.);
#7645 = LINE('',#7646,#7647);
#7646 = CARTESIAN_POINT('',(53.,0.,0.));
#7647 = VECTOR('',#7648,1.);
#7648 = DIRECTION('',(0.,0.,1.));
#7649 = PCURVE('',#4111,#7650);
#7650 = DEFINITIONAL_REPRESENTATION('',(#7651),#7655);
#7651 = LINE('',#7652,#7653);
#7652 = CARTESIAN_POINT('',(-0.,0.));
#7653 = VECTOR('',#7654,1.);
#7654 = DIRECTION('',(-0.,-1.));
#7655 = ( GEOMETRIC_REPRESENTATION_CONTEXT(2) 
PARAMETRIC_REPRESENTATION_CONTEXT() REPRESENTATION_CONTEXT('2D SPACE',''
  ) );
#7656 = PCURVE('',#4269,#7657);
#7657 = DEFINITIONAL_REPRESENTATION('',(#7658),#7662);
#7658 = LINE('',#7659,#7660);
#7659 = CARTESIAN_POINT('',(-6.28318530718,0.));
#7660 = VECTOR('',#7661,1.);
#7661 = DIRECTION('',(-0.,-1.));
#7662 = ( GEOMETRIC_REPRESENTATION_CONTEXT(2) 
PARAMETRIC_REPRESENTATION_CONTEXT() REPRESENTATION_CONTEXT('2D SPACE',''
  ) );
#7663 = ADVANCED_FACE('',(#7664),#4269,.T.);
#7664 = FACE_BOUND('',#7665,.F.);
#7665 = EDGE_LOOP('',(#7666,#7667,#7668,#7835));
#7666 = ORIENTED_EDGE('',*,*,#4171,.T.);
#7667 = ORIENTED_EDGE('',*,*,#7643,.F.);
#7668 = ORIENTED_EDGE('',*,*,#7669,.F.);
#7669 = EDGE_CURVE('',#7670,#7498,#7672,.T.);
#7670 = VERTEX_POINT('',#7671);
#7671 = CARTESIAN_POINT('',(53.,0.,16.437528003133));
#7672 = SURFACE_CURVE('',#7673,(#7725,#7780),.PCURVE_S1.);
#7673 = B_SPLINE_CURVE_WITH_KNOTS('',8,(#7674,#7675,#7676,#7677,#7678,
    #7679,#7680,#7681,#7682,#7683,#7684,#7685,#7686,#7687,#7688,#7689,
    #7690,#7691,#7692,#7693,#7694,#7695,#7696,#7697,#7698,#7699,#7700,
    #7701,#7702,#7703,#7704,#7705,#7706,#7707,#7708,#7709,#7710,#7711,
    #7712,#7713,#7714,#7715,#7716,#7717,#7718,#7719,#7720,#7721,#7722,
    #7723,#7724),.UNSPECIFIED.,.F.,.F.,(9,7,7,7,7,7,7,9),(0.,
    8.944888395594E-02,0.149870881232,0.343727871433,0.503072169296,
    0.618899924455,0.839756932292,1.),.UNSPECIFIED.);
#7674 = CARTESIAN_POINT('',(53.,5.773159728051E-15,16.437528003133));
#7675 = CARTESIAN_POINT('',(53.,0.210527892617,16.44869976401));
#7676 = CARTESIAN_POINT('',(52.983119979672,0.421066983065,
    16.459861223539));
#7677 = CARTESIAN_POINT('',(52.949354461428,0.630011438174,
    16.47101995613));
#7678 = CARTESIAN_POINT('',(52.898875759641,0.835791983686,
    16.482181140744));
#7679 = CARTESIAN_POINT('',(52.832033980644,1.036875904256,
    16.493347560888));
#7680 = CARTESIAN_POINT('',(52.749357022728,1.231767043451,
    16.504519604617));
#7681 = CARTESIAN_POINT('',(52.651550576147,1.419005803752,
    16.515695264531));
#7682 = CARTESIAN_POINT('',(52.46380759784,1.717517042884,
    16.534418674234));
#7683 = CARTESIAN_POINT('',(52.381511564971,1.833904301712,
    16.541974928297));
#7684 = CARTESIAN_POINT('',(52.292913226373,1.945791174329,
    16.549530541743));
#7685 = CARTESIAN_POINT('',(52.19835218182,2.052722458472,
    16.557081194455));
#7686 = CARTESIAN_POINT('',(52.098183461906,2.154315437113,
    16.564625627295));
#7687 = CARTESIAN_POINT('',(51.992760564991,2.250246899597,
    16.572164982029));
#7688 = CARTESIAN_POINT('',(51.882422498152,2.340239245125,
    16.579702458279));
#7689 = CARTESIAN_POINT('',(51.398720581802,2.692928885705,
    16.611437166036));
#7690 = CARTESIAN_POINT('',(50.981992602364,2.898560890115,
    16.63570492411));
#7691 = CARTESIAN_POINT('',(50.531750459031,3.029435156005,
    16.659944402764));
#7692 = CARTESIAN_POINT('',(50.063852974681,3.08012971734,
    16.684188380876));
#7693 = CARTESIAN_POINT('',(49.594250040176,3.048876144361,
    16.708432302457));
#7694 = CARTESIAN_POINT('',(49.138953124786,2.936765209915,
    16.732678683925));
#7695 = CARTESIAN_POINT('',(48.714036440885,2.748568820299,
    16.756970067739));
#7696 = CARTESIAN_POINT('',(48.022370429836,2.286861951387,
    16.801084148773));
#7697 = CARTESIAN_POINT('',(47.739575891919,2.033607304147,
    16.821017356988));
#7698 = CARTESIAN_POINT('',(47.494383426559,1.740650275368,
    16.840944239372));
#7699 = CARTESIAN_POINT('',(47.293056083581,1.414671308511,
    16.860860522638));
#7700 = CARTESIAN_POINT('',(47.140389039026,1.063277577885,
    16.880777109802));
#7701 = CARTESIAN_POINT('',(47.039875184213,0.694749728661,
    16.900703378922));
#7702 = CARTESIAN_POINT('',(46.993410914169,0.318032637722,
    16.920632105015));
#7703 = CARTESIAN_POINT('',(47.005725802837,-0.329663600282,
    16.954986929239));
#7704 = CARTESIAN_POINT('',(47.039297424193,-0.602032252246,
    16.969454479341));
#7705 = CARTESIAN_POINT('',(47.101136871196,-0.870399891901,
    16.983926468816));
#7706 = CARTESIAN_POINT('',(47.190661438006,-1.131255333978,
    16.99840121446));
#7707 = CARTESIAN_POINT('',(47.306825821232,-1.381312076556,
    17.012877536511));
#7708 = CARTESIAN_POINT('',(47.448122119934,-1.617508301065,
    17.027354758652));
#7709 = CARTESIAN_POINT('',(47.612579835621,-1.837006872285,
    17.041832708006));
#7710 = CARTESIAN_POINT('',(48.15087324179,-2.418908905681,
    17.083919866464));
#7711 = CARTESIAN_POINT('',(48.58140649631,-2.732621063702,
    17.111664067987));
#7712 = CARTESIAN_POINT('',(49.07127393929,-2.956175461211,
    17.139383162662));
#7713 = CARTESIAN_POINT('',(49.597971662817,-3.079409562965,
    17.166486250017));
#7714 = CARTESIAN_POINT('',(50.138660320646,-3.095567006803,
    17.194745268897));
#7715 = CARTESIAN_POINT('',(50.66969420334,-3.005252208727,
    17.222039632588));
#7716 = CARTESIAN_POINT('',(51.166458510369,-2.812420301508,
    17.24980701254));
#7717 = CARTESIAN_POINT('',(51.924315435333,-2.332235032723,
    17.297378134796));
#7718 = CARTESIAN_POINT('',(52.21416920874,-2.084400874662,
    17.317401009078));
#7719 = CARTESIAN_POINT('',(52.466966210125,-1.79572237348,
    17.337416934759));
#7720 = CARTESIAN_POINT('',(52.676345123933,-1.472798836452,
    17.357431426538));
#7721 = CARTESIAN_POINT('',(52.83718397122,-1.123058985326,
    17.377443613596));
#7722 = CARTESIAN_POINT('',(52.945831157416,-0.754788564236,
    17.397464634802));
#7723 = CARTESIAN_POINT('',(53.,-0.377084442957,17.417500858732));
#7724 = CARTESIAN_POINT('',(53.,1.33226762955E-15,17.43750390988));
#7725 = PCURVE('',#4269,#7726);
#7726 = DEFINITIONAL_REPRESENTATION('',(#7727),#7779);
#7727 = B_SPLINE_CURVE_WITH_KNOTS('',8,(#7728,#7729,#7730,#7731,#7732,
    #7733,#7734,#7735,#7736,#7737,#7738,#7739,#7740,#7741,#7742,#7743,
    #7744,#7745,#7746,#7747,#7748,#7749,#7750,#7751,#7752,#7753,#7754,
    #7755,#7756,#7757,#7758,#7759,#7760,#7761,#7762,#7763,#7764,#7765,
    #7766,#7767,#7768,#7769,#7770,#7771,#7772,#7773,#7774,#7775,#7776,
    #7777,#7778),.UNSPECIFIED.,.F.,.F.,(9,7,7,7,7,7,7,9),(0.,
    8.944888395594E-02,0.149870881232,0.343727871433,0.503072169296,
    0.618899924455,0.839756932292,1.),.UNSPECIFIED.);
#7728 = CARTESIAN_POINT('',(0.,-16.43752800313));
#7729 = CARTESIAN_POINT('',(-7.017596420559E-02,-16.44869976401));
#7730 = CARTESIAN_POINT('',(-0.140346870158,-16.45986122353));
#7731 = CARTESIAN_POINT('',(-0.210521455921,-16.47101995613));
#7732 = CARTESIAN_POINT('',(-0.280703683982,-16.48218114074));
#7733 = CARTESIAN_POINT('',(-0.350892741252,-16.49334756088));
#7734 = CARTESIAN_POINT('',(-0.421083039066,-16.50451960461));
#7735 = CARTESIAN_POINT('',(-0.491264213184,-16.51569526453));
#7736 = CARTESIAN_POINT('',(-0.608811549177,-16.53441867423));
#7737 = CARTESIAN_POINT('',(-0.65625662609,-16.54197492829));
#7738 = CARTESIAN_POINT('',(-0.703712534834,-16.54953054174));
#7739 = CARTESIAN_POINT('',(-0.751154149574,-16.55708119445));
#7740 = CARTESIAN_POINT('',(-0.798571602017,-16.56462562729));
#7741 = CARTESIAN_POINT('',(-0.84596821906,-16.57216498202));
#7742 = CARTESIAN_POINT('',(-0.893359834392,-16.57970245827));
#7743 = CARTESIAN_POINT('',(-1.092903070157,-16.61143716603));
#7744 = CARTESIAN_POINT('',(-1.245529047216,-16.63570492411));
#7745 = CARTESIAN_POINT('',(-1.39786048205,-16.65994440276));
#7746 = CARTESIAN_POINT('',(-1.550068724587,-16.68418838087));
#7747 = CARTESIAN_POINT('',(-1.702279082401,-16.70843230245));
#7748 = CARTESIAN_POINT('',(-1.854616034139,-16.73267868392));
#7749 = CARTESIAN_POINT('',(-2.007250467946,-16.75697006773));
#7750 = CARTESIAN_POINT('',(-2.284453783551,-16.80108414877));
#7751 = CARTESIAN_POINT('',(-2.409713807432,-16.82101735698));
#7752 = CARTESIAN_POINT('',(-2.534914503902,-16.84094423937));
#7753 = CARTESIAN_POINT('',(-2.660023303715,-16.86086052263));
#7754 = CARTESIAN_POINT('',(-2.785126227169,-16.8807771098));
#7755 = CARTESIAN_POINT('',(-2.910313455491,-16.90070337892));
#7756 = CARTESIAN_POINT('',(-3.035560323509,-16.92063210501));
#7757 = CARTESIAN_POINT('',(-3.251498090575,-16.95498692923));
#7758 = CARTESIAN_POINT('',(-3.342451826888,-16.96945447934));
#7759 = CARTESIAN_POINT('',(-3.433427435993,-16.98392646881));
#7760 = CARTESIAN_POINT('',(-3.524398270478,-16.99840121446));
#7761 = CARTESIAN_POINT('',(-3.615348542069,-17.01287753651));
#7762 = CARTESIAN_POINT('',(-3.706273321641,-17.02735475865));
#7763 = CARTESIAN_POINT('',(-3.797178539207,-17.041832708));
#7764 = CARTESIAN_POINT('',(-4.061411131948,-17.08391986646));
#7765 = CARTESIAN_POINT('',(-4.235620666507,-17.11166406798));
#7766 = CARTESIAN_POINT('',(-4.409183525377,-17.13938316266));
#7767 = CARTESIAN_POINT('',(-4.582570836718,-17.16648625001));
#7768 = CARTESIAN_POINT('',(-4.755960583737,-17.19474526889));
#7769 = CARTESIAN_POINT('',(-4.929573841436,-17.22203963258));
#7770 = CARTESIAN_POINT('',(-5.103843392329,-17.24980701254));
#7771 = CARTESIAN_POINT('',(-5.402902102855,-17.29737813479));
#7772 = CARTESIAN_POINT('',(-5.528731381693,-17.31740100907));
#7773 = CARTESIAN_POINT('',(-5.654445695394,-17.33741693475));
#7774 = CARTESIAN_POINT('',(-5.780111874184,-17.35743142653));
#7775 = CARTESIAN_POINT('',(-5.905804083266,-17.37744361359));
#7776 = CARTESIAN_POINT('',(-6.031589560045,-17.3974646348));
#7777 = CARTESIAN_POINT('',(-6.157490492861,-17.41750085873));
#7778 = CARTESIAN_POINT('',(-6.28318530718,-17.43750390988));
#7779 = ( GEOMETRIC_REPRESENTATION_CONTEXT(2) 
PARAMETRIC_REPRESENTATION_CONTEXT() REPRESENTATION_CONTEXT('2D SPACE',''
  ) );
#7780 = PCURVE('',#2251,#7781);
#7781 = DEFINITIONAL_REPRESENTATION('',(#7782),#7834);
#7782 = B_SPLINE_CURVE_WITH_KNOTS('',8,(#7783,#7784,#7785,#7786,#7787,
    #7788,#7789,#7790,#7791,#7792,#7793,#7794,#7795,#7796,#7797,#7798,
    #7799,#7800,#7801,#7802,#7803,#7804,#7805,#7806,#7807,#7808,#7809,
    #7810,#7811,#7812,#7813,#7814,#7815,#7816,#7817,#7818,#7819,#7820,
    #7821,#7822,#7823,#7824,#7825,#7826,#7827,#7828,#7829,#7830,#7831,
    #7832,#7833),.UNSPECIFIED.,.F.,.F.,(9,7,7,7,7,7,7,9),(0.,
    8.944888395594E-02,0.149870881232,0.343727871433,0.503072169296,
    0.618899924455,0.839756932292,1.),.UNSPECIFIED.);
#7783 = CARTESIAN_POINT('',(0.625056118358,108.15850688023));
#7784 = CARTESIAN_POINT('',(0.625062200694,108.22956523618));
#7785 = CARTESIAN_POINT('',(0.625049282493,108.3006184954));
#7786 = CARTESIAN_POINT('',(0.625029592751,108.37167594629));
#7787 = CARTESIAN_POINT('',(0.625012162708,108.44274180922));
#7788 = CARTESIAN_POINT('',(0.625002825851,108.51381523653));
#7789 = CARTESIAN_POINT('',(0.625004217909,108.58489031252));
#7790 = CARTESIAN_POINT('',(0.62501577686,108.65595605346));
#7791 = CARTESIAN_POINT('',(0.625045878857,108.77498359197));
#7792 = CARTESIAN_POINT('',(0.625056188988,108.8230256859));
#7793 = CARTESIAN_POINT('',(0.625061917193,108.87107827971));
#7794 = CARTESIAN_POINT('',(0.625062344303,108.91911617544));
#7795 = CARTESIAN_POINT('',(0.625058002168,108.96712967027));
#7796 = CARTESIAN_POINT('',(0.625050053014,109.01512233124));
#7797 = CARTESIAN_POINT('',(0.625039834112,109.06311026118));
#7798 = CARTESIAN_POINT('',(0.624992420843,109.26516571343));
#7799 = CARTESIAN_POINT('',(0.624944385982,109.41971642963));
#7800 = CARTESIAN_POINT('',(0.624931982716,109.57397387581));
#7801 = CARTESIAN_POINT('',(0.624971019164,109.72809631233));
#7802 = CARTESIAN_POINT('',(0.625012317245,109.88221119479));
#7803 = CARTESIAN_POINT('',(0.625017763196,110.03645577801));
#7804 = CARTESIAN_POINT('',(0.625016380221,110.19100840163));
#7805 = CARTESIAN_POINT('',(0.625006796422,110.47170436848));
#7806 = CARTESIAN_POINT('',(0.625000145691,110.59854588089));
#7807 = CARTESIAN_POINT('',(0.624998647377,110.7253307562));
#7808 = CARTESIAN_POINT('',(0.625005512074,110.85202159329));
#7809 = CARTESIAN_POINT('',(0.625016347695,110.97870173184));
#7810 = CARTESIAN_POINT('',(0.625021371839,111.10546195661));
#7811 = CARTESIAN_POINT('',(0.625013170327,111.23227988583));
#7812 = CARTESIAN_POINT('',(0.624990429705,111.45092672691));
#7813 = CARTESIAN_POINT('',(0.62497515829,111.54302169678));
#7814 = CARTESIAN_POINT('',(0.624961415939,111.63514004696));
#7815 = CARTESIAN_POINT('',(0.624954149374,111.72725533233));
#7816 = CARTESIAN_POINT('',(0.624956023732,111.81935156878));
#7817 = CARTESIAN_POINT('',(0.624967422567,111.91142323327));
#7818 = CARTESIAN_POINT('',(0.62498644785,112.00347526378));
#7819 = CARTESIAN_POINT('',(0.625051769147,112.27103712912));
#7820 = CARTESIAN_POINT('',(0.625086730634,112.44744187794));
#7821 = CARTESIAN_POINT('',(0.625288640392,112.62315580717));
#7822 = CARTESIAN_POINT('',(0.62428729371,112.798778246));
#7823 = CARTESIAN_POINT('',(0.625620021813,112.9743300386));
#7824 = CARTESIAN_POINT('',(0.624949188101,113.15011802451));
#7825 = CARTESIAN_POINT('',(0.625010523568,113.32658634183));
#7826 = CARTESIAN_POINT('',(0.624957327768,113.62941565689));
#7827 = CARTESIAN_POINT('',(0.624949438084,113.75683158988));
#7828 = CARTESIAN_POINT('',(0.624965009199,113.88412868221));
#7829 = CARTESIAN_POINT('',(0.62499488703,114.0113711401));
#7830 = CARTESIAN_POINT('',(0.625012835447,114.13863688387));
#7831 = CARTESIAN_POINT('',(0.625017944865,114.26599967528));
#7832 = CARTESIAN_POINT('',(0.625015432498,114.39348343632));
#7833 = CARTESIAN_POINT('',(0.625011090981,114.52076196208));
#7834 = ( GEOMETRIC_REPRESENTATION_CONTEXT(2) 
PARAMETRIC_REPRESENTATION_CONTEXT() REPRESENTATION_CONTEXT('2D SPACE',''
  ) );
#7835 = ORIENTED_EDGE('',*,*,#7836,.T.);
#7836 = EDGE_CURVE('',#7670,#4172,#7837,.T.);
#7837 = SURFACE_CURVE('',#7838,(#7842,#7849),.PCURVE_S1.);
#7838 = LINE('',#7839,#7840);
#7839 = CARTESIAN_POINT('',(53.,0.,0.));
#7840 = VECTOR('',#7841,1.);
#7841 = DIRECTION('',(0.,0.,1.));
#7842 = PCURVE('',#4269,#7843);
#7843 = DEFINITIONAL_REPRESENTATION('',(#7844),#7848);
#7844 = LINE('',#7845,#7846);
#7845 = CARTESIAN_POINT('',(-0.,0.));
#7846 = VECTOR('',#7847,1.);
#7847 = DIRECTION('',(-0.,-1.));
#7848 = ( GEOMETRIC_REPRESENTATION_CONTEXT(2) 
PARAMETRIC_REPRESENTATION_CONTEXT() REPRESENTATION_CONTEXT('2D SPACE',''
  ) );
#7849 = PCURVE('',#4420,#7850);
#7850 = DEFINITIONAL_REPRESENTATION('',(#7851),#7855);
#7851 = LINE('',#7852,#7853);
#7852 = CARTESIAN_POINT('',(-6.28318530718,0.));
#7853 = VECTOR('',#7854,1.);
#7854 = DIRECTION('',(-0.,-1.));
#7855 = ( GEOMETRIC_REPRESENTATION_CONTEXT(2) 
PARAMETRIC_REPRESENTATION_CONTEXT() REPRESENTATION_CONTEXT('2D SPACE',''
  ) );
#7856 = ADVANCED_FACE('',(#7857),#4420,.T.);
#7857 = FACE_BOUND('',#7858,.F.);
#7858 = EDGE_LOOP('',(#7859,#7860,#7861,#8007));
#7859 = ORIENTED_EDGE('',*,*,#4322,.T.);
#7860 = ORIENTED_EDGE('',*,*,#7836,.F.);
#7861 = ORIENTED_EDGE('',*,*,#7862,.F.);
#7862 = EDGE_CURVE('',#7863,#7670,#7865,.T.);
#7863 = VERTEX_POINT('',#7864);
#7864 = CARTESIAN_POINT('',(53.,0.,15.437505386678));
#7865 = SURFACE_CURVE('',#7866,(#7911,#7959),.PCURVE_S1.);
#7866 = B_SPLINE_CURVE_WITH_KNOTS('',8,(#7867,#7868,#7869,#7870,#7871,
    #7872,#7873,#7874,#7875,#7876,#7877,#7878,#7879,#7880,#7881,#7882,
    #7883,#7884,#7885,#7886,#7887,#7888,#7889,#7890,#7891,#7892,#7893,
    #7894,#7895,#7896,#7897,#7898,#7899,#7900,#7901,#7902,#7903,#7904,
    #7905,#7906,#7907,#7908,#7909,#7910),.UNSPECIFIED.,.F.,.F.,(9,7,7,7,
    7,7,9),(0.,0.102912705617,0.275704983231,0.477663674818,
    0.622958276265,0.84166476999,1.),.UNSPECIFIED.);
#7867 = CARTESIAN_POINT('',(53.,4.884981308351E-15,15.437505386678));
#7868 = CARTESIAN_POINT('',(53.,0.242305682333,15.450360541457));
#7869 = CARTESIAN_POINT('',(52.977648462374,0.484548206107,
    15.463208148704));
#7870 = CARTESIAN_POINT('',(52.932948483162,0.724315548257,
    15.476054241196));
#7871 = CARTESIAN_POINT('',(52.8662052256,0.959258740316,15.488902662792
    ));
#7872 = CARTESIAN_POINT('',(52.778025920119,1.187091868419,
    15.501755068435));
#7873 = CARTESIAN_POINT('',(52.669319864345,1.405592073294,
    15.514610924152));
#7874 = CARTESIAN_POINT('',(52.541298423098,1.612599550274,
    15.527467507053));
#7875 = CARTESIAN_POINT('',(52.150634934561,2.130769836973,
    15.561899312439));
#7876 = CARTESIAN_POINT('',(51.855071277589,2.418104468334,
    15.583511841219));
#7877 = CARTESIAN_POINT('',(51.516148850991,2.657801081173,
    15.605103500771));
#7878 = CARTESIAN_POINT('',(51.142946987789,2.842685559304,
    15.626664059536));
#7879 = CARTESIAN_POINT('',(50.745616161274,2.967623645616,
    15.648216453351));
#7880 = CARTESIAN_POINT('',(50.335033735784,3.029253074729,
    15.66979408987));
#7881 = CARTESIAN_POINT('',(49.922758867462,3.026454225246,
    15.691406049321));
#7882 = CARTESIAN_POINT('',(49.052047859597,2.885710439587,
    15.738217600243));
#7883 = CARTESIAN_POINT('',(48.594832271579,2.724587028209,
    15.763515648156));
#7884 = CARTESIAN_POINT('',(48.170558006249,2.480634416482,
    15.78892651991));
#7885 = CARTESIAN_POINT('',(47.796045083294,2.162557675568,
    15.814023385464));
#7886 = CARTESIAN_POINT('',(47.485114945359,1.782079466067,
    15.839124871986));
#7887 = CARTESIAN_POINT('',(47.24925245833,1.353235540957,
    15.864542283041));
#7888 = CARTESIAN_POINT('',(47.096830104334,0.893053293036,
    15.88983353322));
#7889 = CARTESIAN_POINT('',(46.981738644264,8.390020333114E-02,
    15.933170397359));
#7890 = CARTESIAN_POINT('',(46.977735039292,-0.261452746586,
    15.951307732528));
#7891 = CARTESIAN_POINT('',(47.018812773982,-0.606222136186,
    15.969453613724));
#7892 = CARTESIAN_POINT('',(47.104703068389,-0.94343304321,
    15.987609270986));
#7893 = CARTESIAN_POINT('',(47.233938952167,-1.266513570981,
    16.005773332394));
#7894 = CARTESIAN_POINT('',(47.403855264563,-1.569294848398,
    16.023941824067));
#7895 = CARTESIAN_POINT('',(47.610588654424,-1.846011029936,
    16.042108170165));
#7896 = CARTESIAN_POINT('',(48.20806598188,-2.460522487777,
    16.087591265114));
#7897 = CARTESIAN_POINT('',(48.641386967927,-2.761257641386,
    16.115056861238));
#7898 = CARTESIAN_POINT('',(49.130837742197,-2.972233733862,
    16.142407129404));
#7899 = CARTESIAN_POINT('',(49.654335295213,-3.084166679573,
    16.169725775214));
#7900 = CARTESIAN_POINT('',(50.189603850002,-3.090906712921,
    16.197069988143));
#7901 = CARTESIAN_POINT('',(50.713579083232,-2.993469377733,
    16.224439074069));
#7902 = CARTESIAN_POINT('',(51.202593558785,-2.79623888077,
    16.251890329422));
#7903 = CARTESIAN_POINT('',(51.947044071798,-2.312575944982,
    16.298972158349));
#7904 = CARTESIAN_POINT('',(52.231353145779,-2.064721092166,
    16.318773950221));
#7905 = CARTESIAN_POINT('',(52.479002377993,-1.777171586175,
    16.338557307673));
#7906 = CARTESIAN_POINT('',(52.683816077961,-1.456547743476,
    16.358332059951));
#7907 = CARTESIAN_POINT('',(52.840948487131,-1.11016231796,
    16.378117370984));
#7908 = CARTESIAN_POINT('',(52.947024972616,-0.746070005015,
    16.397924105335));
#7909 = CARTESIAN_POINT('',(53.,-0.372906227098,16.417739560152));
#7910 = CARTESIAN_POINT('',(53.,5.773159728051E-15,16.437528003133));
#7911 = PCURVE('',#4420,#7912);
#7912 = DEFINITIONAL_REPRESENTATION('',(#7913),#7958);
#7913 = B_SPLINE_CURVE_WITH_KNOTS('',8,(#7914,#7915,#7916,#7917,#7918,
    #7919,#7920,#7921,#7922,#7923,#7924,#7925,#7926,#7927,#7928,#7929,
    #7930,#7931,#7932,#7933,#7934,#7935,#7936,#7937,#7938,#7939,#7940,
    #7941,#7942,#7943,#7944,#7945,#7946,#7947,#7948,#7949,#7950,#7951,
    #7952,#7953,#7954,#7955,#7956,#7957),.UNSPECIFIED.,.F.,.F.,(9,7,7,7,
    7,7,9),(0.,0.102912705617,0.275704983231,0.477663674818,
    0.622958276265,0.84166476999,1.),.UNSPECIFIED.);
#7914 = CARTESIAN_POINT('',(0.,-15.43750538667));
#7915 = CARTESIAN_POINT('',(-8.076856077768E-02,-15.45036054145));
#7916 = CARTESIAN_POINT('',(-0.161499827255,-15.4632081487));
#7917 = CARTESIAN_POINT('',(-0.24222490004,-15.47605424119));
#7918 = CARTESIAN_POINT('',(-0.322962949823,-15.48890266279));
#7919 = CARTESIAN_POINT('',(-0.403721217374,-15.50175506843));
#7920 = CARTESIAN_POINT('',(-0.484495013545,-15.51461092415));
#7921 = CARTESIAN_POINT('',(-0.565267719269,-15.52746750705));
#7922 = CARTESIAN_POINT('',(-0.781579841314,-15.56189931243));
#7923 = CARTESIAN_POINT('',(-0.917351930134,-15.58351184121));
#7924 = CARTESIAN_POINT('',(-1.053000345038,-15.60510350077));
#7925 = CARTESIAN_POINT('',(-1.188510464711,-15.62666405953));
#7926 = CARTESIAN_POINT('',(-1.324027153548,-15.64821645335));
#7927 = CARTESIAN_POINT('',(-1.45969500387,-15.66979408987));
#7928 = CARTESIAN_POINT('',(-1.595491420306,-15.69140604932));
#7929 = CARTESIAN_POINT('',(-1.889495666764,-15.73821760024));
#7930 = CARTESIAN_POINT('',(-2.048520705367,-15.76351564815));
#7931 = CARTESIAN_POINT('',(-2.207165927529,-15.78892651991));
#7932 = CARTESIAN_POINT('',(-2.365674715859,-15.81402338546));
#7933 = CARTESIAN_POINT('',(-2.52418670827,-15.83912487198));
#7934 = CARTESIAN_POINT('',(-2.682836612755,-15.86454228304));
#7935 = CARTESIAN_POINT('',(-2.841859759345,-15.88983353322));
#7936 = CARTESIAN_POINT('',(-3.114292170282,-15.93317039735));
#7937 = CARTESIAN_POINT('',(-3.228357317872,-15.95130773252));
#7938 = CARTESIAN_POINT('',(-3.342467036749,-15.96945361372));
#7939 = CARTESIAN_POINT('',(-3.456594725433,-15.98760927098));
#7940 = CARTESIAN_POINT('',(-3.570719036746,-16.00577333239));
#7941 = CARTESIAN_POINT('',(-3.684823877813,-16.02394182406));
#7942 = CARTESIAN_POINT('',(-3.798898410064,-16.04210817016));
#7943 = CARTESIAN_POINT('',(-4.084595119617,-16.08759126511));
#7944 = CARTESIAN_POINT('',(-4.257151061254,-16.11505686123));
#7945 = CARTESIAN_POINT('',(-4.429051793071,-16.1424071294));
#7946 = CARTESIAN_POINT('',(-4.600781522133,-16.16972577521));
#7947 = CARTESIAN_POINT('',(-4.772488534933,-16.19706998814));
#7948 = CARTESIAN_POINT('',(-4.944393832112,-16.22443907406));
#7949 = CARTESIAN_POINT('',(-5.116893955883,-16.25189032942));
#7950 = CARTESIAN_POINT('',(-5.412817444828,-16.29897215834));
#7951 = CARTESIAN_POINT('',(-5.537298290042,-16.31877395022));
#7952 = CARTESIAN_POINT('',(-5.661667585195,-16.33855730767));
#7953 = CARTESIAN_POINT('',(-5.785950882629,-16.35833205995));
#7954 = CARTESIAN_POINT('',(-5.910202796052,-16.37811737098));
#7955 = CARTESIAN_POINT('',(-6.03449566525,-16.39792410533));
#7956 = CARTESIAN_POINT('',(-6.15888323148,-16.41773956015));
#7957 = CARTESIAN_POINT('',(-6.28318530718,-16.43752800313));
#7958 = ( GEOMETRIC_REPRESENTATION_CONTEXT(2) 
PARAMETRIC_REPRESENTATION_CONTEXT() REPRESENTATION_CONTEXT('2D SPACE',''
  ) );
#7959 = PCURVE('',#2251,#7960);
#7960 = DEFINITIONAL_REPRESENTATION('',(#7961),#8006);
#7961 = B_SPLINE_CURVE_WITH_KNOTS('',8,(#7962,#7963,#7964,#7965,#7966,
    #7967,#7968,#7969,#7970,#7971,#7972,#7973,#7974,#7975,#7976,#7977,
    #7978,#7979,#7980,#7981,#7982,#7983,#7984,#7985,#7986,#7987,#7988,
    #7989,#7990,#7991,#7992,#7993,#7994,#7995,#7996,#7997,#7998,#7999,
    #8000,#8001,#8002,#8003,#8004,#8005),.UNSPECIFIED.,.F.,.F.,(9,7,7,7,
    7,7,9),(0.,0.102912705617,0.275704983231,0.477663674818,
    0.622958276265,0.84166476999,1.),.UNSPECIFIED.);
#7962 = CARTESIAN_POINT('',(0.625013711115,101.79623275975));
#7963 = CARTESIAN_POINT('',(0.625015172469,101.87801601401));
#7964 = CARTESIAN_POINT('',(0.625012998609,101.95976281294));
#7965 = CARTESIAN_POINT('',(0.625009288268,102.04150486234));
#7966 = CARTESIAN_POINT('',(0.625005639035,102.12326153573));
#7967 = CARTESIAN_POINT('',(0.625003147355,102.20503987437));
#7968 = CARTESIAN_POINT('',(0.625002408529,102.28683458723));
#7969 = CARTESIAN_POINT('',(0.625003516715,102.36862805105));
#7970 = CARTESIAN_POINT('',(0.625010343421,102.58767060924));
#7971 = CARTESIAN_POINT('',(0.625016951145,102.72515422748));
#7972 = CARTESIAN_POINT('',(0.625023256347,102.86250603255));
#7973 = CARTESIAN_POINT('',(0.625012829531,102.99971319285));
#7974 = CARTESIAN_POINT('',(0.624983897481,103.13692727306));
#7975 = CARTESIAN_POINT('',(0.624955827093,103.27429921296));
#7976 = CARTESIAN_POINT('',(0.624953638998,103.41180718962));
#7977 = CARTESIAN_POINT('',(0.624990317611,103.70951800847));
#7978 = CARTESIAN_POINT('',(0.624964806616,103.87055205038));
#7979 = CARTESIAN_POINT('',(0.625290725326,104.03118596445));
#7980 = CARTESIAN_POINT('',(0.625032161435,104.19168140197));
#7981 = CARTESIAN_POINT('',(0.62477710931,104.35219506794));
#7982 = CARTESIAN_POINT('',(0.625108310849,104.51285378147));
#7983 = CARTESIAN_POINT('',(0.625074651025,104.6738704969));
#7984 = CARTESIAN_POINT('',(0.625031144807,104.94972951533));
#7985 = CARTESIAN_POINT('',(0.624996976741,105.06523274345));
#7986 = CARTESIAN_POINT('',(0.624965425302,105.18078201983));
#7987 = CARTESIAN_POINT('',(0.624947975064,105.29634863641));
#7988 = CARTESIAN_POINT('',(0.624949013955,105.41190990611));
#7989 = CARTESIAN_POINT('',(0.624965833265,105.52744916279));
#7990 = CARTESIAN_POINT('',(0.624988627637,105.64295576132));
#7991 = CARTESIAN_POINT('',(0.625018358686,105.93223669212));
#7992 = CARTESIAN_POINT('',(0.62502549824,106.10695738484));
#7993 = CARTESIAN_POINT('',(0.625008697125,106.28102048883));
#7994 = CARTESIAN_POINT('',(0.624977758661,106.45492737563));
#7995 = CARTESIAN_POINT('',(0.625004746772,106.62881265561));
#7996 = CARTESIAN_POINT('',(0.625023595598,106.80288207603));
#7997 = CARTESIAN_POINT('',(0.625019552853,106.9775471013));
#7998 = CARTESIAN_POINT('',(0.624991579078,107.27718316799));
#7999 = CARTESIAN_POINT('',(0.624973364504,107.40322536085));
#8000 = CARTESIAN_POINT('',(0.624953060008,107.52915691739));
#8001 = CARTESIAN_POINT('',(0.624941471606,107.65500599827));
#8002 = CARTESIAN_POINT('',(0.624959261107,107.78082880218));
#8003 = CARTESIAN_POINT('',(0.62500801885,107.90668939311));
#8004 = CARTESIAN_POINT('',(0.625045344768,108.03264183172));
#8005 = CARTESIAN_POINT('',(0.625056118358,108.15850688023));
#8006 = ( GEOMETRIC_REPRESENTATION_CONTEXT(2) 
PARAMETRIC_REPRESENTATION_CONTEXT() REPRESENTATION_CONTEXT('2D SPACE',''
  ) );
#8007 = ORIENTED_EDGE('',*,*,#8008,.T.);
#8008 = EDGE_CURVE('',#7863,#4323,#8009,.T.);
#8009 = SURFACE_CURVE('',#8010,(#8014,#8021),.PCURVE_S1.);
#8010 = LINE('',#8011,#8012);
#8011 = CARTESIAN_POINT('',(53.,0.,0.));
#8012 = VECTOR('',#8013,1.);
#8013 = DIRECTION('',(0.,0.,1.));
#8014 = PCURVE('',#4420,#8015);
#8015 = DEFINITIONAL_REPRESENTATION('',(#8016),#8020);
#8016 = LINE('',#8017,#8018);
#8017 = CARTESIAN_POINT('',(-0.,0.));
#8018 = VECTOR('',#8019,1.);
#8019 = DIRECTION('',(-0.,-1.));
#8020 = ( GEOMETRIC_REPRESENTATION_CONTEXT(2) 
PARAMETRIC_REPRESENTATION_CONTEXT() REPRESENTATION_CONTEXT('2D SPACE',''
  ) );
#8021 = PCURVE('',#4599,#8022);
#8022 = DEFINITIONAL_REPRESENTATION('',(#8023),#8027);
#8023 = LINE('',#8024,#8025);
#8024 = CARTESIAN_POINT('',(-6.28318530718,0.));
#8025 = VECTOR('',#8026,1.);
#8026 = DIRECTION('',(-0.,-1.));
#8027 = ( GEOMETRIC_REPRESENTATION_CONTEXT(2) 
PARAMETRIC_REPRESENTATION_CONTEXT() REPRESENTATION_CONTEXT('2D SPACE',''
  ) );
#8028 = ADVANCED_FACE('',(#8029),#4599,.T.);
#8029 = FACE_BOUND('',#8030,.F.);
#8030 = EDGE_LOOP('',(#8031,#8032,#8033,#8200));
#8031 = ORIENTED_EDGE('',*,*,#4473,.T.);
#8032 = ORIENTED_EDGE('',*,*,#8008,.F.);
#8033 = ORIENTED_EDGE('',*,*,#8034,.F.);
#8034 = EDGE_CURVE('',#8035,#7863,#8037,.T.);
#8035 = VERTEX_POINT('',#8036);
#8036 = CARTESIAN_POINT('',(53.,0.,14.437509318634));
#8037 = SURFACE_CURVE('',#8038,(#8090,#8145),.PCURVE_S1.);
#8038 = B_SPLINE_CURVE_WITH_KNOTS('',8,(#8039,#8040,#8041,#8042,#8043,
    #8044,#8045,#8046,#8047,#8048,#8049,#8050,#8051,#8052,#8053,#8054,
    #8055,#8056,#8057,#8058,#8059,#8060,#8061,#8062,#8063,#8064,#8065,
    #8066,#8067,#8068,#8069,#8070,#8071,#8072,#8073,#8074,#8075,#8076,
    #8077,#8078,#8079,#8080,#8081,#8082,#8083,#8084,#8085,#8086,#8087,
    #8088,#8089),.UNSPECIFIED.,.F.,.F.,(9,7,7,7,7,7,7,9),(0.,
    0.170177938616,0.361930090748,0.488166532217,0.609829489407,
    0.690594671135,0.871505116892,1.),.UNSPECIFIED.);
#8039 = CARTESIAN_POINT('',(53.,-5.773159728051E-15,14.437509318634));
#8040 = CARTESIAN_POINT('',(53.,0.400650688835,14.458781296318));
#8041 = CARTESIAN_POINT('',(52.938847180714,0.801956040672,
    14.480057415051));
#8042 = CARTESIAN_POINT('',(52.816207153406,1.191881367416,
    14.501465565207));
#8043 = CARTESIAN_POINT('',(52.634973586357,1.559743322667,
    14.522384529538));
#8044 = CARTESIAN_POINT('',(52.399665961866,1.895617602649,
    14.543866607128));
#8045 = CARTESIAN_POINT('',(52.116726695958,2.190802711502,
    14.56512916448));
#8046 = CARTESIAN_POINT('',(51.794207789852,2.437466304665,
    14.586419265643));
#8047 = CARTESIAN_POINT('',(51.047395765875,2.847216043527,
    14.631582849528));
#8048 = CARTESIAN_POINT('',(50.613206918853,2.996936319055,
    14.655571530412));
#8049 = CARTESIAN_POINT('',(50.15570072793,3.070018266075,
    14.679524923155));
#8050 = CARTESIAN_POINT('',(49.690762518798,3.063451238918,
    14.70349173543));
#8051 = CARTESIAN_POINT('',(49.233921597603,2.976939720963,
    14.727457530597));
#8052 = CARTESIAN_POINT('',(48.800348828318,2.81396725068,
    14.751431533724));
#8053 = CARTESIAN_POINT('',(48.404811156166,2.580547714101,
    14.77544661676));
#8054 = CARTESIAN_POINT('',(47.833614542012,2.096455190995,
    14.815165916104));
#8055 = CARTESIAN_POINT('',(47.628465900173,1.87847112016,
    14.830943498608));
#8056 = CARTESIAN_POINT('',(47.448539008967,1.637642193939,
    14.84671987705));
#8057 = CARTESIAN_POINT('',(47.296750301537,1.377436551896,
    14.862497273631));
#8058 = CARTESIAN_POINT('',(47.175412297769,1.10166254303,
    14.878279232545));
#8059 = CARTESIAN_POINT('',(47.086284969887,0.814423504516,
    14.894067501237));
#8060 = CARTESIAN_POINT('',(47.030508920036,0.520142385389,
    14.909859087581));
#8061 = CARTESIAN_POINT('',(46.986983757877,-6.218801395223E-02,
    14.940839426557));
#8062 = CARTESIAN_POINT('',(46.996820809702,-0.35033946317,
    14.956036597931));
#8063 = CARTESIAN_POINT('',(47.038140035469,-0.63673738271,
    14.971231414028));
#8064 = CARTESIAN_POINT('',(47.110633960982,-0.917415594879,
    14.986427237489));
#8065 = CARTESIAN_POINT('',(47.213403599984,-1.188553216515,
    15.001625928163));
#8066 = CARTESIAN_POINT('',(47.344958454154,-1.446474658985,
    15.016827843111));
#8067 = CARTESIAN_POINT('',(47.503216513111,-1.687649628184,
    15.0320318366));
#8068 = CARTESIAN_POINT('',(47.806514814188,-2.055431446256,
    15.057327956284));
#8069 = CARTESIAN_POINT('',(47.93815562147,-2.193408468207,
    15.067422535663));
#8070 = CARTESIAN_POINT('',(48.079693748991,-2.321720199417,
    15.077520333114));
#8071 = CARTESIAN_POINT('',(48.23031357827,-2.439550202587,
    15.087621609608));
#8072 = CARTESIAN_POINT('',(48.389116799617,-2.546169594091,
    15.097725552221));
#8073 = CARTESIAN_POINT('',(48.555122412131,-2.640937043981,
    15.10783027413));
#8074 = CARTESIAN_POINT('',(48.727266723702,-2.723298775982,
    15.117932814617));
#8075 = CARTESIAN_POINT('',(49.301181585401,-2.948442636351,
    15.150644460641));
#8076 = CARTESIAN_POINT('',(49.724207213448,-3.040054887075,
    15.173335755775));
#8077 = CARTESIAN_POINT('',(50.15996989958,-3.061685845674,
    15.195724456269));
#8078 = CARTESIAN_POINT('',(50.594898972464,-3.012159844178,
    15.218714293338));
#8079 = CARTESIAN_POINT('',(51.016002332704,-2.892599410659,
    15.241157897085));
#8080 = CARTESIAN_POINT('',(51.410721459451,-2.706969736487,
    15.263813537602));
#8081 = CARTESIAN_POINT('',(51.767110273622,-2.461504921765,
    15.286447539786));
#8082 = CARTESIAN_POINT('',(52.293611848539,-1.957294389569,
    15.325101463517));
#8083 = CARTESIAN_POINT('',(52.488099225631,-1.722695185311,
    15.341157784556));
#8084 = CARTESIAN_POINT('',(52.654932510279,-1.466247233389,
    15.357212302058));
#8085 = CARTESIAN_POINT('',(52.791361473643,-1.191768829647,
    15.373266543693));
#8086 = CARTESIAN_POINT('',(52.895265010589,-0.903369258062,
    15.389322580675));
#8087 = CARTESIAN_POINT('',(52.965104170817,-0.605434170722,
    15.405382941575));
#8088 = CARTESIAN_POINT('',(53.,-0.302656569498,15.421448408533));
#8089 = CARTESIAN_POINT('',(53.,4.884981308351E-15,15.437505386678));
#8090 = PCURVE('',#4599,#8091);
#8091 = DEFINITIONAL_REPRESENTATION('',(#8092),#8144);
#8092 = B_SPLINE_CURVE_WITH_KNOTS('',8,(#8093,#8094,#8095,#8096,#8097,
    #8098,#8099,#8100,#8101,#8102,#8103,#8104,#8105,#8106,#8107,#8108,
    #8109,#8110,#8111,#8112,#8113,#8114,#8115,#8116,#8117,#8118,#8119,
    #8120,#8121,#8122,#8123,#8124,#8125,#8126,#8127,#8128,#8129,#8130,
    #8131,#8132,#8133,#8134,#8135,#8136,#8137,#8138,#8139,#8140,#8141,
    #8142,#8143),.UNSPECIFIED.,.F.,.F.,(9,7,7,7,7,7,7,9),(0.,
    0.170177938616,0.361930090748,0.488166532217,0.609829489407,
    0.690594671135,0.871505116892,1.),.UNSPECIFIED.);
#8093 = CARTESIAN_POINT('',(0.,-14.43750931863));
#8094 = CARTESIAN_POINT('',(-0.133550229612,-14.45878129631));
#8095 = CARTESIAN_POINT('',(-0.267317882942,-14.48005741505));
#8096 = CARTESIAN_POINT('',(-0.400927409296,-14.5014655652));
#8097 = CARTESIAN_POINT('',(-0.534471505054,-14.52238452953));
#8098 = CARTESIAN_POINT('',(-0.668021505473,-14.54386660712));
#8099 = CARTESIAN_POINT('',(-0.801667695736,-14.56512916448));
#8100 = CARTESIAN_POINT('',(-0.935468814262,-14.58641926564));
#8101 = CARTESIAN_POINT('',(-1.219413849564,-14.63158284952));
#8102 = CARTESIAN_POINT('',(-1.37030389326,-14.65557153041));
#8103 = CARTESIAN_POINT('',(-1.520921691286,-14.67952492315));
#8104 = CARTESIAN_POINT('',(-1.671397807221,-14.70349173543));
#8105 = CARTESIAN_POINT('',(-1.821870841147,-14.72745753059));
#8106 = CARTESIAN_POINT('',(-1.972454493233,-14.75143153372));
#8107 = CARTESIAN_POINT('',(-2.123340048828,-14.77544661676));
#8108 = CARTESIAN_POINT('',(-2.37291994985,-14.8151659161));
#8109 = CARTESIAN_POINT('',(-2.47206648302,-14.8309434986));
#8110 = CARTESIAN_POINT('',(-2.571204443429,-14.84671987705));
#8111 = CARTESIAN_POINT('',(-2.670336288635,-14.86249727363));
#8112 = CARTESIAN_POINT('',(-2.769481741386,-14.87827923254));
#8113 = CARTESIAN_POINT('',(-2.868660388485,-14.89406750123));
#8114 = CARTESIAN_POINT('',(-2.967866954787,-14.90985908758));
#8115 = CARTESIAN_POINT('',(-3.162518533465,-14.94083942655));
#8116 = CARTESIAN_POINT('',(-3.258019705449,-14.95603659793));
#8117 = CARTESIAN_POINT('',(-3.353522176065,-14.97123141402));
#8118 = CARTESIAN_POINT('',(-3.449043149107,-14.98642723748));
#8119 = CARTESIAN_POINT('',(-3.544586675061,-15.00162592816));
#8120 = CARTESIAN_POINT('',(-3.640143651099,-15.01682784311));
#8121 = CARTESIAN_POINT('',(-3.735691821087,-15.0320318366));
#8122 = CARTESIAN_POINT('',(-3.89459546944,-15.05732795628));
#8123 = CARTESIAN_POINT('',(-3.95799143493,-15.06742253566));
#8124 = CARTESIAN_POINT('',(-4.021394238629,-15.07752033311));
#8125 = CARTESIAN_POINT('',(-4.084809616928,-15.0876216096));
#8126 = CARTESIAN_POINT('',(-4.148238476021,-15.09772555222));
#8127 = CARTESIAN_POINT('',(-4.211676891909,-15.10783027413));
#8128 = CARTESIAN_POINT('',(-4.275116110399,-15.11793281461));
#8129 = CARTESIAN_POINT('',(-4.480614968558,-15.15064446064));
#8130 = CARTESIAN_POINT('',(-4.623034973609,-15.17333575577));
#8131 = CARTESIAN_POINT('',(-4.765266702765,-15.19572445626));
#8132 = CARTESIAN_POINT('',(-4.90737788883,-15.21871429333));
#8133 = CARTESIAN_POINT('',(-5.049492706757,-15.24115789708));
#8134 = CARTESIAN_POINT('',(-5.191692441225,-15.2638135376));
#8135 = CARTESIAN_POINT('',(-5.334081854942,-15.28644753978));
#8136 = CARTESIAN_POINT('',(-5.577079835996,-15.32510146351));
#8137 = CARTESIAN_POINT('',(-5.677988476947,-15.34115778455));
#8138 = CARTESIAN_POINT('',(-5.778842800858,-15.35721230205));
#8139 = CARTESIAN_POINT('',(-5.879665589165,-15.37326654369));
#8140 = CARTESIAN_POINT('',(-5.980497401964,-15.38932258067));
#8141 = CARTESIAN_POINT('',(-6.081373954901,-15.40538294157));
#8142 = CARTESIAN_POINT('',(-6.182299784014,-15.42144840853));
#8143 = CARTESIAN_POINT('',(-6.28318530718,-15.43750538667));
#8144 = ( GEOMETRIC_REPRESENTATION_CONTEXT(2) 
PARAMETRIC_REPRESENTATION_CONTEXT() REPRESENTATION_CONTEXT('2D SPACE',''
  ) );
#8145 = PCURVE('',#2251,#8146);
#8146 = DEFINITIONAL_REPRESENTATION('',(#8147),#8199);
#8147 = B_SPLINE_CURVE_WITH_KNOTS('',8,(#8148,#8149,#8150,#8151,#8152,
    #8153,#8154,#8155,#8156,#8157,#8158,#8159,#8160,#8161,#8162,#8163,
    #8164,#8165,#8166,#8167,#8168,#8169,#8170,#8171,#8172,#8173,#8174,
    #8175,#8176,#8177,#8178,#8179,#8180,#8181,#8182,#8183,#8184,#8185,
    #8186,#8187,#8188,#8189,#8190,#8191,#8192,#8193,#8194,#8195,#8196,
    #8197,#8198),.UNSPECIFIED.,.F.,.F.,(9,7,7,7,7,7,7,9),(0.,
    0.170177938616,0.361930090748,0.488166532217,0.609829489407,
    0.690594671135,0.871505116892,1.),.UNSPECIFIED.);
#8148 = CARTESIAN_POINT('',(0.625018600579,95.433977090309));
#8149 = CARTESIAN_POINT('',(0.625051808901,95.569209412278));
#8150 = CARTESIAN_POINT('',(0.62502453988,95.70466046683));
#8151 = CARTESIAN_POINT('',(0.62531530222,95.839939841855));
#8152 = CARTESIAN_POINT('',(0.624641443542,95.975175470197));
#8153 = CARTESIAN_POINT('',(0.625094353399,96.110409378738));
#8154 = CARTESIAN_POINT('',(0.625078032011,96.245739326759));
#8155 = CARTESIAN_POINT('',(0.62506947326,96.38121982144));
#8156 = CARTESIAN_POINT('',(0.625014548152,96.668737240165));
#8157 = CARTESIAN_POINT('',(0.624961423675,96.821528583817));
#8158 = CARTESIAN_POINT('',(0.624922471199,96.974050332181));
#8159 = CARTESIAN_POINT('',(0.624956462929,97.126425414156));
#8160 = CARTESIAN_POINT('',(0.624994134258,97.278782319682));
#8161 = CARTESIAN_POINT('',(0.625012867797,97.431251690124));
#8162 = CARTESIAN_POINT('',(0.625016405371,97.584030762083));
#8163 = CARTESIAN_POINT('',(0.625011447243,97.836751247786));
#8164 = CARTESIAN_POINT('',(0.62500667567,97.937147589789));
#8165 = CARTESIAN_POINT('',(0.625001477533,98.037537628189));
#8166 = CARTESIAN_POINT('',(0.624999752008,98.137923097437));
#8167 = CARTESIAN_POINT('',(0.625002903058,98.238322080459));
#8168 = CARTESIAN_POINT('',(0.625008748412,98.338752637018));
#8169 = CARTESIAN_POINT('',(0.625013133897,98.439208945389));
#8170 = CARTESIAN_POINT('',(0.625014897215,98.636308466476));
#8171 = CARTESIAN_POINT('',(0.625011377811,98.733008095699));
#8172 = CARTESIAN_POINT('',(0.625003040176,98.829708067429));
#8173 = CARTESIAN_POINT('',(0.624990748257,98.926427027344));
#8174 = CARTESIAN_POINT('',(0.624976663383,99.02316993284));
#8175 = CARTESIAN_POINT('',(0.624964244262,99.119928053034));
#8176 = CARTESIAN_POINT('',(0.624958246984,99.216678968763));
#8177 = CARTESIAN_POINT('',(0.624969025422,99.377585301406));
#8178 = CARTESIAN_POINT('',(0.624978103709,99.441780812636));
#8179 = CARTESIAN_POINT('',(0.624991444342,99.505983239025));
#8180 = CARTESIAN_POINT('',(0.625007866642,99.570197996823));
#8181 = CARTESIAN_POINT('',(0.62502552479,99.634425785769));
#8182 = CARTESIAN_POINT('',(0.625041907821,99.698662589093));
#8183 = CARTESIAN_POINT('',(0.625053839631,99.762899673517));
#8184 = CARTESIAN_POINT('',(0.625065630941,99.970982328576));
#8185 = CARTESIAN_POINT('',(0.625115022744,100.11519324285));
#8186 = CARTESIAN_POINT('',(0.624618584314,100.25921532562));
#8187 = CARTESIAN_POINT('',(0.62535624808,100.40313616185));
#8188 = CARTESIAN_POINT('',(0.625013846889,100.54701754159));
#8189 = CARTESIAN_POINT('',(0.625061030971,100.69100863394));
#8190 = CARTESIAN_POINT('',(0.625004169164,100.83519304177));
#8191 = CARTESIAN_POINT('',(0.624961654751,101.08125479676));
#8192 = CARTESIAN_POINT('',(0.624953346364,101.1834357983));
#8193 = CARTESIAN_POINT('',(0.624959115706,101.28556054215));
#8194 = CARTESIAN_POINT('',(0.624975295951,101.38765041245));
#8195 = CARTESIAN_POINT('',(0.624993001988,101.48974685153));
#8196 = CARTESIAN_POINT('',(0.625005338515,101.59188788163));
#8197 = CARTESIAN_POINT('',(0.625011885782,101.69407981419));
#8198 = CARTESIAN_POINT('',(0.625013711115,101.79623275975));
#8199 = ( GEOMETRIC_REPRESENTATION_CONTEXT(2) 
PARAMETRIC_REPRESENTATION_CONTEXT() REPRESENTATION_CONTEXT('2D SPACE',''
  ) );
#8200 = ORIENTED_EDGE('',*,*,#8201,.T.);
#8201 = EDGE_CURVE('',#8035,#4474,#8202,.T.);
#8202 = SURFACE_CURVE('',#8203,(#8207,#8214),.PCURVE_S1.);
#8203 = LINE('',#8204,#8205);
#8204 = CARTESIAN_POINT('',(53.,0.,0.));
#8205 = VECTOR('',#8206,1.);
#8206 = DIRECTION('',(0.,0.,1.));
#8207 = PCURVE('',#4599,#8208);
#8208 = DEFINITIONAL_REPRESENTATION('',(#8209),#8213);
#8209 = LINE('',#8210,#8211);
#8210 = CARTESIAN_POINT('',(-0.,0.));
#8211 = VECTOR('',#8212,1.);
#8212 = DIRECTION('',(-0.,-1.));
#8213 = ( GEOMETRIC_REPRESENTATION_CONTEXT(2) 
PARAMETRIC_REPRESENTATION_CONTEXT() REPRESENTATION_CONTEXT('2D SPACE',''
  ) );
#8214 = PCURVE('',#4764,#8215);
#8215 = DEFINITIONAL_REPRESENTATION('',(#8216),#8220);
#8216 = LINE('',#8217,#8218);
#8217 = CARTESIAN_POINT('',(-6.28318530718,0.));
#8218 = VECTOR('',#8219,1.);
#8219 = DIRECTION('',(-0.,-1.));
#8220 = ( GEOMETRIC_REPRESENTATION_CONTEXT(2) 
PARAMETRIC_REPRESENTATION_CONTEXT() REPRESENTATION_CONTEXT('2D SPACE',''
  ) );
#8221 = ADVANCED_FACE('',(#8222),#4764,.T.);
#8222 = FACE_BOUND('',#8223,.F.);
#8223 = EDGE_LOOP('',(#8224,#8225,#8226,#8390));
#8224 = ORIENTED_EDGE('',*,*,#4666,.T.);
#8225 = ORIENTED_EDGE('',*,*,#8201,.F.);
#8226 = ORIENTED_EDGE('',*,*,#8227,.F.);
#8227 = EDGE_CURVE('',#8228,#8035,#8230,.T.);
#8228 = VERTEX_POINT('',#8229);
#8229 = CARTESIAN_POINT('',(53.,0.,13.437500545346));
#8230 = SURFACE_CURVE('',#8231,(#8282,#8336),.PCURVE_S1.);
#8231 = B_SPLINE_CURVE_WITH_KNOTS('',7,(#8232,#8233,#8234,#8235,#8236,
    #8237,#8238,#8239,#8240,#8241,#8242,#8243,#8244,#8245,#8246,#8247,
    #8248,#8249,#8250,#8251,#8252,#8253,#8254,#8255,#8256,#8257,#8258,
    #8259,#8260,#8261,#8262,#8263,#8264,#8265,#8266,#8267,#8268,#8269,
    #8270,#8271,#8272,#8273,#8274,#8275,#8276,#8277,#8278,#8279,#8280,
    #8281),.UNSPECIFIED.,.F.,.F.,(8,6,6,6,6,6,6,6,8),(0.,
    7.741581507221E-02,0.257489724534,0.403210274533,0.502538740405,
    0.589553888223,0.76661751429,0.865850606611,1.),.UNSPECIFIED.);
#8232 = CARTESIAN_POINT('',(53.,7.993605777301E-15,13.437500545346));
#8233 = CARTESIAN_POINT('',(53.,0.208262675218,13.448552233504));
#8234 = CARTESIAN_POINT('',(52.983100862544,0.416741633021,
    13.459613409489));
#8235 = CARTESIAN_POINT('',(52.949316188424,0.623595624286,
    13.470675572292));
#8236 = CARTESIAN_POINT('',(52.898851628827,0.827095577772,
    13.481733730627));
#8237 = CARTESIAN_POINT('',(52.832104885339,1.025624600118,
    13.492786402929));
#8238 = CARTESIAN_POINT('',(52.749665709942,1.217677975846,
    13.503835617352));
#8239 = CARTESIAN_POINT('',(52.425874318859,1.830289161069,
    13.540592896904));
#8240 = CARTESIAN_POINT('',(52.117965642999,2.217358194483,
    13.566374567394));
#8241 = CARTESIAN_POINT('',(51.738848638056,2.541926241987,
    13.592118564823));
#8242 = CARTESIAN_POINT('',(51.304187620894,2.789947773842,
    13.617825814221));
#8243 = CARTESIAN_POINT('',(50.83210676133,2.951203548282,
    13.643545670491));
#8244 = CARTESIAN_POINT('',(50.342458593375,3.019544534783,
    13.669301202372));
#8245 = CARTESIAN_POINT('',(49.466518311401,2.978126700975,
    13.715806300757));
#8246 = CARTESIAN_POINT('',(49.077409233568,2.899828103092,
    13.736618103452));
#8247 = CARTESIAN_POINT('',(48.702499981439,2.762260443361,
    13.757419667167));
#8248 = CARTESIAN_POINT('',(48.352141302069,2.568735511715,
    13.77823618146));
#8249 = CARTESIAN_POINT('',(48.035940442513,2.324442959394,
    13.799072897026));
#8250 = CARTESIAN_POINT('',(47.762491888962,2.036476239445,
    13.819899148501));
#8251 = CARTESIAN_POINT('',(47.385671977246,1.495557480944,
    13.854849838518));
#8252 = CARTESIAN_POINT('',(47.255634861657,1.260286778126,
    13.86902010635));
#8253 = CARTESIAN_POINT('',(47.150387250773,1.011985618913,
    13.883201485509));
#8254 = CARTESIAN_POINT('',(47.071482065162,0.753801626265,
    13.897395473706));
#8255 = CARTESIAN_POINT('',(47.019939166584,0.489046466571,
    13.911597267707));
#8256 = CARTESIAN_POINT('',(46.99624535799,0.221195849644,13.92579576333
    ));
#8257 = CARTESIAN_POINT('',(47.003954031029,-0.28027998979,
    13.952393788324));
#8258 = CARTESIAN_POINT('',(47.0288808706,-0.514120043602,13.96480890852
    ));
#8259 = CARTESIAN_POINT('',(47.075099721531,-0.745319291495,
    13.977222601902));
#8260 = CARTESIAN_POINT('',(47.142265602385,-0.971594597742,
    13.989640775773));
#8261 = CARTESIAN_POINT('',(47.229748149325,-1.190693450936,
    14.002067096581));
#8262 = CARTESIAN_POINT('',(47.336596072741,-1.400416815263,
    14.014499649911));
#8263 = CARTESIAN_POINT('',(47.715484902636,-2.002064413575,
    14.052220143441));
#8264 = CARTESIAN_POINT('',(48.045043080981,-2.359499824301,
    14.077594856471));
#8265 = CARTESIAN_POINT('',(48.439020882938,-2.651826572265,
    14.102917696732));
#8266 = CARTESIAN_POINT('',(48.881312563385,-2.866553193494,
    14.128211777883));
#8267 = CARTESIAN_POINT('',(49.354480676189,-2.995313443765,
    14.153499856405));
#8268 = CARTESIAN_POINT('',(49.838917314394,-3.033377184692,
    14.178846931852));
#8269 = CARTESIAN_POINT('',(50.578848849741,-2.955729095575,
    14.218319078189));
#8270 = CARTESIAN_POINT('',(50.841742882107,-2.900229838152,
    14.232495971395));
#8271 = CARTESIAN_POINT('',(51.098242992869,-2.817476410856,
    14.246674946498));
#8272 = CARTESIAN_POINT('',(51.344999723642,-2.708352970446,
    14.260855580893));
#8273 = CARTESIAN_POINT('',(51.578852685473,-2.574270370512,
    14.275035258474));
#8274 = CARTESIAN_POINT('',(51.796830558841,-2.417166161476,
    14.289209169629));
#8275 = CARTESIAN_POINT('',(52.265604843515,-1.999330759413,
    14.322514212871));
#8276 = CARTESIAN_POINT('',(52.501648438046,-1.720948564708,
    14.341662982142));
#8277 = CARTESIAN_POINT('',(52.697427403026,-1.41056897175,
    14.360821252371));
#8278 = CARTESIAN_POINT('',(52.847778479,-1.075165919445,14.379989865714
    ));
#8279 = CARTESIAN_POINT('',(52.949229621292,-0.722476320332,
    14.399165873171));
#8280 = CARTESIAN_POINT('',(53.,-0.361000060582,14.418342534583));
#8281 = CARTESIAN_POINT('',(53.,-5.773159728051E-15,14.437509318634));
#8282 = PCURVE('',#4764,#8283);
#8283 = DEFINITIONAL_REPRESENTATION('',(#8284),#8335);
#8284 = B_SPLINE_CURVE_WITH_KNOTS('',7,(#8285,#8286,#8287,#8288,#8289,
    #8290,#8291,#8292,#8293,#8294,#8295,#8296,#8297,#8298,#8299,#8300,
    #8301,#8302,#8303,#8304,#8305,#8306,#8307,#8308,#8309,#8310,#8311,
    #8312,#8313,#8314,#8315,#8316,#8317,#8318,#8319,#8320,#8321,#8322,
    #8323,#8324,#8325,#8326,#8327,#8328,#8329,#8330,#8331,#8332,#8333,
    #8334),.UNSPECIFIED.,.F.,.F.,(8,6,6,6,6,6,6,6,8),(0.,
    7.741581507221E-02,0.257489724534,0.403210274533,0.502538740405,
    0.589553888223,0.76661751429,0.865850606611,1.),.UNSPECIFIED.);
#8285 = CARTESIAN_POINT('',(0.,-13.43750054534));
#8286 = CARTESIAN_POINT('',(-6.942089173937E-02,-13.4485522335));
#8287 = CARTESIAN_POINT('',(-0.138908196422,-13.45961340948));
#8288 = CARTESIAN_POINT('',(-0.208409104528,-13.47067557229));
#8289 = CARTESIAN_POINT('',(-0.277891603089,-13.48173373062));
#8290 = CARTESIAN_POINT('',(-0.347344475689,-13.49278640292));
#8291 = CARTESIAN_POINT('',(-0.416777302467,-13.50383561735));
#8292 = CARTESIAN_POINT('',(-0.647749481937,-13.5405928969));
#8293 = CARTESIAN_POINT('',(-0.809750210373,-13.56637456739));
#8294 = CARTESIAN_POINT('',(-0.971442623535,-13.59211856482));
#8295 = CARTESIAN_POINT('',(-1.132914879746,-13.61782581422));
#8296 = CARTESIAN_POINT('',(-1.294551314811,-13.64354567049));
#8297 = CARTESIAN_POINT('',(-1.456480732905,-13.66930120237));
#8298 = CARTESIAN_POINT('',(-1.748787043808,-13.71580630075));
#8299 = CARTESIAN_POINT('',(-1.879571205398,-13.73661810345));
#8300 = CARTESIAN_POINT('',(-2.010240791397,-13.75741966716));
#8301 = CARTESIAN_POINT('',(-2.140871070761,-13.77823618146));
#8302 = CARTESIAN_POINT('',(-2.271603661643,-13.79907289702));
#8303 = CARTESIAN_POINT('',(-2.402459791119,-13.8198991485));
#8304 = CARTESIAN_POINT('',(-2.622203669598,-13.85484983851));
#8305 = CARTESIAN_POINT('',(-2.711309694546,-13.86902010635));
#8306 = CARTESIAN_POINT('',(-2.800438458572,-13.8832014855));
#8307 = CARTESIAN_POINT('',(-2.889578589774,-13.8973954737));
#8308 = CARTESIAN_POINT('',(-2.978719379485,-13.9115972677));
#8309 = CARTESIAN_POINT('',(-3.067850782268,-13.92579576333));
#8310 = CARTESIAN_POINT('',(-3.235029143832,-13.95239378832));
#8311 = CARTESIAN_POINT('',(-3.313094153393,-13.96480890852));
#8312 = CARTESIAN_POINT('',(-3.391166026333,-13.9772226019));
#8313 = CARTESIAN_POINT('',(-3.469256414695,-13.98964077577));
#8314 = CARTESIAN_POINT('',(-3.547374058631,-14.00206709658));
#8315 = CARTESIAN_POINT('',(-3.625508130184,-14.01449964991));
#8316 = CARTESIAN_POINT('',(-3.862511781814,-14.05222014344));
#8317 = CARTESIAN_POINT('',(-4.021870530766,-14.07759485647));
#8318 = CARTESIAN_POINT('',(-4.180860169973,-14.10291769673));
#8319 = CARTESIAN_POINT('',(-4.339807603772,-14.12821177788));
#8320 = CARTESIAN_POINT('',(-4.498743401586,-14.1534998564));
#8321 = CARTESIAN_POINT('',(-4.65801722892,-14.17884693185));
#8322 = CARTESIAN_POINT('',(-4.906015415012,-14.21831907818));
#8323 = CARTESIAN_POINT('',(-4.995077050036,-14.23249597139));
#8324 = CARTESIAN_POINT('',(-5.084149643494,-14.24667494649));
#8325 = CARTESIAN_POINT('',(-5.173236918586,-14.26085558089));
#8326 = CARTESIAN_POINT('',(-5.262327439167,-14.27503525847));
#8327 = CARTESIAN_POINT('',(-5.351394609747,-14.28920916962));
#8328 = CARTESIAN_POINT('',(-5.560715138333,-14.32251421287));
#8329 = CARTESIAN_POINT('',(-5.68110752889,-14.34166298214));
#8330 = CARTESIAN_POINT('',(-5.80154608626,-14.36082125237));
#8331 = CARTESIAN_POINT('',(-5.922002436433,-14.37998986571));
#8332 = CARTESIAN_POINT('',(-6.0424475923,-14.39916587317));
#8333 = CARTESIAN_POINT('',(-6.162851953652,-14.41834253458));
#8334 = CARTESIAN_POINT('',(-6.28318530718,-14.43750931863));
#8335 = ( GEOMETRIC_REPRESENTATION_CONTEXT(2) 
PARAMETRIC_REPRESENTATION_CONTEXT() REPRESENTATION_CONTEXT('2D SPACE',''
  ) );
#8336 = PCURVE('',#2251,#8337);
#8337 = DEFINITIONAL_REPRESENTATION('',(#8338),#8389);
#8338 = B_SPLINE_CURVE_WITH_KNOTS('',7,(#8339,#8340,#8341,#8342,#8343,
    #8344,#8345,#8346,#8347,#8348,#8349,#8350,#8351,#8352,#8353,#8354,
    #8355,#8356,#8357,#8358,#8359,#8360,#8361,#8362,#8363,#8364,#8365,
    #8366,#8367,#8368,#8369,#8370,#8371,#8372,#8373,#8374,#8375,#8376,
    #8377,#8378,#8379,#8380,#8381,#8382,#8383,#8384,#8385,#8386,#8387,
    #8388),.UNSPECIFIED.,.F.,.F.,(8,6,6,6,6,6,6,6,8),(0.,
    7.741581507221E-02,0.257489724534,0.403210274533,0.502538740405,
    0.589553888223,0.76661751429,0.865850606611,1.),.UNSPECIFIED.);
#8339 = CARTESIAN_POINT('',(0.625001925284,89.071709187008));
#8340 = CARTESIAN_POINT('',(0.625008826663,89.142001003049));
#8341 = CARTESIAN_POINT('',(0.625013569691,89.212360049157));
#8342 = CARTESIAN_POINT('',(0.625015762044,89.282733487689));
#8343 = CARTESIAN_POINT('',(0.62501548234,89.353089312661));
#8344 = CARTESIAN_POINT('',(0.625013280136,89.423416349745));
#8345 = CARTESIAN_POINT('',(0.625010175928,89.493724256278));
#8346 = CARTESIAN_POINT('',(0.625001811638,89.727610422181));
#8347 = CARTESIAN_POINT('',(0.62499573127,89.891659587808));
#8348 = CARTESIAN_POINT('',(0.625011847018,90.055398458719));
#8349 = CARTESIAN_POINT('',(0.625028295655,90.218902469956));
#8350 = CARTESIAN_POINT('',(0.625021152668,90.382561737466));
#8351 = CARTESIAN_POINT('',(0.624990912972,90.546521456267));
#8352 = CARTESIAN_POINT('',(0.624958908658,90.842501031937));
#8353 = CARTESIAN_POINT('',(0.624952613274,90.974931264885));
#8354 = CARTESIAN_POINT('',(0.62496031263,91.107251835829));
#8355 = CARTESIAN_POINT('',(0.625010877382,91.239531166072));
#8356 = CARTESIAN_POINT('',(0.625071215509,91.371907931641));
#8357 = CARTESIAN_POINT('',(0.625072193348,91.504406954301));
#8358 = CARTESIAN_POINT('',(0.625027028567,91.726916185769));
#8359 = CARTESIAN_POINT('',(0.625003679512,91.817145463114));
#8360 = CARTESIAN_POINT('',(0.624995262512,91.907397932891));
#8361 = CARTESIAN_POINT('',(0.625008722377,91.997661031596));
#8362 = CARTESIAN_POINT('',(0.625037974754,92.087923554855));
#8363 = CARTESIAN_POINT('',(0.625063906136,92.178175657429));
#8364 = CARTESIAN_POINT('',(0.625046023251,92.347456232025));
#8365 = CARTESIAN_POINT('',(0.625027542536,92.426503307807));
#8366 = CARTESIAN_POINT('',(0.625003621058,92.505558613671));
#8367 = CARTESIAN_POINT('',(0.624982402186,92.58463382828));
#8368 = CARTESIAN_POINT('',(0.624968699874,92.663736964698));
#8369 = CARTESIAN_POINT('',(0.624962444612,92.742856064036));
#8370 = CARTESIAN_POINT('',(0.624962184124,92.982844673382));
#8371 = CARTESIAN_POINT('',(0.624986954459,93.144206527635));
#8372 = CARTESIAN_POINT('',(0.625027979239,93.305186646283));
#8373 = CARTESIAN_POINT('',(0.625025344722,93.466122677567));
#8374 = CARTESIAN_POINT('',(0.625009827484,93.627061500062));
#8375 = CARTESIAN_POINT('',(0.625003179457,93.788347462601));
#8376 = CARTESIAN_POINT('',(0.625003534451,94.039478593629));
#8377 = CARTESIAN_POINT('',(0.625006789774,94.129665391343));
#8378 = CARTESIAN_POINT('',(0.625011132319,94.219861976048));
#8379 = CARTESIAN_POINT('',(0.625014763294,94.310071381206));
#8380 = CARTESIAN_POINT('',(0.625016125722,94.400281915398));
#8381 = CARTESIAN_POINT('',(0.625013904435,94.490467162319));
#8382 = CARTESIAN_POINT('',(0.624997727492,94.702414138578));
#8383 = CARTESIAN_POINT('',(0.62497495866,94.824316116169));
#8384 = CARTESIAN_POINT('',(0.624955801461,94.946267052314));
#8385 = CARTESIAN_POINT('',(0.62495052846,95.068239626706));
#8386 = CARTESIAN_POINT('',(0.624962602906,95.190204059971));
#8387 = CARTESIAN_POINT('',(0.624988678737,95.312128113673));
#8388 = CARTESIAN_POINT('',(0.625018600579,95.433977090309));
#8389 = ( GEOMETRIC_REPRESENTATION_CONTEXT(2) 
PARAMETRIC_REPRESENTATION_CONTEXT() REPRESENTATION_CONTEXT('2D SPACE',''
  ) );
#8390 = ORIENTED_EDGE('',*,*,#8391,.T.);
#8391 = EDGE_CURVE('',#8228,#4667,#8392,.T.);
#8392 = SURFACE_CURVE('',#8393,(#8397,#8404),.PCURVE_S1.);
#8393 = LINE('',#8394,#8395);
#8394 = CARTESIAN_POINT('',(53.,0.,0.));
#8395 = VECTOR('',#8396,1.);
#8396 = DIRECTION('',(0.,0.,1.));
#8397 = PCURVE('',#4764,#8398);
#8398 = DEFINITIONAL_REPRESENTATION('',(#8399),#8403);
#8399 = LINE('',#8400,#8401);
#8400 = CARTESIAN_POINT('',(-0.,0.));
#8401 = VECTOR('',#8402,1.);
#8402 = DIRECTION('',(-0.,-1.));
#8403 = ( GEOMETRIC_REPRESENTATION_CONTEXT(2) 
PARAMETRIC_REPRESENTATION_CONTEXT() REPRESENTATION_CONTEXT('2D SPACE',''
  ) );
#8404 = PCURVE('',#4943,#8405);
#8405 = DEFINITIONAL_REPRESENTATION('',(#8406),#8410);
#8406 = LINE('',#8407,#8408);
#8407 = CARTESIAN_POINT('',(-6.28318530718,0.));
#8408 = VECTOR('',#8409,1.);
#8409 = DIRECTION('',(-0.,-1.));
#8410 = ( GEOMETRIC_REPRESENTATION_CONTEXT(2) 
PARAMETRIC_REPRESENTATION_CONTEXT() REPRESENTATION_CONTEXT('2D SPACE',''
  ) );
#8411 = ADVANCED_FACE('',(#8412),#4943,.T.);
#8412 = FACE_BOUND('',#8413,.F.);
#8413 = EDGE_LOOP('',(#8414,#8415,#8416,#8562));
#8414 = ORIENTED_EDGE('',*,*,#4817,.T.);
#8415 = ORIENTED_EDGE('',*,*,#8391,.F.);
#8416 = ORIENTED_EDGE('',*,*,#8417,.F.);
#8417 = EDGE_CURVE('',#8418,#8228,#8420,.T.);
#8418 = VERTEX_POINT('',#8419);
#8419 = CARTESIAN_POINT('',(53.,0.,12.43748723281));
#8420 = SURFACE_CURVE('',#8421,(#8466,#8514),.PCURVE_S1.);
#8421 = B_SPLINE_CURVE_WITH_KNOTS('',8,(#8422,#8423,#8424,#8425,#8426,
    #8427,#8428,#8429,#8430,#8431,#8432,#8433,#8434,#8435,#8436,#8437,
    #8438,#8439,#8440,#8441,#8442,#8443,#8444,#8445,#8446,#8447,#8448,
    #8449,#8450,#8451,#8452,#8453,#8454,#8455,#8456,#8457,#8458,#8459,
    #8460,#8461,#8462,#8463,#8464,#8465),.UNSPECIFIED.,.F.,.F.,(9,7,7,7,
    7,7,9),(0.,0.159289796036,0.348202156716,0.520794227048,
    0.628270020674,0.798818034671,1.),.UNSPECIFIED.);
#8422 = CARTESIAN_POINT('',(53.,8.437694987151E-15,12.43748723281));
#8423 = CARTESIAN_POINT('',(53.,0.375096312545,12.457396951337));
#8424 = CARTESIAN_POINT('',(52.946400871852,0.750820291165,
    12.477359477246));
#8425 = CARTESIAN_POINT('',(52.838890984573,1.117327709209,
    12.497241497176));
#8426 = CARTESIAN_POINT('',(52.679656551723,1.465693473944,
    12.517292599418));
#8427 = CARTESIAN_POINT('',(52.472221727086,1.787674417568,
    12.537034320578));
#8428 = CARTESIAN_POINT('',(52.221640490235,2.075864969594,
    12.556959531774));
#8429 = CARTESIAN_POINT('',(51.934259058041,2.323635227991,
    12.576921160738));
#8430 = CARTESIAN_POINT('',(51.244017943471,2.765904936689,
    12.620439898265));
#8431 = CARTESIAN_POINT('',(50.82784843958,2.943064224956,
    12.644098030122));
#8432 = CARTESIAN_POINT('',(50.383805457802,3.047733319525,
    12.667675807739));
#8433 = CARTESIAN_POINT('',(49.926763182635,3.075856380041,
    12.691255179446));
#8434 = CARTESIAN_POINT('',(49.471584859375,3.026003462472,
    12.714866753756));
#8435 = CARTESIAN_POINT('',(49.033038159706,2.900346841497,
    12.738499971555));
#8436 = CARTESIAN_POINT('',(48.625731608739,2.703558372319,
    12.762172844352));
#8437 = CARTESIAN_POINT('',(47.931741858968,2.210756192174,
    12.807339182913));
#8438 = CARTESIAN_POINT('',(47.636362560282,1.923653057251,
    12.82893634219));
#8439 = CARTESIAN_POINT('',(47.386929574637,1.591981977695,
    12.850513592459));
#8440 = CARTESIAN_POINT('',(47.191319551836,1.224466755032,
    12.872068785641));
#8441 = CARTESIAN_POINT('',(47.05520494532,0.831052627236,
    12.893624991836));
#8442 = CARTESIAN_POINT('',(46.981969152334,0.422661898847,
    12.915204438591));
#8443 = CARTESIAN_POINT('',(46.972621654095,1.094957110261E-02,
    12.936802450171));
#8444 = CARTESIAN_POINT('',(47.058774068244,-0.642827333388,
    12.971786475387));
#8445 = CARTESIAN_POINT('',(47.116004391476,-0.890489629935,
    12.985204397714));
#8446 = CARTESIAN_POINT('',(47.197033827278,-1.132174183022,
    12.998619546189));
#8447 = CARTESIAN_POINT('',(47.301149449895,-1.365262085645,
    13.012034984651));
#8448 = CARTESIAN_POINT('',(47.427295706201,-1.587269258352,
    13.025452448399));
#8449 = CARTESIAN_POINT('',(47.574074415695,-1.795846449236,
    13.038872344198));
#8450 = CARTESIAN_POINT('',(47.739744770502,-1.988779233942,
    13.052293750278));
#8451 = CARTESIAN_POINT('',(48.211789532438,-2.442018153893,
    13.087011006605));
#8452 = CARTESIAN_POINT('',(48.544464224545,-2.676311313392,
    13.108346383855));
#8453 = CARTESIAN_POINT('',(48.911667388773,-2.858154037492,
    13.129709296465));
#8454 = CARTESIAN_POINT('',(49.303633043362,-2.982021353159,
    13.151043779272));
#8455 = CARTESIAN_POINT('',(49.709889966853,-3.044536892234,
    13.17233097287));
#8456 = CARTESIAN_POINT('',(50.119567944603,-3.04414202384,
    13.193608388601));
#8457 = CARTESIAN_POINT('',(50.52152954266,-2.981473997932,
    13.214926619218));
#8458 = CARTESIAN_POINT('',(51.355883690831,-2.71769434533,
    13.261389323132));
#8459 = CARTESIAN_POINT('',(51.783320945742,-2.492924034772,
    13.286635054894));
#8460 = CARTESIAN_POINT('',(52.166524682141,-2.191528200268,
    13.311741263806));
#8461 = CARTESIAN_POINT('',(52.490264822657,-1.824455103345,
    13.33683553961));
#8462 = CARTESIAN_POINT('',(52.742691619372,-1.405115377734,
    13.361972166418));
#8463 = CARTESIAN_POINT('',(52.914547533415,-0.948848826743,
    13.387143730134));
#8464 = CARTESIAN_POINT('',(53.,-0.473544415727,13.412371389554));
#8465 = CARTESIAN_POINT('',(53.,7.993605777301E-15,13.437500545346));
#8466 = PCURVE('',#4943,#8467);
#8467 = DEFINITIONAL_REPRESENTATION('',(#8468),#8513);
#8468 = B_SPLINE_CURVE_WITH_KNOTS('',8,(#8469,#8470,#8471,#8472,#8473,
    #8474,#8475,#8476,#8477,#8478,#8479,#8480,#8481,#8482,#8483,#8484,
    #8485,#8486,#8487,#8488,#8489,#8490,#8491,#8492,#8493,#8494,#8495,
    #8496,#8497,#8498,#8499,#8500,#8501,#8502,#8503,#8504,#8505,#8506,
    #8507,#8508,#8509,#8510,#8511,#8512),.UNSPECIFIED.,.F.,.F.,(9,7,7,7,
    7,7,9),(0.,0.159289796036,0.348202156716,0.520794227048,
    0.628270020674,0.798818034671,1.),.UNSPECIFIED.);
#8469 = CARTESIAN_POINT('',(0.,-12.43748723281));
#8470 = CARTESIAN_POINT('',(-0.125032104182,-12.45739695133));
#8471 = CARTESIAN_POINT('',(-0.250272971067,-12.47735947724));
#8472 = CARTESIAN_POINT('',(-0.375423334876,-12.49724149717));
#8473 = CARTESIAN_POINT('',(-0.500514075296,-12.51729259941));
#8474 = CARTESIAN_POINT('',(-0.625599607238,-12.53703432057));
#8475 = CARTESIAN_POINT('',(-0.75073348403,-12.55695953177));
#8476 = CARTESIAN_POINT('',(-0.875947475719,-12.57692116073));
#8477 = CARTESIAN_POINT('',(-1.149206671249,-12.62043989826));
#8478 = CARTESIAN_POINT('',(-1.297866783392,-12.64409803012));
#8479 = CARTESIAN_POINT('',(-1.446292250397,-12.66767580773));
#8480 = CARTESIAN_POINT('',(-1.594600226091,-12.69125517944));
#8481 = CARTESIAN_POINT('',(-1.742912653487,-12.71486675375));
#8482 = CARTESIAN_POINT('',(-1.891328866774,-12.73849997155));
#8483 = CARTESIAN_POINT('',(-2.040004171981,-12.76217284435));
#8484 = CARTESIAN_POINT('',(-2.323724645049,-12.80733918291));
#8485 = CARTESIAN_POINT('',(-2.459423790486,-12.82893634219));
#8486 = CARTESIAN_POINT('',(-2.595019915441,-12.85051359245));
#8487 = CARTESIAN_POINT('',(-2.730478531758,-12.87206878564));
#8488 = CARTESIAN_POINT('',(-2.865924323392,-12.89362499183));
#8489 = CARTESIAN_POINT('',(-3.001488529109,-12.91520443859));
#8490 = CARTESIAN_POINT('',(-3.137156325182,-12.93680245017));
#8491 = CARTESIAN_POINT('',(-3.356965959819,-12.97178647538));
#8492 = CARTESIAN_POINT('',(-3.441284246117,-12.98520439771));
#8493 = CARTESIAN_POINT('',(-3.525598064765,-12.99861954618));
#8494 = CARTESIAN_POINT('',(-3.609924947266,-13.01203498465));
#8495 = CARTESIAN_POINT('',(-3.69427095884,-13.02545244839));
#8496 = CARTESIAN_POINT('',(-3.778630698425,-13.03887234419));
#8497 = CARTESIAN_POINT('',(-3.862987298676,-13.05229375027));
#8498 = CARTESIAN_POINT('',(-4.081123794127,-13.0870110066));
#8499 = CARTESIAN_POINT('',(-4.215188980183,-13.10834638385));
#8500 = CARTESIAN_POINT('',(-4.349150552916,-13.12970929646));
#8501 = CARTESIAN_POINT('',(-4.482976931503,-13.15104377927));
#8502 = CARTESIAN_POINT('',(-4.616795305753,-13.17233097287));
#8503 = CARTESIAN_POINT('',(-4.750733375235,-13.1936083886));
#8504 = CARTESIAN_POINT('',(-4.884769907263,-13.21492661921));
#8505 = CARTESIAN_POINT('',(-5.176455916087,-13.26138932313));
#8506 = CARTESIAN_POINT('',(-5.334894692556,-13.28663505489));
#8507 = CARTESIAN_POINT('',(-5.492963495655,-13.3117412638));
#8508 = CARTESIAN_POINT('',(-5.650890899241,-13.33683553961));
#8509 = CARTESIAN_POINT('',(-5.808823020952,-13.36197216641));
#8510 = CARTESIAN_POINT('',(-5.966899851719,-13.38714373013));
#8511 = CARTESIAN_POINT('',(-6.125337168604,-13.41237138955));
#8512 = CARTESIAN_POINT('',(-6.28318530718,-13.43750054534));
#8513 = ( GEOMETRIC_REPRESENTATION_CONTEXT(2) 
PARAMETRIC_REPRESENTATION_CONTEXT() REPRESENTATION_CONTEXT('2D SPACE',''
  ) );
#8514 = PCURVE('',#2251,#8515);
#8515 = DEFINITIONAL_REPRESENTATION('',(#8516),#8561);
#8516 = B_SPLINE_CURVE_WITH_KNOTS('',8,(#8517,#8518,#8519,#8520,#8521,
    #8522,#8523,#8524,#8525,#8526,#8527,#8528,#8529,#8530,#8531,#8532,
    #8533,#8534,#8535,#8536,#8537,#8538,#8539,#8540,#8541,#8542,#8543,
    #8544,#8545,#8546,#8547,#8548,#8549,#8550,#8551,#8552,#8553,#8554,
    #8555,#8556,#8557,#8558,#8559,#8560),.UNSPECIFIED.,.F.,.F.,(9,7,7,7,
    7,7,9),(0.,0.159289796036,0.348202156716,0.520794227048,
    0.628270020674,0.798818034671,1.),.UNSPECIFIED.);
#8517 = CARTESIAN_POINT('',(0.624975546677,82.709443271249));
#8518 = CARTESIAN_POINT('',(0.624995149741,82.836051819385));
#8519 = CARTESIAN_POINT('',(0.625054553755,82.962869729967));
#8520 = CARTESIAN_POINT('',(0.624978098213,83.089607628294));
#8521 = CARTESIAN_POINT('',(0.625272750329,83.216240727432));
#8522 = CARTESIAN_POINT('',(0.624932341238,83.342925680108));
#8523 = CARTESIAN_POINT('',(0.624954266313,83.469625408198));
#8524 = CARTESIAN_POINT('',(0.625018853434,83.596421124845));
#8525 = CARTESIAN_POINT('',(0.625075335923,83.873119193298));
#8526 = CARTESIAN_POINT('',(0.625072927859,84.023646160813));
#8527 = CARTESIAN_POINT('',(0.624984705019,84.173934880811));
#8528 = CARTESIAN_POINT('',(0.624930988791,84.324123974739));
#8529 = CARTESIAN_POINT('',(0.624943487465,84.474307309802));
#8530 = CARTESIAN_POINT('',(0.624968481142,84.624588599564));
#8531 = CARTESIAN_POINT('',(0.624991534299,84.775128357631));
#8532 = CARTESIAN_POINT('',(0.625016719148,85.062408462374));
#8533 = CARTESIAN_POINT('',(0.625018404825,85.19980995343));
#8534 = CARTESIAN_POINT('',(0.62501114632,85.337113230674));
#8535 = CARTESIAN_POINT('',(0.625001591887,85.474283478532));
#8536 = CARTESIAN_POINT('',(0.624997300001,85.611443430615));
#8537 = CARTESIAN_POINT('',(0.625002395396,85.748721383153));
#8538 = CARTESIAN_POINT('',(0.62501322511,85.886099208429));
#8539 = CARTESIAN_POINT('',(0.625014506106,86.108672777216));
#8540 = CARTESIAN_POINT('',(0.625011900092,86.194049446643));
#8541 = CARTESIAN_POINT('',(0.625005443833,86.279420716211));
#8542 = CARTESIAN_POINT('',(0.624995430542,86.364805146118));
#8543 = CARTESIAN_POINT('',(0.624983199292,86.45020951704));
#8544 = CARTESIAN_POINT('',(0.624971135023,86.535628830132));
#8545 = CARTESIAN_POINT('',(0.624962668532,86.621046307028));
#8546 = CARTESIAN_POINT('',(0.624961654364,86.841929922626));
#8547 = CARTESIAN_POINT('',(0.624956444446,86.977687822844));
#8548 = CARTESIAN_POINT('',(0.625039936232,87.113338738753));
#8549 = CARTESIAN_POINT('',(0.625111187705,87.248847714711));
#8550 = CARTESIAN_POINT('',(0.625091291223,87.384345777571));
#8551 = CARTESIAN_POINT('',(0.62501287829,87.519967779389));
#8552 = CARTESIAN_POINT('',(0.624982863234,87.655695496418));
#8553 = CARTESIAN_POINT('',(0.625060376059,87.951056959262));
#8554 = CARTESIAN_POINT('',(0.625119653747,88.111488428374));
#8555 = CARTESIAN_POINT('',(0.625021177368,88.271534051646));
#8556 = CARTESIAN_POINT('',(0.62493671643,88.4314591687));
#8557 = CARTESIAN_POINT('',(0.624933899706,88.591394013484));
#8558 = CARTESIAN_POINT('',(0.624961299385,88.751455013622));
#8559 = CARTESIAN_POINT('',(0.624986233035,88.91188075437));
#8560 = CARTESIAN_POINT('',(0.625001925284,89.071709187008));
#8561 = ( GEOMETRIC_REPRESENTATION_CONTEXT(2) 
PARAMETRIC_REPRESENTATION_CONTEXT() REPRESENTATION_CONTEXT('2D SPACE',''
  ) );
#8562 = ORIENTED_EDGE('',*,*,#8563,.T.);
#8563 = EDGE_CURVE('',#8418,#4818,#8564,.T.);
#8564 = SURFACE_CURVE('',#8565,(#8569,#8576),.PCURVE_S1.);
#8565 = LINE('',#8566,#8567);
#8566 = CARTESIAN_POINT('',(53.,0.,0.));
#8567 = VECTOR('',#8568,1.);
#8568 = DIRECTION('',(0.,0.,1.));
#8569 = PCURVE('',#4943,#8570);
#8570 = DEFINITIONAL_REPRESENTATION('',(#8571),#8575);
#8571 = LINE('',#8572,#8573);
#8572 = CARTESIAN_POINT('',(-0.,0.));
#8573 = VECTOR('',#8574,1.);
#8574 = DIRECTION('',(-0.,-1.));
#8575 = ( GEOMETRIC_REPRESENTATION_CONTEXT(2) 
PARAMETRIC_REPRESENTATION_CONTEXT() REPRESENTATION_CONTEXT('2D SPACE',''
  ) );
#8576 = PCURVE('',#5122,#8577);
#8577 = DEFINITIONAL_REPRESENTATION('',(#8578),#8582);
#8578 = LINE('',#8579,#8580);
#8579 = CARTESIAN_POINT('',(-6.28318530718,0.));
#8580 = VECTOR('',#8581,1.);
#8581 = DIRECTION('',(-0.,-1.));
#8582 = ( GEOMETRIC_REPRESENTATION_CONTEXT(2) 
PARAMETRIC_REPRESENTATION_CONTEXT() REPRESENTATION_CONTEXT('2D SPACE',''
  ) );
#8583 = ADVANCED_FACE('',(#8584),#5122,.T.);
#8584 = FACE_BOUND('',#8585,.F.);
#8585 = EDGE_LOOP('',(#8586,#8587,#8588,#8755));
#8586 = ORIENTED_EDGE('',*,*,#5010,.T.);
#8587 = ORIENTED_EDGE('',*,*,#8563,.F.);
#8588 = ORIENTED_EDGE('',*,*,#8589,.F.);
#8589 = EDGE_CURVE('',#8590,#8418,#8592,.T.);
#8590 = VERTEX_POINT('',#8591);
#8591 = CARTESIAN_POINT('',(53.,0.,11.437490033395));
#8592 = SURFACE_CURVE('',#8593,(#8645,#8700),.PCURVE_S1.);
#8593 = B_SPLINE_CURVE_WITH_KNOTS('',8,(#8594,#8595,#8596,#8597,#8598,
    #8599,#8600,#8601,#8602,#8603,#8604,#8605,#8606,#8607,#8608,#8609,
    #8610,#8611,#8612,#8613,#8614,#8615,#8616,#8617,#8618,#8619,#8620,
    #8621,#8622,#8623,#8624,#8625,#8626,#8627,#8628,#8629,#8630,#8631,
    #8632,#8633,#8634,#8635,#8636,#8637,#8638,#8639,#8640,#8641,#8642,
    #8643,#8644),.UNSPECIFIED.,.F.,.F.,(9,7,7,7,7,7,7,9),(0.,
    0.185745411669,0.305246719586,0.375845609022,0.537242372199,
    0.617551640966,0.81709868349,1.),.UNSPECIFIED.);
#8594 = CARTESIAN_POINT('',(53.,-3.996802888651E-15,11.437490033395));
#8595 = CARTESIAN_POINT('',(53.,0.437646787172,11.460716160335));
#8596 = CARTESIAN_POINT('',(52.927032911939,0.876361664576,
    11.484000318727));
#8597 = CARTESIAN_POINT('',(52.780489390552,1.300111556877,
    11.507239455227));
#8598 = CARTESIAN_POINT('',(52.564706276506,1.694932992443,
    11.530446554548));
#8599 = CARTESIAN_POINT('',(52.286091953456,2.048182352173,
    11.553653858311));
#8600 = CARTESIAN_POINT('',(51.953782412061,2.349063685897,
    11.576886816645));
#8601 = CARTESIAN_POINT('',(51.578899425925,2.588158983367,
    11.600160415298));
#8602 = CARTESIAN_POINT('',(50.917362029114,2.870140632742,
    11.638316189204));
#8603 = CARTESIAN_POINT('',(50.64648427119,2.952755251635,
    11.653250490912));
#8604 = CARTESIAN_POINT('',(50.367369295933,3.006099193401,
    11.668181320758));
#8605 = CARTESIAN_POINT('',(50.083695088323,3.029236638599,
    11.68310913129));
#8606 = CARTESIAN_POINT('',(49.799162937639,3.021787999333,
    11.698034963546));
#8607 = CARTESIAN_POINT('',(49.517497437454,2.98392991926,
    11.712960447051));
#8608 = CARTESIAN_POINT('',(49.242446485636,2.916395273584,
    11.727887799815));
#8609 = CARTESIAN_POINT('',(48.821422583275,2.763804383002,
    11.751641360495));
#8610 = CARTESIAN_POINT('',(48.668768011764,2.69727940811,
    11.760457238801));
#8611 = CARTESIAN_POINT('',(48.520492677842,2.621154863665,
    11.769271564306));
#8612 = CARTESIAN_POINT('',(48.377254114214,2.535748241329,
    11.778087151705));
#8613 = CARTESIAN_POINT('',(48.239692278262,2.441437905136,
    11.786905529338));
#8614 = CARTESIAN_POINT('',(48.108429552051,2.338663091499,
    11.79572693919));
#8615 = CARTESIAN_POINT('',(47.984070742323,2.227923909207,
    11.804550336892));
#8616 = CARTESIAN_POINT('',(47.600030855999,1.839694536233,
    11.833543857593));
#8617 = CARTESIAN_POINT('',(47.371567259031,1.530540954292,
    11.853764676931));
#8618 = CARTESIAN_POINT('',(47.189143729581,1.189424499158,
    11.873889411764));
#8619 = CARTESIAN_POINT('',(47.057662858412,0.824418803661,
    11.893993176382));
#8620 = CARTESIAN_POINT('',(46.980349924303,0.444230589653,
    11.914157368087));
#8621 = CARTESIAN_POINT('',(46.958974804293,5.799031828088E-02,
    11.934372275119));
#8622 = CARTESIAN_POINT('',(46.993544256945,-0.324829871217,
    11.954557561734));
#8623 = CARTESIAN_POINT('',(47.125212771631,-0.878250535986,
    11.984723601708));
#8624 = CARTESIAN_POINT('',(47.182193089897,-1.058984035299,
    11.994742740197));
#8625 = CARTESIAN_POINT('',(47.252158084243,-1.235464824201,
    12.004762147309));
#8626 = CARTESIAN_POINT('',(47.334746080159,-1.406623154181,
    12.014784435348));
#8627 = CARTESIAN_POINT('',(47.429481177813,-1.57142613613,
    12.024810727534));
#8628 = CARTESIAN_POINT('',(47.535773252051,-1.728877740344,
    12.034840657996));
#8629 = CARTESIAN_POINT('',(47.652917952398,-1.878018796526,
    12.044872371777));
#8630 = CARTESIAN_POINT('',(48.096101866044,-2.365561425217,
    12.079824771157));
#8631 = CARTESIAN_POINT('',(48.475445670458,-2.657867606022,
    12.104846774493));
#8632 = CARTESIAN_POINT('',(48.905129460157,-2.87906311791,
    12.129815960368));
#8633 = CARTESIAN_POINT('',(49.369283942294,-3.020642431271,
    12.154754347168));
#8634 = CARTESIAN_POINT('',(49.851337038835,-3.076679541174,
    12.179675744453));
#8635 = CARTESIAN_POINT('',(50.333775432387,-3.045839845187,
    12.204630528464));
#8636 = CARTESIAN_POINT('',(50.79837303353,-2.929719868013,
    12.229642546187));
#8637 = CARTESIAN_POINT('',(51.619924257909,-2.561488892938,
    12.277410973786));
#8638 = CARTESIAN_POINT('',(51.984930443765,-2.320496545748,
    12.300314874756));
#8639 = CARTESIAN_POINT('',(52.307896247867,-2.020281771657,
    12.323185195974));
#8640 = CARTESIAN_POINT('',(52.578259151586,-1.669960140054,
    12.346032645792));
#8641 = CARTESIAN_POINT('',(52.787401507869,-1.27997876455,
    12.368864787391));
#8642 = CARTESIAN_POINT('',(52.929340028289,-0.862444935354,
    12.391720022958));
#8643 = CARTESIAN_POINT('',(53.,-0.430672327072,12.41462759777));
#8644 = CARTESIAN_POINT('',(53.,8.437694987151E-15,12.43748723281));
#8645 = PCURVE('',#5122,#8646);
#8646 = DEFINITIONAL_REPRESENTATION('',(#8647),#8699);
#8647 = B_SPLINE_CURVE_WITH_KNOTS('',8,(#8648,#8649,#8650,#8651,#8652,
    #8653,#8654,#8655,#8656,#8657,#8658,#8659,#8660,#8661,#8662,#8663,
    #8664,#8665,#8666,#8667,#8668,#8669,#8670,#8671,#8672,#8673,#8674,
    #8675,#8676,#8677,#8678,#8679,#8680,#8681,#8682,#8683,#8684,#8685,
    #8686,#8687,#8688,#8689,#8690,#8691,#8692,#8693,#8694,#8695,#8696,
    #8697,#8698),.UNSPECIFIED.,.F.,.F.,(9,7,7,7,7,7,7,9),(0.,
    0.185745411669,0.305246719586,0.375845609022,0.537242372199,
    0.617551640966,0.81709868349,1.),.UNSPECIFIED.);
#8648 = CARTESIAN_POINT('',(0.,-11.43749003339));
#8649 = CARTESIAN_POINT('',(-0.145882262391,-11.46071616033));
#8650 = CARTESIAN_POINT('',(-0.292119010861,-11.48400031872));
#8651 = CARTESIAN_POINT('',(-0.438109018067,-11.50723945522));
#8652 = CARTESIAN_POINT('',(-0.583976696029,-11.53044655454));
#8653 = CARTESIAN_POINT('',(-0.729833152272,-11.55365385831));
#8654 = CARTESIAN_POINT('',(-0.875797189972,-11.57688681664));
#8655 = CARTESIAN_POINT('',(-1.022000331628,-11.60016041529));
#8656 = CARTESIAN_POINT('',(-1.261709733929,-11.6383161892));
#8657 = CARTESIAN_POINT('',(-1.355536925038,-11.65325049091));
#8658 = CARTESIAN_POINT('',(-1.449356649722,-11.66818132075));
#8659 = CARTESIAN_POINT('',(-1.54317583751,-11.68310913129));
#8660 = CARTESIAN_POINT('',(-1.63699895932,-11.69803496354));
#8661 = CARTESIAN_POINT('',(-1.730828027461,-11.71296044705));
#8662 = CARTESIAN_POINT('',(-1.824662595627,-11.72788779981));
#8663 = CARTESIAN_POINT('',(-1.973936804997,-11.75164136049));
#8664 = CARTESIAN_POINT('',(-2.029330483914,-11.7604572388));
#8665 = CARTESIAN_POINT('',(-2.084703504961,-11.7692715643));
#8666 = CARTESIAN_POINT('',(-2.140072374202,-11.7780871517));
#8667 = CARTESIAN_POINT('',(-2.195447394465,-11.78690552933));
#8668 = CARTESIAN_POINT('',(-2.250832665335,-11.79572693919));
#8669 = CARTESIAN_POINT('',(-2.306226083161,-11.80455033689));
#8670 = CARTESIAN_POINT('',(-2.48825437166,-11.83354385759));
#8671 = CARTESIAN_POINT('',(-2.615063296489,-11.85376467693));
#8672 = CARTESIAN_POINT('',(-2.741785008139,-11.87388941176));
#8673 = CARTESIAN_POINT('',(-2.868405694796,-11.89399317638));
#8674 = CARTESIAN_POINT('',(-2.995028629638,-11.91415736808));
#8675 = CARTESIAN_POINT('',(-3.121751182001,-11.93437227511));
#8676 = CARTESIAN_POINT('',(-3.248549050304,-11.95455756173));
#8677 = CARTESIAN_POINT('',(-3.438171783925,-11.9847236017));
#8678 = CARTESIAN_POINT('',(-3.501171318119,-11.99474274019));
#8679 = CARTESIAN_POINT('',(-3.564179817581,-12.0047621473));
#8680 = CARTESIAN_POINT('',(-3.62720417075,-12.01478443534));
#8681 = CARTESIAN_POINT('',(-3.690244656239,-12.02481072753));
#8682 = CARTESIAN_POINT('',(-3.753294942829,-12.03484065799));
#8683 = CARTESIAN_POINT('',(-3.816342089471,-12.04487237177));
#8684 = CARTESIAN_POINT('',(-4.035965452958,-12.07982477115));
#8685 = CARTESIAN_POINT('',(-4.193116121976,-12.10484677449));
#8686 = CARTESIAN_POINT('',(-4.349884880777,-12.12981596036));
#8687 = CARTESIAN_POINT('',(-4.506550333531,-12.15475434716));
#8688 = CARTESIAN_POINT('',(-4.663207366765,-12.17967574445));
#8689 = CARTESIAN_POINT('',(-4.820028283297,-12.20463052846));
#8690 = CARTESIAN_POINT('',(-4.977176063129,-12.22964254618));
#8691 = CARTESIAN_POINT('',(-5.277276132603,-12.27741097378));
#8692 = CARTESIAN_POINT('',(-5.42115736102,-12.30031487475));
#8693 = CARTESIAN_POINT('',(-5.564838539278,-12.32318519597));
#8694 = CARTESIAN_POINT('',(-5.708422724912,-12.34603264579));
#8695 = CARTESIAN_POINT('',(-5.852009946555,-12.36886478739));
#8696 = CARTESIAN_POINT('',(-5.99570520284,-12.39172002295));
#8697 = CARTESIAN_POINT('',(-6.139627864822,-12.41462759777));
#8698 = CARTESIAN_POINT('',(-6.28318530718,-12.43748723281));
#8699 = ( GEOMETRIC_REPRESENTATION_CONTEXT(2) 
PARAMETRIC_REPRESENTATION_CONTEXT() REPRESENTATION_CONTEXT('2D SPACE',''
  ) );
#8700 = PCURVE('',#2251,#8701);
#8701 = DEFINITIONAL_REPRESENTATION('',(#8702),#8754);
#8702 = B_SPLINE_CURVE_WITH_KNOTS('',8,(#8703,#8704,#8705,#8706,#8707,
    #8708,#8709,#8710,#8711,#8712,#8713,#8714,#8715,#8716,#8717,#8718,
    #8719,#8720,#8721,#8722,#8723,#8724,#8725,#8726,#8727,#8728,#8729,
    #8730,#8731,#8732,#8733,#8734,#8735,#8736,#8737,#8738,#8739,#8740,
    #8741,#8742,#8743,#8744,#8745,#8746,#8747,#8748,#8749,#8750,#8751,
    #8752,#8753),.UNSPECIFIED.,.F.,.F.,(9,7,7,7,7,7,7,9),(0.,
    0.185745411669,0.305246719586,0.375845609022,0.537242372199,
    0.617551640966,0.81709868349,1.),.UNSPECIFIED.);
#8703 = CARTESIAN_POINT('',(0.62497869967,76.347185927698));
#8704 = CARTESIAN_POINT('',(0.624996390109,76.494900429707));
#8705 = CARTESIAN_POINT('',(0.625018356518,76.642970540818));
#8706 = CARTESIAN_POINT('',(0.625029180717,76.790789655577));
#8707 = CARTESIAN_POINT('',(0.625013131748,76.938490428096));
#8708 = CARTESIAN_POINT('',(0.624997503897,77.08619116187));
#8709 = CARTESIAN_POINT('',(0.624998404104,77.234002538905));
#8710 = CARTESIAN_POINT('',(0.625005523159,77.382052697464));
#8711 = CARTESIAN_POINT('',(0.625014016647,77.624782828477));
#8712 = CARTESIAN_POINT('',(0.625016798579,77.719789965824));
#8713 = CARTESIAN_POINT('',(0.625015579276,77.8147877427));
#8714 = CARTESIAN_POINT('',(0.625008841454,77.909783865016));
#8715 = CARTESIAN_POINT('',(0.624997008591,78.004783608988));
#8716 = CARTESIAN_POINT('',(0.624982444928,78.09978982113));
#8717 = CARTESIAN_POINT('',(0.624969455466,78.19480291826));
#8718 = CARTESIAN_POINT('',(0.624961231937,78.345955529215));
#8719 = CARTESIAN_POINT('',(0.624960477032,78.402046885819));
#8720 = CARTESIAN_POINT('',(0.624963044179,78.458117795219));
#8721 = CARTESIAN_POINT('',(0.624969362515,78.514184800112));
#8722 = CARTESIAN_POINT('',(0.624979267388,78.570258147982));
#8723 = CARTESIAN_POINT('',(0.624992000357,78.626341791096));
#8724 = CARTESIAN_POINT('',(0.625006209193,78.682433386509));
#8725 = CARTESIAN_POINT('',(0.625051356013,78.866754234486));
#8726 = CARTESIAN_POINT('',(0.62512912687,78.995157049205));
#8727 = CARTESIAN_POINT('',(0.625043067265,79.123469714565));
#8728 = CARTESIAN_POINT('',(0.624945756926,79.251684751877));
#8729 = CARTESIAN_POINT('',(0.62496696335,79.379907225306));
#8730 = CARTESIAN_POINT('',(0.625058489441,79.508228667236));
#8731 = CARTESIAN_POINT('',(0.625069453919,79.636617933086));
#8732 = CARTESIAN_POINT('',(0.625043321868,79.828625406738));
#8733 = CARTESIAN_POINT('',(0.625028262972,79.892417726464));
#8734 = CARTESIAN_POINT('',(0.625010699677,79.956219722046));
#8735 = CARTESIAN_POINT('',(0.624993669029,80.020038352446));
#8736 = CARTESIAN_POINT('',(0.624979373251,80.083873758316));
#8737 = CARTESIAN_POINT('',(0.624969179752,80.147719262));
#8738 = CARTESIAN_POINT('',(0.62496362112,80.211561367528));
#8739 = CARTESIAN_POINT('',(0.62495934886,80.433951389979));
#8740 = CARTESIAN_POINT('',(0.624981311653,80.593078142864));
#8741 = CARTESIAN_POINT('',(0.625021330754,80.75181141755));
#8742 = CARTESIAN_POINT('',(0.625034407066,80.910434449072));
#8743 = CARTESIAN_POINT('',(0.625012106372,81.06906192731));
#8744 = CARTESIAN_POINT('',(0.625001522995,81.227864546577));
#8745 = CARTESIAN_POINT('',(0.625000944245,81.386999475885));
#8746 = CARTESIAN_POINT('',(0.625009191428,81.690888641837));
#8747 = CARTESIAN_POINT('',(0.625017155812,81.836583996626));
#8748 = CARTESIAN_POINT('',(0.625023458801,81.982070993223));
#8749 = CARTESIAN_POINT('',(0.625017272674,82.127452205391));
#8750 = CARTESIAN_POINT('',(0.624979576971,82.272836258793));
#8751 = CARTESIAN_POINT('',(0.624950802672,82.418338861649));
#8752 = CARTESIAN_POINT('',(0.624953039131,82.564075811666));
#8753 = CARTESIAN_POINT('',(0.624975546677,82.709443271249));
#8754 = ( GEOMETRIC_REPRESENTATION_CONTEXT(2) 
PARAMETRIC_REPRESENTATION_CONTEXT() REPRESENTATION_CONTEXT('2D SPACE',''
  ) );
#8755 = ORIENTED_EDGE('',*,*,#8756,.T.);
#8756 = EDGE_CURVE('',#8590,#5011,#8757,.T.);
#8757 = SURFACE_CURVE('',#8758,(#8762,#8769),.PCURVE_S1.);
#8758 = LINE('',#8759,#8760);
#8759 = CARTESIAN_POINT('',(53.,0.,0.));
#8760 = VECTOR('',#8761,1.);
#8761 = DIRECTION('',(0.,0.,1.));
#8762 = PCURVE('',#5122,#8763);
#8763 = DEFINITIONAL_REPRESENTATION('',(#8764),#8768);
#8764 = LINE('',#8765,#8766);
#8765 = CARTESIAN_POINT('',(-0.,0.));
#8766 = VECTOR('',#8767,1.);
#8767 = DIRECTION('',(-0.,-1.));
#8768 = ( GEOMETRIC_REPRESENTATION_CONTEXT(2) 
PARAMETRIC_REPRESENTATION_CONTEXT() REPRESENTATION_CONTEXT('2D SPACE',''
  ) );
#8769 = PCURVE('',#5280,#8770);
#8770 = DEFINITIONAL_REPRESENTATION('',(#8771),#8775);
#8771 = LINE('',#8772,#8773);
#8772 = CARTESIAN_POINT('',(-6.28318530718,0.));
#8773 = VECTOR('',#8774,1.);
#8774 = DIRECTION('',(-0.,-1.));
#8775 = ( GEOMETRIC_REPRESENTATION_CONTEXT(2) 
PARAMETRIC_REPRESENTATION_CONTEXT() REPRESENTATION_CONTEXT('2D SPACE',''
  ) );
#8776 = ADVANCED_FACE('',(#8777),#5280,.T.);
#8777 = FACE_BOUND('',#8778,.F.);
#8778 = EDGE_LOOP('',(#8779,#8780,#8781,#8927));
#8779 = ORIENTED_EDGE('',*,*,#5182,.T.);
#8780 = ORIENTED_EDGE('',*,*,#8756,.F.);
#8781 = ORIENTED_EDGE('',*,*,#8782,.F.);
#8782 = EDGE_CURVE('',#8783,#8590,#8785,.T.);
#8783 = VERTEX_POINT('',#8784);
#8784 = CARTESIAN_POINT('',(53.,0.,10.437480245546));
#8785 = SURFACE_CURVE('',#8786,(#8831,#8879),.PCURVE_S1.);
#8786 = B_SPLINE_CURVE_WITH_KNOTS('',7,(#8787,#8788,#8789,#8790,#8791,
    #8792,#8793,#8794,#8795,#8796,#8797,#8798,#8799,#8800,#8801,#8802,
    #8803,#8804,#8805,#8806,#8807,#8808,#8809,#8810,#8811,#8812,#8813,
    #8814,#8815,#8816,#8817,#8818,#8819,#8820,#8821,#8822,#8823,#8824,
    #8825,#8826,#8827,#8828,#8829,#8830),.UNSPECIFIED.,.F.,.F.,(8,6,6,6,
    6,6,6,8),(0.,0.123426518292,0.245454572805,0.431836730392,
    0.580212430352,0.692670704617,0.828537469724,1.),.UNSPECIFIED.);
#8787 = CARTESIAN_POINT('',(53.,-3.552713678801E-15,10.437480245546));
#8788 = CARTESIAN_POINT('',(53.,0.332232880894,10.455104639976));
#8789 = CARTESIAN_POINT('',(52.957070582642,0.664535380964,
    10.472733398113));
#8790 = CARTESIAN_POINT('',(52.871255794772,0.989990036032,
    10.490369967547));
#8791 = CARTESIAN_POINT('',(52.743822014317,1.302097509302,
    10.508013158404));
#8792 = CARTESIAN_POINT('',(52.577257950275,1.594776591359,
    10.525657143348));
#8793 = CARTESIAN_POINT('',(52.375274642725,1.862364200171,
    10.543291457581));
#8794 = CARTESIAN_POINT('',(51.91297023656,2.334178426691,
    10.578311018108));
#8795 = CARTESIAN_POINT('',(51.652987754728,2.539581086824,
    10.595707215921));
#8796 = CARTESIAN_POINT('',(51.367557929217,2.710870503219,
    10.613176807665));
#8797 = CARTESIAN_POINT('',(51.062109851018,2.844457736895,
    10.630640246601));
#8798 = CARTESIAN_POINT('',(50.742581248401,2.937748577147,
    10.648061779298));
#8799 = CARTESIAN_POINT('',(50.415334013174,2.989189997269,
    10.665483914752));
#8800 = CARTESIAN_POINT('',(49.586032146791,3.01330683144,
    10.709464959646));
#8801 = CARTESIAN_POINT('',(49.080505502622,2.930185613066,
    10.736119508114));
#8802 = CARTESIAN_POINT('',(48.596375711439,2.747701464705,
    10.762726386156));
#8803 = CARTESIAN_POINT('',(48.155888383233,2.473717452386,
    10.789366251145));
#8804 = CARTESIAN_POINT('',(47.778137184095,2.120129756358,
    10.815976926734));
#8805 = CARTESIAN_POINT('',(47.480067555527,1.70333908075,
    10.842661477339));
#8806 = CARTESIAN_POINT('',(47.105626830068,0.884275540036,
    10.890435381804));
#8807 = CARTESIAN_POINT('',(46.995850301819,0.494889934548,
    10.911641061236));
#8808 = CARTESIAN_POINT('',(46.947414970621,9.046752761203E-02,
    10.932836564561));
#8809 = CARTESIAN_POINT('',(46.962626239454,-0.317387460363,
    10.954024439018));
#8810 = CARTESIAN_POINT('',(47.04101788695,-0.717062191776,
    10.975221902746));
#8811 = CARTESIAN_POINT('',(47.179428312296,-1.09721792913,
    10.996432079677));
#8812 = CARTESIAN_POINT('',(47.518090677569,-1.712237935524,
    11.033670565807));
#8813 = CARTESIAN_POINT('',(47.695426431392,-1.960363435464,
    11.04972565102));
#8814 = CARTESIAN_POINT('',(47.901509361085,-2.186805037858,
    11.06578334144));
#8815 = CARTESIAN_POINT('',(48.133155974883,-2.387599590518,
    11.08184494291));
#8816 = CARTESIAN_POINT('',(48.386573969783,-2.559465003356,
    11.097910215757));
#8817 = CARTESIAN_POINT('',(48.657362231544,-2.69980024839,
    11.113977374796));
#8818 = CARTESIAN_POINT('',(49.282597577569,-2.935818893154,
    11.149452925343));
#8819 = CARTESIAN_POINT('',(49.643601045941,-3.016511875836,
    11.16889012802));
#8820 = CARTESIAN_POINT('',(50.01445067388,-3.045056157673,
    11.188350388107));
#8821 = CARTESIAN_POINT('',(50.386086868255,-3.020455055068,
    11.2077444374));
#8822 = CARTESIAN_POINT('',(50.749649932554,-2.943439336483,
    11.227090686478));
#8823 = CARTESIAN_POINT('',(51.096632596248,-2.816250214958,
    11.246495653331));
#8824 = CARTESIAN_POINT('',(51.825815804949,-2.42478822359,
    11.290438273415));
#8825 = CARTESIAN_POINT('',(52.194235187813,-2.132886942926,
    11.315015730975));
#8826 = CARTESIAN_POINT('',(52.506658003326,-1.776331258788,
    11.339464037083));
#8827 = CARTESIAN_POINT('',(52.750624803549,-1.368508058111,
    11.363929201637));
#8828 = CARTESIAN_POINT('',(52.917100695731,-0.924518880799,
    11.388427432207));
#8829 = CARTESIAN_POINT('',(53.,-0.461672422399,11.412988854358));
#8830 = CARTESIAN_POINT('',(53.,-3.996802888651E-15,11.437490033395));
#8831 = PCURVE('',#5280,#8832);
#8832 = DEFINITIONAL_REPRESENTATION('',(#8833),#8878);
#8833 = B_SPLINE_CURVE_WITH_KNOTS('',7,(#8834,#8835,#8836,#8837,#8838,
    #8839,#8840,#8841,#8842,#8843,#8844,#8845,#8846,#8847,#8848,#8849,
    #8850,#8851,#8852,#8853,#8854,#8855,#8856,#8857,#8858,#8859,#8860,
    #8861,#8862,#8863,#8864,#8865,#8866,#8867,#8868,#8869,#8870,#8871,
    #8872,#8873,#8874,#8875,#8876,#8877),.UNSPECIFIED.,.F.,.F.,(8,6,6,6,
    6,6,6,8),(0.,0.123426518292,0.245454572805,0.431836730392,
    0.580212430352,0.692670704617,0.828537469724,1.),.UNSPECIFIED.);
#8834 = CARTESIAN_POINT('',(0.,-10.43748024554));
#8835 = CARTESIAN_POINT('',(-0.110744293631,-10.45510463997));
#8836 = CARTESIAN_POINT('',(-0.221457636134,-10.47273339811));
#8837 = CARTESIAN_POINT('',(-0.332182956525,-10.49036996754));
#8838 = CARTESIAN_POINT('',(-0.442939052117,-10.5080131584));
#8839 = CARTESIAN_POINT('',(-0.55372058852,-10.52565714334));
#8840 = CARTESIAN_POINT('',(-0.664498099637,-10.54329145758));
#8841 = CARTESIAN_POINT('',(-0.884683382298,-10.5783110181));
#8842 = CARTESIAN_POINT('',(-0.994236693573,-10.59570721592));
#8843 = CARTESIAN_POINT('',(-1.103757527295,-10.61317680766));
#8844 = CARTESIAN_POINT('',(-1.213252975219,-10.6306402466));
#8845 = CARTESIAN_POINT('',(-1.32276815073,-10.64806177929));
#8846 = CARTESIAN_POINT('',(-1.432301320643,-10.66548391475));
#8847 = CARTESIAN_POINT('',(-1.708852141224,-10.70946495964));
#8848 = CARTESIAN_POINT('',(-1.876486263509,-10.73611950811));
#8849 = CARTESIAN_POINT('',(-2.043645628503,-10.76272638615));
#8850 = CARTESIAN_POINT('',(-2.210830388565,-10.78936625114));
#8851 = CARTESIAN_POINT('',(-2.377998518979,-10.81597692673));
#8852 = CARTESIAN_POINT('',(-2.545662323397,-10.84266147733));
#8853 = CARTESIAN_POINT('',(-2.845860580223,-10.8904353818));
#8854 = CARTESIAN_POINT('',(-2.979123812372,-10.91164106123));
#8855 = CARTESIAN_POINT('',(-3.112291586819,-10.93283656456));
#8856 = CARTESIAN_POINT('',(-3.245384810806,-10.95402443901));
#8857 = CARTESIAN_POINT('',(-3.37854065861,-10.97522190274));
#8858 = CARTESIAN_POINT('',(-3.511806988974,-10.99643207967));
#8859 = CARTESIAN_POINT('',(-3.745839704141,-11.0336705658));
#8860 = CARTESIAN_POINT('',(-3.846766492813,-11.04972565102));
#8861 = CARTESIAN_POINT('',(-3.947713146809,-11.06578334144));
#8862 = CARTESIAN_POINT('',(-4.048670550916,-11.08184494291));
#8863 = CARTESIAN_POINT('',(-4.149624456455,-11.09791021575));
#8864 = CARTESIAN_POINT('',(-4.25055548128,-11.11397737479));
#8865 = CARTESIAN_POINT('',(-4.473321935616,-11.14945292534));
#8866 = CARTESIAN_POINT('',(-4.59539717485,-11.16889012802));
#8867 = CARTESIAN_POINT('',(-4.717380919134,-11.1883503881));
#8868 = CARTESIAN_POINT('',(-4.839272461861,-11.2077444374));
#8869 = CARTESIAN_POINT('',(-4.961166230516,-11.22709068647));
#8870 = CARTESIAN_POINT('',(-5.08312011357,-11.24649565333));
#8871 = CARTESIAN_POINT('',(-5.358992596701,-11.29043827341));
#8872 = CARTESIAN_POINT('',(-5.513216961957,-11.31501573097));
#8873 = CARTESIAN_POINT('',(-5.667139704365,-11.33946403708));
#8874 = CARTESIAN_POINT('',(-5.82106303225,-11.36392920163));
#8875 = CARTESIAN_POINT('',(-5.975011874604,-11.3884274322));
#8876 = CARTESIAN_POINT('',(-6.129294499713,-11.41298885435));
#8877 = CARTESIAN_POINT('',(-6.28318530718,-11.43749003339));
#8878 = ( GEOMETRIC_REPRESENTATION_CONTEXT(2) 
PARAMETRIC_REPRESENTATION_CONTEXT() REPRESENTATION_CONTEXT('2D SPACE',''
  ) );
#8879 = PCURVE('',#2251,#8880);
#8880 = DEFINITIONAL_REPRESENTATION('',(#8881),#8926);
#8881 = B_SPLINE_CURVE_WITH_KNOTS('',7,(#8882,#8883,#8884,#8885,#8886,
    #8887,#8888,#8889,#8890,#8891,#8892,#8893,#8894,#8895,#8896,#8897,
    #8898,#8899,#8900,#8901,#8902,#8903,#8904,#8905,#8906,#8907,#8908,
    #8909,#8910,#8911,#8912,#8913,#8914,#8915,#8916,#8917,#8918,#8919,
    #8920,#8921,#8922,#8923,#8924,#8925),.UNSPECIFIED.,.F.,.F.,(8,6,6,6,
    6,6,6,8),(0.,0.123426518292,0.245454572805,0.431836730392,
    0.580212430352,0.692670704617,0.828537469724,1.),.UNSPECIFIED.);
#8882 = CARTESIAN_POINT('',(0.624962543388,69.984909918423));
#8883 = CARTESIAN_POINT('',(0.62496016594,70.097048551533));
#8884 = CARTESIAN_POINT('',(0.624975363501,70.209159039374));
#8885 = CARTESIAN_POINT('',(0.625002513384,70.321281202886));
#8886 = CARTESIAN_POINT('',(0.625033848457,70.433432180002));
#8887 = CARTESIAN_POINT('',(0.625059457149,70.545606425651));
#8888 = CARTESIAN_POINT('',(0.625067283445,70.657775711755));
#8889 = CARTESIAN_POINT('',(0.62501924403,70.880732260172));
#8890 = CARTESIAN_POINT('',(0.624939360527,70.991665602582));
#8891 = CARTESIAN_POINT('',(0.625015455905,71.10256970785));
#8892 = CARTESIAN_POINT('',(0.625088671073,71.213443829687));
#8893 = CARTESIAN_POINT('',(0.625073277775,71.324333207797));
#8894 = CARTESIAN_POINT('',(0.625052450908,71.435243705602));
#8895 = CARTESIAN_POINT('',(0.624985204682,71.715276692792));
#8896 = CARTESIAN_POINT('',(0.624933163876,71.885025545579));
#8897 = CARTESIAN_POINT('',(0.624935165348,72.054299191193));
#8898 = CARTESIAN_POINT('',(0.625001375529,72.223578452044));
#8899 = CARTESIAN_POINT('',(0.625015527165,72.39283760743));
#8900 = CARTESIAN_POINT('',(0.625017207699,72.562606447289));
#8901 = CARTESIAN_POINT('',(0.625008314255,72.866584985044));
#8902 = CARTESIAN_POINT('',(0.624999041409,73.001530637992));
#8903 = CARTESIAN_POINT('',(0.62499870597,73.136383116812));
#8904 = CARTESIAN_POINT('',(0.625007085471,73.271159335421));
#8905 = CARTESIAN_POINT('',(0.62501633547,73.405993794334));
#8906 = CARTESIAN_POINT('',(0.62501785844,73.540933718688));
#8907 = CARTESIAN_POINT('',(0.625002589436,73.777903413215));
#8908 = CARTESIAN_POINT('',(0.624988329008,73.880095486298));
#8909 = CARTESIAN_POINT('',(0.624972635319,73.98230869378));
#8910 = CARTESIAN_POINT('',(0.624960624926,74.084535067346));
#8911 = CARTESIAN_POINT('',(0.624956286995,74.186760392109));
#8912 = CARTESIAN_POINT('',(0.624962483291,74.288964206606));
#8913 = CARTESIAN_POINT('',(0.625003256603,74.514539359809));
#8914 = CARTESIAN_POINT('',(0.625018347793,74.638155989944));
#8915 = CARTESIAN_POINT('',(0.625112308194,74.761668423436));
#8916 = CARTESIAN_POINT('',(0.625102271756,74.885090434116));
#8917 = CARTESIAN_POINT('',(0.624993599179,75.008522101976));
#8918 = CARTESIAN_POINT('',(0.624984128363,75.132011773646));
#8919 = CARTESIAN_POINT('',(0.62505508178,75.411360661572));
#8920 = CARTESIAN_POINT('',(0.625118839596,75.567526141446));
#8921 = CARTESIAN_POINT('',(0.625025238899,75.723370501161));
#8922 = CARTESIAN_POINT('',(0.624955261463,75.879246973281));
#8923 = CARTESIAN_POINT('',(0.624946923513,76.035137734871));
#8924 = CARTESIAN_POINT('',(0.624960038072,76.191362295571));
#8925 = CARTESIAN_POINT('',(0.62497869967,76.347185927698));
#8926 = ( GEOMETRIC_REPRESENTATION_CONTEXT(2) 
PARAMETRIC_REPRESENTATION_CONTEXT() REPRESENTATION_CONTEXT('2D SPACE',''
  ) );
#8927 = ORIENTED_EDGE('',*,*,#8928,.T.);
#8928 = EDGE_CURVE('',#8783,#5183,#8929,.T.);
#8929 = SURFACE_CURVE('',#8930,(#8934,#8941),.PCURVE_S1.);
#8930 = LINE('',#8931,#8932);
#8931 = CARTESIAN_POINT('',(53.,0.,0.));
#8932 = VECTOR('',#8933,1.);
#8933 = DIRECTION('',(0.,0.,1.));
#8934 = PCURVE('',#5280,#8935);
#8935 = DEFINITIONAL_REPRESENTATION('',(#8936),#8940);
#8936 = LINE('',#8937,#8938);
#8937 = CARTESIAN_POINT('',(-0.,0.));
#8938 = VECTOR('',#8939,1.);
#8939 = DIRECTION('',(-0.,-1.));
#8940 = ( GEOMETRIC_REPRESENTATION_CONTEXT(2) 
PARAMETRIC_REPRESENTATION_CONTEXT() REPRESENTATION_CONTEXT('2D SPACE',''
  ) );
#8941 = PCURVE('',#5419,#8942);
#8942 = DEFINITIONAL_REPRESENTATION('',(#8943),#8947);
#8943 = LINE('',#8944,#8945);
#8944 = CARTESIAN_POINT('',(-6.28318530718,0.));
#8945 = VECTOR('',#8946,1.);
#8946 = DIRECTION('',(-0.,-1.));
#8947 = ( GEOMETRIC_REPRESENTATION_CONTEXT(2) 
PARAMETRIC_REPRESENTATION_CONTEXT() REPRESENTATION_CONTEXT('2D SPACE',''
  ) );
#8948 = ADVANCED_FACE('',(#8949),#5419,.T.);
#8949 = FACE_BOUND('',#8950,.F.);
#8950 = EDGE_LOOP('',(#8951,#8952,#8953,#9099));
#8951 = ORIENTED_EDGE('',*,*,#5333,.T.);
#8952 = ORIENTED_EDGE('',*,*,#8928,.F.);
#8953 = ORIENTED_EDGE('',*,*,#8954,.F.);
#8954 = EDGE_CURVE('',#8955,#8783,#8957,.T.);
#8955 = VERTEX_POINT('',#8956);
#8956 = CARTESIAN_POINT('',(53.,0.,9.437482255116));
#8957 = SURFACE_CURVE('',#8958,(#9003,#9051),.PCURVE_S1.);
#8958 = B_SPLINE_CURVE_WITH_KNOTS('',7,(#8959,#8960,#8961,#8962,#8963,
    #8964,#8965,#8966,#8967,#8968,#8969,#8970,#8971,#8972,#8973,#8974,
    #8975,#8976,#8977,#8978,#8979,#8980,#8981,#8982,#8983,#8984,#8985,
    #8986,#8987,#8988,#8989,#8990,#8991,#8992,#8993,#8994,#8995,#8996,
    #8997,#8998,#8999,#9000,#9001,#9002),.UNSPECIFIED.,.F.,.F.,(8,6,6,6,
    6,6,6,8),(0.,0.126233525961,0.292429450843,0.489772347298,
    0.542465267926,0.651859007089,0.81355486893,1.),.UNSPECIFIED.);
#8959 = CARTESIAN_POINT('',(53.,-4.440892098501E-16,9.437482255116));
#8960 = CARTESIAN_POINT('',(53.,0.340063676633,9.455524486888));
#8961 = CARTESIAN_POINT('',(52.954987994765,0.680407563556,
    9.473577791387));
#8962 = CARTESIAN_POINT('',(52.865006593946,1.01343183131,9.491636572668
    ));
#8963 = CARTESIAN_POINT('',(52.731449224552,1.332069180909,9.50969578767
    ));
#8964 = CARTESIAN_POINT('',(52.55706013095,1.629784843844,9.52775094622)
  );
#8965 = CARTESIAN_POINT('',(52.345934374868,1.900576582082,
    9.545798111026));
#8966 = CARTESIAN_POINT('',(51.784358240679,2.452843713053,9.58757936642
    ));
#8967 = CARTESIAN_POINT('',(51.410029945135,2.711663724684,
    9.611363766992));
#8968 = CARTESIAN_POINT('',(50.992925735489,2.902682534797,
    9.635110807663));
#8969 = CARTESIAN_POINT('',(50.547915367672,3.018489858006,
    9.658866498847));
#8970 = CARTESIAN_POINT('',(50.090531095379,3.055058171005,
    9.682617885172));
#8971 = CARTESIAN_POINT('',(49.637398421003,3.011448422562,
    9.706404698349));
#8972 = CARTESIAN_POINT('',(48.693348248354,2.752285479758,
    9.758319656006));
#8973 = CARTESIAN_POINT('',(48.207992751344,2.50512329288,9.786607507717
    ));
#8974 = CARTESIAN_POINT('',(47.780235888904,2.158497032911,
    9.814792664356));
#8975 = CARTESIAN_POINT('',(47.432228129429,1.730014640096,
    9.843034640238));
#8976 = CARTESIAN_POINT('',(47.180697102409,1.240295038896,
    9.871306585833));
#8977 = CARTESIAN_POINT('',(47.038330080033,0.714676155653,
    9.899546995167));
#8978 = CARTESIAN_POINT('',(46.996953277703,4.282012966609E-02,
    9.93523496213));
#8979 = CARTESIAN_POINT('',(46.996053353557,-9.910277969948E-02,
    9.942751984757));
#8980 = CARTESIAN_POINT('',(47.002970986036,-0.240926852778,
    9.950271909217));
#8981 = CARTESIAN_POINT('',(47.017690350977,-0.382191132981,
    9.957795097043));
#8982 = CARTESIAN_POINT('',(47.040167432765,-0.52241039163,
    9.965318737167));
#8983 = CARTESIAN_POINT('',(47.070315328831,-0.661078006733,
    9.972840126316));
#8984 = CARTESIAN_POINT('',(47.186203559551,-1.081239803514,
    9.995971563965));
#8985 = CARTESIAN_POINT('',(47.296883234272,-1.355942132966,
    10.011569925265));
#8986 = CARTESIAN_POINT('',(47.438746409046,-1.617163582924,
    10.027164398699));
#8987 = CARTESIAN_POINT('',(47.609834497704,-1.860721512672,
    10.042761053661));
#8988 = CARTESIAN_POINT('',(47.807512497181,-2.082862887981,
    10.05836266355));
#8989 = CARTESIAN_POINT('',(48.028468987519,-2.280264281109,
    10.073968705771));
#8990 = CARTESIAN_POINT('',(48.623827579342,-2.700966859743,
    10.112643699153));
#8991 = CARTESIAN_POINT('',(49.022060169984,-2.892322922877,
    10.135764368959));
#8992 = CARTESIAN_POINT('',(49.450221950205,-3.014270591414,
    10.158862172147));
#8993 = CARTESIAN_POINT('',(49.8938950029,-3.062139616963,
    10.181930559507));
#8994 = CARTESIAN_POINT('',(50.33812357124,-3.034361126533,
    10.205003249064));
#8995 = CARTESIAN_POINT('',(50.767880857486,-2.932468623965,
    10.228102914064));
#8996 = CARTESIAN_POINT('',(51.630038758178,-2.567932237314,
    10.277761163398));
#8997 = CARTESIAN_POINT('',(52.055174568319,-2.282052337484,
    10.304444208262));
#8998 = CARTESIAN_POINT('',(52.419408155247,-1.914719033459,
    10.331053544942));
#8999 = CARTESIAN_POINT('',(52.705869279039,-1.482515661123,
    10.357657062272));
#9000 = CARTESIAN_POINT('',(52.902220267908,-1.004080726239,
    10.38422877701));
#9001 = CARTESIAN_POINT('',(53.,-0.501388494412,10.410882430892));
#9002 = CARTESIAN_POINT('',(53.,-3.552713678801E-15,10.437480245546));
#9003 = PCURVE('',#5419,#9004);
#9004 = DEFINITIONAL_REPRESENTATION('',(#9005),#9050);
#9005 = B_SPLINE_CURVE_WITH_KNOTS('',7,(#9006,#9007,#9008,#9009,#9010,
    #9011,#9012,#9013,#9014,#9015,#9016,#9017,#9018,#9019,#9020,#9021,
    #9022,#9023,#9024,#9025,#9026,#9027,#9028,#9029,#9030,#9031,#9032,
    #9033,#9034,#9035,#9036,#9037,#9038,#9039,#9040,#9041,#9042,#9043,
    #9044,#9045,#9046,#9047,#9048,#9049),.UNSPECIFIED.,.F.,.F.,(8,6,6,6,
    6,6,6,8),(0.,0.126233525961,0.292429450843,0.489772347298,
    0.542465267926,0.651859007089,0.81355486893,1.),.UNSPECIFIED.);
#9006 = CARTESIAN_POINT('',(0.,-9.437482255116));
#9007 = CARTESIAN_POINT('',(-0.113354558878,-9.455524486888));
#9008 = CARTESIAN_POINT('',(-0.226737318795,-9.473577791387));
#9009 = CARTESIAN_POINT('',(-0.340150008536,-9.491636572668));
#9010 = CARTESIAN_POINT('',(-0.453583524873,-9.50969578767));
#9011 = CARTESIAN_POINT('',(-0.567017932566,-9.52775094622));
#9012 = CARTESIAN_POINT('',(-0.680422464365,-9.545798111026));
#9013 = CARTESIAN_POINT('',(-0.942967008404,-9.58757936642));
#9014 = CARTESIAN_POINT('',(-1.092424793608,-9.611363766992));
#9015 = CARTESIAN_POINT('',(-1.241623626078,-9.635110807663));
#9016 = CARTESIAN_POINT('',(-1.390812651234,-9.658866498847));
#9017 = CARTESIAN_POINT('',(-1.540031041285,-9.682617885172));
#9018 = CARTESIAN_POINT('',(-1.689534964772,-9.706404698349));
#9019 = CARTESIAN_POINT('',(-2.015860664274,-9.758319656006));
#9020 = CARTESIAN_POINT('',(-2.193686631177,-9.786607507717));
#9021 = CARTESIAN_POINT('',(-2.370845375928,-9.814792664356));
#9022 = CARTESIAN_POINT('',(-2.548048434367,-9.843034640238));
#9023 = CARTESIAN_POINT('',(-2.725199625865,-9.871306585833));
#9024 = CARTESIAN_POINT('',(-2.902993608231,-9.899546995167));
#9025 = CARTESIAN_POINT('',(-3.12736991898,-9.93523496213));
#9026 = CARTESIAN_POINT('',(-3.174606770651,-9.942751984757));
#9027 = CARTESIAN_POINT('',(-3.221822656429,-9.950271909217));
#9028 = CARTESIAN_POINT('',(-3.269036517773,-9.957795097043));
#9029 = CARTESIAN_POINT('',(-3.316258347926,-9.965318737167));
#9030 = CARTESIAN_POINT('',(-3.36348888271,-9.972840126316));
#9031 = CARTESIAN_POINT('',(-3.508772520044,-9.995971563965));
#9032 = CARTESIAN_POINT('',(-3.606822956393,-10.01156992526));
#9033 = CARTESIAN_POINT('',(-3.704887748455,-10.02716439869));
#9034 = CARTESIAN_POINT('',(-3.802972298697,-10.04276105366));
#9035 = CARTESIAN_POINT('',(-3.901070263961,-10.05836266355));
#9036 = CARTESIAN_POINT('',(-3.99916355546,-10.07396870577));
#9037 = CARTESIAN_POINT('',(-4.242163901259,-10.11264369915));
#9038 = CARTESIAN_POINT('',(-4.387369842774,-10.13576436895));
#9039 = CARTESIAN_POINT('',(-4.532406498976,-10.15886217214));
#9040 = CARTESIAN_POINT('',(-4.677324790896,-10.1819305595));
#9041 = CARTESIAN_POINT('',(-4.822333954978,-10.20500324906));
#9042 = CARTESIAN_POINT('',(-4.967491658836,-10.22810291406));
#9043 = CARTESIAN_POINT('',(-5.279510715042,-10.27776116339));
#9044 = CARTESIAN_POINT('',(-5.447146593459,-10.30444420826));
#9045 = CARTESIAN_POINT('',(-5.614277515784,-10.33105354494));
#9046 = CARTESIAN_POINT('',(-5.781392404155,-10.35765706227));
#9047 = CARTESIAN_POINT('',(-5.948489916668,-10.38422877701));
#9048 = CARTESIAN_POINT('',(-6.116055809042,-10.41088243089));
#9049 = CARTESIAN_POINT('',(-6.28318530718,-10.43748024554));
#9050 = ( GEOMETRIC_REPRESENTATION_CONTEXT(2) 
PARAMETRIC_REPRESENTATION_CONTEXT() REPRESENTATION_CONTEXT('2D SPACE',''
  ) );
#9051 = PCURVE('',#2251,#9052);
#9052 = DEFINITIONAL_REPRESENTATION('',(#9053),#9098);
#9053 = B_SPLINE_CURVE_WITH_KNOTS('',7,(#9054,#9055,#9056,#9057,#9058,
    #9059,#9060,#9061,#9062,#9063,#9064,#9065,#9066,#9067,#9068,#9069,
    #9070,#9071,#9072,#9073,#9074,#9075,#9076,#9077,#9078,#9079,#9080,
    #9081,#9082,#9083,#9084,#9085,#9086,#9087,#9088,#9089,#9090,#9091,
    #9092,#9093,#9094,#9095,#9096,#9097),.UNSPECIFIED.,.F.,.F.,(8,6,6,6,
    6,6,6,8),(0.,0.126233525961,0.292429450843,0.489772347298,
    0.542465267926,0.651859007089,0.81355486893,1.),.UNSPECIFIED.);
#9054 = CARTESIAN_POINT('',(0.624962457664,63.622657845006));
#9055 = CARTESIAN_POINT('',(0.624964876629,63.737439612071));
#9056 = CARTESIAN_POINT('',(0.624981485194,63.852246687812));
#9057 = CARTESIAN_POINT('',(0.625000130068,63.967082130534));
#9058 = CARTESIAN_POINT('',(0.625013194876,64.081938083623));
#9059 = CARTESIAN_POINT('',(0.62501760016,64.196795775542));
#9060 = CARTESIAN_POINT('',(0.625014803379,64.311625519835));
#9061 = CARTESIAN_POINT('',(0.625005526727,64.577478454394));
#9062 = CARTESIAN_POINT('',(0.624998182845,64.72882447864));
#9063 = CARTESIAN_POINT('',(0.624997295876,64.879912269068));
#9064 = CARTESIAN_POINT('',(0.625018168752,65.030985875456));
#9065 = CARTESIAN_POINT('',(0.625024672348,65.182077803701));
#9066 = CARTESIAN_POINT('',(0.625011955489,65.333456269752));
#9067 = CARTESIAN_POINT('',(0.624973149248,65.663876442285));
#9068 = CARTESIAN_POINT('',(0.62494626532,65.843936776303));
#9069 = CARTESIAN_POINT('',(0.624925764282,66.023323430731));
#9070 = CARTESIAN_POINT('',(0.624993540116,66.202790768143));
#9071 = CARTESIAN_POINT('',(0.625157583845,66.38214253532));
#9072 = CARTESIAN_POINT('',(0.625043484418,66.562178472551));
#9073 = CARTESIAN_POINT('',(0.624997121374,66.789382267283));
#9074 = CARTESIAN_POINT('',(0.624995269376,66.837213449633));
#9075 = CARTESIAN_POINT('',(0.625005616134,66.885024288476));
#9076 = CARTESIAN_POINT('',(0.625022949472,66.932833664579));
#9077 = CARTESIAN_POINT('',(0.625038816185,66.980650583834));
#9078 = CARTESIAN_POINT('',(0.625047773322,67.028475161977));
#9079 = CARTESIAN_POINT('',(0.625065817944,67.175586098914));
#9080 = CARTESIAN_POINT('',(0.62505269646,67.274868750138));
#9081 = CARTESIAN_POINT('',(0.625026901731,67.374166980959));
#9082 = CARTESIAN_POINT('',(0.624998569999,67.473487161832));
#9083 = CARTESIAN_POINT('',(0.624975347035,67.572822615685));
#9084 = CARTESIAN_POINT('',(0.624962388138,67.672153617922));
#9085 = CARTESIAN_POINT('',(0.624962313781,67.918214416292));
#9086 = CARTESIAN_POINT('',(0.624983735253,68.065246103109));
#9087 = CARTESIAN_POINT('',(0.625015654318,68.212098912375));
#9088 = CARTESIAN_POINT('',(0.625026384897,68.358831973609));
#9089 = CARTESIAN_POINT('',(0.625014648575,68.505663876568));
#9090 = CARTESIAN_POINT('',(0.625007404274,68.652653114796));
#9091 = CARTESIAN_POINT('',(0.625000897324,68.968612762465));
#9092 = CARTESIAN_POINT('',(0.625003801157,69.138368130961));
#9093 = CARTESIAN_POINT('',(0.625020763564,69.307609826238));
#9094 = CARTESIAN_POINT('',(0.625036800061,69.476817442852));
#9095 = CARTESIAN_POINT('',(0.624995471528,69.646005208362));
#9096 = CARTESIAN_POINT('',(0.624966131308,69.815676156041));
#9097 = CARTESIAN_POINT('',(0.624962543388,69.984909918423));
#9098 = ( GEOMETRIC_REPRESENTATION_CONTEXT(2) 
PARAMETRIC_REPRESENTATION_CONTEXT() REPRESENTATION_CONTEXT('2D SPACE',''
  ) );
#9099 = ORIENTED_EDGE('',*,*,#9100,.T.);
#9100 = EDGE_CURVE('',#8955,#5334,#9101,.T.);
#9101 = SURFACE_CURVE('',#9102,(#9106,#9113),.PCURVE_S1.);
#9102 = LINE('',#9103,#9104);
#9103 = CARTESIAN_POINT('',(53.,0.,0.));
#9104 = VECTOR('',#9105,1.);
#9105 = DIRECTION('',(0.,0.,1.));
#9106 = PCURVE('',#5419,#9107);
#9107 = DEFINITIONAL_REPRESENTATION('',(#9108),#9112);
#9108 = LINE('',#9109,#9110);
#9109 = CARTESIAN_POINT('',(-0.,0.));
#9110 = VECTOR('',#9111,1.);
#9111 = DIRECTION('',(-0.,-1.));
#9112 = ( GEOMETRIC_REPRESENTATION_CONTEXT(2) 
PARAMETRIC_REPRESENTATION_CONTEXT() REPRESENTATION_CONTEXT('2D SPACE',''
  ) );
#9113 = PCURVE('',#5578,#9114);
#9114 = DEFINITIONAL_REPRESENTATION('',(#9115),#9119);
#9115 = LINE('',#9116,#9117);
#9116 = CARTESIAN_POINT('',(-6.28318530718,0.));
#9117 = VECTOR('',#9118,1.);
#9118 = DIRECTION('',(-0.,-1.));
#9119 = ( GEOMETRIC_REPRESENTATION_CONTEXT(2) 
PARAMETRIC_REPRESENTATION_CONTEXT() REPRESENTATION_CONTEXT('2D SPACE',''
  ) );
#9120 = ADVANCED_FACE('',(#9121),#5578,.T.);
#9121 = FACE_BOUND('',#9122,.F.);
#9122 = EDGE_LOOP('',(#9123,#9124,#9125,#9271));
#9123 = ORIENTED_EDGE('',*,*,#5466,.T.);
#9124 = ORIENTED_EDGE('',*,*,#9100,.F.);
#9125 = ORIENTED_EDGE('',*,*,#9126,.F.);
#9126 = EDGE_CURVE('',#9127,#8955,#9129,.T.);
#9127 = VERTEX_POINT('',#9128);
#9128 = CARTESIAN_POINT('',(53.,0.,8.437488672106));
#9129 = SURFACE_CURVE('',#9130,(#9175,#9223),.PCURVE_S1.);
#9130 = B_SPLINE_CURVE_WITH_KNOTS('',8,(#9131,#9132,#9133,#9134,#9135,
    #9136,#9137,#9138,#9139,#9140,#9141,#9142,#9143,#9144,#9145,#9146,
    #9147,#9148,#9149,#9150,#9151,#9152,#9153,#9154,#9155,#9156,#9157,
    #9158,#9159,#9160,#9161,#9162,#9163,#9164,#9165,#9166,#9167,#9168,
    #9169,#9170,#9171,#9172,#9173,#9174),.UNSPECIFIED.,.F.,.F.,(9,7,7,7,
    7,7,9),(0.,9.045662027745E-02,0.282745260613,0.503209594271,
    0.689825565638,0.853739988078,1.),.UNSPECIFIED.);
#9131 = CARTESIAN_POINT('',(53.,3.552713678801E-15,8.437488672106));
#9132 = CARTESIAN_POINT('',(53.,0.212851773002,8.448776198528));
#9133 = CARTESIAN_POINT('',(52.982691550284,0.425911514738,
    8.460073831186));
#9134 = CARTESIAN_POINT('',(52.948115183752,0.637349081502,
    8.471375442337));
#9135 = CARTESIAN_POINT('',(52.896475821465,0.845439634442,
    8.482677157122));
#9136 = CARTESIAN_POINT('',(52.828142772637,1.048563639552,
    8.493977353574));
#9137 = CARTESIAN_POINT('',(52.743649734643,1.24520686768,8.505276662611
    ));
#9138 = CARTESIAN_POINT('',(52.643694793012,1.433960394525,
    8.516577968044));
#9139 = CARTESIAN_POINT('',(52.285625858456,1.995221661155,
    8.551925379743));
#9140 = CARTESIAN_POINT('',(51.97549450923,2.336064733356,8.576062194639
    ));
#9141 = CARTESIAN_POINT('',(51.60798773512,2.62045814057,8.600044685064)
  );
#9142 = CARTESIAN_POINT('',(51.195295640577,2.837972598161,
    8.624005813092));
#9143 = CARTESIAN_POINT('',(50.751328755441,2.981265350592,8.64807170928
    ));
#9144 = CARTESIAN_POINT('',(50.291082421329,3.04549417066,8.672198537966
    ));
#9145 = CARTESIAN_POINT('',(49.830593882098,3.029221220891,
    8.696238187625));
#9146 = CARTESIAN_POINT('',(48.879463399575,2.830851018404,
    8.747743268478));
#9147 = CARTESIAN_POINT('',(48.389805848945,2.623872480628,
    8.775392958811));
#9148 = CARTESIAN_POINT('',(47.946353658722,2.320109331018,
    8.802980654519));
#9149 = CARTESIAN_POINT('',(47.570197442598,1.932973360549,
    8.830552395083));
#9150 = CARTESIAN_POINT('',(47.27755938999,1.479404717106,8.858105841395
    ));
#9151 = CARTESIAN_POINT('',(47.081281166023,0.979027020867,
    8.885668383373));
#9152 = CARTESIAN_POINT('',(46.989697787114,0.455387273943,8.91333689845
    ));
#9153 = CARTESIAN_POINT('',(47.009958995608,-0.502601420353,
    8.964170499887));
#9154 = CARTESIAN_POINT('',(47.092769724976,-0.941229585186,
    8.987530754009));
#9155 = CARTESIAN_POINT('',(47.249286161655,-1.363267917642,
    9.010859143206));
#9156 = CARTESIAN_POINT('',(47.475064508866,-1.754576267743,
    9.03417106142));
#9157 = CARTESIAN_POINT('',(47.763087251107,-2.102730331609,
    9.057473676174));
#9158 = CARTESIAN_POINT('',(48.104209937973,-2.396705379925,
    9.080785333086));
#9159 = CARTESIAN_POINT('',(48.486629401154,-2.62729017475,
    9.104141802191));
#9160 = CARTESIAN_POINT('',(49.253695498149,-2.931191964826,
    9.147912423543));
#9161 = CARTESIAN_POINT('',(49.633902774334,-3.02082913589,
    9.168420505763));
#9162 = CARTESIAN_POINT('',(50.02576571566,-3.053719368701,
    9.188946243608));
#9163 = CARTESIAN_POINT('',(50.419341775167,-3.028581498667,
    9.209401708013));
#9164 = CARTESIAN_POINT('',(50.804900604853,-2.945821218139,
    9.22996187923));
#9165 = CARTESIAN_POINT('',(51.172988242413,-2.807731974137,
    9.250358482085));
#9166 = CARTESIAN_POINT('',(51.514457857972,-2.618255768937,
    9.270839459843));
#9167 = CARTESIAN_POINT('',(52.094626263622,-2.175097803619,
    9.30959620262));
#9168 = CARTESIAN_POINT('',(52.341058289547,-1.93005179496,
    9.327904396237));
#9169 = CARTESIAN_POINT('',(52.554366206256,-1.653306549036,
    9.346175163321));
#9170 = CARTESIAN_POINT('',(52.729972637799,-1.350223404639,
    9.364417691823));
#9171 = CARTESIAN_POINT('',(52.864290865771,-1.026698149137,
    9.382663321632));
#9172 = CARTESIAN_POINT('',(52.954809505472,-0.689142011871,
    9.400925238247));
#9173 = CARTESIAN_POINT('',(53.,-0.344419014362,9.419208948935));
#9174 = CARTESIAN_POINT('',(53.,-4.440892098501E-16,9.437482255116));
#9175 = PCURVE('',#5578,#9176);
#9176 = DEFINITIONAL_REPRESENTATION('',(#9177),#9222);
#9177 = B_SPLINE_CURVE_WITH_KNOTS('',8,(#9178,#9179,#9180,#9181,#9182,
    #9183,#9184,#9185,#9186,#9187,#9188,#9189,#9190,#9191,#9192,#9193,
    #9194,#9195,#9196,#9197,#9198,#9199,#9200,#9201,#9202,#9203,#9204,
    #9205,#9206,#9207,#9208,#9209,#9210,#9211,#9212,#9213,#9214,#9215,
    #9216,#9217,#9218,#9219,#9220,#9221),.UNSPECIFIED.,.F.,.F.,(9,7,7,7,
    7,7,9),(0.,9.045662027745E-02,0.282745260613,0.503209594271,
    0.689825565638,0.853739988078,1.),.UNSPECIFIED.);
#9178 = CARTESIAN_POINT('',(0.,-8.437488672106));
#9179 = CARTESIAN_POINT('',(-7.09505910006E-02,-8.448776198528));
#9180 = CARTESIAN_POINT('',(-0.141962918287,-8.460073831186));
#9181 = CARTESIAN_POINT('',(-0.212987852429,-8.471375442337));
#9182 = CARTESIAN_POINT('',(-0.283994707081,-8.482677157122));
#9183 = CARTESIAN_POINT('',(-0.354971238976,-8.493977353574));
#9184 = CARTESIAN_POINT('',(-0.425923647933,-8.505276662611));
#9185 = CARTESIAN_POINT('',(-0.496876576853,-8.516577968044));
#9186 = CARTESIAN_POINT('',(-0.718794372272,-8.551925379743));
#9187 = CARTESIAN_POINT('',(-0.87013984002,-8.576062194639));
#9188 = CARTESIAN_POINT('',(-1.021278596244,-8.600044685064));
#9189 = CARTESIAN_POINT('',(-1.172167784173,-8.624005813092));
#9190 = CARTESIAN_POINT('',(-1.323058029287,-8.64807170928));
#9191 = CARTESIAN_POINT('',(-1.474197215649,-8.672198537966));
#9192 = CARTESIAN_POINT('',(-1.625532618267,-8.696238187625));
#9193 = CARTESIAN_POINT('',(-1.949398147979,-8.747743268478));
#9194 = CARTESIAN_POINT('',(-2.123269959548,-8.775392958811));
#9195 = CARTESIAN_POINT('',(-2.296527246618,-8.802980654519));
#9196 = CARTESIAN_POINT('',(-2.469585037055,-8.830552395083));
#9197 = CARTESIAN_POINT('',(-2.642641010586,-8.858105841396));
#9198 = CARTESIAN_POINT('',(-2.815893709685,-8.885668383373));
#9199 = CARTESIAN_POINT('',(-2.989759796762,-8.91333689845));
#9200 = CARTESIAN_POINT('',(-3.309160773412,-8.964170499887));
#9201 = CARTESIAN_POINT('',(-3.455921994251,-8.987530754009));
#9202 = CARTESIAN_POINT('',(-3.602455178962,-9.010859143206));
#9203 = CARTESIAN_POINT('',(-3.748889557628,-9.03417106142));
#9204 = CARTESIAN_POINT('',(-3.895344660419,-9.057473676174));
#9205 = CARTESIAN_POINT('',(-4.041933041135,-9.080785333086));
#9206 = CARTESIAN_POINT('',(-4.188755732647,-9.104141802191));
#9207 = CARTESIAN_POINT('',(-4.463780316431,-9.147912423543));
#9208 = CARTESIAN_POINT('',(-4.59261071965,-9.168420505763));
#9209 = CARTESIAN_POINT('',(-4.721330752794,-9.188946243608));
#9210 = CARTESIAN_POINT('',(-4.849974874793,-9.209401708013));
#9211 = CARTESIAN_POINT('',(-4.978607970847,-9.22996187923));
#9212 = CARTESIAN_POINT('',(-5.107297508957,-9.250358482085));
#9213 = CARTESIAN_POINT('',(-5.236089496978,-9.270839459843));
#9214 = CARTESIAN_POINT('',(-5.479442090083,-9.30959620262));
#9215 = CARTESIAN_POINT('',(-5.594303246905,-9.327904396237));
#9216 = CARTESIAN_POINT('',(-5.709107568547,-9.346175163321));
#9217 = CARTESIAN_POINT('',(-5.823873434892,-9.364417691822));
#9218 = CARTESIAN_POINT('',(-5.938645565248,-9.382663321632));
#9219 = CARTESIAN_POINT('',(-6.053471566399,-9.400925238247));
#9220 = CARTESIAN_POINT('',(-6.168378969059,-9.419208948935));
#9221 = CARTESIAN_POINT('',(-6.28318530718,-9.437482255116));
#9222 = ( GEOMETRIC_REPRESENTATION_CONTEXT(2) 
PARAMETRIC_REPRESENTATION_CONTEXT() REPRESENTATION_CONTEXT('2D SPACE',''
  ) );
#9223 = PCURVE('',#2251,#9224);
#9224 = DEFINITIONAL_REPRESENTATION('',(#9225),#9270);
#9225 = B_SPLINE_CURVE_WITH_KNOTS('',8,(#9226,#9227,#9228,#9229,#9230,
    #9231,#9232,#9233,#9234,#9235,#9236,#9237,#9238,#9239,#9240,#9241,
    #9242,#9243,#9244,#9245,#9246,#9247,#9248,#9249,#9250,#9251,#9252,
    #9253,#9254,#9255,#9256,#9257,#9258,#9259,#9260,#9261,#9262,#9263,
    #9264,#9265,#9266,#9267,#9268,#9269),.UNSPECIFIED.,.F.,.F.,(9,7,7,7,
    7,7,9),(0.,9.045662027745E-02,0.282745260613,0.503209594271,
    0.689825565638,0.853739988078,1.),.UNSPECIFIED.);
#9226 = CARTESIAN_POINT('',(0.624978714994,57.260381823368));
#9227 = CARTESIAN_POINT('',(0.624970082503,57.332223520192));
#9228 = CARTESIAN_POINT('',(0.624961718634,57.404128661039));
#9229 = CARTESIAN_POINT('',(0.624956988706,57.47604755408));
#9230 = CARTESIAN_POINT('',(0.624957937767,57.547949040896));
#9231 = CARTESIAN_POINT('',(0.624965290595,57.619820496483));
#9232 = CARTESIAN_POINT('',(0.6249784517,57.691667829251));
#9233 = CARTESIAN_POINT('',(0.624995505321,57.763515481022));
#9234 = CARTESIAN_POINT('',(0.625050862781,57.988228986816));
#9235 = CARTESIAN_POINT('',(0.625151459668,58.141473790763));
#9236 = CARTESIAN_POINT('',(0.625007749821,58.294513912756));
#9237 = CARTESIAN_POINT('',(0.624899068032,58.447306693066));
#9238 = CARTESIAN_POINT('',(0.624999526202,58.600100735246));
#9239 = CARTESIAN_POINT('',(0.625144265658,58.75314158141));
#9240 = CARTESIAN_POINT('',(0.625053775754,58.906376065885));
#9241 = CARTESIAN_POINT('',(0.624973287359,59.234321089764));
#9242 = CARTESIAN_POINT('',(0.624925759135,59.410386944048));
#9243 = CARTESIAN_POINT('',(0.624948800949,59.585833879233));
#9244 = CARTESIAN_POINT('',(0.625009936727,59.761058122139));
#9245 = CARTESIAN_POINT('',(0.62503722629,59.936273641471));
#9246 = CARTESIAN_POINT('',(0.625015156965,60.111704046458));
#9247 = CARTESIAN_POINT('',(0.625007223713,60.287763711877));
#9248 = CARTESIAN_POINT('',(0.625001480781,60.611198830804));
#9249 = CARTESIAN_POINT('',(0.625003918976,60.759815204873));
#9250 = CARTESIAN_POINT('',(0.625015719809,60.908199062037));
#9251 = CARTESIAN_POINT('',(0.625029087975,61.056473140609));
#9252 = CARTESIAN_POINT('',(0.625019501916,61.204761048456));
#9253 = CARTESIAN_POINT('',(0.624985023302,61.353185671247));
#9254 = CARTESIAN_POINT('',(0.624963587692,61.501853909623));
#9255 = CARTESIAN_POINT('',(0.624961185627,61.780341848911));
#9256 = CARTESIAN_POINT('',(0.624967603485,61.910799289306));
#9257 = CARTESIAN_POINT('',(0.62504789337,62.041134063235));
#9258 = CARTESIAN_POINT('',(0.625001764265,62.171423893561));
#9259 = CARTESIAN_POINT('',(0.625190067431,62.301634137529));
#9260 = CARTESIAN_POINT('',(0.625012907527,62.431966301118));
#9261 = CARTESIAN_POINT('',(0.624980307756,62.562375415767));
#9262 = CARTESIAN_POINT('',(0.625031029426,62.808794736838));
#9263 = CARTESIAN_POINT('',(0.625085108279,62.925104286979));
#9264 = CARTESIAN_POINT('',(0.625085492416,63.041346529444));
#9265 = CARTESIAN_POINT('',(0.625040117429,63.157554675881));
#9266 = CARTESIAN_POINT('',(0.624997358659,63.273774231392));
#9267 = CARTESIAN_POINT('',(0.624969630016,63.390049595088));
#9268 = CARTESIAN_POINT('',(0.624960007719,63.506406019845));
#9269 = CARTESIAN_POINT('',(0.624962457664,63.622657845006));
#9270 = ( GEOMETRIC_REPRESENTATION_CONTEXT(2) 
PARAMETRIC_REPRESENTATION_CONTEXT() REPRESENTATION_CONTEXT('2D SPACE',''
  ) );
#9271 = ORIENTED_EDGE('',*,*,#9272,.T.);
#9272 = EDGE_CURVE('',#9127,#5467,#9273,.T.);
#9273 = SURFACE_CURVE('',#9274,(#9278,#9285),.PCURVE_S1.);
#9274 = LINE('',#9275,#9276);
#9275 = CARTESIAN_POINT('',(53.,0.,0.));
#9276 = VECTOR('',#9277,1.);
#9277 = DIRECTION('',(0.,0.,1.));
#9278 = PCURVE('',#5578,#9279);
#9279 = DEFINITIONAL_REPRESENTATION('',(#9280),#9284);
#9280 = LINE('',#9281,#9282);
#9281 = CARTESIAN_POINT('',(-0.,0.));
#9282 = VECTOR('',#9283,1.);
#9283 = DIRECTION('',(-0.,-1.));
#9284 = ( GEOMETRIC_REPRESENTATION_CONTEXT(2) 
PARAMETRIC_REPRESENTATION_CONTEXT() REPRESENTATION_CONTEXT('2D SPACE',''
  ) );
#9285 = PCURVE('',#5750,#9286);
#9286 = DEFINITIONAL_REPRESENTATION('',(#9287),#9291);
#9287 = LINE('',#9288,#9289);
#9288 = CARTESIAN_POINT('',(-6.28318530718,0.));
#9289 = VECTOR('',#9290,1.);
#9290 = DIRECTION('',(-0.,-1.));
#9291 = ( GEOMETRIC_REPRESENTATION_CONTEXT(2) 
PARAMETRIC_REPRESENTATION_CONTEXT() REPRESENTATION_CONTEXT('2D SPACE',''
  ) );
#9292 = ADVANCED_FACE('',(#9293),#5750,.T.);
#9293 = FACE_BOUND('',#9294,.F.);
#9294 = EDGE_LOOP('',(#9295,#9296,#9297,#9464));
#9295 = ORIENTED_EDGE('',*,*,#5638,.T.);
#9296 = ORIENTED_EDGE('',*,*,#9272,.F.);
#9297 = ORIENTED_EDGE('',*,*,#9298,.F.);
#9298 = EDGE_CURVE('',#9299,#9127,#9301,.T.);
#9299 = VERTEX_POINT('',#9300);
#9300 = CARTESIAN_POINT('',(53.,0.,7.437488394962));
#9301 = SURFACE_CURVE('',#9302,(#9354,#9409),.PCURVE_S1.);
#9302 = B_SPLINE_CURVE_WITH_KNOTS('',8,(#9303,#9304,#9305,#9306,#9307,
    #9308,#9309,#9310,#9311,#9312,#9313,#9314,#9315,#9316,#9317,#9318,
    #9319,#9320,#9321,#9322,#9323,#9324,#9325,#9326,#9327,#9328,#9329,
    #9330,#9331,#9332,#9333,#9334,#9335,#9336,#9337,#9338,#9339,#9340,
    #9341,#9342,#9343,#9344,#9345,#9346,#9347,#9348,#9349,#9350,#9351,
    #9352,#9353),.UNSPECIFIED.,.F.,.F.,(9,7,7,7,7,7,7,9),(0.,
    9.577829866607E-02,0.277291543117,0.481856096305,0.595317187933,
    0.770121378052,0.881640738749,1.),.UNSPECIFIED.);
#9303 = CARTESIAN_POINT('',(53.,-1.33226762955E-15,7.437488394962));
#9304 = CARTESIAN_POINT('',(53.,0.225304993765,7.449435567205));
#9305 = CARTESIAN_POINT('',(52.980627455796,0.450741228099,7.46139141311
    ));
#9306 = CARTESIAN_POINT('',(52.941919549613,0.674222326787,
    7.473350935686));
#9307 = CARTESIAN_POINT('',(52.884123526803,0.893762788065,
    7.485310856717));
#9308 = CARTESIAN_POINT('',(52.807696695843,1.107477984624,
    7.497269616761));
#9309 = CARTESIAN_POINT('',(52.713306428336,1.313584163608,7.50922737515
    ));
#9310 = CARTESIAN_POINT('',(52.601830159014,1.510398446612,
    7.521186009989));
#9311 = CARTESIAN_POINT('',(52.232772897772,2.048721808676,
    7.555820877922));
#9312 = CARTESIAN_POINT('',(51.933185387311,2.362691464406,
    7.578544569726));
#9313 = CARTESIAN_POINT('',(51.583671574956,2.625591411667,
    7.601236479217));
#9314 = CARTESIAN_POINT('',(51.194628895056,2.828709004759,
    7.623898178367));
#9315 = CARTESIAN_POINT('',(50.777814473623,2.965883724266,
    7.646564381602));
#9316 = CARTESIAN_POINT('',(50.345828937429,3.03309040004,7.669261715764
    ));
#9317 = CARTESIAN_POINT('',(49.912043054252,3.028997270399,
    7.691978403913));
#9318 = CARTESIAN_POINT('',(49.016416747289,2.874793537595,
    7.740189853246));
#9319 = CARTESIAN_POINT('',(48.554963860064,2.705683200074,
    7.765830329257));
#9320 = CARTESIAN_POINT('',(48.12852995464,2.451861449033,7.791398151914
    ));
#9321 = CARTESIAN_POINT('',(47.754534817935,2.122801149216,
    7.816926274363));
#9322 = CARTESIAN_POINT('',(47.447035279385,1.73095190495,7.842484067276
    ));
#9323 = CARTESIAN_POINT('',(47.217600991968,1.291056502169,
    7.868108676131));
#9324 = CARTESIAN_POINT('',(47.074606412852,0.82099001462,7.893771306663
    ));
#9325 = CARTESIAN_POINT('',(46.989118956859,7.714626822046E-02,
    7.933486359457));
#9326 = CARTESIAN_POINT('',(46.985601323678,-0.191558553702,
    7.947658607002));
#9327 = CARTESIAN_POINT('',(47.009538860934,-0.460101855524,
    7.961812180249));
#9328 = CARTESIAN_POINT('',(47.060780738995,-0.725141093774,
    7.975979546971));
#9329 = CARTESIAN_POINT('',(47.138703188584,-0.983488558731,
    7.990174401157));
#9330 = CARTESIAN_POINT('',(47.242299199545,-1.232122377676,
    8.004370844291));
#9331 = CARTESIAN_POINT('',(47.370206337784,-1.468198499174,
    8.018534886505));
#9332 = CARTESIAN_POINT('',(47.75248912755,-2.029340265371,
    8.054544532141));
#9333 = CARTESIAN_POINT('',(48.038186528945,-2.334001115487,
    8.076412989897));
#9334 = CARTESIAN_POINT('',(48.370762888209,-2.591893878018,
    8.09825492942));
#9335 = CARTESIAN_POINT('',(48.740902668122,-2.795129616193,
    8.120110115535));
#9336 = CARTESIAN_POINT('',(49.138413423862,-2.937702095368,
    8.141981596269));
#9337 = CARTESIAN_POINT('',(49.552032030773,-3.015946147537,
    8.163866360832));
#9338 = CARTESIAN_POINT('',(49.969748754484,-3.027991590934,
    8.185776176918));
#9339 = CARTESIAN_POINT('',(50.639014213908,-2.942908093602,
    8.221571822085));
#9340 = CARTESIAN_POINT('',(50.896416389288,-2.883672617968,
    8.235509729795));
#9341 = CARTESIAN_POINT('',(51.14739551296,-2.798742727169,
    8.249447600222));
#9342 = CARTESIAN_POINT('',(51.388974663484,-2.688923585644,
    8.263387574134));
#9343 = CARTESIAN_POINT('',(51.618354889155,-2.555423395709,
    8.277329932123));
#9344 = CARTESIAN_POINT('',(51.832915208005,-2.399853397561,
    8.291273094607));
#9345 = CARTESIAN_POINT('',(52.030212607798,-2.224227869275,
    8.30521362183));
#9346 = CARTESIAN_POINT('',(52.3966547505,-1.825846794338,8.333933344004
    ));
#9347 = CARTESIAN_POINT('',(52.563696942832,-1.600480209768,
    8.348729775299));
#9348 = CARTESIAN_POINT('',(52.706452115677,-1.357777346811,
    8.363529970201));
#9349 = CARTESIAN_POINT('',(52.822793119819,-1.100848708663,
    8.378329749558));
#9350 = CARTESIAN_POINT('',(52.911122164186,-0.833002328005,
    8.393126292605));
#9351 = CARTESIAN_POINT('',(52.970370815844,-0.557743766997,
    8.407918136969));
#9352 = CARTESIAN_POINT('',(53.,-0.278776117285,8.422705178667));
#9353 = CARTESIAN_POINT('',(53.,3.552713678801E-15,8.437488672106));
#9354 = PCURVE('',#5750,#9355);
#9355 = DEFINITIONAL_REPRESENTATION('',(#9356),#9408);
#9356 = B_SPLINE_CURVE_WITH_KNOTS('',8,(#9357,#9358,#9359,#9360,#9361,
    #9362,#9363,#9364,#9365,#9366,#9367,#9368,#9369,#9370,#9371,#9372,
    #9373,#9374,#9375,#9376,#9377,#9378,#9379,#9380,#9381,#9382,#9383,
    #9384,#9385,#9386,#9387,#9388,#9389,#9390,#9391,#9392,#9393,#9394,
    #9395,#9396,#9397,#9398,#9399,#9400,#9401,#9402,#9403,#9404,#9405,
    #9406,#9407),.UNSPECIFIED.,.F.,.F.,(9,7,7,7,7,7,7,9),(0.,
    9.577829866607E-02,0.277291543117,0.481856096305,0.595317187933,
    0.770121378052,0.881640738749,1.),.UNSPECIFIED.);
#9357 = CARTESIAN_POINT('',(0.,-7.437488394962));
#9358 = CARTESIAN_POINT('',(-7.510166458838E-02,-7.449435567205));
#9359 = CARTESIAN_POINT('',(-0.150237056925,-7.46139141311));
#9360 = CARTESIAN_POINT('',(-0.225377467038,-7.473350935686));
#9361 = CARTESIAN_POINT('',(-0.300505960672,-7.485310856717));
#9362 = CARTESIAN_POINT('',(-0.375617379291,-7.497269616761));
#9363 = CARTESIAN_POINT('',(-0.450718340081,-7.50922737515));
#9364 = CARTESIAN_POINT('',(-0.525827235943,-7.521186009989));
#9365 = CARTESIAN_POINT('',(-0.743388288478,-7.555820877922));
#9366 = CARTESIAN_POINT('',(-0.886151362127,-7.578544569726));
#9367 = CARTESIAN_POINT('',(-1.02876895649,-7.601236479217));
#9368 = CARTESIAN_POINT('',(-1.171193533094,-7.623898178367));
#9369 = CARTESIAN_POINT('',(-1.313599623253,-7.646564381602));
#9370 = CARTESIAN_POINT('',(-1.456167444661,-7.669261715764));
#9371 = CARTESIAN_POINT('',(-1.598875026283,-7.691978403913));
#9372 = CARTESIAN_POINT('',(-1.901809796111,-7.740189853246));
#9373 = CARTESIAN_POINT('',(-2.062963597963,-7.765830329257));
#9374 = CARTESIAN_POINT('',(-2.223702577107,-7.791398151914));
#9375 = CARTESIAN_POINT('',(-2.384265312675,-7.816926274363));
#9376 = CARTESIAN_POINT('',(-2.544816829231,-7.842484067276));
#9377 = CARTESIAN_POINT('',(-2.705520906106,-7.868108676131));
#9378 = CARTESIAN_POINT('',(-2.866629969672,-7.893771306663));
#9379 = CARTESIAN_POINT('',(-3.116209977817,-7.933486359457));
#9380 = CARTESIAN_POINT('',(-3.205325548413,-7.947658607002));
#9381 = CARTESIAN_POINT('',(-3.294421607581,-7.961812180249));
#9382 = CARTESIAN_POINT('',(-3.383473265185,-7.975979546971));
#9383 = CARTESIAN_POINT('',(-3.472493102023,-7.990174401157));
#9384 = CARTESIAN_POINT('',(-3.561508476335,-8.004370844291));
#9385 = CARTESIAN_POINT('',(-3.650546918412,-8.018534886505));
#9386 = CARTESIAN_POINT('',(-3.876875149362,-8.054544532141));
#9387 = CARTESIAN_POINT('',(-4.014420466287,-8.076412989897));
#9388 = CARTESIAN_POINT('',(-4.151825502891,-8.09825492942));
#9389 = CARTESIAN_POINT('',(-4.289151366985,-8.120110115535));
#9390 = CARTESIAN_POINT('',(-4.426493428099,-8.141981596269));
#9391 = CARTESIAN_POINT('',(-4.563925955731,-8.163866360832));
#9392 = CARTESIAN_POINT('',(-4.701545749787,-8.185776176918));
#9393 = CARTESIAN_POINT('',(-4.926429783284,-8.221571822085));
#9394 = CARTESIAN_POINT('',(-5.014008257796,-8.235509729795));
#9395 = CARTESIAN_POINT('',(-5.10159291555,-8.249447600222));
#9396 = CARTESIAN_POINT('',(-5.189191107191,-8.263387574134));
#9397 = CARTESIAN_POINT('',(-5.276800370714,-8.277329932123));
#9398 = CARTESIAN_POINT('',(-5.364408431459,-8.291273094607));
#9399 = CARTESIAN_POINT('',(-5.451993202115,-8.30521362183));
#9400 = CARTESIAN_POINT('',(-5.632420880706,-8.333933344004));
#9401 = CARTESIAN_POINT('',(-5.725370072687,-8.348729775299));
#9402 = CARTESIAN_POINT('',(-5.818349492644,-8.363529970201));
#9403 = CARTESIAN_POINT('',(-5.911341354643,-8.378329749558));
#9404 = CARTESIAN_POINT('',(-6.00433095283,-8.393126292605));
#9405 = CARTESIAN_POINT('',(-6.09730666143,-8.407918136969));
#9406 = CARTESIAN_POINT('',(-6.190259934751,-8.422705178667));
#9407 = CARTESIAN_POINT('',(-6.28318530718,-8.437488672106));
#9408 = ( GEOMETRIC_REPRESENTATION_CONTEXT(2) 
PARAMETRIC_REPRESENTATION_CONTEXT() REPRESENTATION_CONTEXT('2D SPACE',''
  ) );
#9409 = PCURVE('',#2251,#9410);
#9410 = DEFINITIONAL_REPRESENTATION('',(#9411),#9463);
#9411 = B_SPLINE_CURVE_WITH_KNOTS('',8,(#9412,#9413,#9414,#9415,#9416,
    #9417,#9418,#9419,#9420,#9421,#9422,#9423,#9424,#9425,#9426,#9427,
    #9428,#9429,#9430,#9431,#9432,#9433,#9434,#9435,#9436,#9437,#9438,
    #9439,#9440,#9441,#9442,#9443,#9444,#9445,#9446,#9447,#9448,#9449,
    #9450,#9451,#9452,#9453,#9454,#9455,#9456,#9457,#9458,#9459,#9460,
    #9461,#9462),.UNSPECIFIED.,.F.,.F.,(9,7,7,7,7,7,7,9),(0.,
    9.577829866607E-02,0.277291543117,0.481856096305,0.595317187933,
    0.770121378052,0.881640738749,1.),.UNSPECIFIED.);
#9412 = CARTESIAN_POINT('',(0.62497572082,50.898124453415));
#9413 = CARTESIAN_POINT('',(0.624963937907,50.974173013768));
#9414 = CARTESIAN_POINT('',(0.624958781692,51.050255677858));
#9415 = CARTESIAN_POINT('',(0.624959617978,51.126342670989));
#9416 = CARTESIAN_POINT('',(0.624965408132,51.202416440305));
#9417 = CARTESIAN_POINT('',(0.624974709094,51.27847165479));
#9418 = CARTESIAN_POINT('',(0.624985673369,51.354515205274));
#9419 = CARTESIAN_POINT('',(0.624996049032,51.430566204426));
#9420 = CARTESIAN_POINT('',(0.625016693387,51.650856744693));
#9421 = CARTESIAN_POINT('',(0.625022965342,51.795410944833));
#9422 = CARTESIAN_POINT('',(0.62501025636,51.939823318242));
#9423 = CARTESIAN_POINT('',(0.624996293325,52.084047474753));
#9424 = CARTESIAN_POINT('',(0.624995973543,52.228256886529));
#9425 = CARTESIAN_POINT('',(0.625007239867,52.372627504634));
#9426 = CARTESIAN_POINT('',(0.625015126675,52.517132008594));
#9427 = CARTESIAN_POINT('',(0.625012680615,52.823873812867));
#9428 = CARTESIAN_POINT('',(0.624999112994,52.987048479723));
#9429 = CARTESIAN_POINT('',(0.624973958866,53.149797764733));
#9430 = CARTESIAN_POINT('',(0.624921537413,53.312381207381));
#9431 = CARTESIAN_POINT('',(0.624928468942,53.474964612057));
#9432 = CARTESIAN_POINT('',(0.625021768377,53.637698370098));
#9433 = CARTESIAN_POINT('',(0.625065810272,53.800830726529));
#9434 = CARTESIAN_POINT('',(0.625053062305,54.053548975048));
#9435 = CARTESIAN_POINT('',(0.625031045182,54.143786610756));
#9436 = CARTESIAN_POINT('',(0.624977809839,54.234004744736));
#9437 = CARTESIAN_POINT('',(0.624965966857,54.324178962056));
#9438 = CARTESIAN_POINT('',(0.625019039253,54.414321557829));
#9439 = CARTESIAN_POINT('',(0.625077196838,54.504458086286));
#9440 = CARTESIAN_POINT('',(0.625064172248,54.594614911081));
#9441 = CARTESIAN_POINT('',(0.625041779909,54.823789056787));
#9442 = CARTESIAN_POINT('',(0.624996797562,54.963065077608));
#9443 = CARTESIAN_POINT('',(0.624941723316,55.102204486044));
#9444 = CARTESIAN_POINT('',(0.624937193464,55.241267384814));
#9445 = CARTESIAN_POINT('',(0.624963350835,55.380336333961));
#9446 = CARTESIAN_POINT('',(0.624988708496,55.519492342521));
#9447 = CARTESIAN_POINT('',(0.625004783763,55.658837263968));
#9448 = CARTESIAN_POINT('',(0.625015567474,55.886544344718));
#9449 = CARTESIAN_POINT('',(0.625014830534,55.975223353247));
#9450 = CARTESIAN_POINT('',(0.625011513292,56.063910332847));
#9451 = CARTESIAN_POINT('',(0.625007499807,56.15261291021));
#9452 = CARTESIAN_POINT('',(0.625004201443,56.241328380811));
#9453 = CARTESIAN_POINT('',(0.625002556867,56.33004370891));
#9454 = CARTESIAN_POINT('',(0.625003032051,56.418735527552));
#9455 = CARTESIAN_POINT('',(0.625008367236,56.601441042623));
#9456 = CARTESIAN_POINT('',(0.62501389469,56.695562277973));
#9457 = CARTESIAN_POINT('',(0.625017938231,56.789712178914));
#9458 = CARTESIAN_POINT('',(0.625017834483,56.883872629105));
#9459 = CARTESIAN_POINT('',(0.625012521096,56.978029061573));
#9460 = CARTESIAN_POINT('',(0.625002536745,57.072170458709));
#9461 = CARTESIAN_POINT('',(0.624990021135,57.166289352267));
#9462 = CARTESIAN_POINT('',(0.624978714994,57.260381823368));
#9463 = ( GEOMETRIC_REPRESENTATION_CONTEXT(2) 
PARAMETRIC_REPRESENTATION_CONTEXT() REPRESENTATION_CONTEXT('2D SPACE',''
  ) );
#9464 = ORIENTED_EDGE('',*,*,#9465,.T.);
#9465 = EDGE_CURVE('',#9299,#5639,#9466,.T.);
#9466 = SURFACE_CURVE('',#9467,(#9471,#9478),.PCURVE_S1.);
#9467 = LINE('',#9468,#9469);
#9468 = CARTESIAN_POINT('',(53.,0.,0.));
#9469 = VECTOR('',#9470,1.);
#9470 = DIRECTION('',(0.,0.,1.));
#9471 = PCURVE('',#5750,#9472);
#9472 = DEFINITIONAL_REPRESENTATION('',(#9473),#9477);
#9473 = LINE('',#9474,#9475);
#9474 = CARTESIAN_POINT('',(-0.,0.));
#9475 = VECTOR('',#9476,1.);
#9476 = DIRECTION('',(-0.,-1.));
#9477 = ( GEOMETRIC_REPRESENTATION_CONTEXT(2) 
PARAMETRIC_REPRESENTATION_CONTEXT() REPRESENTATION_CONTEXT('2D SPACE',''
  ) );
#9478 = PCURVE('',#5920,#9479);
#9479 = DEFINITIONAL_REPRESENTATION('',(#9480),#9484);
#9480 = LINE('',#9481,#9482);
#9481 = CARTESIAN_POINT('',(-6.28318530718,0.));
#9482 = VECTOR('',#9483,1.);
#9483 = DIRECTION('',(-0.,-1.));
#9484 = ( GEOMETRIC_REPRESENTATION_CONTEXT(2) 
PARAMETRIC_REPRESENTATION_CONTEXT() REPRESENTATION_CONTEXT('2D SPACE',''
  ) );
#9485 = ADVANCED_FACE('',(#9486),#5920,.T.);
#9486 = FACE_BOUND('',#9487,.F.);
#9487 = EDGE_LOOP('',(#9488,#9489,#9490,#9657));
#9488 = ORIENTED_EDGE('',*,*,#5810,.T.);
#9489 = ORIENTED_EDGE('',*,*,#9465,.F.);
#9490 = ORIENTED_EDGE('',*,*,#9491,.F.);
#9491 = EDGE_CURVE('',#9492,#9299,#9494,.T.);
#9492 = VERTEX_POINT('',#9493);
#9493 = CARTESIAN_POINT('',(53.,0.,6.437501390384));
#9494 = SURFACE_CURVE('',#9495,(#9547,#9602),.PCURVE_S1.);
#9495 = B_SPLINE_CURVE_WITH_KNOTS('',8,(#9496,#9497,#9498,#9499,#9500,
    #9501,#9502,#9503,#9504,#9505,#9506,#9507,#9508,#9509,#9510,#9511,
    #9512,#9513,#9514,#9515,#9516,#9517,#9518,#9519,#9520,#9521,#9522,
    #9523,#9524,#9525,#9526,#9527,#9528,#9529,#9530,#9531,#9532,#9533,
    #9534,#9535,#9536,#9537,#9538,#9539,#9540,#9541,#9542,#9543,#9544,
    #9545,#9546),.UNSPECIFIED.,.F.,.F.,(9,7,7,7,7,7,7,9),(0.,
    0.183277798267,0.296200514054,0.437329113558,0.569653706168,
    0.678809389039,0.865676893343,1.),.UNSPECIFIED.);
#9496 = CARTESIAN_POINT('',(53.,8.881784197001E-16,6.437501390384));
#9497 = CARTESIAN_POINT('',(53.,0.431397182494,6.460379684793));
#9498 = CARTESIAN_POINT('',(52.929101876837,0.863838543391,
    6.483308984164));
#9499 = CARTESIAN_POINT('',(52.786719207332,1.281968333523,
    6.506202355308));
#9500 = CARTESIAN_POINT('',(52.576930501453,1.672406498466,
    6.529087313236));
#9501 = CARTESIAN_POINT('',(52.305790149301,2.022986672147,
    6.552000860185));
#9502 = CARTESIAN_POINT('',(51.981948864227,2.323268150848,
    6.574942756933));
#9503 = CARTESIAN_POINT('',(51.615968568216,2.56413755028,6.597881447201
    ));
#9504 = CARTESIAN_POINT('',(50.97913862676,2.848149400229,6.6348510342)
  );
#9505 = CARTESIAN_POINT('',(50.725193085726,2.931891494996,
    6.648952733228));
#9506 = CARTESIAN_POINT('',(50.463194211407,2.989732814584,
    6.663062984104));
#9507 = CARTESIAN_POINT('',(50.196271779697,3.020767932576,
    6.677180937905));
#9508 = CARTESIAN_POINT('',(49.927576529906,3.024552924986,
    6.691303854504));
#9509 = CARTESIAN_POINT('',(49.660280164759,3.001105370259,
    6.705427102561));
#9510 = CARTESIAN_POINT('',(49.397575350398,2.950904349274,6.71954415953
    ));
#9511 = CARTESIAN_POINT('',(48.824107143952,2.77988975633,6.751271580241
    ));
#9512 = CARTESIAN_POINT('',(48.517244150275,2.64435418758,6.76889876603)
  );
#9513 = CARTESIAN_POINT('',(48.228526873342,2.470320149314,
    6.786532713194));
#9514 = CARTESIAN_POINT('',(47.963644762323,2.260652762573,
    6.804175296867));
#9515 = CARTESIAN_POINT('',(47.727536577569,2.019045859226,
    6.821825723156));
#9516 = CARTESIAN_POINT('',(47.524390390607,1.75002198196,6.839480529134
    ));
#9517 = CARTESIAN_POINT('',(47.357643584148,1.458932384288,
    6.857133582845));
#9518 = CARTESIAN_POINT('',(47.110285962697,0.86413167999,6.891317993962
    ));
#9519 = CARTESIAN_POINT('',(47.024749817335,0.561952296355,
    6.907865647767));
#9520 = CARTESIAN_POINT('',(46.975373662394,0.25037253991,6.92440517107)
  );
#9521 = CARTESIAN_POINT('',(46.963338271954,-6.554054296805E-02,
    6.940937925213));
#9522 = CARTESIAN_POINT('',(46.988981838193,-0.380661768585,
    6.957472120234));
#9523 = CARTESIAN_POINT('',(47.051775861795,-0.689863064718,
    6.974014428582));
#9524 = CARTESIAN_POINT('',(47.150301042367,-0.988068719411,
    6.990561598833));
#9525 = CARTESIAN_POINT('',(47.391046853995,-1.503134384225,
    7.020728195299));
#9526 = CARTESIAN_POINT('',(47.522782520434,-1.725478556775,
    7.034372666199));
#9527 = CARTESIAN_POINT('',(47.676113691693,-1.934558883977,
    7.048020291944));
#9528 = CARTESIAN_POINT('',(47.849445328439,-2.12788665505,
    7.061667356685));
#9529 = CARTESIAN_POINT('',(48.040903828482,-2.303268711864,
    7.075311618885));
#9530 = CARTESIAN_POINT('',(48.248337026781,-2.458807448945,
    7.088952311317));
#9531 = CARTESIAN_POINT('',(48.469314195437,-2.592900813471,
    7.10259014107));
#9532 = CARTESIAN_POINT('',(49.097973009547,-2.894851773803,
    7.139573210104));
#9533 = CARTESIAN_POINT('',(49.5277580466,-3.019337971728,7.162973007279
    ));
#9534 = CARTESIAN_POINT('',(49.975942481986,-3.070213944273,
    7.186346253965));
#9535 = CARTESIAN_POINT('',(50.428018561455,-3.045069064548,
    7.209716741165));
#9536 = CARTESIAN_POINT('',(50.869554755277,-2.944632576155,
    7.233111505784));
#9537 = CARTESIAN_POINT('',(51.286435581664,-2.772122431516,
    7.25651652961));
#9538 = CARTESIAN_POINT('',(51.665295947715,-2.533879425935,
    7.279889109518));
#9539 = CARTESIAN_POINT('',(52.230535136278,-2.030966626404,
    7.320002444612));
#9540 = CARTESIAN_POINT('',(52.441579003268,-1.792143903111,
    7.336801947624));
#9541 = CARTESIAN_POINT('',(52.623165122286,-1.528481196425,
    7.353624863352));
#9542 = CARTESIAN_POINT('',(52.772013288655,-1.244210924686,
    7.370399713603));
#9543 = CARTESIAN_POINT('',(52.885552190752,-0.94398854438,
    7.387154880696));
#9544 = CARTESIAN_POINT('',(52.961898511253,-0.632855196697,
    7.403938778502));
#9545 = CARTESIAN_POINT('',(53.,-0.316248456714,7.420718794249));
#9546 = CARTESIAN_POINT('',(53.,-1.33226762955E-15,7.437488394962));
#9547 = PCURVE('',#5920,#9548);
#9548 = DEFINITIONAL_REPRESENTATION('',(#9549),#9601);
#9549 = B_SPLINE_CURVE_WITH_KNOTS('',8,(#9550,#9551,#9552,#9553,#9554,
    #9555,#9556,#9557,#9558,#9559,#9560,#9561,#9562,#9563,#9564,#9565,
    #9566,#9567,#9568,#9569,#9570,#9571,#9572,#9573,#9574,#9575,#9576,
    #9577,#9578,#9579,#9580,#9581,#9582,#9583,#9584,#9585,#9586,#9587,
    #9588,#9589,#9590,#9591,#9592,#9593,#9594,#9595,#9596,#9597,#9598,
    #9599,#9600),.UNSPECIFIED.,.F.,.F.,(9,7,7,7,7,7,7,9),(0.,
    0.183277798267,0.296200514054,0.437329113558,0.569653706168,
    0.678809389039,0.865676893343,1.),.UNSPECIFIED.);
#9550 = CARTESIAN_POINT('',(0.,-6.437501390384));
#9551 = CARTESIAN_POINT('',(-0.143799060831,-6.460379684793));
#9552 = CARTESIAN_POINT('',(-0.287944953009,-6.483308984164));
#9553 = CARTESIAN_POINT('',(-0.431860198407,-6.506202355308));
#9554 = CARTESIAN_POINT('',(-0.57566664102,-6.529087313236));
#9555 = CARTESIAN_POINT('',(-0.719458592146,-6.552000860185));
#9556 = CARTESIAN_POINT('',(-0.863356695546,-6.574942756933));
#9557 = CARTESIAN_POINT('',(-1.007473263004,-6.597881447201));
#9558 = CARTESIAN_POINT('',(-1.239903683954,-6.6348510342));
#9559 = CARTESIAN_POINT('',(-1.328555386886,-6.648952733228));
#9560 = CARTESIAN_POINT('',(-1.417230186587,-6.663062984104));
#9561 = CARTESIAN_POINT('',(-1.505914515389,-6.677180937905));
#9562 = CARTESIAN_POINT('',(-1.594598673244,-6.691303854504));
#9563 = CARTESIAN_POINT('',(-1.68327682772,-6.705427102561));
#9564 = CARTESIAN_POINT('',(-1.771947014004,-6.71954415953));
#9565 = CARTESIAN_POINT('',(-1.971421817427,-6.751271580241));
#9566 = CARTESIAN_POINT('',(-2.082274263662,-6.76889876603));
#9567 = CARTESIAN_POINT('',(-2.193152917597,-6.786532713194));
#9568 = CARTESIAN_POINT('',(-2.304043491477,-6.804175296867));
#9569 = CARTESIAN_POINT('',(-2.414932965807,-6.821825723156));
#9570 = CARTESIAN_POINT('',(-2.525809589352,-6.839480529134));
#9571 = CARTESIAN_POINT('',(-2.636662879133,-6.857133582845));
#9572 = CARTESIAN_POINT('',(-2.851391045977,-6.891317993962));
#9573 = CARTESIAN_POINT('',(-2.955348039364,-6.907865647767));
#9574 = CARTESIAN_POINT('',(-3.059274277903,-6.92440517107));
#9575 = CARTESIAN_POINT('',(-3.163171101771,-6.940937925213));
#9576 = CARTESIAN_POINT('',(-3.267076498732,-6.957472120234));
#9577 = CARTESIAN_POINT('',(-3.371020088847,-6.974014428582));
#9578 = CARTESIAN_POINT('',(-3.474978109187,-6.990561598833));
#9579 = CARTESIAN_POINT('',(-3.664495386291,-7.020728195299));
#9580 = CARTESIAN_POINT('',(-3.750209070589,-7.034372666199));
#9581 = CARTESIAN_POINT('',(-3.835947315989,-7.048020291944));
#9582 = CARTESIAN_POINT('',(-3.921693487981,-7.061667356685));
#9583 = CARTESIAN_POINT('',(-4.007436453009,-7.075311618885));
#9584 = CARTESIAN_POINT('',(-4.093170578469,-7.088952311317));
#9585 = CARTESIAN_POINT('',(-4.17889573271,-7.10259014107));
#9586 = CARTESIAN_POINT('',(-4.411367065949,-7.139573210104));
#9587 = CARTESIAN_POINT('',(-4.558442431386,-7.162973007279));
#9588 = CARTESIAN_POINT('',(-4.705340960504,-7.186346253965));
#9589 = CARTESIAN_POINT('',(-4.852035943413,-7.209716741165));
#9590 = CARTESIAN_POINT('',(-4.998741794311,-7.233111505784));
#9591 = CARTESIAN_POINT('',(-5.145670330947,-7.25651652961));
#9592 = CARTESIAN_POINT('',(-5.292777920442,-7.279889109518));
#9593 = CARTESIAN_POINT('',(-5.544971986858,-7.320002444612));
#9594 = CARTESIAN_POINT('',(-5.650445244287,-7.336801947624));
#9595 = CARTESIAN_POINT('',(-5.755873577033,-7.353624863352));
#9596 = CARTESIAN_POINT('',(-5.861291975267,-7.370399713603));
#9597 = CARTESIAN_POINT('',(-5.966737223261,-7.387154880696));
#9598 = CARTESIAN_POINT('',(-6.072233572983,-7.403938778502));
#9599 = CARTESIAN_POINT('',(-6.177769154941,-7.420718794249));
#9600 = CARTESIAN_POINT('',(-6.28318530718,-7.437488394962));
#9601 = ( GEOMETRIC_REPRESENTATION_CONTEXT(2) 
PARAMETRIC_REPRESENTATION_CONTEXT() REPRESENTATION_CONTEXT('2D SPACE',''
  ) );
#9602 = PCURVE('',#2251,#9603);
#9603 = DEFINITIONAL_REPRESENTATION('',(#9604),#9656);
#9604 = B_SPLINE_CURVE_WITH_KNOTS('',8,(#9605,#9606,#9607,#9608,#9609,
    #9610,#9611,#9612,#9613,#9614,#9615,#9616,#9617,#9618,#9619,#9620,
    #9621,#9622,#9623,#9624,#9625,#9626,#9627,#9628,#9629,#9630,#9631,
    #9632,#9633,#9634,#9635,#9636,#9637,#9638,#9639,#9640,#9641,#9642,
    #9643,#9644,#9645,#9646,#9647,#9648,#9649,#9650,#9651,#9652,#9653,
    #9654,#9655),.UNSPECIFIED.,.F.,.F.,(9,7,7,7,7,7,7,9),(0.,
    0.183277798267,0.296200514054,0.437329113558,0.569653706168,
    0.678809389039,0.865676893343,1.),.UNSPECIFIED.);
#9605 = CARTESIAN_POINT('',(0.625001945903,44.535858576801));
#9606 = CARTESIAN_POINT('',(0.624987695187,44.681461684934));
#9607 = CARTESIAN_POINT('',(0.624965128175,44.827415755367));
#9608 = CARTESIAN_POINT('',(0.624942842644,44.973140345412));
#9609 = CARTESIAN_POINT('',(0.624936244156,45.118761505883));
#9610 = CARTESIAN_POINT('',(0.624988975529,45.264375821664));
#9611 = CARTESIAN_POINT('',(0.62506985324,45.410080968833));
#9612 = CARTESIAN_POINT('',(0.625074754397,45.556007406912));
#9613 = CARTESIAN_POINT('',(0.625029209645,45.791362604922));
#9614 = CARTESIAN_POINT('',(0.625013316645,45.881131910614));
#9615 = CARTESIAN_POINT('',(0.625007090368,45.970924874344));
#9616 = CARTESIAN_POINT('',(0.625013507053,46.060726627256));
#9617 = CARTESIAN_POINT('',(0.625030322819,46.15052687399));
#9618 = CARTESIAN_POINT('',(0.625050073666,46.240319892686));
#9619 = CARTESIAN_POINT('',(0.625060075471,46.330104534981));
#9620 = CARTESIAN_POINT('',(0.625020363525,46.532089126238));
#9621 = CARTESIAN_POINT('',(0.624988419053,46.644339575211));
#9622 = CARTESIAN_POINT('',(0.624961444777,46.75661723101));
#9623 = CARTESIAN_POINT('',(0.624948305774,46.868905822801));
#9624 = CARTESIAN_POINT('',(0.624951877999,46.981191150828));
#9625 = CARTESIAN_POINT('',(0.624969048286,47.09346108642));
#9626 = CARTESIAN_POINT('',(0.624990714348,47.205705571984));
#9627 = CARTESIAN_POINT('',(0.625012164598,47.423127622894));
#9628 = CARTESIAN_POINT('',(0.625018312066,47.528388627832));
#9629 = CARTESIAN_POINT('',(0.625017309424,47.633620649776));
#9630 = CARTESIAN_POINT('',(0.625011165066,47.738825960972));
#9631 = CARTESIAN_POINT('',(0.625004276933,47.844042805455));
#9632 = CARTESIAN_POINT('',(0.625000895901,47.949300112545));
#9633 = CARTESIAN_POINT('',(0.625002589176,48.05457221034));
#9634 = CARTESIAN_POINT('',(0.625008272875,48.24648201459));
#9635 = CARTESIAN_POINT('',(0.625013023971,48.333276642186));
#9636 = CARTESIAN_POINT('',(0.625016783982,48.420094494515));
#9637 = CARTESIAN_POINT('',(0.625017464572,48.506918573622));
#9638 = CARTESIAN_POINT('',(0.625014062064,48.593737811076));
#9639 = CARTESIAN_POINT('',(0.625006657441,48.680547067971));
#9640 = CARTESIAN_POINT('',(0.624996416344,48.767347134927));
#9641 = CARTESIAN_POINT('',(0.624967053479,49.002736632521));
#9642 = CARTESIAN_POINT('',(0.624952587301,49.151658364692));
#9643 = CARTESIAN_POINT('',(0.624937028016,49.300414653449));
#9644 = CARTESIAN_POINT('',(0.624980815933,49.448964594511));
#9645 = CARTESIAN_POINT('',(0.625072977577,49.59751511147));
#9646 = CARTESIAN_POINT('',(0.625116424143,49.746285869059));
#9647 = CARTESIAN_POINT('',(0.625035565037,49.895245642646));
#9648 = CARTESIAN_POINT('',(0.6249851547,50.150617677701));
#9649 = CARTESIAN_POINT('',(0.62501138186,50.257417137741));
#9650 = CARTESIAN_POINT('',(0.625095804421,50.364180429774));
#9651 = CARTESIAN_POINT('',(0.625091723537,50.470919456059));
#9652 = CARTESIAN_POINT('',(0.625040227292,50.577684086919));
#9653 = CARTESIAN_POINT('',(0.625025564122,50.684514340565));
#9654 = CARTESIAN_POINT('',(0.624992259859,50.791379194711));
#9655 = CARTESIAN_POINT('',(0.62497572082,50.898124453415));
#9656 = ( GEOMETRIC_REPRESENTATION_CONTEXT(2) 
PARAMETRIC_REPRESENTATION_CONTEXT() REPRESENTATION_CONTEXT('2D SPACE',''
  ) );
#9657 = ORIENTED_EDGE('',*,*,#9658,.T.);
#9658 = EDGE_CURVE('',#9492,#5811,#9659,.T.);
#9659 = SURFACE_CURVE('',#9660,(#9664,#9671),.PCURVE_S1.);
#9660 = LINE('',#9661,#9662);
#9661 = CARTESIAN_POINT('',(53.,0.,0.));
#9662 = VECTOR('',#9663,1.);
#9663 = DIRECTION('',(0.,0.,1.));
#9664 = PCURVE('',#5920,#9665);
#9665 = DEFINITIONAL_REPRESENTATION('',(#9666),#9670);
#9666 = LINE('',#9667,#9668);
#9667 = CARTESIAN_POINT('',(-0.,0.));
#9668 = VECTOR('',#9669,1.);
#9669 = DIRECTION('',(-0.,-1.));
#9670 = ( GEOMETRIC_REPRESENTATION_CONTEXT(2) 
PARAMETRIC_REPRESENTATION_CONTEXT() REPRESENTATION_CONTEXT('2D SPACE',''
  ) );
#9671 = PCURVE('',#6091,#9672);
#9672 = DEFINITIONAL_REPRESENTATION('',(#9673),#9677);
#9673 = LINE('',#9674,#9675);
#9674 = CARTESIAN_POINT('',(-6.28318530718,0.));
#9675 = VECTOR('',#9676,1.);
#9676 = DIRECTION('',(-0.,-1.));
#9677 = ( GEOMETRIC_REPRESENTATION_CONTEXT(2) 
PARAMETRIC_REPRESENTATION_CONTEXT() REPRESENTATION_CONTEXT('2D SPACE',''
  ) );
#9678 = ADVANCED_FACE('',(#9679),#6091,.T.);
#9679 = FACE_BOUND('',#9680,.F.);
#9680 = EDGE_LOOP('',(#9681,#9682,#9683,#9850));
#9681 = ORIENTED_EDGE('',*,*,#5979,.T.);
#9682 = ORIENTED_EDGE('',*,*,#9658,.F.);
#9683 = ORIENTED_EDGE('',*,*,#9684,.F.);
#9684 = EDGE_CURVE('',#9685,#9492,#9687,.T.);
#9685 = VERTEX_POINT('',#9686);
#9686 = CARTESIAN_POINT('',(53.,0.,5.437509318108));
#9687 = SURFACE_CURVE('',#9688,(#9740,#9795),.PCURVE_S1.);
#9688 = B_SPLINE_CURVE_WITH_KNOTS('',8,(#9689,#9690,#9691,#9692,#9693,
    #9694,#9695,#9696,#9697,#9698,#9699,#9700,#9701,#9702,#9703,#9704,
    #9705,#9706,#9707,#9708,#9709,#9710,#9711,#9712,#9713,#9714,#9715,
    #9716,#9717,#9718,#9719,#9720,#9721,#9722,#9723,#9724,#9725,#9726,
    #9727,#9728,#9729,#9730,#9731,#9732,#9733,#9734,#9735,#9736,#9737,
    #9738,#9739),.UNSPECIFIED.,.F.,.F.,(9,7,7,7,7,7,7,9),(0.,
    0.124763868284,0.261579729532,0.421370541941,0.510875915282,
    0.630533728837,0.785735534257,1.),.UNSPECIFIED.);
#9689 = CARTESIAN_POINT('',(53.,3.996802888651E-15,5.437509318108));
#9690 = CARTESIAN_POINT('',(53.,0.293623568427,5.453074482112));
#9691 = CARTESIAN_POINT('',(52.967098836666,0.587538130574,
    5.468649262213));
#9692 = CARTESIAN_POINT('',(52.901342526557,0.877114957925,
    5.484232430406));
#9693 = CARTESIAN_POINT('',(52.803406174308,1.158001390636,5.49982225064
    ));
#9694 = CARTESIAN_POINT('',(52.674593972626,1.426120837542,
    5.515416478824));
#9695 = CARTESIAN_POINT('',(52.516839202297,1.67767277615,5.531012362821
    ));
#9696 = CARTESIAN_POINT('',(52.332704232177,1.909132752645,
    5.546606642454));
#9697 = CARTESIAN_POINT('',(51.898029662431,2.345476039176,
    5.579290320392));
#9698 = CARTESIAN_POINT('',(51.642519599705,2.545946844551,
    5.596393629047));
#9699 = CARTESIAN_POINT('',(51.363044415624,2.714351092222,
    5.613487423999));
#9700 = CARTESIAN_POINT('',(51.064332356961,2.84747488412,5.630573151804
    ));
#9701 = CARTESIAN_POINT('',(50.751515622266,2.942937315492,
    5.647660600048));
#9702 = CARTESIAN_POINT('',(50.430054212157,2.999131439107,
    5.664757445633));
#9703 = CARTESIAN_POINT('',(50.105713840293,3.01537300807,5.681859508341
    ));
#9704 = CARTESIAN_POINT('',(49.409558229796,2.965259205327,
    5.718892458123));
#9705 = CARTESIAN_POINT('',(49.037840237689,2.88449672386,5.738872843763
    ));
#9706 = CARTESIAN_POINT('',(48.679260401775,2.750426277681,
    5.758836914691));
#9707 = CARTESIAN_POINT('',(48.342662659718,2.565810860736,
    5.778784465572));
#9708 = CARTESIAN_POINT('',(48.035968814033,2.334903246862,
    5.798724282467));
#9709 = CARTESIAN_POINT('',(47.766286052585,2.063173426469,5.81867382304
    ));
#9710 = CARTESIAN_POINT('',(47.539763898066,1.757478568774,
    5.838650580821));
#9711 = CARTESIAN_POINT('',(47.260699926332,1.241220979568,
    5.869790683686));
#9712 = CARTESIAN_POINT('',(47.175385352493,1.047827330555,
    5.880973628258));
#9713 = CARTESIAN_POINT('',(47.10569815464,0.847778613895,5.892159847173
    ));
#9714 = CARTESIAN_POINT('',(47.0522251887,0.642528716883,5.903349922532)
  );
#9715 = CARTESIAN_POINT('',(47.015401763425,0.433593213248,5.91454329078
    ));
#9716 = CARTESIAN_POINT('',(46.995504231834,0.222545891567,
    5.925737590386));
#9717 = CARTESIAN_POINT('',(46.992624596205,1.101856134915E-02,
    5.936928453644));
#9718 = CARTESIAN_POINT('',(47.025346809224,-0.480460705797,
    5.963057767898));
#9719 = CARTESIAN_POINT('',(47.074275403651,-0.759721106351,
    5.977992351678));
#9720 = CARTESIAN_POINT('',(47.153113886222,-1.033105045314,
    5.992929143129));
#9721 = CARTESIAN_POINT('',(47.261039927019,-1.296874681387,
    6.007876848336));
#9722 = CARTESIAN_POINT('',(47.396707889914,-1.547526351549,
    6.022837230256));
#9723 = CARTESIAN_POINT('',(47.558248832574,-1.781790571059,
    6.037805108721));
#9724 = CARTESIAN_POINT('',(47.743270506456,-1.996632033454,
    6.052768360435));
#9725 = CARTESIAN_POINT('',(48.215513159699,-2.439083656755,
    6.087085228232));
#9726 = CARTESIAN_POINT('',(48.517438329034,-2.652254956946,
    6.106487167097));
#9727 = CARTESIAN_POINT('',(48.848177309199,-2.822294904333,
    6.12587669516));
#9728 = CARTESIAN_POINT('',(49.200316139355,-2.944868188089,
    6.145271086213));
#9729 = CARTESIAN_POINT('',(49.566029544369,-3.017200573217,
    6.164675624649));
#9730 = CARTESIAN_POINT('',(49.937209980342,-3.037822179548,
    6.184088742899));
#9731 = CARTESIAN_POINT('',(50.305438687031,-3.00672514308,
    6.203514276062));
#9732 = CARTESIAN_POINT('',(51.154392104881,-2.814636815891,
    6.249702340404));
#9733 = CARTESIAN_POINT('',(51.6277720182,-2.607997854721,6.276615663975
    ));
#9734 = CARTESIAN_POINT('',(52.056271856714,-2.310314510372,
    6.303424849615));
#9735 = CARTESIAN_POINT('',(52.421452730611,-1.93454410634,
    6.330207253948));
#9736 = CARTESIAN_POINT('',(52.707305315065,-1.495433475784,
    6.357011853515));
#9737 = CARTESIAN_POINT('',(52.90295543371,-1.011800801791,
    6.383837791936));
#9738 = CARTESIAN_POINT('',(53.,-0.50470841678,6.410735179992));
#9739 = CARTESIAN_POINT('',(53.,8.881784197001E-16,6.437501390384));
#9740 = PCURVE('',#6091,#9741);
#9741 = DEFINITIONAL_REPRESENTATION('',(#9742),#9794);
#9742 = B_SPLINE_CURVE_WITH_KNOTS('',8,(#9743,#9744,#9745,#9746,#9747,
    #9748,#9749,#9750,#9751,#9752,#9753,#9754,#9755,#9756,#9757,#9758,
    #9759,#9760,#9761,#9762,#9763,#9764,#9765,#9766,#9767,#9768,#9769,
    #9770,#9771,#9772,#9773,#9774,#9775,#9776,#9777,#9778,#9779,#9780,
    #9781,#9782,#9783,#9784,#9785,#9786,#9787,#9788,#9789,#9790,#9791,
    #9792,#9793),.UNSPECIFIED.,.F.,.F.,(9,7,7,7,7,7,7,9),(0.,
    0.124763868284,0.261579729532,0.421370541941,0.510875915282,
    0.630533728837,0.785735534257,1.),.UNSPECIFIED.);
#9743 = CARTESIAN_POINT('',(0.,-5.437509318108));
#9744 = CARTESIAN_POINT('',(-9.787452280884E-02,-5.453074482112));
#9745 = CARTESIAN_POINT('',(-0.19580243945,-5.468649262213));
#9746 = CARTESIAN_POINT('',(-0.293758425803,-5.484232430406));
#9747 = CARTESIAN_POINT('',(-0.391723004646,-5.49982225064));
#9748 = CARTESIAN_POINT('',(-0.489682545655,-5.515416478824));
#9749 = CARTESIAN_POINT('',(-0.587629265402,-5.531012362821));
#9750 = CARTESIAN_POINT('',(-0.685561227357,-5.546606642454));
#9751 = CARTESIAN_POINT('',(-0.890862481693,-5.579290320392));
#9752 = CARTESIAN_POINT('',(-0.998309407511,-5.596393629047));
#9753 = CARTESIAN_POINT('',(-1.105721402106,-5.613487423999));
#9754 = CARTESIAN_POINT('',(-1.213095617389,-5.630573151804));
#9755 = CARTESIAN_POINT('',(-1.320476204644,-5.647660600048));
#9756 = CARTESIAN_POINT('',(-1.42790049565,-5.664757445633));
#9757 = CARTESIAN_POINT('',(-1.5353432347,-5.681859508341));
#9758 = CARTESIAN_POINT('',(-1.767995580785,-5.718892458123));
#9759 = CARTESIAN_POINT('',(-1.893515132077,-5.738872843763));
#9760 = CARTESIAN_POINT('',(-2.01894120272,-5.758836914691));
#9761 = CARTESIAN_POINT('',(-2.144306115967,-5.778784465572));
#9762 = CARTESIAN_POINT('',(-2.269670150965,-5.798724282467));
#9763 = CARTESIAN_POINT('',(-2.395101270295,-5.81867382304));
#9764 = CARTESIAN_POINT('',(-2.520647256969,-5.838650580821));
#9765 = CARTESIAN_POINT('',(-2.716265535692,-5.869790683686));
#9766 = CARTESIAN_POINT('',(-2.786498052809,-5.880973628258));
#9767 = CARTESIAN_POINT('',(-2.85673353922,-5.892159847173));
#9768 = CARTESIAN_POINT('',(-2.926979092818,-5.903349922532));
#9769 = CARTESIAN_POINT('',(-2.997242031319,-5.91454329078));
#9770 = CARTESIAN_POINT('',(-3.06752417324,-5.925737590386));
#9771 = CARTESIAN_POINT('',(-3.137813552728,-5.936928453644));
#9772 = CARTESIAN_POINT('',(-3.302002675815,-5.963057767898));
#9773 = CARTESIAN_POINT('',(-3.395931277905,-5.977992351678));
#9774 = CARTESIAN_POINT('',(-3.489865992682,-5.992929143129));
#9775 = CARTESIAN_POINT('',(-3.583808949738,-6.007876848336));
#9776 = CARTESIAN_POINT('',(-3.677757790106,-6.022837230256));
#9777 = CARTESIAN_POINT('',(-3.771705666261,-6.037805108721));
#9778 = CARTESIAN_POINT('',(-3.86564124212,-6.052768360435));
#9779 = CARTESIAN_POINT('',(-4.081351068431,-6.087085228232));
#9780 = CARTESIAN_POINT('',(-4.20337731477,-6.106487167097));
#9781 = CARTESIAN_POINT('',(-4.325335625944,-6.12587669516));
#9782 = CARTESIAN_POINT('',(-4.447230089938,-6.145271086213));
#9783 = CARTESIAN_POINT('',(-4.569106641164,-6.164675624649));
#9784 = CARTESIAN_POINT('',(-4.691024227733,-6.184088742899));
#9785 = CARTESIAN_POINT('',(-4.813028710302,-6.203514276062));
#9786 = CARTESIAN_POINT('',(-5.103166576214,-6.249702340404));
#9787 = CARTESIAN_POINT('',(-5.272264538554,-6.276615663975));
#9788 = CARTESIAN_POINT('',(-5.440768017966,-6.303424849615));
#9789 = CARTESIAN_POINT('',(-5.609106786707,-6.330207253948));
#9790 = CARTESIAN_POINT('',(-5.777423163255,-6.357011853515));
#9791 = CARTESIAN_POINT('',(-5.945923829665,-6.383837791936));
#9792 = CARTESIAN_POINT('',(-6.114949168253,-6.410735179992));
#9793 = CARTESIAN_POINT('',(-6.28318530718,-6.437501390384));
#9794 = ( GEOMETRIC_REPRESENTATION_CONTEXT(2) 
PARAMETRIC_REPRESENTATION_CONTEXT() REPRESENTATION_CONTEXT('2D SPACE',''
  ) );
#9795 = PCURVE('',#2251,#9796);
#9796 = DEFINITIONAL_REPRESENTATION('',(#9797),#9849);
#9797 = B_SPLINE_CURVE_WITH_KNOTS('',8,(#9798,#9799,#9800,#9801,#9802,
    #9803,#9804,#9805,#9806,#9807,#9808,#9809,#9810,#9811,#9812,#9813,
    #9814,#9815,#9816,#9817,#9818,#9819,#9820,#9821,#9822,#9823,#9824,
    #9825,#9826,#9827,#9828,#9829,#9830,#9831,#9832,#9833,#9834,#9835,
    #9836,#9837,#9838,#9839,#9840,#9841,#9842,#9843,#9844,#9845,#9846,
    #9847,#9848),.UNSPECIFIED.,.F.,.F.,(9,7,7,7,7,7,7,9),(0.,
    0.124763868284,0.261579729532,0.421370541941,0.510875915282,
    0.630533728837,0.785735534257,1.),.UNSPECIFIED.);
#9798 = CARTESIAN_POINT('',(0.625018672535,38.173590673963));
#9799 = CARTESIAN_POINT('',(0.6249942892,38.272697940668));
#9800 = CARTESIAN_POINT('',(0.624971499691,38.371861317391));
#9801 = CARTESIAN_POINT('',(0.624956550494,38.471053120344));
#9802 = CARTESIAN_POINT('',(0.624952598066,38.570252263214));
#9803 = CARTESIAN_POINT('',(0.624959708835,38.669444257167));
#9804 = CARTESIAN_POINT('',(0.624974859204,38.768621210848));
#9805 = CARTESIAN_POINT('',(0.624991935543,38.867781830378));
#9806 = CARTESIAN_POINT('',(0.625012479388,39.075658702302));
#9807 = CARTESIAN_POINT('',(0.625019025937,39.184453661191));
#9808 = CARTESIAN_POINT('',(0.625017099631,39.29321504461));
#9809 = CARTESIAN_POINT('',(0.625009978436,39.401941628299));
#9810 = CARTESIAN_POINT('',(0.625003160982,39.510678191634));
#9811 = CARTESIAN_POINT('',(0.625000667501,39.619460788234));
#9812 = CARTESIAN_POINT('',(0.625002973218,39.728261310701));
#9813 = CARTESIAN_POINT('',(0.62501077988,39.963849921822));
#9814 = CARTESIAN_POINT('',(0.625016842966,40.090951145245));
#9815 = CARTESIAN_POINT('',(0.625021368237,40.217953462087));
#9816 = CARTESIAN_POINT('',(0.62501391619,40.344888775476));
#9817 = CARTESIAN_POINT('',(0.624991447304,40.471822653681));
#9818 = CARTESIAN_POINT('',(0.624965720231,40.59882876113));
#9819 = CARTESIAN_POINT('',(0.624956604637,40.72595518843));
#9820 = CARTESIAN_POINT('',(0.624968562749,40.924038738802));
#9821 = CARTESIAN_POINT('',(0.624978213175,40.995156897888));
#9822 = CARTESIAN_POINT('',(0.624993396278,41.066278289087));
#9823 = CARTESIAN_POINT('',(0.625013227353,41.137409430209));
#9824 = CARTESIAN_POINT('',(0.625034411448,41.208557217398));
#9825 = CARTESIAN_POINT('',(0.625051668424,41.279723422758));
#9826 = CARTESIAN_POINT('',(0.62505993303,41.350896371001));
#9827 = CARTESIAN_POINT('',(0.625056186945,41.517149912672));
#9828 = CARTESIAN_POINT('',(0.625026713884,41.61226145194));
#9829 = CARTESIAN_POINT('',(0.624999481543,41.707379909034));
#9830 = CARTESIAN_POINT('',(0.624991495282,41.802506578092));
#9831 = CARTESIAN_POINT('',(0.625007195098,41.897638551293));
#9832 = CARTESIAN_POINT('',(0.62503845562,41.99276871885));
#9833 = CARTESIAN_POINT('',(0.625064586114,42.087885769014));
#9834 = CARTESIAN_POINT('',(0.625036434348,42.306308334617));
#9835 = CARTESIAN_POINT('',(0.624998155371,42.429870383989));
#9836 = CARTESIAN_POINT('',(0.624955323551,42.553367956022));
#9837 = CARTESIAN_POINT('',(0.62494215269,42.676802112152));
#9838 = CARTESIAN_POINT('',(0.624956212452,42.800214204393));
#9839 = CARTESIAN_POINT('',(0.624976078368,42.923662413735));
#9840 = CARTESIAN_POINT('',(0.62499357082,43.047197160317));
#9841 = CARTESIAN_POINT('',(0.625019574158,43.340975151648));
#9842 = CARTESIAN_POINT('',(0.625022442843,43.512195726152));
#9843 = CARTESIAN_POINT('',(0.625004155747,43.682821046637));
#9844 = CARTESIAN_POINT('',(0.624979940354,43.853294836255));
#9845 = CARTESIAN_POINT('',(0.625007654831,44.023744642068));
#9846 = CARTESIAN_POINT('',(0.625024239161,44.194365617832));
#9847 = CARTESIAN_POINT('',(0.625018618371,44.36551181246));
#9848 = CARTESIAN_POINT('',(0.625001945903,44.535858576801));
#9849 = ( GEOMETRIC_REPRESENTATION_CONTEXT(2) 
PARAMETRIC_REPRESENTATION_CONTEXT() REPRESENTATION_CONTEXT('2D SPACE',''
  ) );
#9850 = ORIENTED_EDGE('',*,*,#9851,.T.);
#9851 = EDGE_CURVE('',#9685,#5980,#9852,.T.);
#9852 = SURFACE_CURVE('',#9853,(#9857,#9864),.PCURVE_S1.);
#9853 = LINE('',#9854,#9855);
#9854 = CARTESIAN_POINT('',(53.,0.,0.));
#9855 = VECTOR('',#9856,1.);
#9856 = DIRECTION('',(0.,0.,1.));
#9857 = PCURVE('',#6091,#9858);
#9858 = DEFINITIONAL_REPRESENTATION('',(#9859),#9863);
#9859 = LINE('',#9860,#9861);
#9860 = CARTESIAN_POINT('',(-0.,0.));
#9861 = VECTOR('',#9862,1.);
#9862 = DIRECTION('',(-0.,-1.));
#9863 = ( GEOMETRIC_REPRESENTATION_CONTEXT(2) 
PARAMETRIC_REPRESENTATION_CONTEXT() REPRESENTATION_CONTEXT('2D SPACE',''
  ) );
#9864 = PCURVE('',#6261,#9865);
#9865 = DEFINITIONAL_REPRESENTATION('',(#9866),#9870);
#9866 = LINE('',#9867,#9868);
#9867 = CARTESIAN_POINT('',(-6.28318530718,0.));
#9868 = VECTOR('',#9869,1.);
#9869 = DIRECTION('',(-0.,-1.));
#9870 = ( GEOMETRIC_REPRESENTATION_CONTEXT(2) 
PARAMETRIC_REPRESENTATION_CONTEXT() REPRESENTATION_CONTEXT('2D SPACE',''
  ) );
#9871 = ADVANCED_FACE('',(#9872),#6261,.T.);
#9872 = FACE_BOUND('',#9873,.F.);
#9873 = EDGE_LOOP('',(#9874,#9875,#9876,#10043));
#9874 = ORIENTED_EDGE('',*,*,#6151,.T.);
#9875 = ORIENTED_EDGE('',*,*,#9851,.F.);
#9876 = ORIENTED_EDGE('',*,*,#9877,.F.);
#9877 = EDGE_CURVE('',#9878,#9685,#9880,.T.);
#9878 = VERTEX_POINT('',#9879);
#9879 = CARTESIAN_POINT('',(53.,0.,4.437508346431));
#9880 = SURFACE_CURVE('',#9881,(#9933,#9988),.PCURVE_S1.);
#9881 = B_SPLINE_CURVE_WITH_KNOTS('',8,(#9882,#9883,#9884,#9885,#9886,
    #9887,#9888,#9889,#9890,#9891,#9892,#9893,#9894,#9895,#9896,#9897,
    #9898,#9899,#9900,#9901,#9902,#9903,#9904,#9905,#9906,#9907,#9908,
    #9909,#9910,#9911,#9912,#9913,#9914,#9915,#9916,#9917,#9918,#9919,
    #9920,#9921,#9922,#9923,#9924,#9925,#9926,#9927,#9928,#9929,#9930,
    #9931,#9932),.UNSPECIFIED.,.F.,.F.,(9,7,7,7,7,7,7,9),(0.,
    5.54495066732E-02,0.216907391453,0.408274412107,0.550361791507,
    0.692778174993,0.889127910143,1.),.UNSPECIFIED.);
#9882 = CARTESIAN_POINT('',(53.,2.6645352591E-15,4.437508346431));
#9883 = CARTESIAN_POINT('',(53.,0.130562274312,4.44443434357));
#9884 = CARTESIAN_POINT('',(52.993505862371,0.261127789129,
    4.451359917161));
#9885 = CARTESIAN_POINT('',(52.980517815092,0.391317806691,
    4.458285139787));
#9886 = CARTESIAN_POINT('',(52.96106136455,0.520757751719,4.465210138224
    ));
#9887 = CARTESIAN_POINT('',(52.935187295539,0.649077211413,
    4.472135093439));
#9888 = CARTESIAN_POINT('',(52.902971671266,0.775909935452,
    4.479060240594));
#9889 = CARTESIAN_POINT('',(52.864515833343,0.900893835993,4.48598586904
    ));
#9890 = CARTESIAN_POINT('',(52.690169121969,1.381173522849,
    4.513080770396));
#9891 = CARTESIAN_POINT('',(52.508419994906,1.720317127077,
    4.533274362623));
#9892 = CARTESIAN_POINT('',(52.278009379373,2.031470864536,
    4.553455746621));
#9893 = CARTESIAN_POINT('',(52.004122531399,2.306764354809,
    4.573638726605));
#9894 = CARTESIAN_POINT('',(51.69323637936,2.539538821728,4.593840092148
    ));
#9895 = CARTESIAN_POINT('',(51.352863283819,2.724244750801,
    4.614054839327));
#9896 = CARTESIAN_POINT('',(50.991621782137,2.856786155247,
    4.634254784246));
#9897 = CARTESIAN_POINT('',(50.178738335177,3.028383101125,4.67830009577
    ));
#9898 = CARTESIAN_POINT('',(49.720459978559,3.046049086972,
    4.702213190179));
#9899 = CARTESIAN_POINT('',(49.261970992513,2.983915176979,
    4.726300115924));
#9900 = CARTESIAN_POINT('',(48.819365946644,2.843371151727,4.7502165016)
  );
#9901 = CARTESIAN_POINT('',(48.407391237309,2.629073805193,
    4.774040862946));
#9902 = CARTESIAN_POINT('',(48.03971689315,2.348183633946,4.797992780721
    ));
#9903 = CARTESIAN_POINT('',(47.728665332756,2.0110293096,4.821964889836)
  );
#9904 = CARTESIAN_POINT('',(47.30113917238,1.352098939007,4.863639838358
    ));
#9905 = CARTESIAN_POINT('',(47.15464768064,1.047750273197,4.88140911814)
  );
#9906 = CARTESIAN_POINT('',(47.047487214819,0.725666277823,
    4.899183014165));
#9907 = CARTESIAN_POINT('',(46.982170314755,0.391834064652,
    4.916956499876));
#9908 = CARTESIAN_POINT('',(46.960071592807,5.238961210179E-02,
    4.934726182748));
#9909 = CARTESIAN_POINT('',(46.981427733854,-0.286382234757,
    4.952490304282));
#9910 = CARTESIAN_POINT('',(47.045337495294,-0.618047764202,
    4.97024874001));
#9911 = CARTESIAN_POINT('',(47.254427713618,-1.2547373081,5.005798369057
    ));
#9912 = CARTESIAN_POINT('',(47.399874293655,-1.560224745364,
    5.023603260085));
#9913 = CARTESIAN_POINT('',(47.584057328784,-1.846065370129,
    5.041400397311));
#9914 = CARTESIAN_POINT('',(47.803770586254,-2.10664671066,
    5.059194688707));
#9915 = CARTESIAN_POINT('',(48.054996329008,-2.337049617646,
    5.076989702617));
#9916 = CARTESIAN_POINT('',(48.332987175299,-2.532997258202,5.0947874964
    ));
#9917 = CARTESIAN_POINT('',(48.632178491694,-2.690991908946,
    5.112588148319));
#9918 = CARTESIAN_POINT('',(49.378739098517,-2.971133767192,
    5.154874798042));
#9919 = CARTESIAN_POINT('',(49.841362764272,-3.057795887049,
    5.179456059747));
#9920 = CARTESIAN_POINT('',(50.316309563768,-3.061355963662,
    5.203986955755));
#9921 = CARTESIAN_POINT('',(50.786213108602,-2.980873716897,
    5.228516058079));
#9922 = CARTESIAN_POINT('',(51.234690357527,-2.81913110696,
    5.253080638572));
#9923 = CARTESIAN_POINT('',(51.646120244661,-2.581791841857,
    5.277666261795));
#9924 = CARTESIAN_POINT('',(52.005841034535,-2.278197763588,
    5.30223266635));
#9925 = CARTESIAN_POINT('',(52.469487924794,-1.723290462948,
    5.340563734521));
#9926 = CARTESIAN_POINT('',(52.617016185683,-1.506262475886,
    5.354398226136));
#9927 = CARTESIAN_POINT('',(52.742642271917,-1.274891885358,
    5.368307816771));
#9928 = CARTESIAN_POINT('',(52.844773727705,-1.031814428099,
    5.382149187005));
#9929 = CARTESIAN_POINT('',(52.922195684057,-0.779817371778,5.3960099982
    ));
#9930 = CARTESIAN_POINT('',(52.974083453862,-0.521811660496,
    5.409846999619));
#9931 = CARTESIAN_POINT('',(53.,-0.260827526672,5.423682692232));
#9932 = CARTESIAN_POINT('',(53.,3.996802888651E-15,5.437509318108));
#9933 = PCURVE('',#6261,#9934);
#9934 = DEFINITIONAL_REPRESENTATION('',(#9935),#9987);
#9935 = B_SPLINE_CURVE_WITH_KNOTS('',8,(#9936,#9937,#9938,#9939,#9940,
    #9941,#9942,#9943,#9944,#9945,#9946,#9947,#9948,#9949,#9950,#9951,
    #9952,#9953,#9954,#9955,#9956,#9957,#9958,#9959,#9960,#9961,#9962,
    #9963,#9964,#9965,#9966,#9967,#9968,#9969,#9970,#9971,#9972,#9973,
    #9974,#9975,#9976,#9977,#9978,#9979,#9980,#9981,#9982,#9983,#9984,
    #9985,#9986),.UNSPECIFIED.,.F.,.F.,(9,7,7,7,7,7,7,9),(0.,
    5.54495066732E-02,0.216907391453,0.408274412107,0.550361791507,
    0.692778174993,0.889127910143,1.),.UNSPECIFIED.);
#9936 = CARTESIAN_POINT('',(0.,-4.437508346431));
#9937 = CARTESIAN_POINT('',(-4.352075810408E-02,-4.44443434357));
#9938 = CARTESIAN_POINT('',(-8.704193625973E-02,-4.451359917161));
#9939 = CARTESIAN_POINT('',(-0.130564270566,-4.458285139787));
#9940 = CARTESIAN_POINT('',(-0.174088487637,-4.465210138224));
#9941 = CARTESIAN_POINT('',(-0.217615304601,-4.472135093439));
#9942 = CARTESIAN_POINT('',(-0.261145429103,-4.479060240594));
#9943 = CARTESIAN_POINT('',(-0.304679559301,-4.48598586904));
#9944 = CARTESIAN_POINT('',(-0.474994742083,-4.513080770396));
#9945 = CARTESIAN_POINT('',(-0.601920152885,-4.533274362623));
#9946 = CARTESIAN_POINT('',(-0.728751770836,-4.553455746621));
#9947 = CARTESIAN_POINT('',(-0.855487570836,-4.573638726605));
#9948 = CARTESIAN_POINT('',(-0.982236374451,-4.593840092148));
#9949 = CARTESIAN_POINT('',(-1.109094011595,-4.614054839327));
#9950 = CARTESIAN_POINT('',(-1.236025617574,-4.634254784246));
#9951 = CARTESIAN_POINT('',(-1.512958222728,-4.67830009577));
#9952 = CARTESIAN_POINT('',(-1.663641718114,-4.702213190179));
#9953 = CARTESIAN_POINT('',(-1.814058070149,-4.726300115924));
#9954 = CARTESIAN_POINT('',(-1.964357360467,-4.7502165016));
#9955 = CARTESIAN_POINT('',(-2.114654260244,-4.774040862946));
#9956 = CARTESIAN_POINT('',(-2.265074502417,-4.797992780721));
#9957 = CARTESIAN_POINT('',(-2.415789463577,-4.821964889836));
#9958 = CARTESIAN_POINT('',(-2.677613800595,-4.863639838358));
#9959 = CARTESIAN_POINT('',(-2.789214164129,-4.88140911814));
#9960 = CARTESIAN_POINT('',(-2.900838495761,-4.899183014165));
#9961 = CARTESIAN_POINT('',(-3.012475223034,-4.916956499876));
#9962 = CARTESIAN_POINT('',(-3.12411231527,-4.934726182748));
#9963 = CARTESIAN_POINT('',(-3.235737283566,-4.952490304282));
#9964 = CARTESIAN_POINT('',(-3.3473371808,-4.97024874001));
#9965 = CARTESIAN_POINT('',(-3.570718343516,-5.005798369057));
#9966 = CARTESIAN_POINT('',(-3.682591112373,-5.023603260085));
#9967 = CARTESIAN_POINT('',(-3.794400562,-5.041400397311));
#9968 = CARTESIAN_POINT('',(-3.906175349426,-5.059194688707));
#9969 = CARTESIAN_POINT('',(-4.017959489378,-5.076989702617));
#9970 = CARTESIAN_POINT('',(-4.129789211398,-5.0947874964));
#9971 = CARTESIAN_POINT('',(-4.241664691712,-5.112588148319));
#9972 = CARTESIAN_POINT('',(-4.507461648555,-5.154874798042));
#9973 = CARTESIAN_POINT('',(-4.661990329159,-5.179456059747));
#9974 = CARTESIAN_POINT('',(-4.816198083092,-5.203986955755));
#9975 = CARTESIAN_POINT('',(-4.970269449883,-5.228516058079));
#9976 = CARTESIAN_POINT('',(-5.124341188985,-5.253080638572));
#9977 = CARTESIAN_POINT('',(-5.278554299801,-5.277666261795));
#9978 = CARTESIAN_POINT('',(-5.433096279475,-5.30223266635));
#9979 = CARTESIAN_POINT('',(-5.674133517527,-5.340563734521));
#9980 = CARTESIAN_POINT('',(-5.761179251868,-5.354398226136));
#9981 = CARTESIAN_POINT('',(-5.848215837728,-5.368307816771));
#9982 = CARTESIAN_POINT('',(-5.935236577719,-5.382149187005));
#9983 = CARTESIAN_POINT('',(-6.022244660514,-5.3960099982));
#9984 = CARTESIAN_POINT('',(-6.109248100172,-5.409846999619));
#9985 = CARTESIAN_POINT('',(-6.196242798289,-5.423682692232));
#9986 = CARTESIAN_POINT('',(-6.28318530718,-5.437509318108));
#9987 = ( GEOMETRIC_REPRESENTATION_CONTEXT(2) 
PARAMETRIC_REPRESENTATION_CONTEXT() REPRESENTATION_CONTEXT('2D SPACE',''
  ) );
#9988 = PCURVE('',#2251,#9989);
#9989 = DEFINITIONAL_REPRESENTATION('',(#9990),#10042);
#9990 = B_SPLINE_CURVE_WITH_KNOTS('',8,(#9991,#9992,#9993,#9994,#9995,
    #9996,#9997,#9998,#9999,#10000,#10001,#10002,#10003,#10004,#10005,
    #10006,#10007,#10008,#10009,#10010,#10011,#10012,#10013,#10014,
    #10015,#10016,#10017,#10018,#10019,#10020,#10021,#10022,#10023,
    #10024,#10025,#10026,#10027,#10028,#10029,#10030,#10031,#10032,
    #10033,#10034,#10035,#10036,#10037,#10038,#10039,#10040,#10041),
  .UNSPECIFIED.,.F.,.F.,(9,7,7,7,7,7,7,9),(0.,5.54495066732E-02,
    0.216907391453,0.408274412107,0.550361791507,0.692778174993,
    0.889127910143,1.),.UNSPECIFIED.);
#9991 = CARTESIAN_POINT('',(0.62501374362,31.81133503982));
#9992 = CARTESIAN_POINT('',(0.625012964648,31.855402547929));
#9993 = CARTESIAN_POINT('',(0.625011316499,31.899470126276));
#9994 = CARTESIAN_POINT('',(0.625008680448,31.943538614335));
#9995 = CARTESIAN_POINT('',(0.625005048133,31.98760884529));
#9996 = CARTESIAN_POINT('',(0.62500052155,32.031681646038));
#9997 = CARTESIAN_POINT('',(0.624995313058,32.075757837192));
#9998 = CARTESIAN_POINT('',(0.624989745378,32.119838233073));
#9999 = CARTESIAN_POINT('',(0.624968254777,32.292291543551));
#10000 = CARTESIAN_POINT('',(0.624954653348,32.420811799095));
#10001 = CARTESIAN_POINT('',(0.62494457864,32.54924316371));
#10002 = CARTESIAN_POINT('',(0.624967382681,32.677580091019));
#10003 = CARTESIAN_POINT('',(0.625023603724,32.805927688414));
#10004 = CARTESIAN_POINT('',(0.625073484948,32.934380590934));
#10005 = CARTESIAN_POINT('',(0.625071046308,33.0629057535));
#10006 = CARTESIAN_POINT('',(0.625011308825,33.343323735949));
#10007 = CARTESIAN_POINT('',(0.624872447252,33.495906919161));
#10008 = CARTESIAN_POINT('',(0.62516424995,33.648226065842));
#10009 = CARTESIAN_POINT('',(0.625158931788,33.800405369811));
#10010 = CARTESIAN_POINT('',(0.624969582646,33.952584616631));
#10011 = CARTESIAN_POINT('',(0.624988930724,34.104911519698));
#10012 = CARTESIAN_POINT('',(0.624958177689,34.257526262927));
#10013 = CARTESIAN_POINT('',(0.6249665795,34.522646607489));
#10014 = CARTESIAN_POINT('',(0.624982650176,34.635648353777));
#10015 = CARTESIAN_POINT('',(0.625000849106,34.748672699584));
#10016 = CARTESIAN_POINT('',(0.625014322767,34.861709466551));
#10017 = CARTESIAN_POINT('',(0.625019726475,34.974747710399));
#10018 = CARTESIAN_POINT('',(0.625017224374,35.087775720932));
#10019 = CARTESIAN_POINT('',(0.625010489443,35.200781022035));
#10020 = CARTESIAN_POINT('',(0.625002908771,35.426981302442));
#10021 = CARTESIAN_POINT('',(0.625000656523,35.540267904485));
#10022 = CARTESIAN_POINT('',(0.625002826279,35.653491107837));
#10023 = CARTESIAN_POINT('',(0.625010947464,35.766677272985));
#10024 = CARTESIAN_POINT('',(0.625018807694,35.879868865093));
#10025 = CARTESIAN_POINT('',(0.625018940886,35.993102724213));
#10026 = CARTESIAN_POINT('',(0.625010675198,36.106381485451));
#10027 = CARTESIAN_POINT('',(0.624981525739,36.375513090669));
#10028 = CARTESIAN_POINT('',(0.624957552719,36.53198185614));
#10029 = CARTESIAN_POINT('',(0.624934570943,36.688127028343));
#10030 = CARTESIAN_POINT('',(0.624945830597,36.844151862509));
#10031 = CARTESIAN_POINT('',(0.625029777419,37.00017119092));
#10032 = CARTESIAN_POINT('',(0.625117352079,37.156312857879));
#10033 = CARTESIAN_POINT('',(0.625058225173,37.312798927347));
#10034 = CARTESIAN_POINT('',(0.624994689429,37.556873461171));
#10035 = CARTESIAN_POINT('',(0.624956596592,37.64501334298));
#10036 = CARTESIAN_POINT('',(0.625069076466,37.733152033554));
#10037 = CARTESIAN_POINT('',(0.625052721861,37.821266526963));
#10038 = CARTESIAN_POINT('',(0.625079726192,37.909366778476));
#10039 = CARTESIAN_POINT('',(0.625060118072,37.997463826047));
#10040 = CARTESIAN_POINT('',(0.625040332393,38.085553111486));
#10041 = CARTESIAN_POINT('',(0.625018672535,38.173590673963));
#10042 = ( GEOMETRIC_REPRESENTATION_CONTEXT(2) 
PARAMETRIC_REPRESENTATION_CONTEXT() REPRESENTATION_CONTEXT('2D SPACE',''
  ) );
#10043 = ORIENTED_EDGE('',*,*,#10044,.T.);
#10044 = EDGE_CURVE('',#9878,#6152,#10045,.T.);
#10045 = SURFACE_CURVE('',#10046,(#10050,#10057),.PCURVE_S1.);
#10046 = LINE('',#10047,#10048);
#10047 = CARTESIAN_POINT('',(53.,0.,0.));
#10048 = VECTOR('',#10049,1.);
#10049 = DIRECTION('',(0.,0.,1.));
#10050 = PCURVE('',#6261,#10051);
#10051 = DEFINITIONAL_REPRESENTATION('',(#10052),#10056);
#10052 = LINE('',#10053,#10054);
#10053 = CARTESIAN_POINT('',(-0.,0.));
#10054 = VECTOR('',#10055,1.);
#10055 = DIRECTION('',(-0.,-1.));
#10056 = ( GEOMETRIC_REPRESENTATION_CONTEXT(2) 
PARAMETRIC_REPRESENTATION_CONTEXT() REPRESENTATION_CONTEXT('2D SPACE',''
  ) );
#10057 = PCURVE('',#6418,#10058);
#10058 = DEFINITIONAL_REPRESENTATION('',(#10059),#10063);
#10059 = LINE('',#10060,#10061);
#10060 = CARTESIAN_POINT('',(-6.28318530718,0.));
#10061 = VECTOR('',#10062,1.);
#10062 = DIRECTION('',(-0.,-1.));
#10063 = ( GEOMETRIC_REPRESENTATION_CONTEXT(2) 
PARAMETRIC_REPRESENTATION_CONTEXT() REPRESENTATION_CONTEXT('2D SPACE',''
  ) );
#10064 = ADVANCED_FACE('',(#10065),#6418,.T.);
#10065 = FACE_BOUND('',#10066,.F.);
#10066 = EDGE_LOOP('',(#10067,#10068,#10069,#10215));
#10067 = ORIENTED_EDGE('',*,*,#6320,.T.);
#10068 = ORIENTED_EDGE('',*,*,#10044,.F.);
#10069 = ORIENTED_EDGE('',*,*,#10070,.F.);
#10070 = EDGE_CURVE('',#10071,#9878,#10073,.T.);
#10071 = VERTEX_POINT('',#10072);
#10072 = CARTESIAN_POINT('',(53.,0.,3.437527987315));
#10073 = SURFACE_CURVE('',#10074,(#10119,#10167),.PCURVE_S1.);
#10074 = B_SPLINE_CURVE_WITH_KNOTS('',7,(#10075,#10076,#10077,#10078,
    #10079,#10080,#10081,#10082,#10083,#10084,#10085,#10086,#10087,
    #10088,#10089,#10090,#10091,#10092,#10093,#10094,#10095,#10096,
    #10097,#10098,#10099,#10100,#10101,#10102,#10103,#10104,#10105,
    #10106,#10107,#10108,#10109,#10110,#10111,#10112,#10113,#10114,
    #10115,#10116,#10117,#10118),.UNSPECIFIED.,.F.,.F.,(8,6,6,6,6,6,6,8)
  ,(0.,0.119588409486,0.24128580597,0.357838785027,0.493971328013,
    0.619357263168,0.787949333108,1.),.UNSPECIFIED.);
#10075 = CARTESIAN_POINT('',(53.,1.33226762955E-15,3.437527987315));
#10076 = CARTESIAN_POINT('',(53.,0.321846142471,3.454597721733));
#10077 = CARTESIAN_POINT('',(52.959716315116,0.643951713336,
    3.471671211122));
#10078 = CARTESIAN_POINT('',(52.879036867896,0.95995023177,
    3.488737163203));
#10079 = CARTESIAN_POINT('',(52.75920063886,1.263805187808,
    3.505812643842));
#10080 = CARTESIAN_POINT('',(52.602432777982,1.549845778892,
    3.522898978393));
#10081 = CARTESIAN_POINT('',(52.411941174565,1.812756233122,
    3.539994181752));
#10082 = CARTESIAN_POINT('',(51.968744672633,2.287197877774,
    3.574449181293));
#10083 = CARTESIAN_POINT('',(51.714448311339,2.498243740013,
    3.591839242192));
#10084 = CARTESIAN_POINT('',(51.434105726608,2.676065047825,
    3.60923256505));
#10085 = CARTESIAN_POINT('',(51.132943970819,2.816825801814,
    3.626623480315));
#10086 = CARTESIAN_POINT('',(50.816702167451,2.917830140994,
    3.644009369061));
#10087 = CARTESIAN_POINT('',(50.491631511076,2.977522342791,
    3.66139066299));
#10088 = CARTESIAN_POINT('',(49.851187794367,3.01269190508,
    3.695416327252));
#10089 = CARTESIAN_POINT('',(49.535762959207,2.991666817678,
    3.712057924487));
#10090 = CARTESIAN_POINT('',(49.224004812088,2.93213349613,3.72870126863
    ));
#10091 = CARTESIAN_POINT('',(48.921439047192,2.834806131185,
    3.745348369978));
#10092 = CARTESIAN_POINT('',(48.63333300267,2.701391169042,
    3.761997616632));
#10093 = CARTESIAN_POINT('',(48.364695660648,2.534587311352,
    3.778643774491));
#10094 = CARTESIAN_POINT('',(47.834800210367,2.108573670685,
    3.81470655701));
#10095 = CARTESIAN_POINT('',(47.581680321082,1.838049999155,
    3.834157086166));
#10096 = CARTESIAN_POINT('',(47.368376989213,1.532485251707,
    3.853594857643));
#10097 = CARTESIAN_POINT('',(47.200656242678,1.198986721816,
    3.873027543107));
#10098 = CARTESIAN_POINT('',(47.082541279454,0.845611386487,
    3.892476149229));
#10099 = CARTESIAN_POINT('',(47.016262619561,0.481179047384,
    3.911945963951));
#10100 = CARTESIAN_POINT('',(46.989263377378,-0.222107856697,
    3.949313493519));
#10101 = CARTESIAN_POINT('',(47.020643356596,-0.561270584338,
    3.967230588297));
#10102 = CARTESIAN_POINT('',(47.096486932362,-0.894922227151,
    3.985138508619));
#10103 = CARTESIAN_POINT('',(47.21567052586,-1.216100255983,
    4.003034579813));
#10104 = CARTESIAN_POINT('',(47.37580824179,-1.518360096339,
    4.020923731008));
#10105 = CARTESIAN_POINT('',(47.573251868372,-1.79577512838,
    4.038818495129));
#10106 = CARTESIAN_POINT('',(48.112129002133,-2.37526645512,4.0808346661
    ));
#10107 = CARTESIAN_POINT('',(48.480223362125,-2.653481487366,
    4.104953520029));
#10108 = CARTESIAN_POINT('',(48.895127094248,-2.863940312343,
    4.128968038729));
#10109 = CARTESIAN_POINT('',(49.341749990649,-2.99831069236,
    4.153009942657));
#10110 = CARTESIAN_POINT('',(49.804163814263,-3.051712825263,
    4.177086085727));
#10111 = CARTESIAN_POINT('',(50.264950863197,-3.02251435153,
    4.201218395534));
#10112 = CARTESIAN_POINT('',(51.260420181778,-2.78152885029,
    4.255574948396));
#10113 = CARTESIAN_POINT('',(51.787951092979,-2.523507461605,
    4.286008897869));
#10114 = CARTESIAN_POINT('',(52.249621570151,-2.149150651912,
    4.316264636002));
#10115 = CARTESIAN_POINT('',(52.618158380442,-1.680759517858,
    4.346533274728));
#10116 = CARTESIAN_POINT('',(52.873384145688,-1.143929952505,
    4.376816352483));
#10117 = CARTESIAN_POINT('',(53.,-0.57048865292,4.407245371933));
#10118 = CARTESIAN_POINT('',(53.,2.6645352591E-15,4.437508346431));
#10119 = PCURVE('',#6418,#10120);
#10120 = DEFINITIONAL_REPRESENTATION('',(#10121),#10166);
#10121 = B_SPLINE_CURVE_WITH_KNOTS('',7,(#10122,#10123,#10124,#10125,
    #10126,#10127,#10128,#10129,#10130,#10131,#10132,#10133,#10134,
    #10135,#10136,#10137,#10138,#10139,#10140,#10141,#10142,#10143,
    #10144,#10145,#10146,#10147,#10148,#10149,#10150,#10151,#10152,
    #10153,#10154,#10155,#10156,#10157,#10158,#10159,#10160,#10161,
    #10162,#10163,#10164,#10165),.UNSPECIFIED.,.F.,.F.,(8,6,6,6,6,6,6,8)
  ,(0.,0.119588409486,0.24128580597,0.357838785027,0.493971328013,
    0.619357263168,0.787949333108,1.),.UNSPECIFIED.);
#10122 = CARTESIAN_POINT('',(0.,-3.437527987315));
#10123 = CARTESIAN_POINT('',(-0.10728204749,-3.454597721733));
#10124 = CARTESIAN_POINT('',(-0.214650652489,-3.471671211122));
#10125 = CARTESIAN_POINT('',(-0.321999916733,-3.488737163203));
#10126 = CARTESIAN_POINT('',(-0.429350260616,-3.505812643842));
#10127 = CARTESIAN_POINT('',(-0.536713371502,-3.522898978393));
#10128 = CARTESIAN_POINT('',(-0.644100223057,-3.539994181752));
#10129 = CARTESIAN_POINT('',(-0.860514951839,-3.574449181293));
#10130 = CARTESIAN_POINT('',(-0.969734753886,-3.591839242192));
#10131 = CARTESIAN_POINT('',(-1.078987419183,-3.60923256505));
#10132 = CARTESIAN_POINT('',(-1.188247339658,-3.626623480315));
#10133 = CARTESIAN_POINT('',(-1.297497074363,-3.644009369061));
#10134 = CARTESIAN_POINT('',(-1.406727349475,-3.66139066299));
#10135 = CARTESIAN_POINT('',(-1.620530231792,-3.695416327252));
#10136 = CARTESIAN_POINT('',(-1.725087688888,-3.712057924487));
#10137 = CARTESIAN_POINT('',(-1.829647013055,-3.72870126863));
#10138 = CARTESIAN_POINT('',(-1.934225539936,-3.745348369978));
#10139 = CARTESIAN_POINT('',(-2.038820357347,-3.761997616632));
#10140 = CARTESIAN_POINT('',(-2.143408305274,-3.778643774491));
#10141 = CARTESIAN_POINT('',(-2.370044776367,-3.81470655701));
#10142 = CARTESIAN_POINT('',(-2.492305887215,-3.834157086166));
#10143 = CARTESIAN_POINT('',(-2.614514575526,-3.853594857643));
#10144 = CARTESIAN_POINT('',(-2.736672363969,-3.873027543107));
#10145 = CARTESIAN_POINT('',(-2.858859984306,-3.892476149229));
#10146 = CARTESIAN_POINT('',(-2.981100330912,-3.911945963951));
#10147 = CARTESIAN_POINT('',(-3.215701985858,-3.949313493519));
#10148 = CARTESIAN_POINT('',(-3.328214946789,-3.967230588297));
#10149 = CARTESIAN_POINT('',(-3.440728788203,-3.985138508619));
#10150 = CARTESIAN_POINT('',(-3.553227098743,-4.003034579813));
#10151 = CARTESIAN_POINT('',(-3.66570856459,-4.020923731008));
#10152 = CARTESIAN_POINT('',(-3.778186969457,-4.038818495129));
#10153 = CARTESIAN_POINT('',(-4.041962708182,-4.0808346661));
#10154 = CARTESIAN_POINT('',(-4.19343103942,-4.104953520029));
#10155 = CARTESIAN_POINT('',(-4.34463520887,-4.128968038729));
#10156 = CARTESIAN_POINT('',(-4.495843058857,-4.153009942657));
#10157 = CARTESIAN_POINT('',(-4.647113755066,-4.177086085727));
#10158 = CARTESIAN_POINT('',(-4.798687588529,-4.201218395534));
#10159 = CARTESIAN_POINT('',(-5.140095323916,-4.255574948396));
#10160 = CARTESIAN_POINT('',(-5.331243123212,-4.286008897869));
#10161 = CARTESIAN_POINT('',(-5.521399605501,-4.316264636002));
#10162 = CARTESIAN_POINT('',(-5.711706581302,-4.346533274728));
#10163 = CARTESIAN_POINT('',(-5.901870902567,-4.376816352483));
#10164 = CARTESIAN_POINT('',(-6.093022422873,-4.407245371933));
#10165 = CARTESIAN_POINT('',(-6.28318530718,-4.437508346431));
#10166 = ( GEOMETRIC_REPRESENTATION_CONTEXT(2) 
PARAMETRIC_REPRESENTATION_CONTEXT() REPRESENTATION_CONTEXT('2D SPACE',''
  ) );
#10167 = PCURVE('',#2251,#10168);
#10168 = DEFINITIONAL_REPRESENTATION('',(#10169),#10214);
#10169 = B_SPLINE_CURVE_WITH_KNOTS('',7,(#10170,#10171,#10172,#10173,
    #10174,#10175,#10176,#10177,#10178,#10179,#10180,#10181,#10182,
    #10183,#10184,#10185,#10186,#10187,#10188,#10189,#10190,#10191,
    #10192,#10193,#10194,#10195,#10196,#10197,#10198,#10199,#10200,
    #10201,#10202,#10203,#10204,#10205,#10206,#10207,#10208,#10209,
    #10210,#10211,#10212,#10213),.UNSPECIFIED.,.F.,.F.,(8,6,6,6,6,6,6,8)
  ,(0.,0.119588409486,0.24128580597,0.357838785027,0.493971328013,
    0.619357263168,0.787949333108,1.),.UNSPECIFIED.);
#10170 = CARTESIAN_POINT('',(0.625055846633,25.449060933801));
#10171 = CARTESIAN_POINT('',(0.625046787208,25.557691928995));
#10172 = CARTESIAN_POINT('',(0.625017499849,25.666411161941));
#10173 = CARTESIAN_POINT('',(0.624978370572,25.77511374916));
#10174 = CARTESIAN_POINT('',(0.624957191788,25.883819856719));
#10175 = CARTESIAN_POINT('',(0.624954368614,25.992536628088));
#10176 = CARTESIAN_POINT('',(0.62496255462,26.101274803577));
#10177 = CARTESIAN_POINT('',(0.62498705537,26.32040870572));
#10178 = CARTESIAN_POINT('',(0.625003069846,26.430997939724));
#10179 = CARTESIAN_POINT('',(0.62501520676,26.541620262203));
#10180 = CARTESIAN_POINT('',(0.625019695636,26.652251596317));
#10181 = CARTESIAN_POINT('',(0.62501653011,26.762875300011));
#10182 = CARTESIAN_POINT('',(0.625009467928,26.873482166007));
#10183 = CARTESIAN_POINT('',(0.625002739259,27.089983868076));
#10184 = CARTESIAN_POINT('',(0.62500238927,27.195863235255));
#10185 = CARTESIAN_POINT('',(0.625005089799,27.301744012636));
#10186 = CARTESIAN_POINT('',(0.625009859315,27.407642112646));
#10187 = CARTESIAN_POINT('',(0.625014625944,27.513553870842));
#10188 = CARTESIAN_POINT('',(0.625016227463,27.619456045921));
#10189 = CARTESIAN_POINT('',(0.625003618102,27.848937141691));
#10190 = CARTESIAN_POINT('',(0.624989798593,27.972730526754));
#10191 = CARTESIAN_POINT('',(0.624966520998,28.096472831452));
#10192 = CARTESIAN_POINT('',(0.624948064859,28.220167439912));
#10193 = CARTESIAN_POINT('',(0.62495084784,28.343895775487));
#10194 = CARTESIAN_POINT('',(0.62497885251,28.467678812406));
#10195 = CARTESIAN_POINT('',(0.62503686966,28.705236382846));
#10196 = CARTESIAN_POINT('',(0.62505768253,28.819163481802));
#10197 = CARTESIAN_POINT('',(0.625059911219,28.933091329092));
#10198 = CARTESIAN_POINT('',(0.625042847948,29.04700515929));
#10199 = CARTESIAN_POINT('',(0.625016657687,29.160903996744));
#10200 = CARTESIAN_POINT('',(0.625002378155,29.274800655576));
#10201 = CARTESIAN_POINT('',(0.625071641107,29.541898340832));
#10202 = CARTESIAN_POINT('',(0.625096591014,29.695269515436));
#10203 = CARTESIAN_POINT('',(0.624998571349,29.848368063251));
#10204 = CARTESIAN_POINT('',(0.624946637622,30.001494238324));
#10205 = CARTESIAN_POINT('',(0.624946992474,30.154671915039));
#10206 = CARTESIAN_POINT('',(0.624964594391,30.308152074297));
#10207 = CARTESIAN_POINT('',(0.625007627217,30.653845982301));
#10208 = CARTESIAN_POINT('',(0.62503457787,30.847389104383));
#10209 = CARTESIAN_POINT('',(0.625020895415,31.039927657822));
#10210 = CARTESIAN_POINT('',(0.624975305917,31.232649788493));
#10211 = CARTESIAN_POINT('',(0.625005164186,31.425223775279));
#10212 = CARTESIAN_POINT('',(0.62501714732,31.618783144787));
#10213 = CARTESIAN_POINT('',(0.62501374362,31.81133503982));
#10214 = ( GEOMETRIC_REPRESENTATION_CONTEXT(2) 
PARAMETRIC_REPRESENTATION_CONTEXT() REPRESENTATION_CONTEXT('2D SPACE',''
  ) );
#10215 = ORIENTED_EDGE('',*,*,#10216,.T.);
#10216 = EDGE_CURVE('',#10071,#6321,#10217,.T.);
#10217 = SURFACE_CURVE('',#10218,(#10222,#10229),.PCURVE_S1.);
#10218 = LINE('',#10219,#10220);
#10219 = CARTESIAN_POINT('',(53.,0.,0.));
#10220 = VECTOR('',#10221,1.);
#10221 = DIRECTION('',(0.,0.,1.));
#10222 = PCURVE('',#6418,#10223);
#10223 = DEFINITIONAL_REPRESENTATION('',(#10224),#10228);
#10224 = LINE('',#10225,#10226);
#10225 = CARTESIAN_POINT('',(-0.,0.));
#10226 = VECTOR('',#10227,1.);
#10227 = DIRECTION('',(-0.,-1.));
#10228 = ( GEOMETRIC_REPRESENTATION_CONTEXT(2) 
PARAMETRIC_REPRESENTATION_CONTEXT() REPRESENTATION_CONTEXT('2D SPACE',''
  ) );
#10229 = PCURVE('',#6569,#10230);
#10230 = DEFINITIONAL_REPRESENTATION('',(#10231),#10235);
#10231 = LINE('',#10232,#10233);
#10232 = CARTESIAN_POINT('',(-6.28318530718,0.));
#10233 = VECTOR('',#10234,1.);
#10234 = DIRECTION('',(-0.,-1.));
#10235 = ( GEOMETRIC_REPRESENTATION_CONTEXT(2) 
PARAMETRIC_REPRESENTATION_CONTEXT() REPRESENTATION_CONTEXT('2D SPACE',''
  ) );
#10236 = ADVANCED_FACE('',(#10237),#6569,.T.);
#10237 = FACE_BOUND('',#10238,.F.);
#10238 = EDGE_LOOP('',(#10239,#10240,#10241,#10429));
#10239 = ORIENTED_EDGE('',*,*,#6471,.T.);
#10240 = ORIENTED_EDGE('',*,*,#10216,.F.);
#10241 = ORIENTED_EDGE('',*,*,#10242,.F.);
#10242 = EDGE_CURVE('',#10243,#10071,#10245,.T.);
#10243 = VERTEX_POINT('',#10244);
#10244 = CARTESIAN_POINT('',(53.,0.,2.437507157005));
#10245 = SURFACE_CURVE('',#10246,(#10305,#10367),.PCURVE_S1.);
#10246 = B_SPLINE_CURVE_WITH_KNOTS('',8,(#10247,#10248,#10249,#10250,
    #10251,#10252,#10253,#10254,#10255,#10256,#10257,#10258,#10259,
    #10260,#10261,#10262,#10263,#10264,#10265,#10266,#10267,#10268,
    #10269,#10270,#10271,#10272,#10273,#10274,#10275,#10276,#10277,
    #10278,#10279,#10280,#10281,#10282,#10283,#10284,#10285,#10286,
    #10287,#10288,#10289,#10290,#10291,#10292,#10293,#10294,#10295,
    #10296,#10297,#10298,#10299,#10300,#10301,#10302,#10303,#10304),
  .UNSPECIFIED.,.F.,.F.,(9,7,7,7,7,7,7,7,9),(0.,0.205635135716,
    0.322563740865,0.443771307043,0.486543234729,0.696672779981,
    0.81332693211,0.907120627142,1.),.UNSPECIFIED.);
#10247 = CARTESIAN_POINT('',(53.,-8.881784197001E-16,2.437507157005));
#10248 = CARTESIAN_POINT('',(53.,0.484280033152,2.463202142847));
#10249 = CARTESIAN_POINT('',(52.910652673213,0.970369141486,
    2.488990088279));
#10250 = CARTESIAN_POINT('',(52.730824103374,1.435921848219,
    2.514704340518));
#10251 = CARTESIAN_POINT('',(52.467354359589,1.862248757605,
    2.540381033227));
#10252 = CARTESIAN_POINT('',(52.129587013324,2.23254387238,2.56605501551
    ));
#10253 = CARTESIAN_POINT('',(51.731118807316,2.533156738318,
    2.591802319025));
#10254 = CARTESIAN_POINT('',(51.288071220518,2.752338804331,
    2.617623250709));
#10255 = CARTESIAN_POINT('',(50.55756599202,2.960564140364,
    2.657944937533));
#10256 = CARTESIAN_POINT('',(50.284762294677,3.008273257896,
    2.672544371456));
#10257 = CARTESIAN_POINT('',(50.007527839197,3.027230099259,
    2.687139960827));
#10258 = CARTESIAN_POINT('',(49.729394165754,3.016972083148,
    2.701740301717));
#10259 = CARTESIAN_POINT('',(49.453857860243,2.977554241078,
    2.716349347134));
#10260 = CARTESIAN_POINT('',(49.184380554273,2.909549217387,
    2.730966407021));
#10261 = CARTESIAN_POINT('',(48.92438892517,2.814047269236,
    2.745586148263));
#10262 = CARTESIAN_POINT('',(48.421117408797,2.566823003088,
    2.775345778412));
#10263 = CARTESIAN_POINT('',(48.178622218823,2.413134446199,
    2.790475885483));
#10264 = CARTESIAN_POINT('',(47.953427002397,2.233402221577,
    2.805599856407));
#10265 = CARTESIAN_POINT('',(47.748753721318,2.029868566423,
    2.820725243888));
#10266 = CARTESIAN_POINT('',(47.567408422833,1.805206329506,
    2.835856212817));
#10267 = CARTESIAN_POINT('',(47.411781239643,1.562518971159,
    2.850993540271));
#10268 = CARTESIAN_POINT('',(47.283846389897,1.305340563283,
    2.866134615519));
#10269 = CARTESIAN_POINT('',(47.150338327975,0.943167683157,
    2.886615653598));
#10270 = CARTESIAN_POINT('',(47.119137567897,0.847363129248,
    2.891958330539));
#10271 = CARTESIAN_POINT('',(47.091619534618,0.75038392608,
    2.897301404363));
#10272 = CARTESIAN_POINT('',(47.067835105021,0.652394082806,
    2.90264484629));
#10273 = CARTESIAN_POINT('',(47.04782639977,0.5535596633,2.907988651421)
  );
#10274 = CARTESIAN_POINT('',(47.031626787854,0.454048630203,
    2.913332824915));
#10275 = CARTESIAN_POINT('',(47.019260891138,0.35403068896,
    2.918677368174));
#10276 = CARTESIAN_POINT('',(46.968905775164,-0.23933892933,
    2.950280626644));
#10277 = CARTESIAN_POINT('',(47.019828364669,-0.742302282364,
    2.976645133263));
#10278 = CARTESIAN_POINT('',(47.166851435276,-1.23123961545,
    3.002919438039));
#10279 = CARTESIAN_POINT('',(47.404060326601,-1.685861879617,
    3.029160732695));
#10280 = CARTESIAN_POINT('',(47.722873609325,-2.087494745598,
    3.05542209867));
#10281 = CARTESIAN_POINT('',(48.109884361808,-2.42076552332,
    3.081719433509));
#10282 = CARTESIAN_POINT('',(48.548760517323,-2.671821516799,
    3.108085092103));
#10283 = CARTESIAN_POINT('',(49.275539471831,-2.924137556681,
    3.148892681103));
#10284 = CARTESIAN_POINT('',(49.544544669958,-2.987112698786,
    3.16346555101));
#10285 = CARTESIAN_POINT('',(49.819682512396,-3.021747142878,
    3.178036464055));
#10286 = CARTESIAN_POINT('',(50.097451761823,-3.027392840238,
    3.192606584286));
#10287 = CARTESIAN_POINT('',(50.374325995321,-3.00390723553,
    3.207180233592));
#10288 = CARTESIAN_POINT('',(50.646767676043,-2.951624890693,
    3.221761186762));
#10289 = CARTESIAN_POINT('',(50.911247834634,-2.871415011955,
    3.236347609625));
#10290 = CARTESIAN_POINT('',(51.367779262024,-2.67916432573,3.262641203)
  );
#10291 = CARTESIAN_POINT('',(51.564124384883,-2.576329226182,
    3.274366844315));
#10292 = CARTESIAN_POINT('',(51.75159389976,-2.457069091003,
    3.286096020708));
#10293 = CARTESIAN_POINT('',(51.928574186964,-2.322285265755,
    3.297825707433));
#10294 = CARTESIAN_POINT('',(52.093588994494,-2.173053849708,
    3.309553270304));
#10295 = CARTESIAN_POINT('',(52.245299438042,-2.010625695841,
    3.321276465693));
#10296 = CARTESIAN_POINT('',(52.382504000991,-1.836426410841,
    3.332993440534));
#10297 = CARTESIAN_POINT('',(52.624587346875,-1.469483580413,
    3.356297879274));
#10298 = CARTESIAN_POINT('',(52.729832405913,-1.276834065425,
    3.367894561012));
#10299 = CARTESIAN_POINT('',(52.81887522144,-1.075667715205,
    3.379495304446));
#10300 = CARTESIAN_POINT('',(52.89091575346,-0.867591861777,
    3.391100916465));
#10301 = CARTESIAN_POINT('',(52.945352412077,-0.654261264123,
    3.402710483934));
#10302 = CARTESIAN_POINT('',(52.981782057491,-0.437378108183,
    3.414321373694));
#10303 = CARTESIAN_POINT('',(53.,-0.218692006856,3.425929232557));
#10304 = CARTESIAN_POINT('',(53.,1.33226762955E-15,3.437527987315));
#10305 = PCURVE('',#6569,#10306);
#10306 = DEFINITIONAL_REPRESENTATION('',(#10307),#10366);
#10307 = B_SPLINE_CURVE_WITH_KNOTS('',8,(#10308,#10309,#10310,#10311,
    #10312,#10313,#10314,#10315,#10316,#10317,#10318,#10319,#10320,
    #10321,#10322,#10323,#10324,#10325,#10326,#10327,#10328,#10329,
    #10330,#10331,#10332,#10333,#10334,#10335,#10336,#10337,#10338,
    #10339,#10340,#10341,#10342,#10343,#10344,#10345,#10346,#10347,
    #10348,#10349,#10350,#10351,#10352,#10353,#10354,#10355,#10356,
    #10357,#10358,#10359,#10360,#10361,#10362,#10363,#10364,#10365),
  .UNSPECIFIED.,.F.,.F.,(9,7,7,7,7,7,7,7,9),(0.,0.205635135716,
    0.322563740865,0.443771307043,0.486543234729,0.696672779981,
    0.81332693211,0.907120627142,1.),.UNSPECIFIED.);
#10308 = CARTESIAN_POINT('',(0.,-2.437507157005));
#10309 = CARTESIAN_POINT('',(-0.161426677717,-2.463202142847));
#10310 = CARTESIAN_POINT('',(-0.323452649475,-2.488990088279));
#10311 = CARTESIAN_POINT('',(-0.48506915652,-2.514704340518));
#10312 = CARTESIAN_POINT('',(-0.646538189208,-2.540381033227));
#10313 = CARTESIAN_POINT('',(-0.808017767821,-2.56605501551));
#10314 = CARTESIAN_POINT('',(-0.969651937702,-2.591802319025));
#10315 = CARTESIAN_POINT('',(-1.131701402019,-2.617623250709));
#10316 = CARTESIAN_POINT('',(-1.384902174229,-2.657944937533));
#10317 = CARTESIAN_POINT('',(-1.476681922154,-2.672544371456));
#10318 = CARTESIAN_POINT('',(-1.568464130122,-2.687139960827));
#10319 = CARTESIAN_POINT('',(-1.660252425191,-2.701740301717));
#10320 = CARTESIAN_POINT('',(-1.752046658876,-2.716349347134));
#10321 = CARTESIAN_POINT('',(-1.843842907147,-2.730966407021));
#10322 = CARTESIAN_POINT('',(-1.935633470434,-2.745586148263));
#10323 = CARTESIAN_POINT('',(-2.122538692097,-2.775345778412));
#10324 = CARTESIAN_POINT('',(-2.217640019188,-2.790475885483));
#10325 = CARTESIAN_POINT('',(-2.312742069297,-2.805599856407));
#10326 = CARTESIAN_POINT('',(-2.407862656391,-2.820725243888));
#10327 = CARTESIAN_POINT('',(-2.503006194002,-2.835856212817));
#10328 = CARTESIAN_POINT('',(-2.598163695226,-2.850993540271));
#10329 = CARTESIAN_POINT('',(-2.693312772725,-2.866134615519));
#10330 = CARTESIAN_POINT('',(-2.821978402124,-2.886615653598));
#10331 = CARTESIAN_POINT('',(-2.855539436271,-2.891958330539));
#10332 = CARTESIAN_POINT('',(-2.889100862842,-2.897301404363));
#10333 = CARTESIAN_POINT('',(-2.922663120626,-2.90264484629));
#10334 = CARTESIAN_POINT('',(-2.956226825808,-2.907988651421));
#10335 = CARTESIAN_POINT('',(-2.989792632255,-2.913332824915));
#10336 = CARTESIAN_POINT('',(-3.023361091806,-2.918677368174));
#10337 = CARTESIAN_POINT('',(-3.2218619011,-2.950280626644));
#10338 = CARTESIAN_POINT('',(-3.387476391124,-2.976645133263));
#10339 = CARTESIAN_POINT('',(-3.552590016239,-3.002919438039));
#10340 = CARTESIAN_POINT('',(-3.717565356525,-3.029160732695));
#10341 = CARTESIAN_POINT('',(-3.882531863591,-3.05542209867));
#10342 = CARTESIAN_POINT('',(-4.047696347165,-3.081719433509));
#10343 = CARTESIAN_POINT('',(-4.213337925465,-3.108085092103));
#10344 = CARTESIAN_POINT('',(-4.469781775221,-3.148892681103));
#10345 = CARTESIAN_POINT('',(-4.561375187006,-3.16346555101));
#10346 = CARTESIAN_POINT('',(-4.652970206002,-3.178036464055));
#10347 = CARTESIAN_POINT('',(-4.744568466762,-3.192606584286));
#10348 = CARTESIAN_POINT('',(-4.836179305265,-3.207180233592));
#10349 = CARTESIAN_POINT('',(-4.927807010134,-3.221761186762));
#10350 = CARTESIAN_POINT('',(-5.019433274088,-3.236347609625));
#10351 = CARTESIAN_POINT('',(-5.184553186929,-3.262641203));
#10352 = CARTESIAN_POINT('',(-5.258163915122,-3.274366844315));
#10353 = CARTESIAN_POINT('',(-5.331791524238,-3.286096020708));
#10354 = CARTESIAN_POINT('',(-5.405432311793,-3.297825707433));
#10355 = CARTESIAN_POINT('',(-5.479081058509,-3.309553270304));
#10356 = CARTESIAN_POINT('',(-5.55273102831,-3.321276465693));
#10357 = CARTESIAN_POINT('',(-5.626373968327,-3.332993440534));
#10358 = CARTESIAN_POINT('',(-5.772908525176,-3.356297879274));
#10359 = CARTESIAN_POINT('',(-5.84582054331,-3.367894561012));
#10360 = CARTESIAN_POINT('',(-5.918728277828,-3.379495304446));
#10361 = CARTESIAN_POINT('',(-5.991627537579,-3.391100916465));
#10362 = CARTESIAN_POINT('',(-6.064517825736,-3.402710483934));
#10363 = CARTESIAN_POINT('',(-6.137402339792,-3.414321373694));
#10364 = CARTESIAN_POINT('',(-6.210287971561,-3.425929232557));
#10365 = CARTESIAN_POINT('',(-6.28318530718,-3.437527987315));
#10366 = ( GEOMETRIC_REPRESENTATION_CONTEXT(2) 
PARAMETRIC_REPRESENTATION_CONTEXT() REPRESENTATION_CONTEXT('2D SPACE',''
  ) );
#10367 = PCURVE('',#2251,#10368);
#10368 = DEFINITIONAL_REPRESENTATION('',(#10369),#10428);
#10369 = B_SPLINE_CURVE_WITH_KNOTS('',8,(#10370,#10371,#10372,#10373,
    #10374,#10375,#10376,#10377,#10378,#10379,#10380,#10381,#10382,
    #10383,#10384,#10385,#10386,#10387,#10388,#10389,#10390,#10391,
    #10392,#10393,#10394,#10395,#10396,#10397,#10398,#10399,#10400,
    #10401,#10402,#10403,#10404,#10405,#10406,#10407,#10408,#10409,
    #10410,#10411,#10412,#10413,#10414,#10415,#10416,#10417,#10418,
    #10419,#10420,#10421,#10422,#10423,#10424,#10425,#10426,#10427),
  .UNSPECIFIED.,.F.,.F.,(9,7,7,7,7,7,7,7,9),(0.,0.205635135716,
    0.322563740865,0.443771307043,0.486543234729,0.696672779981,
    0.81332693211,0.907120627142,1.),.UNSPECIFIED.);
#10370 = CARTESIAN_POINT('',(0.625011049391,19.086805779935));
#10371 = CARTESIAN_POINT('',(0.625016616795,19.250266381785));
#10372 = CARTESIAN_POINT('',(0.625019174563,19.414327991224));
#10373 = CARTESIAN_POINT('',(0.625006664256,19.577968678585));
#10374 = CARTESIAN_POINT('',(0.624967495384,19.741455206452));
#10375 = CARTESIAN_POINT('',(0.624913545787,19.904971509142));
#10376 = CARTESIAN_POINT('',(0.624955204714,20.068650158343));
#10377 = CARTESIAN_POINT('',(0.625014384086,20.232741514463));
#10378 = CARTESIAN_POINT('',(0.625061870154,20.489127717299));
#10379 = CARTESIAN_POINT('',(0.625046801434,20.582061122214));
#10380 = CARTESIAN_POINT('',(0.625023127294,20.674997442021));
#10381 = CARTESIAN_POINT('',(0.625006646804,20.767941108333));
#10382 = CARTESIAN_POINT('',(0.625005281211,20.860892072725));
#10383 = CARTESIAN_POINT('',(0.625019073944,20.953845806735));
#10384 = CARTESIAN_POINT('',(0.625040190608,21.046793301864));
#10385 = CARTESIAN_POINT('',(0.625066113165,21.236049496141));
#10386 = CARTESIAN_POINT('',(0.625055141118,21.33234615227));
#10387 = CARTESIAN_POINT('',(0.625031460088,21.4286441975));
#10388 = CARTESIAN_POINT('',(0.625004248486,21.524962486445));
#10389 = CARTESIAN_POINT('',(0.624980405896,21.621305568795));
#10390 = CARTESIAN_POINT('',(0.624964553072,21.717663689318));
#10391 = CARTESIAN_POINT('',(0.624959031941,21.814012787856));
#10392 = CARTESIAN_POINT('',(0.624965625429,21.944297607552));
#10393 = CARTESIAN_POINT('',(0.624968250978,21.978280782556));
#10394 = CARTESIAN_POINT('',(0.624971614586,22.012264134769));
#10395 = CARTESIAN_POINT('',(0.624975517896,22.046248112097));
#10396 = CARTESIAN_POINT('',(0.624979749383,22.080233356245));
#10397 = CARTESIAN_POINT('',(0.624984101891,22.114220559035));
#10398 = CARTESIAN_POINT('',(0.624988390157,22.148210318731));
#10399 = CARTESIAN_POINT('',(0.625012503627,22.349201920101));
#10400 = CARTESIAN_POINT('',(0.625027370768,22.516892607003));
#10401 = CARTESIAN_POINT('',(0.625020322707,22.684079120985));
#10402 = CARTESIAN_POINT('',(0.624986927914,22.851139427939));
#10403 = CARTESIAN_POINT('',(0.624993588712,23.018200012282));
#10404 = CARTESIAN_POINT('',(0.625012622349,23.185450080273));
#10405 = CARTESIAN_POINT('',(0.625019004061,23.353175089575));
#10406 = CARTESIAN_POINT('',(0.625008084432,23.612838526918));
#10407 = CARTESIAN_POINT('',(0.62499999842,23.705580711636));
#10408 = CARTESIAN_POINT('',(0.624987597148,23.798324173684));
#10409 = CARTESIAN_POINT('',(0.624972284703,23.891071852435));
#10410 = CARTESIAN_POINT('',(0.624959369023,23.983834359655));
#10411 = CARTESIAN_POINT('',(0.624954992551,24.07661617168));
#10412 = CARTESIAN_POINT('',(0.624961670031,24.169397619343));
#10413 = CARTESIAN_POINT('',(0.624988392041,24.336599425558));
#10414 = CARTESIAN_POINT('',(0.625008112674,24.41113833062));
#10415 = CARTESIAN_POINT('',(0.625029733607,24.485693681665));
#10416 = CARTESIAN_POINT('',(0.625048490816,24.560261389412));
#10417 = CARTESIAN_POINT('',(0.625060766951,24.634836201717));
#10418 = CARTESIAN_POINT('',(0.625064091345,24.709411703571));
#10419 = CARTESIAN_POINT('',(0.625057140007,24.783980317097));
#10420 = CARTESIAN_POINT('',(0.6250225009,24.932359526642));
#10421 = CARTESIAN_POINT('',(0.625006858519,25.006190450967));
#10422 = CARTESIAN_POINT('',(0.625000632636,25.080017261795));
#10423 = CARTESIAN_POINT('',(0.625006950985,25.153835143053));
#10424 = CARTESIAN_POINT('',(0.625024244878,25.227643275319));
#10425 = CARTESIAN_POINT('',(0.625046249208,25.301444835828));
#10426 = CARTESIAN_POINT('',(0.625062002444,25.375246998473));
#10427 = CARTESIAN_POINT('',(0.625055846633,25.449060933801));
#10428 = ( GEOMETRIC_REPRESENTATION_CONTEXT(2) 
PARAMETRIC_REPRESENTATION_CONTEXT() REPRESENTATION_CONTEXT('2D SPACE',''
  ) );
#10429 = ORIENTED_EDGE('',*,*,#10430,.T.);
#10430 = EDGE_CURVE('',#10243,#6472,#10431,.T.);
#10431 = SURFACE_CURVE('',#10432,(#10436,#10443),.PCURVE_S1.);
#10432 = LINE('',#10433,#10434);
#10433 = CARTESIAN_POINT('',(53.,0.,0.));
#10434 = VECTOR('',#10435,1.);
#10435 = DIRECTION('',(0.,0.,1.));
#10436 = PCURVE('',#6569,#10437);
#10437 = DEFINITIONAL_REPRESENTATION('',(#10438),#10442);
#10438 = LINE('',#10439,#10440);
#10439 = CARTESIAN_POINT('',(-0.,0.));
#10440 = VECTOR('',#10441,1.);
#10441 = DIRECTION('',(-0.,-1.));
#10442 = ( GEOMETRIC_REPRESENTATION_CONTEXT(2) 
PARAMETRIC_REPRESENTATION_CONTEXT() REPRESENTATION_CONTEXT('2D SPACE',''
  ) );
#10443 = PCURVE('',#6734,#10444);
#10444 = DEFINITIONAL_REPRESENTATION('',(#10445),#10449);
#10445 = LINE('',#10446,#10447);
#10446 = CARTESIAN_POINT('',(-6.28318530718,0.));
#10447 = VECTOR('',#10448,1.);
#10448 = DIRECTION('',(-0.,-1.));
#10449 = ( GEOMETRIC_REPRESENTATION_CONTEXT(2) 
PARAMETRIC_REPRESENTATION_CONTEXT() REPRESENTATION_CONTEXT('2D SPACE',''
  ) );
#10450 = ADVANCED_FACE('',(#10451),#6734,.T.);
#10451 = FACE_BOUND('',#10452,.F.);
#10452 = EDGE_LOOP('',(#10453,#10454,#10455,#10622));
#10453 = ORIENTED_EDGE('',*,*,#6622,.T.);
#10454 = ORIENTED_EDGE('',*,*,#10430,.F.);
#10455 = ORIENTED_EDGE('',*,*,#10456,.F.);
#10456 = EDGE_CURVE('',#10457,#10243,#10459,.T.);
#10457 = VERTEX_POINT('',#10458);
#10458 = CARTESIAN_POINT('',(53.,0.,1.437520808104));
#10459 = SURFACE_CURVE('',#10460,(#10512,#10567),.PCURVE_S1.);
#10460 = B_SPLINE_CURVE_WITH_KNOTS('',8,(#10461,#10462,#10463,#10464,
    #10465,#10466,#10467,#10468,#10469,#10470,#10471,#10472,#10473,
    #10474,#10475,#10476,#10477,#10478,#10479,#10480,#10481,#10482,
    #10483,#10484,#10485,#10486,#10487,#10488,#10489,#10490,#10491,
    #10492,#10493,#10494,#10495,#10496,#10497,#10498,#10499,#10500,
    #10501,#10502,#10503,#10504,#10505,#10506,#10507,#10508,#10509,
    #10510,#10511),.UNSPECIFIED.,.F.,.F.,(9,7,7,7,7,7,7,9),(0.,
    0.122770296274,0.312217041423,0.458643575287,0.615457257923,
    0.760727668506,0.882317437049,1.),.UNSPECIFIED.);
#10461 = CARTESIAN_POINT('',(53.,4.440892098501E-16,1.437520808104));
#10462 = CARTESIAN_POINT('',(53.,0.288996660788,1.452863699327));
#10463 = CARTESIAN_POINT('',(52.968144242508,0.578175129217,
    1.468198388852));
#10464 = CARTESIAN_POINT('',(52.904481211593,0.863184596131,
    1.483527528324));
#10465 = CARTESIAN_POINT('',(52.809647541961,1.139914961275,
    1.498853574313));
#10466 = CARTESIAN_POINT('',(52.684868018964,1.404496833293,
    1.514178788317));
#10467 = CARTESIAN_POINT('',(52.531955578595,1.653301529731,
    1.529505236757));
#10468 = CARTESIAN_POINT('',(52.353311307486,1.882941077031,
    1.544834790982));
#10469 = CARTESIAN_POINT('',(51.841164534636,2.41019454302,
    1.583831529218));
#10470 = CARTESIAN_POINT('',(51.475081052828,2.678264114622,
    1.607571632411));
#10471 = CARTESIAN_POINT('',(51.065265366725,2.881678456891,
    1.631284199541));
#10472 = CARTESIAN_POINT('',(50.625157697621,3.01288783366,
    1.654950482597));
#10473 = CARTESIAN_POINT('',(50.169219166772,3.067577654484,
    1.678604661046));
#10474 = CARTESIAN_POINT('',(49.712409622368,3.044023200317,
    1.702291631619));
#10475 = CARTESIAN_POINT('',(49.26997124557,2.943812661422,
    1.726016149719));
#10476 = CARTESIAN_POINT('',(48.538725926247,2.64263991886,
    1.767976073046));
#10477 = CARTESIAN_POINT('',(48.236747471027,2.469290859643,
    1.78629490184));
#10478 = CARTESIAN_POINT('',(47.958681814946,2.256596252976,
    1.804603886571));
#10479 = CARTESIAN_POINT('',(47.710440527374,2.00862185189,
    1.822899466047));
#10480 = CARTESIAN_POINT('',(47.496965246439,1.730253719131,
    1.84118532717));
#10481 = CARTESIAN_POINT('',(47.322344396557,1.427030083392,
    1.859471598195));
#10482 = CARTESIAN_POINT('',(47.189731782578,1.105188011396,
    1.877771995482));
#10483 = CARTESIAN_POINT('',(47.005911593984,0.414694633653,
    1.915671345733));
#10484 = CARTESIAN_POINT('',(46.961115930067,4.368066606789E-02,
    1.935293529357));
#10485 = CARTESIAN_POINT('',(46.968808623631,-0.332154652026,
    1.954926831608));
#10486 = CARTESIAN_POINT('',(47.029549127838,-0.70406977917,
    1.974561380387));
#10487 = CARTESIAN_POINT('',(47.14223069767,-1.063701527938,
    1.994189721801));
#10488 = CARTESIAN_POINT('',(47.304080389932,-1.403065064937,
    2.013806820155));
#10489 = CARTESIAN_POINT('',(47.510659063248,-1.714553910805,
    2.033410057959));
#10490 = CARTESIAN_POINT('',(47.983014011372,-2.246980811756,
    2.07114642741));
#10491 = CARTESIAN_POINT('',(48.243611587909,-2.473469238172,
    2.08931996703));
#10492 = CARTESIAN_POINT('',(48.532991551728,-2.665090986951,
    2.107549154657));
#10493 = CARTESIAN_POINT('',(48.845696714913,-2.817796843419,
    2.12563582553));
#10494 = CARTESIAN_POINT('',(49.175741156601,-2.928439567136,
    2.14381022977));
#10495 = CARTESIAN_POINT('',(49.51665653405,-2.994944876866,
    2.161941124489));
#10496 = CARTESIAN_POINT('',(49.861508367133,-3.016272132249,
    2.180108861115));
#10497 = CARTESIAN_POINT('',(50.48862434482,-2.973762769782,
    2.213445436425));
#10498 = CARTESIAN_POINT('',(50.772395827972,-2.92317737518,
    2.228642796684));
#10499 = CARTESIAN_POINT('',(51.050001155746,-2.841705557675,
    2.243845072766));
#10500 = CARTESIAN_POINT('',(51.317500168361,-2.730229779774,
    2.259049428975));
#10501 = CARTESIAN_POINT('',(51.571216708832,-2.590184577845,
    2.274253461435));
#10502 = CARTESIAN_POINT('',(51.807738622965,-2.423556562116,
    2.289455198081));
#10503 = CARTESIAN_POINT('',(52.023917759362,-2.232884416676,
    2.304653098664));
#10504 = CARTESIAN_POINT('',(52.403621789721,-1.816433826211,
    2.334550795392));
#10505 = CARTESIAN_POINT('',(52.568837611649,-1.591731346106,
    2.349257810583));
#10506 = CARTESIAN_POINT('',(52.709954798488,-1.350024099691,
    2.363966656967));
#10507 = CARTESIAN_POINT('',(52.824919728934,-1.094371030475,
    2.378676667154));
#10508 = CARTESIAN_POINT('',(52.912187797092,-0.828017384944,
    2.393386949723));
#10509 = CARTESIAN_POINT('',(52.970723412474,-0.554394712564,
    2.408096389219));
#10510 = CARTESIAN_POINT('',(53.,-0.277120865776,2.422803646154));
#10511 = CARTESIAN_POINT('',(53.,-8.881784197001E-16,2.437507157005));
#10512 = PCURVE('',#6734,#10513);
#10513 = DEFINITIONAL_REPRESENTATION('',(#10514),#10566);
#10514 = B_SPLINE_CURVE_WITH_KNOTS('',8,(#10515,#10516,#10517,#10518,
    #10519,#10520,#10521,#10522,#10523,#10524,#10525,#10526,#10527,
    #10528,#10529,#10530,#10531,#10532,#10533,#10534,#10535,#10536,
    #10537,#10538,#10539,#10540,#10541,#10542,#10543,#10544,#10545,
    #10546,#10547,#10548,#10549,#10550,#10551,#10552,#10553,#10554,
    #10555,#10556,#10557,#10558,#10559,#10560,#10561,#10562,#10563,
    #10564,#10565),.UNSPECIFIED.,.F.,.F.,(9,7,7,7,7,7,7,9),(0.,
    0.122770296274,0.312217041423,0.458643575287,0.615457257923,
    0.760727668506,0.882317437049,1.),.UNSPECIFIED.);
#10515 = CARTESIAN_POINT('',(0.,-1.437520808104));
#10516 = CARTESIAN_POINT('',(-9.633222026257E-02,-1.452863699327));
#10517 = CARTESIAN_POINT('',(-0.192685514669,-1.468198388852));
#10518 = CARTESIAN_POINT('',(-0.289051797785,-1.483527528324));
#10519 = CARTESIAN_POINT('',(-0.385423985388,-1.498853574313));
#10520 = CARTESIAN_POINT('',(-0.481795994462,-1.514178788317));
#10521 = CARTESIAN_POINT('',(-0.578162743199,-1.529505236757));
#10522 = CARTESIAN_POINT('',(-0.674520151002,-1.544834790982));
#10523 = CARTESIAN_POINT('',(-0.919535010945,-1.583831529218));
#10524 = CARTESIAN_POINT('',(-1.06862459739,-1.607571632411));
#10525 = CARTESIAN_POINT('',(-1.217530151209,-1.631284199541));
#10526 = CARTESIAN_POINT('',(-1.366202877677,-1.654950482597));
#10527 = CARTESIAN_POINT('',(-1.514866010649,-1.678604661046));
#10528 = CARTESIAN_POINT('',(-1.663743246832,-1.702291631619));
#10529 = CARTESIAN_POINT('',(-1.812798537615,-1.726016149719));
#10530 = CARTESIAN_POINT('',(-2.076411203365,-1.767976073046));
#10531 = CARTESIAN_POINT('',(-2.191490986271,-1.78629490184));
#10532 = CARTESIAN_POINT('',(-2.306508216982,-1.804603886571));
#10533 = CARTESIAN_POINT('',(-2.421461902686,-1.822899466047));
#10534 = CARTESIAN_POINT('',(-2.536393884155,-1.84118532717));
#10535 = CARTESIAN_POINT('',(-2.651358201315,-1.859471598195));
#10536 = CARTESIAN_POINT('',(-2.766400213742,-1.877771995482));
#10537 = CARTESIAN_POINT('',(-3.004581042908,-1.915671345733));
#10538 = CARTESIAN_POINT('',(-3.12779568781,-1.935293529357));
#10539 = CARTESIAN_POINT('',(-3.251048049818,-1.954926831608));
#10540 = CARTESIAN_POINT('',(-3.374325957343,-1.974561380387));
#10541 = CARTESIAN_POINT('',(-3.497612273694,-1.994189721801));
#10542 = CARTESIAN_POINT('',(-3.620884897081,-2.013806820155));
#10543 = CARTESIAN_POINT('',(-3.744116760613,-2.033410057959));
#10544 = CARTESIAN_POINT('',(-3.981368994386,-2.07114642741));
#10545 = CARTESIAN_POINT('',(-4.095491669274,-2.08931996703));
#10546 = CARTESIAN_POINT('',(-4.209551763074,-2.107549154657));
#10547 = CARTESIAN_POINT('',(-4.3235952362,-2.12563582553));
#10548 = CARTESIAN_POINT('',(-4.437668075704,-2.14381022977));
#10549 = CARTESIAN_POINT('',(-4.551809205076,-2.161941124489));
#10550 = CARTESIAN_POINT('',(-4.666015629157,-2.180108861115));
#10551 = CARTESIAN_POINT('',(-4.875533990953,-2.213445436425));
#10552 = CARTESIAN_POINT('',(-4.971010088833,-2.228642796684));
#10553 = CARTESIAN_POINT('',(-5.066495999031,-2.243845072766));
#10554 = CARTESIAN_POINT('',(-5.161987776024,-2.259049428975));
#10555 = CARTESIAN_POINT('',(-5.257480754985,-2.274253461435));
#10556 = CARTESIAN_POINT('',(-5.35296955178,-2.289455198081));
#10557 = CARTESIAN_POINT('',(-5.448448062971,-2.304653098664));
#10558 = CARTESIAN_POINT('',(-5.636303280557,-2.334550795392));
#10559 = CARTESIAN_POINT('',(-5.728722812942,-2.349257810583));
#10560 = CARTESIAN_POINT('',(-5.821154181688,-2.363966656967));
#10561 = CARTESIAN_POINT('',(-5.913586113817,-2.378676667154));
#10562 = CARTESIAN_POINT('',(-6.006009944653,-2.393386949723));
#10563 = CARTESIAN_POINT('',(-6.098419617823,-2.408096389219));
#10564 = CARTESIAN_POINT('',(-6.190811685254,-2.422803646154));
#10565 = CARTESIAN_POINT('',(-6.28318530718,-2.437507157005));
#10566 = ( GEOMETRIC_REPRESENTATION_CONTEXT(2) 
PARAMETRIC_REPRESENTATION_CONTEXT() REPRESENTATION_CONTEXT('2D SPACE',''
  ) );
#10567 = PCURVE('',#2251,#10568);
#10568 = DEFINITIONAL_REPRESENTATION('',(#10569),#10621);
#10569 = B_SPLINE_CURVE_WITH_KNOTS('',8,(#10570,#10571,#10572,#10573,
    #10574,#10575,#10576,#10577,#10578,#10579,#10580,#10581,#10582,
    #10583,#10584,#10585,#10586,#10587,#10588,#10589,#10590,#10591,
    #10592,#10593,#10594,#10595,#10596,#10597,#10598,#10599,#10600,
    #10601,#10602,#10603,#10604,#10605,#10606,#10607,#10608,#10609,
    #10610,#10611,#10612,#10613,#10614,#10615,#10616,#10617,#10618,
    #10619,#10620),.UNSPECIFIED.,.F.,.F.,(9,7,7,7,7,7,7,9),(0.,
    0.122770296274,0.312217041423,0.458643575287,0.615457257923,
    0.760727668506,0.882317437049,1.),.UNSPECIFIED.);
#10570 = CARTESIAN_POINT('',(0.625040934194,12.724532432919));
#10571 = CARTESIAN_POINT('',(0.625063163943,12.822077259102));
#10572 = CARTESIAN_POINT('',(0.625062933588,12.919641352351));
#10573 = CARTESIAN_POINT('',(0.625047425718,13.017218734417));
#10574 = CARTESIAN_POINT('',(0.625023396058,13.114803543832));
#10575 = CARTESIAN_POINT('',(0.624997173475,13.212390035913));
#10576 = CARTESIAN_POINT('',(0.62497465997,13.30997258276));
#10577 = CARTESIAN_POINT('',(0.624961330686,13.407545673255));
#10578 = CARTESIAN_POINT('',(0.624963627658,13.655645954216));
#10579 = CARTESIAN_POINT('',(0.624987794807,13.806609906156));
#10580 = CARTESIAN_POINT('',(0.625018005251,13.957379441911));
#10581 = CARTESIAN_POINT('',(0.625029725607,14.107913325465));
#10582 = CARTESIAN_POINT('',(0.625017838574,14.258445294398));
#10583 = CARTESIAN_POINT('',(0.625000729446,14.409202507659));
#10584 = CARTESIAN_POINT('',(0.625001239785,14.560142558473));
#10585 = CARTESIAN_POINT('',(0.625006999025,14.827084394696));
#10586 = CARTESIAN_POINT('',(0.625012465264,14.943616251577));
#10587 = CARTESIAN_POINT('',(0.625019103731,15.060081748894));
#10588 = CARTESIAN_POINT('',(0.625020595369,15.176478331163));
#10589 = CARTESIAN_POINT('',(0.625010420462,15.292850195491));
#10590 = CARTESIAN_POINT('',(0.624990539226,15.409255544799));
#10591 = CARTESIAN_POINT('',(0.624973303007,15.525742354947));
#10592 = CARTESIAN_POINT('',(0.624957104825,15.766919598004));
#10593 = CARTESIAN_POINT('',(0.624980012266,15.891688261192));
#10594 = CARTESIAN_POINT('',(0.625013011659,16.016495560241));
#10595 = CARTESIAN_POINT('',(0.62504089467,16.141327065884));
#10596 = CARTESIAN_POINT('',(0.625054436639,16.266164699285));
#10597 = CARTESIAN_POINT('',(0.625050396579,16.390986732045));
#10598 = CARTESIAN_POINT('',(0.625031517172,16.515767786197));
#10599 = CARTESIAN_POINT('',(0.624983372103,16.756009729504));
#10600 = CARTESIAN_POINT('',(0.625005304068,16.871564838123));
#10601 = CARTESIAN_POINT('',(0.625150688813,16.98708127722));
#10602 = CARTESIAN_POINT('',(0.625033020773,17.102527787658));
#10603 = CARTESIAN_POINT('',(0.625065888631,17.218053610072));
#10604 = CARTESIAN_POINT('',(0.624997037892,17.333626192133));
#10605 = CARTESIAN_POINT('',(0.624977996166,17.449274723642));
#10606 = CARTESIAN_POINT('',(0.624958099666,17.661434147668));
#10607 = CARTESIAN_POINT('',(0.624961597984,17.758112654321));
#10608 = CARTESIAN_POINT('',(0.62497232787,17.854799432188));
#10609 = CARTESIAN_POINT('',(0.624985904409,17.951490388831));
#10610 = CARTESIAN_POINT('',(0.624998889975,18.048181165659));
#10611 = CARTESIAN_POINT('',(0.625008794242,18.144867137933));
#10612 = CARTESIAN_POINT('',(0.625014074175,18.241543414761));
#10613 = CARTESIAN_POINT('',(0.625014191966,18.431760113456));
#10614 = CARTESIAN_POINT('',(0.625009927934,18.52534360782));
#10615 = CARTESIAN_POINT('',(0.62500496362,18.618940980405));
#10616 = CARTESIAN_POINT('',(0.625001701461,18.712540342651));
#10617 = CARTESIAN_POINT('',(0.625001324642,18.806132259222));
#10618 = CARTESIAN_POINT('',(0.625003797105,18.89970974801));
#10619 = CARTESIAN_POINT('',(0.62500786354,18.993268280133));
#10620 = CARTESIAN_POINT('',(0.625011049391,19.086805779935));
#10621 = ( GEOMETRIC_REPRESENTATION_CONTEXT(2) 
PARAMETRIC_REPRESENTATION_CONTEXT() REPRESENTATION_CONTEXT('2D SPACE',''
  ) );
#10622 = ORIENTED_EDGE('',*,*,#10623,.T.);
#10623 = EDGE_CURVE('',#10457,#6623,#10624,.T.);
#10624 = SURFACE_CURVE('',#10625,(#10629,#10636),.PCURVE_S1.);
#10625 = LINE('',#10626,#10627);
#10626 = CARTESIAN_POINT('',(53.,0.,0.));
#10627 = VECTOR('',#10628,1.);
#10628 = DIRECTION('',(0.,0.,1.));
#10629 = PCURVE('',#6734,#10630);
#10630 = DEFINITIONAL_REPRESENTATION('',(#10631),#10635);
#10631 = LINE('',#10632,#10633);
#10632 = CARTESIAN_POINT('',(-0.,0.));
#10633 = VECTOR('',#10634,1.);
#10634 = DIRECTION('',(-0.,-1.));
#10635 = ( GEOMETRIC_REPRESENTATION_CONTEXT(2) 
PARAMETRIC_REPRESENTATION_CONTEXT() REPRESENTATION_CONTEXT('2D SPACE',''
  ) );
#10636 = PCURVE('',#6916,#10637);
#10637 = DEFINITIONAL_REPRESENTATION('',(#10638),#10642);
#10638 = LINE('',#10639,#10640);
#10639 = CARTESIAN_POINT('',(-6.28318530718,0.));
#10640 = VECTOR('',#10641,1.);
#10641 = DIRECTION('',(-0.,-1.));
#10642 = ( GEOMETRIC_REPRESENTATION_CONTEXT(2) 
PARAMETRIC_REPRESENTATION_CONTEXT() REPRESENTATION_CONTEXT('2D SPACE',''
  ) );
#10643 = ADVANCED_FACE('',(#10644),#6916,.T.);
#10644 = FACE_BOUND('',#10645,.F.);
#10645 = EDGE_LOOP('',(#10646,#10647,#10648,#10776,#10800));
#10646 = ORIENTED_EDGE('',*,*,#6794,.T.);
#10647 = ORIENTED_EDGE('',*,*,#10623,.F.);
#10648 = ORIENTED_EDGE('',*,*,#10649,.F.);
#10649 = EDGE_CURVE('',#10650,#10457,#10652,.T.);
#10650 = VERTEX_POINT('',#10651);
#10651 = CARTESIAN_POINT('',(52.771698804718,1.147904933314,0.5));
#10652 = SURFACE_CURVE('',#10653,(#10692,#10734),.PCURVE_S1.);
#10653 = B_SPLINE_CURVE_WITH_KNOTS('',7,(#10654,#10655,#10656,#10657,
    #10658,#10659,#10660,#10661,#10662,#10663,#10664,#10665,#10666,
    #10667,#10668,#10669,#10670,#10671,#10672,#10673,#10674,#10675,
    #10676,#10677,#10678,#10679,#10680,#10681,#10682,#10683,#10684,
    #10685,#10686,#10687,#10688,#10689,#10690,#10691),.UNSPECIFIED.,.F.,
  .F.,(8,6,6,6,6,6,8),(0.,0.131976084101,0.310739063041,0.519116144176,
    0.638815480919,0.839663145034,1.),.UNSPECIFIED.);
#10654 = CARTESIAN_POINT('',(52.771703132539,1.147894483424,0.4999994));
#10655 = CARTESIAN_POINT('',(52.644320219441,1.455472945001,
    0.517659578886));
#10656 = CARTESIAN_POINT('',(52.476949359847,1.746831301607,
    0.535322628672));
#10657 = CARTESIAN_POINT('',(52.272369501338,2.015374288641,
    0.552988418513));
#10658 = CARTESIAN_POINT('',(52.034309454769,2.255438785275,
    0.570656889815));
#10659 = CARTESIAN_POINT('',(51.767447894264,2.462293814453,
    0.58832805623));
#10660 = CARTESIAN_POINT('',(51.477413357217,2.632140542893,
    0.606002003662));
#10661 = CARTESIAN_POINT('',(50.755451920785,2.93816035264,
    0.647622417071));
#10662 = CARTESIAN_POINT('',(50.308366267552,3.041705651462,
    0.671608942608));
#10663 = CARTESIAN_POINT('',(49.846305493071,3.065063734803,
    0.695645852434));
#10664 = CARTESIAN_POINT('',(49.386302847478,3.006910781222,
    0.719486687698));
#10665 = CARTESIAN_POINT('',(48.94469239783,2.869333962796,
    0.743361202627));
#10666 = CARTESIAN_POINT('',(48.537571869715,2.657954961467,
    0.767393658543));
#10667 = CARTESIAN_POINT('',(47.761306518033,2.065103519725,
    0.819234852471));
#10668 = CARTESIAN_POINT('',(47.407191851604,1.659377303567,
    0.847211633704));
#10669 = CARTESIAN_POINT('',(47.141500578736,1.18431725825,0.87504108841
    ));
#10670 = CARTESIAN_POINT('',(46.977894382925,0.663708292296,
    0.902963356359));
#10671 = CARTESIAN_POINT('',(46.924088342057,0.122077180153,
    0.930876748358));
#10672 = CARTESIAN_POINT('',(46.98243876835,-0.413271583494,
    0.958882434836));
#10673 = CARTESIAN_POINT('',(47.234675516914,-1.20175245343,
    1.002806817519));
#10674 = CARTESIAN_POINT('',(47.36051883678,-1.478682797976,
    1.018827374566));
#10675 = CARTESIAN_POINT('',(47.518576003172,-1.73992959899,
    1.034848094818));
#10676 = CARTESIAN_POINT('',(47.706518535194,-1.981072429597,
    1.050871560482));
#10677 = CARTESIAN_POINT('',(47.921289862571,-2.198205502894,
    1.066897431004));
#10678 = CARTESIAN_POINT('',(48.159105325652,-2.387937671956,
    1.082922443072));
#10679 = CARTESIAN_POINT('',(48.84558543577,-2.814947092403,
    1.125817513288));
#10680 = CARTESIAN_POINT('',(49.329897278087,-2.998631200018,
    1.15278081407));
#10681 = CARTESIAN_POINT('',(49.845979133003,-3.083437193589,
    1.179682997038));
#10682 = CARTESIAN_POINT('',(50.370348653559,-3.064993694154,
    1.206524168536));
#10683 = CARTESIAN_POINT('',(50.879215446111,-2.944123639771,
    1.2333968125));
#10684 = CARTESIAN_POINT('',(51.349441473384,-2.72682951129,
    1.260361139415));
#10685 = CARTESIAN_POINT('',(52.087202758229,-2.192511422529,
    1.30871689007));
#10686 = CARTESIAN_POINT('',(52.377952243049,-1.903406008019,
    1.330212430951));
#10687 = CARTESIAN_POINT('',(52.621054444545,-1.569892628612,
    1.351740092273));
#10688 = CARTESIAN_POINT('',(52.809002704167,-1.201565452308,
    1.373156899507));
#10689 = CARTESIAN_POINT('',(52.936403000614,-0.809184826161,
    1.394529778135));
#10690 = CARTESIAN_POINT('',(53.,-0.404382951756,1.416052035337));
#10691 = CARTESIAN_POINT('',(53.,4.440892098501E-16,1.437520808104));
#10692 = PCURVE('',#6916,#10693);
#10693 = DEFINITIONAL_REPRESENTATION('',(#10694),#10733);
#10694 = B_SPLINE_CURVE_WITH_KNOTS('',7,(#10695,#10696,#10697,#10698,
    #10699,#10700,#10701,#10702,#10703,#10704,#10705,#10706,#10707,
    #10708,#10709,#10710,#10711,#10712,#10713,#10714,#10715,#10716,
    #10717,#10718,#10719,#10720,#10721,#10722,#10723,#10724,#10725,
    #10726,#10727,#10728,#10729,#10730,#10731,#10732),.UNSPECIFIED.,.F.,
  .F.,(8,6,6,6,6,6,8),(0.,0.131976084101,0.310739063041,0.519116144176,
    0.638815480919,0.839663145034,1.),.UNSPECIFIED.);
#10695 = CARTESIAN_POINT('',(-0.392642865186,-0.4999994));
#10696 = CARTESIAN_POINT('',(-0.503613790595,-0.517659578886));
#10697 = CARTESIAN_POINT('',(-0.61463319098,-0.535322628672));
#10698 = CARTESIAN_POINT('',(-0.725685027258,-0.552988418513));
#10699 = CARTESIAN_POINT('',(-0.836752828127,-0.570656889815));
#10700 = CARTESIAN_POINT('',(-0.947819690067,-0.58832805623));
#10701 = CARTESIAN_POINT('',(-1.05886827734,-0.606002003662));
#10702 = CARTESIAN_POINT('',(-1.320248468643,-0.647622417071));
#10703 = CARTESIAN_POINT('',(-1.470930102425,-0.671608942608));
#10704 = CARTESIAN_POINT('',(-1.621328088833,-0.695645852434));
#10705 = CARTESIAN_POINT('',(-1.77169411645,-0.719486687698));
#10706 = CARTESIAN_POINT('',(-1.922064126631,-0.743361202627));
#10707 = CARTESIAN_POINT('',(-2.072681666626,-0.767393658543));
#10708 = CARTESIAN_POINT('',(-2.398268440893,-0.819234852471));
#10709 = CARTESIAN_POINT('',(-2.574165323991,-0.847211633704));
#10710 = CARTESIAN_POINT('',(-2.749450733336,-0.87504108841));
#10711 = CARTESIAN_POINT('',(-2.924763108081,-0.902963356359));
#10712 = CARTESIAN_POINT('',(-3.100046089211,-0.930876748358));
#10713 = CARTESIAN_POINT('',(-3.27593906978,-0.958882434836));
#10714 = CARTESIAN_POINT('',(-3.551887023726,-1.002806817519));
#10715 = CARTESIAN_POINT('',(-3.652553262547,-1.018827374566));
#10716 = CARTESIAN_POINT('',(-3.753227776012,-1.034848094818));
#10717 = CARTESIAN_POINT('',(-3.853917836648,-1.050871560482));
#10718 = CARTESIAN_POINT('',(-3.954615791184,-1.066897431004));
#10719 = CARTESIAN_POINT('',(-4.055299060559,-1.082922443072));
#10720 = CARTESIAN_POINT('',(-4.324782514336,-1.125817513288));
#10721 = CARTESIAN_POINT('',(-4.494164256007,-1.15278081407));
#10722 = CARTESIAN_POINT('',(-4.663172928671,-1.179682997038));
#10723 = CARTESIAN_POINT('',(-4.831944139601,-1.206524168536));
#10724 = CARTESIAN_POINT('',(-5.000959547923,-1.2333968125));
#10725 = CARTESIAN_POINT('',(-5.170350956336,-1.260361139415));
#10726 = CARTESIAN_POINT('',(-5.47399320442,-1.30871689007));
#10727 = CARTESIAN_POINT('',(-5.609003522857,-1.330212430951));
#10728 = CARTESIAN_POINT('',(-5.743873615816,-1.351740092273));
#10729 = CARTESIAN_POINT('',(-5.878642103142,-1.373156899507));
#10730 = CARTESIAN_POINT('',(-6.013465272097,-1.394529778135));
#10731 = CARTESIAN_POINT('',(-6.148390989928,-1.416052035337));
#10732 = CARTESIAN_POINT('',(-6.28318530718,-1.437520808104));
#10733 = ( GEOMETRIC_REPRESENTATION_CONTEXT(2) 
PARAMETRIC_REPRESENTATION_CONTEXT() REPRESENTATION_CONTEXT('2D SPACE',''
  ) );
#10734 = PCURVE('',#2251,#10735);
#10735 = DEFINITIONAL_REPRESENTATION('',(#10736),#10775);
#10736 = B_SPLINE_CURVE_WITH_KNOTS('',7,(#10737,#10738,#10739,#10740,
    #10741,#10742,#10743,#10744,#10745,#10746,#10747,#10748,#10749,
    #10750,#10751,#10752,#10753,#10754,#10755,#10756,#10757,#10758,
    #10759,#10760,#10761,#10762,#10763,#10764,#10765,#10766,#10767,
    #10768,#10769,#10770,#10771,#10772,#10773,#10774),.UNSPECIFIED.,.F.,
  .F.,(8,6,6,6,6,6,8),(0.,0.131976084101,0.310739063041,0.519116144176,
    0.638815480919,0.839663145034,1.),.UNSPECIFIED.);
#10737 = CARTESIAN_POINT('',(0.625013744624,6.759859161514));
#10738 = CARTESIAN_POINT('',(0.625011760886,6.872224212382));
#10739 = CARTESIAN_POINT('',(0.625001042098,6.984635316008));
#10740 = CARTESIAN_POINT('',(0.624985429847,7.097079419311));
#10741 = CARTESIAN_POINT('',(0.624969434577,7.209541801185));
#10742 = CARTESIAN_POINT('',(0.624958235584,7.3220060725));
#10743 = CARTESIAN_POINT('',(0.624957681022,7.434454176094));
#10744 = CARTESIAN_POINT('',(0.624996782086,7.699129895652));
#10745 = CARTESIAN_POINT('',(0.625004455301,7.851714121689));
#10746 = CARTESIAN_POINT('',(0.625207561936,8.003997205339));
#10747 = CARTESIAN_POINT('',(0.625028328832,8.156249084958));
#10748 = CARTESIAN_POINT('',(0.624910219514,8.308520799054));
#10749 = CARTESIAN_POINT('',(0.625031287825,8.461036522022));
#10750 = CARTESIAN_POINT('',(0.625076944452,8.790718702972));
#10751 = CARTESIAN_POINT('',(0.625042820276,8.968822955465));
#10752 = CARTESIAN_POINT('',(0.62490499511,9.146319765065));
#10753 = CARTESIAN_POINT('',(0.624939884775,9.323857647994));
#10754 = CARTESIAN_POINT('',(0.624975719603,9.501336053354));
#10755 = CARTESIAN_POINT('',(0.625001395167,9.679433978732));
#10756 = CARTESIAN_POINT('',(0.625016138721,9.958845645987));
#10757 = CARTESIAN_POINT('',(0.625014832245,10.060776833538));
#10758 = CARTESIAN_POINT('',(0.625010452871,10.162718834724));
#10759 = CARTESIAN_POINT('',(0.62500578127,10.264679232559));
#10760 = CARTESIAN_POINT('',(0.625002765992,10.36664966177));
#10761 = CARTESIAN_POINT('',(0.625002523463,10.468605808793));
#10762 = CARTESIAN_POINT('',(0.625010060578,10.741491641818));
#10763 = CARTESIAN_POINT('',(0.625019517692,10.913009225891));
#10764 = CARTESIAN_POINT('',(0.625029766834,11.08413544279));
#10765 = CARTESIAN_POINT('',(0.624994808839,11.255017298149));
#10766 = CARTESIAN_POINT('',(0.624942484277,11.426154634881));
#10767 = CARTESIAN_POINT('',(0.624950440997,11.597683520497));
#10768 = CARTESIAN_POINT('',(0.625007504388,11.905154100882));
#10769 = CARTESIAN_POINT('',(0.625022125662,12.041867918952));
#10770 = CARTESIAN_POINT('',(0.625149209275,12.178428338673));
#10771 = CARTESIAN_POINT('',(0.625085877124,12.314889212268));
#10772 = CARTESIAN_POINT('',(0.624914548749,12.451414150256));
#10773 = CARTESIAN_POINT('',(0.625009828882,12.588041358479));
#10774 = CARTESIAN_POINT('',(0.625040934194,12.724532432919));
#10775 = ( GEOMETRIC_REPRESENTATION_CONTEXT(2) 
PARAMETRIC_REPRESENTATION_CONTEXT() REPRESENTATION_CONTEXT('2D SPACE',''
  ) );
#10776 = ORIENTED_EDGE('',*,*,#10777,.F.);
#10777 = EDGE_CURVE('',#10778,#10650,#10780,.T.);
#10778 = VERTEX_POINT('',#10779);
#10779 = CARTESIAN_POINT('',(53.,0.,0.5));
#10780 = SURFACE_CURVE('',#10781,(#10786,#10793),.PCURVE_S1.);
#10781 = CIRCLE('',#10782,3.);
#10782 = AXIS2_PLACEMENT_3D('',#10783,#10784,#10785);
#10783 = CARTESIAN_POINT('',(50.,0.,0.5));
#10784 = DIRECTION('',(0.,0.,1.));
#10785 = DIRECTION('',(1.,0.,-0.));
#10786 = PCURVE('',#6916,#10787);
#10787 = DEFINITIONAL_REPRESENTATION('',(#10788),#10792);
#10788 = LINE('',#10789,#10790);
#10789 = CARTESIAN_POINT('',(-0.,-0.5));
#10790 = VECTOR('',#10791,1.);
#10791 = DIRECTION('',(-1.,0.));
#10792 = ( GEOMETRIC_REPRESENTATION_CONTEXT(2) 
PARAMETRIC_REPRESENTATION_CONTEXT() REPRESENTATION_CONTEXT('2D SPACE',''
  ) );
#10793 = PCURVE('',#3387,#10794);
#10794 = DEFINITIONAL_REPRESENTATION('',(#10795),#10799);
#10795 = LINE('',#10796,#10797);
#10796 = CARTESIAN_POINT('',(6.28318530718,-0.));
#10797 = VECTOR('',#10798,1.);
#10798 = DIRECTION('',(1.,-0.));
#10799 = ( GEOMETRIC_REPRESENTATION_CONTEXT(2) 
PARAMETRIC_REPRESENTATION_CONTEXT() REPRESENTATION_CONTEXT('2D SPACE',''
  ) );
#10800 = ORIENTED_EDGE('',*,*,#10801,.T.);
#10801 = EDGE_CURVE('',#10778,#6795,#10802,.T.);
#10802 = SURFACE_CURVE('',#10803,(#10807,#10814),.PCURVE_S1.);
#10803 = LINE('',#10804,#10805);
#10804 = CARTESIAN_POINT('',(53.,0.,0.));
#10805 = VECTOR('',#10806,1.);
#10806 = DIRECTION('',(0.,0.,1.));
#10807 = PCURVE('',#6916,#10808);
#10808 = DEFINITIONAL_REPRESENTATION('',(#10809),#10813);
#10809 = LINE('',#10810,#10811);
#10810 = CARTESIAN_POINT('',(-0.,0.));
#10811 = VECTOR('',#10812,1.);
#10812 = DIRECTION('',(-0.,-1.));
#10813 = ( GEOMETRIC_REPRESENTATION_CONTEXT(2) 
PARAMETRIC_REPRESENTATION_CONTEXT() REPRESENTATION_CONTEXT('2D SPACE',''
  ) );
#10814 = PCURVE('',#6999,#10815);
#10815 = DEFINITIONAL_REPRESENTATION('',(#10816),#10820);
#10816 = LINE('',#10817,#10818);
#10817 = CARTESIAN_POINT('',(-6.28318530718,0.));
#10818 = VECTOR('',#10819,1.);
#10819 = DIRECTION('',(-0.,-1.));
#10820 = ( GEOMETRIC_REPRESENTATION_CONTEXT(2) 
PARAMETRIC_REPRESENTATION_CONTEXT() REPRESENTATION_CONTEXT('2D SPACE',''
  ) );
#10821 = ADVANCED_FACE('',(#10822),#6999,.T.);
#10822 = FACE_BOUND('',#10823,.F.);
#10823 = EDGE_LOOP('',(#10824,#10825,#10826));
#10824 = ORIENTED_EDGE('',*,*,#6981,.T.);
#10825 = ORIENTED_EDGE('',*,*,#10801,.F.);
#10826 = ORIENTED_EDGE('',*,*,#10827,.F.);
#10827 = EDGE_CURVE('',#3266,#10778,#10828,.T.);
#10828 = SURFACE_CURVE('',#10829,(#10834,#10841),.PCURVE_S1.);
#10829 = CIRCLE('',#10830,3.);
#10830 = AXIS2_PLACEMENT_3D('',#10831,#10832,#10833);
#10831 = CARTESIAN_POINT('',(50.,0.,0.5));
#10832 = DIRECTION('',(0.,0.,1.));
#10833 = DIRECTION('',(1.,0.,-0.));
#10834 = PCURVE('',#6999,#10835);
#10835 = DEFINITIONAL_REPRESENTATION('',(#10836),#10840);
#10836 = LINE('',#10837,#10838);
#10837 = CARTESIAN_POINT('',(-0.,-0.5));
#10838 = VECTOR('',#10839,1.);
#10839 = DIRECTION('',(-1.,0.));
#10840 = ( GEOMETRIC_REPRESENTATION_CONTEXT(2) 
PARAMETRIC_REPRESENTATION_CONTEXT() REPRESENTATION_CONTEXT('2D SPACE',''
  ) );
#10841 = PCURVE('',#3387,#10842);
#10842 = DEFINITIONAL_REPRESENTATION('',(#10843),#10847);
#10843 = LINE('',#10844,#10845);
#10844 = CARTESIAN_POINT('',(0.,-0.));
#10845 = VECTOR('',#10846,1.);
#10846 = DIRECTION('',(1.,-0.));
#10847 = ( GEOMETRIC_REPRESENTATION_CONTEXT(2) 
PARAMETRIC_REPRESENTATION_CONTEXT() REPRESENTATION_CONTEXT('2D SPACE',''
  ) );
#10848 = ADVANCED_FACE('',(#10849),#3387,.T.);
#10849 = FACE_BOUND('',#10850,.F.);
#10850 = EDGE_LOOP('',(#10851,#10930,#10931,#10932,#10933));
#10851 = ORIENTED_EDGE('',*,*,#10852,.T.);
#10852 = EDGE_CURVE('',#10650,#7018,#10853,.T.);
#10853 = SURFACE_CURVE('',#10854,(#10872,#10901),.PCURVE_S1.);
#10854 = B_SPLINE_CURVE_WITH_KNOTS('',6,(#10855,#10856,#10857,#10858,
    #10859,#10860,#10861,#10862,#10863,#10864,#10865,#10866,#10867,
    #10868,#10869,#10870,#10871),.UNSPECIFIED.,.F.,.F.,(7,5,5,7),(0.,1.,
    2.141083192265,3.229773123771),.UNSPECIFIED.);
#10855 = CARTESIAN_POINT('',(52.771698804718,1.147904933314,0.5));
#10856 = CARTESIAN_POINT('',(52.823071479413,0.960671491218,
    0.475821129715));
#10857 = CARTESIAN_POINT('',(52.859683064483,0.769808005283,
    0.451459874238));
#10858 = CARTESIAN_POINT('',(52.881065765655,0.576765701999,
    0.426914697035));
#10859 = CARTESIAN_POINT('',(52.886950045419,0.383060490016,
    0.402181118021));
#10860 = CARTESIAN_POINT('',(52.877253823513,0.190265072827,
    0.37725382351));
#10861 = CARTESIAN_POINT('',(52.823462819772,-0.217108276677,
    0.323462819776));
#10862 = CARTESIAN_POINT('',(52.774703615084,-0.430955360056,
    0.294535549476));
#10863 = CARTESIAN_POINT('',(52.706072471572,-0.639110149123,
    0.265347962679));
#10864 = CARTESIAN_POINT('',(52.618186940866,-0.839185586365,
    0.235889897556));
#10865 = CARTESIAN_POINT('',(52.512026306637,-1.028841835721,
    0.206146641754));
#10866 = CARTESIAN_POINT('',(52.271685114845,-1.374756134979,
    0.147457948976));
#10867 = CARTESIAN_POINT('',(52.138993932499,-1.532178217923,
    0.118533507456));
#10868 = CARTESIAN_POINT('',(51.992207390248,-1.67618752198,
    8.933628091132E-02));
#10869 = CARTESIAN_POINT('',(51.832893078324,-1.80505556311,
    5.985454792091E-02));
#10870 = CARTESIAN_POINT('',(51.66290443742,-1.917259070955,
    3.007633862158E-02));
#10871 = CARTESIAN_POINT('',(51.484426723804,-2.01158576791,
    3.51974640605E-17));
#10872 = PCURVE('',#3387,#10873);
#10873 = DEFINITIONAL_REPRESENTATION('',(#10874),#10900);
#10874 = B_SPLINE_CURVE_WITH_KNOTS('',3,(#10875,#10876,#10877,#10878,
    #10879,#10880,#10881,#10882,#10883,#10884,#10885,#10886,#10887,
    #10888,#10889,#10890,#10891,#10892,#10893,#10894,#10895,#10896,
    #10897,#10898,#10899),.UNSPECIFIED.,.F.,.F.,(4,1,1,1,1,1,1,1,1,1,1,1
    ,1,1,1,1,1,1,1,1,1,1,4),(0.,0.146807869262,0.293615738525,
    0.440423607787,0.587231477049,0.734039346312,0.880847215574,
    1.027655084836,1.174462954099,1.321270823361,1.468078692623,
    1.614886561886,1.761694431148,1.90850230041,2.055310169673,
    2.202118038935,2.348925908197,2.495733777459,2.642541646722,
    2.789349515984,2.936157385246,3.082965254509,3.229773123771),
  .QUASI_UNIFORM_KNOTS.);
#10875 = CARTESIAN_POINT('',(6.675831942574,0.));
#10876 = CARTESIAN_POINT('',(6.656977609502,-7.099326605794E-03));
#10877 = CARTESIAN_POINT('',(6.619166473456,-2.133717226526E-02));
#10878 = CARTESIAN_POINT('',(6.562138271732,-4.281272945295E-02));
#10879 = CARTESIAN_POINT('',(6.504794869567,-6.440817202182E-02));
#10880 = CARTESIAN_POINT('',(6.447131216114,-8.612499800718E-02));
#10881 = CARTESIAN_POINT('',(6.389142091505,-0.10796475442));
#10882 = CARTESIAN_POINT('',(6.330821895479,-0.129929128213));
#10883 = CARTESIAN_POINT('',(6.272167198521,-0.152019031422));
#10884 = CARTESIAN_POINT('',(6.213169366801,-0.174237424667));
#10885 = CARTESIAN_POINT('',(6.153824543549,-0.196585583853));
#10886 = CARTESIAN_POINT('',(6.094128696482,-0.219064958766));
#10887 = CARTESIAN_POINT('',(6.034076205021,-0.241677734482));
#10888 = CARTESIAN_POINT('',(5.973660874566,-0.264426452891));
#10889 = CARTESIAN_POINT('',(5.912876465134,-0.287313783352));
#10890 = CARTESIAN_POINT('',(5.851716796892,-0.310342428651));
#10891 = CARTESIAN_POINT('',(5.790178400899,-0.333514128732));
#10892 = CARTESIAN_POINT('',(5.728250285444,-0.356833456199));
#10893 = CARTESIAN_POINT('',(5.665929261133,-0.380301981402));
#10894 = CARTESIAN_POINT('',(5.603209482632,-0.403922151159));
#10895 = CARTESIAN_POINT('',(5.54008397352,-0.427696693705));
#10896 = CARTESIAN_POINT('',(5.476545126341,-0.451628389377));
#10897 = CARTESIAN_POINT('',(5.412585262245,-0.475719838313));
#10898 = CARTESIAN_POINT('',(5.36966059541,-0.491888452438));
#10899 = CARTESIAN_POINT('',(5.348125978492,-0.5));
#10900 = ( GEOMETRIC_REPRESENTATION_CONTEXT(2) 
PARAMETRIC_REPRESENTATION_CONTEXT() REPRESENTATION_CONTEXT('2D SPACE',''
  ) );
#10901 = PCURVE('',#2251,#10902);
#10902 = DEFINITIONAL_REPRESENTATION('',(#10903),#10929);
#10903 = B_SPLINE_CURVE_WITH_KNOTS('',3,(#10904,#10905,#10906,#10907,
    #10908,#10909,#10910,#10911,#10912,#10913,#10914,#10915,#10916,
    #10917,#10918,#10919,#10920,#10921,#10922,#10923,#10924,#10925,
    #10926,#10927,#10928),.UNSPECIFIED.,.F.,.F.,(4,1,1,1,1,1,1,1,1,1,1,1
    ,1,1,1,1,1,1,1,1,1,1,4),(0.,0.146807869262,0.293615738525,
    0.440423607787,0.587231477049,0.734039346312,0.880847215574,
    1.027655084836,1.174462954099,1.321270823361,1.468078692623,
    1.614886561886,1.761694431148,1.90850230041,2.055310169673,
    2.202118038935,2.348925908197,2.495733777459,2.642541646722,
    2.789349515984,2.936157385246,3.082965254509,3.229773123771),
  .QUASI_UNIFORM_KNOTS.);
#10904 = CARTESIAN_POINT('',(0.625013744557,6.759862979088));
#10905 = CARTESIAN_POINT('',(0.616816464311,6.740771782286));
#10906 = CARTESIAN_POINT('',(0.600376192873,6.702485451161));
#10907 = CARTESIAN_POINT('',(0.575577544057,6.644739954324));
#10908 = CARTESIAN_POINT('',(0.550639656084,6.586674643716));
#10909 = CARTESIAN_POINT('',(0.525561141833,6.528284396842));
#10910 = CARTESIAN_POINT('',(0.500340561783,6.469563960529));
#10911 = CARTESIAN_POINT('',(0.474976299115,6.410507741088));
#10912 = CARTESIAN_POINT('',(0.44946758223,6.351112382639));
#10913 = CARTESIAN_POINT('',(0.423811191917,6.291369292771));
#10914 = CARTESIAN_POINT('',(0.398005756757,6.231274740297));
#10915 = CARTESIAN_POINT('',(0.372049595822,6.170824829178));
#10916 = CARTESIAN_POINT('',(0.345940068503,6.110014054383));
#10917 = CARTESIAN_POINT('',(0.319674014604,6.04883631549));
#10918 = CARTESIAN_POINT('',(0.293248040962,5.987285438626));
#10919 = CARTESIAN_POINT('',(0.266658668651,5.92535527101));
#10920 = CARTESIAN_POINT('',(0.239903506529,5.863042355088));
#10921 = CARTESIAN_POINT('',(0.21297691333,5.800335559524));
#10922 = CARTESIAN_POINT('',(0.185876784712,5.737231594443));
#10923 = CARTESIAN_POINT('',(0.158600117566,5.673724423845));
#10924 = CARTESIAN_POINT('',(0.131143728877,5.609806816533));
#10925 = CARTESIAN_POINT('',(0.103504548497,5.545470865521));
#10926 = CARTESIAN_POINT('',(7.567988809692E-02,5.480708569218));
#10927 = CARTESIAN_POINT('',(5.700550912154E-02,5.437245197247));
#10928 = CARTESIAN_POINT('',(4.763687026931E-02,5.415440239438));
#10929 = ( GEOMETRIC_REPRESENTATION_CONTEXT(2) 
PARAMETRIC_REPRESENTATION_CONTEXT() REPRESENTATION_CONTEXT('2D SPACE',''
  ) );
#10930 = ORIENTED_EDGE('',*,*,#7017,.F.);
#10931 = ORIENTED_EDGE('',*,*,#3263,.T.);
#10932 = ORIENTED_EDGE('',*,*,#10827,.T.);
#10933 = ORIENTED_EDGE('',*,*,#10777,.T.);
#10934 = ADVANCED_FACE('',(#10935),#592,.F.);
#10935 = FACE_BOUND('',#10936,.F.);
#10936 = EDGE_LOOP('',(#10937,#10938,#10939,#11183,#11184));
#10937 = ORIENTED_EDGE('',*,*,#3582,.F.);
#10938 = ORIENTED_EDGE('',*,*,#7136,.F.);
#10939 = ORIENTED_EDGE('',*,*,#10940,.T.);
#10940 = EDGE_CURVE('',#7042,#543,#10941,.T.);
#10941 = SURFACE_CURVE('',#10942,(#11169,#11176),.PCURVE_S1.);
#10942 = ( BOUNDED_CURVE() B_SPLINE_CURVE(8,(#10943,#10944,#10945,#10946
    ,#10947,#10948,#10949,#10950,#10951,#10952,#10953,#10954,#10955,
    #10956,#10957,#10958,#10959,#10960,#10961,#10962,#10963,#10964,
    #10965,#10966,#10967,#10968,#10969,#10970,#10971,#10972,#10973,
    #10974,#10975,#10976,#10977,#10978,#10979,#10980,#10981,#10982,
    #10983,#10984,#10985,#10986,#10987,#10988,#10989,#10990,#10991,
    #10992,#10993,#10994,#10995,#10996,#10997,#10998,#10999,#11000,
    #11001,#11002,#11003,#11004,#11005,#11006,#11007,#11008,#11009,
    #11010,#11011,#11012,#11013,#11014,#11015,#11016,#11017,#11018,
    #11019,#11020,#11021,#11022,#11023,#11024,#11025,#11026,#11027,
    #11028,#11029,#11030,#11031,#11032,#11033,#11034,#11035,#11036,
    #11037,#11038,#11039,#11040,#11041,#11042,#11043,#11044,#11045,
    #11046,#11047,#11048,#11049,#11050,#11051,#11052,#11053,#11054,
    #11055,#11056,#11057,#11058,#11059,#11060,#11061,#11062,#11063,
    #11064,#11065,#11066,#11067,#11068,#11069,#11070,#11071,#11072,
    #11073,#11074,#11075,#11076,#11077,#11078,#11079,#11080,#11081,
    #11082,#11083,#11084,#11085,#11086,#11087,#11088,#11089,#11090,
    #11091,#11092,#11093,#11094,#11095,#11096,#11097,#11098,#11099,
    #11100,#11101,#11102,#11103,#11104,#11105,#11106,#11107,#11108,
    #11109,#11110,#11111,#11112,#11113,#11114,#11115,#11116,#11117,
    #11118,#11119,#11120,#11121,#11122,#11123,#11124,#11125,#11126,
    #11127,#11128,#11129,#11130,#11131,#11132,#11133,#11134,#11135,
    #11136,#11137,#11138,#11139,#11140,#11141,#11142,#11143,#11144,
    #11145,#11146,#11147,#11148,#11149,#11150,#11151,#11152,#11153,
    #11154,#11155,#11156,#11157,#11158,#11159,#11160,#11161,#11162,
    #11163,#11164,#11165,#11166,#11167,#11168),.UNSPECIFIED.,.F.,.F.) 
B_SPLINE_CURVE_WITH_KNOTS((9,7,7,7,7,7,7,7,7,7,7,7,7,7,7,7,7,7,7,7,7,7,7
    ,7,7,7,7,7,7,7,7,7,9),(0.,4.175236492591,8.350472985182,
    12.525709477773,16.700945970364,20.876182462955,25.051418955546,
    29.226655448137,33.401891940728,37.57712843332,41.752364925911,
    45.927601418502,50.102837911093,54.278074403684,58.453310896275,
    62.628547388866,66.803783881457,70.979020374048,75.154256866639,
    79.32949335923,83.504729851821,87.679966344412,91.855202837003,
    96.030439329594,100.20567582218,104.38091231477,108.55614880736,
    112.73138529995,116.90662179255,121.08185828514,125.25709477773,
129.43233127032,133.60756776291),.UNSPECIFIED.) CURVE() 
GEOMETRIC_REPRESENTATION_ITEM() RATIONAL_B_SPLINE_CURVE((1.056590953773,
    1.056590953773,1.056590953773,1.056590953773,1.056590953773,
    1.056590953773,1.056590953773,1.056590953773,1.056590953773,
    1.056590953773,1.056590953773,1.056590953773,1.056590953773,
    1.056590953773,1.056590953773,1.056590953773,1.056590953773,
    1.056590953773,1.056590953773,1.056590953773,1.056590953773,
    1.056590953773,1.056590953773,1.056590953773,1.056590953773,
    1.056590953773,1.056590953773,1.056590953773,1.056590953773,
    1.056590953773,1.056590953773,1.056590953773,1.056590953773,
    1.056590953773,1.056590953773,1.056590953773,1.056590953773,
    1.056590953773,1.056590953773,1.056590953773,1.056590953773,
    1.056590953773,1.056590953773,1.056590953773,1.056590953773,
    1.056590953773,1.056590953773,1.056590953773,1.056590953773,
    1.056590953773,1.056590953773,1.056590953773,1.056590953773,
    1.056590953773,1.056590953773,1.056590953773,1.056590953773,
    1.056590953773,1.056590953773,1.056590953773,1.056590953773,
    1.056590953773,1.056590953773,1.056590953773,1.056590953773,
    1.056590953773,1.056590953773,1.056590953773,1.056590953773,
    1.056590953773,1.056590953773,1.056590953773,1.056590953773,
    1.056590953773,1.056590953773,1.056590953773,1.056590953773,
    1.056590953773,1.056590953773,1.056590953773,1.056590953773,
    1.056590953773,1.056590953773,1.056590953773,1.056590953773,
    1.056590953773,1.056590953773,1.056590953773,1.056590953773,
    1.056590953773,1.056590953773,1.056590953773,1.056590953773,
    1.056590953773,1.056590953773,1.056590953773,1.056590953773,
    1.056590953773,1.056590953773,1.056590953773,1.056590953773,
    1.056590953773,1.056590953773,1.056590953773,1.056590953773,
    1.056590953773,1.056590953773,1.056590953773,1.056590953773,
    1.056590953773,1.056590953773,1.056590953773,1.056590953773,
    1.056590953773,1.056590953773,1.056590953773,1.056590953773,
    1.056590953773,1.056590953773,1.056590953773,1.056590953773,
    1.056590953773,1.056590953773,1.056590953773,1.056590953773,
    1.056590953773,1.056590953773,1.056590953773,1.056590953773,
    1.056590953773,1.056590953773,1.056590953773,1.056590953773,
    1.056590953773,1.056590953773,1.056590953773,1.056590953773,
    1.056590953773,1.056590953773,1.056590953773,1.056590953773,
    1.056590953773,1.056590953773,1.056590953773,1.056590953773,
    1.056590953773,1.056590953773,1.056590953773,1.056590953773,
    1.056590953773,1.056590953773,1.056590953773,1.056590953773,
    1.056590953773,1.056590953773,1.056590953773,1.056590953773,
    1.056590953773,1.056590953773,1.056590953773,1.056590953773,
    1.056590953773,1.056590953773,1.056590953773,1.056590953773,
    1.056590953773,1.056590953773,1.056590953773,1.056590953773,
    1.056590953773,1.056590953773,1.056590953773,1.056590953773,
    1.056590953773,1.056590953773,1.056590953773,1.056590953773,
    1.056590953773,1.056590953773,1.056590953773,1.056590953773,
    1.056590953773,1.056590953773,1.056590953773,1.056590953773,
    1.056590953773,1.056590953773,1.056590953773,1.056590953773,
    1.056590953773,1.056590953773,1.056590953773,1.056590953773,
    1.056590953773,1.056590953773,1.056590953773,1.056590953773,
    1.056590953773,1.056590953773,1.056590953773,1.056590953773,
    1.056590953773,1.056590953773,1.056590953773,1.056590953773,
    1.056590953773,1.056590953773,1.056590953773,1.056590953773,
    1.056590953773,1.056590953773,1.056590953773,1.056590953773,
    1.056590953773,1.056590953773,1.056590953773,1.056590953773,
    1.056590953773,1.056590953773,1.056590953773,1.056590953773,
    1.056590953773,1.056590953773,1.056590953773,1.056590953773,
1.056590953773)) REPRESENTATION_ITEM('') );
#10943 = CARTESIAN_POINT('',(52.458734122635,0.,-0.875));
#10944 = CARTESIAN_POINT('',(52.458734942609,1.267269826888,
    -0.792965200972));
#10945 = CARTESIAN_POINT('',(51.711226254558,2.534206074628,
    -0.710945220843));
#10946 = CARTESIAN_POINT('',(50.224444548851,3.290266820007,
    -0.628893770905));
#10947 = CARTESIAN_POINT('',(48.388617307911,3.014710266291,
    -0.54688504119));
#10948 = CARTESIAN_POINT('',(47.139526594597,1.641357520677,
    -0.464838006584));
#10949 = CARTESIAN_POINT('',(46.942190698481,-1.49095499871E-02,
    -0.38281331612));
#10950 = CARTESIAN_POINT('',(47.580300364174,-1.340302875452,
    -0.30078075645));
#10951 = CARTESIAN_POINT('',(49.687700525292,-2.748422636205,
    -0.136718301873));
#10952 = CARTESIAN_POINT('',(51.15639811763,-2.830752586217,
    -5.468594152181E-02));
#10953 = CARTESIAN_POINT('',(52.61107300024,-2.014614772647,
    2.733939842368E-02));
#10954 = CARTESIAN_POINT('',(53.401877289158,-0.335039544897,
    0.109385145755));
#10955 = CARTESIAN_POINT('',(52.95392054894,1.466485374403,
    0.191395736547));
#10956 = CARTESIAN_POINT('',(51.686442037635,2.550768807914,
    0.273445110717));
#10957 = CARTESIAN_POINT('',(50.229888095171,2.756536925045,
    0.355466909884));
#10958 = CARTESIAN_POINT('',(47.888278245598,1.786611545119,
    0.519534010126));
#10959 = CARTESIAN_POINT('',(47.003840903187,0.611168465459,
    0.601555813881));
#10960 = CARTESIAN_POINT('',(46.874298655569,-1.051771112319,
    0.683605173104));
#10961 = CARTESIAN_POINT('',(47.831420318419,-2.642402973133,
    0.765615793515));
#10962 = CARTESIAN_POINT('',(49.578239179628,-3.27085327353,
    0.847661498028));
#10963 = CARTESIAN_POINT('',(51.183947579946,-2.819341744908,
    0.929686885731));
#10964 = CARTESIAN_POINT('',(52.164257357319,-1.722599272406,
    1.011719204231));
#10965 = CARTESIAN_POINT('',(52.658723254545,0.763248719392,
    1.175781716278));
#10966 = CARTESIAN_POINT('',(52.172739976017,2.151654662834,
    1.257814034671));
#10967 = CARTESIAN_POINT('',(50.862046975598,3.183276604371,
    1.339839422719));
#10968 = CARTESIAN_POINT('',(49.007694101289,3.271138878254,
    1.421885126553));
#10969 = CARTESIAN_POINT('',(47.51472772286,2.16786708182,1.503895747941
    ));
#10970 = CARTESIAN_POINT('',(46.998023478915,0.581932317702,
    1.585945106076));
#10971 = CARTESIAN_POINT('',(47.365317588988,-0.842492105817,
    1.667966910787));
#10972 = CARTESIAN_POINT('',(49.157507090106,-2.634683145734,
    1.832034009709));
#10973 = CARTESIAN_POINT('',(50.581934410907,-3.001974111685,
    1.914055814428));
#10974 = CARTESIAN_POINT('',(52.167863922612,-2.485276117663,
    1.996105172546));
#10975 = CARTESIAN_POINT('',(53.271141539414,-0.992302542884,
    2.078115793957));
#10976 = CARTESIAN_POINT('',(53.183275271647,0.862045167861,
    2.160161497766));
#10977 = CARTESIAN_POINT('',(52.151655009638,2.172740312654,
    2.242186885838));
#10978 = CARTESIAN_POINT('',(50.763248776475,2.658723277664,
    2.32421920421));
#10979 = CARTESIAN_POINT('',(48.27740078918,2.164257357803,
    2.488281716288));
#10980 = CARTESIAN_POINT('',(47.180658704316,1.183947401669,
    2.570314034659));
#10981 = CARTESIAN_POINT('',(46.729144803421,-0.421759660304,
    2.652339422731));
#10982 = CARTESIAN_POINT('',(47.357600769649,-2.168581763491,
    2.734385126544));
#10983 = CARTESIAN_POINT('',(48.948224499284,-3.125699005342,
    2.816395747946));
#10984 = CARTESIAN_POINT('',(50.611171321334,-2.996160521656,
    2.898445106074));
#10985 = CARTESIAN_POINT('',(51.786610521106,-2.111721383406,
    2.980466910788));
#10986 = CARTESIAN_POINT('',(52.756537911497,0.229887633667,
    3.144534009707));
#10987 = CARTESIAN_POINT('',(52.550765781138,1.686443048431,
    3.226555814434));
#10988 = CARTESIAN_POINT('',(51.466490130942,2.953919102456,
    3.308605172538));
#10989 = CARTESIAN_POINT('',(49.664956337374,3.401878459265,
    3.390615793962));
#10990 = CARTESIAN_POINT('',(47.985387406196,2.611072466135,
    3.472661497764));
#10991 = CARTESIAN_POINT('',(47.169246971323,1.156398303945,
    3.554686885838));
#10992 = CARTESIAN_POINT('',(47.251577319625,-0.312299426805,
    3.63671920421));
#10993 = CARTESIAN_POINT('',(48.659697102625,-2.419699587802,
    3.800781716288));
#10994 = CARTESIAN_POINT('',(49.985090432069,-3.057808773661,
    3.882814034659));
#10995 = CARTESIAN_POINT('',(51.641357211188,-2.860475735475,
    3.96483942273));
#10996 = CARTESIAN_POINT('',(53.014710713019,-1.611378253055,
    4.046885126547));
#10997 = CARTESIAN_POINT('',(53.290266394516,0.224439366022,
    4.128895747942));
#10998 = CARTESIAN_POINT('',(52.534206243064,1.71122966697,
    4.210945106077));
#10999 = CARTESIAN_POINT('',(51.267269917981,2.458733680218,
    4.292966910787));
#11000 = CARTESIAN_POINT('',(48.73273013106,2.458734768314,
    4.457034009707));
#11001 = CARTESIAN_POINT('',(47.465793980527,1.711226483162,
    4.539055814433));
#11002 = CARTESIAN_POINT('',(46.709733123704,0.224444315549,
    4.62110517254));
#11003 = CARTESIAN_POINT('',(46.985289778203,-1.611382507677,
    4.703115793961));
#11004 = CARTESIAN_POINT('',(48.358642452915,-2.86047351485,
    4.785161497765));
#11005 = CARTESIAN_POINT('',(50.014909560747,-3.057809256924,
    4.867186885838));
#11006 = CARTESIAN_POINT('',(51.340302873357,-2.419699644513,
    4.94921920421));
#11007 = CARTESIAN_POINT('',(52.748422637173,-0.312299470698,
    5.113281716288));
#11008 = CARTESIAN_POINT('',(52.830752584948,1.15639811237,
    5.195314034659));
#11009 = CARTESIAN_POINT('',(52.014614773942,2.611073005607,
    5.27733942273));
#11010 = CARTESIAN_POINT('',(50.335039543873,3.401877284916,
    5.359385126546));
#11011 = CARTESIAN_POINT('',(48.533514626205,2.953920551456,
    5.441395747944));
#11012 = CARTESIAN_POINT('',(47.449231191838,1.68644203661,
    5.523445106074));
#11013 = CARTESIAN_POINT('',(47.243463075004,0.22988809537,5.60546691079
    ));
#11014 = CARTESIAN_POINT('',(48.213388454859,-2.111721754493,
    5.769534009699));
#11015 = CARTESIAN_POINT('',(49.38883153457,-2.996159096694,
    5.851555814455));
#11016 = CARTESIAN_POINT('',(51.051771112289,-3.125701344552,
    5.933605172512));
#11017 = CARTESIAN_POINT('',(52.642402973158,-2.168579681485,
    6.015615793981));
#11018 = CARTESIAN_POINT('',(53.270853273514,-0.42176082043,
    6.097661497758));
#11019 = CARTESIAN_POINT('',(52.819341744915,1.18394757997,
    6.179686885837));
#11020 = CARTESIAN_POINT('',(51.722599272405,2.164257357315,
    6.261719204211));
#11021 = CARTESIAN_POINT('',(49.236751280609,2.658723254547,
    6.425781716288));
#11022 = CARTESIAN_POINT('',(47.848345337164,2.172739976013,
    6.50781403466));
#11023 = CARTESIAN_POINT('',(46.81672339563,0.862046975604,
    6.589839422724));
#11024 = CARTESIAN_POINT('',(46.728861121746,-0.99230589872,
    6.671885126561));
#11025 = CARTESIAN_POINT('',(47.832132918178,-2.485272277132,
    6.753895747926));
#11026 = CARTESIAN_POINT('',(49.418067682301,-3.001976521089,
    6.835945106088));
#11027 = CARTESIAN_POINT('',(50.842492105816,-2.634682411011,
    6.917966910786));
#11028 = CARTESIAN_POINT('',(52.634683145733,-0.842492909894,
    7.082034009696));
#11029 = CARTESIAN_POINT('',(53.001974111686,0.581934410904,
    7.164055814466));
#11030 = CARTESIAN_POINT('',(52.485276117664,2.167863922617,
    7.246105172497));
#11031 = CARTESIAN_POINT('',(50.992302542881,3.27114153941,
    7.328115793992));
#11032 = CARTESIAN_POINT('',(49.137954832141,3.183275271649,
    7.410161497755));
#11033 = CARTESIAN_POINT('',(47.827259687345,2.151655009638,
    7.492186885837));
#11034 = CARTESIAN_POINT('',(47.341276722336,0.763248776475,
    7.574219204212));
#11035 = CARTESIAN_POINT('',(47.835742642197,-1.72259921082,
    7.738281716288));
#11036 = CARTESIAN_POINT('',(48.81605259833,-2.819341295687,
    7.82031403466));
#11037 = CARTESIAN_POINT('',(50.421759660307,-3.270855196573,
    7.902339422721));
#11038 = CARTESIAN_POINT('',(52.168581763487,-2.642399230361,
    7.984385126571));
#11039 = CARTESIAN_POINT('',(53.125699005346,-1.051775500708,
    8.066395747911));
#11040 = CARTESIAN_POINT('',(52.996160521653,0.611171321332,
    8.148445106101));
#11041 = CARTESIAN_POINT('',(52.111721383406,1.786610521103,
    8.230466910779));
#11042 = CARTESIAN_POINT('',(49.770112366333,2.756537911498,
    8.394534009709));
#11043 = CARTESIAN_POINT('',(48.313556951571,2.550765781137,
    8.476555814432));
#11044 = CARTESIAN_POINT('',(47.046080897541,1.466490130943,
    8.55860517254));
#11045 = CARTESIAN_POINT('',(46.598121540738,-0.335043662627,
    8.64061579396));
#11046 = CARTESIAN_POINT('',(47.388927533864,-2.014612593804,
    8.722661497765));
#11047 = CARTESIAN_POINT('',(48.843601696056,-2.830753028677,
    8.804686885838));
#11048 = CARTESIAN_POINT('',(50.312299426805,-2.748422680375,
    8.886719204211));
#11049 = CARTESIAN_POINT('',(52.419699587802,-1.340302897375,
    9.050781716287));
#11050 = CARTESIAN_POINT('',(53.057808773658,-1.490956793125E-02,
    9.132814034659));
#11051 = CARTESIAN_POINT('',(52.860475735485,1.64135721119,9.21483942273
    ));
#11052 = CARTESIAN_POINT('',(51.611378253036,3.014710713016,
    9.296885126545));
#11053 = CARTESIAN_POINT('',(49.775560633995,3.290266394519,
    9.378895747946));
#11054 = CARTESIAN_POINT('',(48.288770333023,2.534206243064,
    9.460945106075));
#11055 = CARTESIAN_POINT('',(47.54126631978,1.26726991798,9.542966910787
    ));
#11056 = CARTESIAN_POINT('',(47.541265231686,-1.267269868939,
    9.707034009712));
#11057 = CARTESIAN_POINT('',(48.288773516838,-2.534206019477,
    9.789055814418));
#11058 = CARTESIAN_POINT('',(49.77555568445,-3.290266876289,
    9.871105172559));
#11059 = CARTESIAN_POINT('',(51.611382507677,-3.014710221803,
    9.953115793947));
#11060 = CARTESIAN_POINT('',(52.860473514851,-1.641357547081,
    10.035161497769));
#11061 = CARTESIAN_POINT('',(53.057809256923,1.49095607461E-02,
    10.117186885838));
#11062 = CARTESIAN_POINT('',(52.419699644513,1.340302873357,
    10.19921920421));
#11063 = CARTESIAN_POINT('',(50.312299470697,2.748422637173,
    10.363281716287));
#11064 = CARTESIAN_POINT('',(48.843601887629,2.830752584947,
    10.445314034659));
#11065 = CARTESIAN_POINT('',(47.388926994394,2.014614773945,
    10.527339422734));
#11066 = CARTESIAN_POINT('',(46.598122715083,0.335039543868,
    10.609385126537));
#11067 = CARTESIAN_POINT('',(47.046079448543,-1.46648537379,
    10.691395747955));
#11068 = CARTESIAN_POINT('',(48.313557963392,-2.550768808165,
    10.773445106068));
#11069 = CARTESIAN_POINT('',(49.770111904629,-2.756536924995,
    10.855466910788));
#11070 = CARTESIAN_POINT('',(52.111721754495,-1.786611545142,
    11.019534009713));
#11071 = CARTESIAN_POINT('',(52.996159096693,-0.611168465429,
    11.101555814414));
#11072 = CARTESIAN_POINT('',(53.125701344551,1.051771112288,
    11.183605172565));
#11073 = CARTESIAN_POINT('',(52.168579681487,2.642402973157,
    11.265615793942));
#11074 = CARTESIAN_POINT('',(50.421760820428,3.270853273515,
    11.347661497771));
#11075 = CARTESIAN_POINT('',(48.816052420031,2.819341744914,
    11.429686885838));
#11076 = CARTESIAN_POINT('',(47.835742642685,1.722599272405,
    11.51171920421));
#11077 = CARTESIAN_POINT('',(47.341276745453,-0.763248719392,
    11.675781716287));
#11078 = CARTESIAN_POINT('',(47.827260023986,-2.151654662838,
    11.757814034658));
#11079 = CARTESIAN_POINT('',(49.137953024399,-3.18327660436,
    11.839839422735));
#11080 = CARTESIAN_POINT('',(50.992305898714,-3.271138878273,
    11.921885126535));
#11081 = CARTESIAN_POINT('',(52.485272277137,-2.167867081801,
    12.003895747957));
#11082 = CARTESIAN_POINT('',(53.001976521085,-0.581932317711,
    12.085945106066));
#11083 = CARTESIAN_POINT('',(52.634682411011,0.842492105818,
    12.16796691079));
#11084 = CARTESIAN_POINT('',(50.842492909894,2.634683145733,
    12.332034009706));
#11085 = CARTESIAN_POINT('',(49.418065589094,3.001974111686,
    12.414055814432));
#11086 = CARTESIAN_POINT('',(47.832136077386,2.485276117661,
    12.496105172543));
#11087 = CARTESIAN_POINT('',(46.728858460587,0.992302542885,
    12.578115793958));
#11088 = CARTESIAN_POINT('',(46.816724728352,-0.862045167862,
    12.660161497766));
#11089 = CARTESIAN_POINT('',(47.848344990362,-2.172740312654,
    12.742186885838));
#11090 = CARTESIAN_POINT('',(49.236751223525,-2.658723277664,
    12.82421920421));
#11091 = CARTESIAN_POINT('',(51.72259921082,-2.164257357803,
    12.988281716287));
#11092 = CARTESIAN_POINT('',(52.819341295687,-1.18394740167,
    13.070314034659));
#11093 = CARTESIAN_POINT('',(53.27085519657,0.421759660306,
    13.152339422731));
#11094 = CARTESIAN_POINT('',(52.642399230368,2.168581763488,
    13.234385126544));
#11095 = CARTESIAN_POINT('',(51.051775500699,3.125699005345,
    13.316395747947));
#11096 = CARTESIAN_POINT('',(49.388828678674,2.996160521653,
    13.398445106075));
#11097 = CARTESIAN_POINT('',(48.213389478896,2.111721383407,
    13.480466910786));
#11098 = CARTESIAN_POINT('',(47.243462088502,-0.229887633667,
    13.644534009714));
#11099 = CARTESIAN_POINT('',(47.449234218863,-1.686443048432,
    13.726555814414));
#11100 = CARTESIAN_POINT('',(48.533509869059,-2.953919102453,
    13.808605172563));
#11101 = CARTESIAN_POINT('',(50.335043662624,-3.401878459268,
    13.890615793945));
#11102 = CARTESIAN_POINT('',(52.014612593805,-2.611072466134,
    13.97266149777));
#11103 = CARTESIAN_POINT('',(52.830753028676,-1.156398303945,
    14.054686885839));
#11104 = CARTESIAN_POINT('',(52.748422680375,0.312299426805,
    14.13671920421));
#11105 = CARTESIAN_POINT('',(51.340302897375,2.419699587802,
    14.300781716288));
#11106 = CARTESIAN_POINT('',(50.014909567931,3.057808773658,
    14.382814034658));
#11107 = CARTESIAN_POINT('',(48.358642788811,2.860475735486,
    14.464839422736));
#11108 = CARTESIAN_POINT('',(46.985289286981,1.611378253035,
    14.546885126532));
#11109 = CARTESIAN_POINT('',(46.709733605484,-0.224439366003,
    14.628895747962));
#11110 = CARTESIAN_POINT('',(47.465793756935,-1.711229666978,
    14.710945106062));
#11111 = CARTESIAN_POINT('',(48.73273008202,-2.458733680221,
    14.792966910793));
#11112 = CARTESIAN_POINT('',(51.26726986894,-2.458734768312,
    14.957034009701));
#11113 = CARTESIAN_POINT('',(52.534206019469,-1.711226483167,
    15.039055814449));
#11114 = CARTESIAN_POINT('',(53.290266876303,-0.224444315543,
    15.121105172518));
#11115 = CARTESIAN_POINT('',(53.014710221791,1.611382507672,
    15.203115793978));
#11116 = CARTESIAN_POINT('',(51.641357547088,2.860473514852,
    15.285161497757));
#11117 = CARTESIAN_POINT('',(49.985090439253,3.057809256923,
    15.367186885839));
#11118 = CARTESIAN_POINT('',(48.659697126643,2.419699644513,
    15.44921920421));
#11119 = CARTESIAN_POINT('',(47.251577362828,0.312299470698,
    15.613281716288));
#11120 = CARTESIAN_POINT('',(47.169247415052,-1.156398112372,
    15.695314034659));
#11121 = CARTESIAN_POINT('',(47.985385226057,-2.611073005603,
    15.777339422723));
#11122 = CARTESIAN_POINT('',(49.664960456129,-3.401877284923,
    15.859385126565));
#11123 = CARTESIAN_POINT('',(51.466485373791,-2.953920551451,
    15.941395747918));
#11124 = CARTESIAN_POINT('',(52.550768808166,-1.686442036612,
    16.023445106096));
#11125 = CARTESIAN_POINT('',(52.756536924993,-0.229888095372,
    16.105466910779));
#11126 = CARTESIAN_POINT('',(51.786611545142,2.111721754495,
    16.269534009711));
#11127 = CARTESIAN_POINT('',(50.611168465429,2.996159096693,
    16.351555814423));
#11128 = CARTESIAN_POINT('',(48.948228887711,3.125701344552,
    16.433605172553));
#11129 = CARTESIAN_POINT('',(47.357597026843,2.168579681486,
    16.515615793951));
#11130 = CARTESIAN_POINT('',(46.729146726485,0.421760820429,
    16.597661497769));
#11131 = CARTESIAN_POINT('',(47.180658255086,-1.183947579969,
    16.679686885837));
#11132 = CARTESIAN_POINT('',(48.277400727595,-2.164257357315,
    16.76171920421));
#11133 = CARTESIAN_POINT('',(50.763248719391,-2.658723254547,
    16.925781716288));
#11134 = CARTESIAN_POINT('',(52.151654662838,-2.172739976015,
    17.007814034659));
#11135 = CARTESIAN_POINT('',(53.183276604357,-0.862046975597,
    17.089839422732));
#11136 = CARTESIAN_POINT('',(53.271138878278,0.992305898707,
    17.171885126544));
#11137 = CARTESIAN_POINT('',(52.167867081797,2.485272277145,
    17.253895747945));
#11138 = CARTESIAN_POINT('',(50.581932317713,3.001976521082,
    17.335945106077));
#11139 = CARTESIAN_POINT('',(49.157507894183,2.634682411011,
    17.417966910783));
#11140 = CARTESIAN_POINT('',(47.365316854265,0.842492909895,
    17.582034009723));
#11141 = CARTESIAN_POINT('',(46.998025888313,-0.581934410908,
    17.66405581439));
#11142 = CARTESIAN_POINT('',(47.514723882342,-2.167863922612,
    17.746105172597));
#11143 = CARTESIAN_POINT('',(49.007697457109,-3.271141539414,
    17.828115793915));
#11144 = CARTESIAN_POINT('',(50.862045167868,-3.183275271649,
    17.910161497789));
#11145 = CARTESIAN_POINT('',(52.172740312649,-2.151655009636,
    17.992186885827));
#11146 = CARTESIAN_POINT('',(52.658723277666,-0.763248776476,
    18.074219204218));
#11147 = CARTESIAN_POINT('',(52.164257357797,1.722599210822,
    18.238281716267));
#11148 = CARTESIAN_POINT('',(51.183947401694,2.819341295681,
    18.320314034764));
#11149 = CARTESIAN_POINT('',(49.578240339639,3.270855196583,
    18.402339422477));
#11150 = CARTESIAN_POINT('',(47.831418236605,2.642399230347,
    18.484385126968));
#11151 = CARTESIAN_POINT('',(46.874300994532,1.051775500726,
    18.566395747408));
#11152 = CARTESIAN_POINT('',(47.003839478473,-0.611171321353,
    18.648445106608));
#11153 = CARTESIAN_POINT('',(47.888278616492,-1.786610521084,
    18.730466910372));
#11154 = CARTESIAN_POINT('',(50.229887633885,-2.756537911546,
    18.894534010623));
#11155 = CARTESIAN_POINT('',(51.686443047313,-2.550765780892,
    18.976555809753));
#11156 = CARTESIAN_POINT('',(52.953919105199,-1.466490131542,
    19.058605183987));
#11157 = CARTESIAN_POINT('',(53.401878454638,0.335043663638,
    19.140615774715));
#11158 = CARTESIAN_POINT('',(52.611072471993,2.014612592522,
    19.222661522083));
#11159 = CARTESIAN_POINT('',(51.156398298203,2.830753029934,
    19.30468686202));
#11160 = CARTESIAN_POINT('',(49.687700577573,2.748422679416,
    19.38671922237));
#11161 = CARTESIAN_POINT('',(47.580300402714,1.340302899453,
    19.550781676948));
#11162 = CARTESIAN_POINT('',(46.942191275024,1.490955726002E-02,
    19.632814236615));
#11163 = CARTESIAN_POINT('',(47.139524145043,-1.641357184996,
    19.714838927094));
#11164 = CARTESIAN_POINT('',(48.388621948267,-3.014710757152,
    19.796885961664));
#11165 = CARTESIAN_POINT('',(50.224439111331,-3.290266338687,
    19.878894691432));
#11166 = CARTESIAN_POINT('',(51.71122991653,-2.534206297762,
    19.960946141318));
#11167 = CARTESIAN_POINT('',(52.458733489946,-1.267269876283,
    20.042966121481));
#11168 = CARTESIAN_POINT('',(52.458734335213,-4.883330917416E-08,
    20.125000920494));
#11169 = PCURVE('',#592,#11170);
#11170 = DEFINITIONAL_REPRESENTATION('',(#11171),#11175);
#11171 = LINE('',#11172,#11173);
#11172 = CARTESIAN_POINT('',(2.094395102393,0.));
#11173 = VECTOR('',#11174,1.);
#11174 = DIRECTION('',(0.,1.));
#11175 = ( GEOMETRIC_REPRESENTATION_CONTEXT(2) 
PARAMETRIC_REPRESENTATION_CONTEXT() REPRESENTATION_CONTEXT('2D SPACE',''
  ) );
#11176 = PCURVE('',#2251,#11177);
#11177 = DEFINITIONAL_REPRESENTATION('',(#11178),#11182);
#11178 = LINE('',#11179,#11180);
#11179 = CARTESIAN_POINT('',(0.,0.));
#11180 = VECTOR('',#11181,1.);
#11181 = DIRECTION('',(0.,1.));
#11182 = ( GEOMETRIC_REPRESENTATION_CONTEXT(2) 
PARAMETRIC_REPRESENTATION_CONTEXT() REPRESENTATION_CONTEXT('2D SPACE',''
  ) );
#11183 = ORIENTED_EDGE('',*,*,#542,.T.);
#11184 = ORIENTED_EDGE('',*,*,#3231,.F.);
#11185 = ADVANCED_FACE('',(#11186),#2251,.F.);
#11186 = FACE_BOUND('',#11187,.F.);
#11187 = EDGE_LOOP('',(#11188,#11189,#11190,#11191,#11192,#11193,#11194,
    #11195,#11196,#11197,#11198,#11199,#11200,#11201,#11202,#11203,
    #11204,#11205,#11206,#11207,#11208,#11209,#11210,#11303));
#11188 = ORIENTED_EDGE('',*,*,#10940,.F.);
#11189 = ORIENTED_EDGE('',*,*,#7041,.F.);
#11190 = ORIENTED_EDGE('',*,*,#10852,.F.);
#11191 = ORIENTED_EDGE('',*,*,#10649,.T.);
#11192 = ORIENTED_EDGE('',*,*,#10456,.T.);
#11193 = ORIENTED_EDGE('',*,*,#10242,.T.);
#11194 = ORIENTED_EDGE('',*,*,#10070,.T.);
#11195 = ORIENTED_EDGE('',*,*,#9877,.T.);
#11196 = ORIENTED_EDGE('',*,*,#9684,.T.);
#11197 = ORIENTED_EDGE('',*,*,#9491,.T.);
#11198 = ORIENTED_EDGE('',*,*,#9298,.T.);
#11199 = ORIENTED_EDGE('',*,*,#9126,.T.);
#11200 = ORIENTED_EDGE('',*,*,#8954,.T.);
#11201 = ORIENTED_EDGE('',*,*,#8782,.T.);
#11202 = ORIENTED_EDGE('',*,*,#8589,.T.);
#11203 = ORIENTED_EDGE('',*,*,#8417,.T.);
#11204 = ORIENTED_EDGE('',*,*,#8227,.T.);
#11205 = ORIENTED_EDGE('',*,*,#8034,.T.);
#11206 = ORIENTED_EDGE('',*,*,#7862,.T.);
#11207 = ORIENTED_EDGE('',*,*,#7669,.T.);
#11208 = ORIENTED_EDGE('',*,*,#7497,.T.);
#11209 = ORIENTED_EDGE('',*,*,#7307,.T.);
#11210 = ORIENTED_EDGE('',*,*,#11211,.T.);
#11211 = EDGE_CURVE('',#7285,#486,#11212,.T.);
#11212 = SURFACE_CURVE('',#11213,(#11241,#11272),.PCURVE_S1.);
#11213 = B_SPLINE_CURVE_WITH_KNOTS('',7,(#11214,#11215,#11216,#11217,
    #11218,#11219,#11220,#11221,#11222,#11223,#11224,#11225,#11226,
    #11227,#11228,#11229,#11230,#11231,#11232,#11233,#11234,#11235,
    #11236,#11237,#11238,#11239,#11240),.UNSPECIFIED.,.F.,.F.,(8,6,6,7,8
    ),(0.,0.247114013469,0.498885002601,0.752885986531,1.),
  .UNSPECIFIED.);
#11214 = CARTESIAN_POINT('',(53.,3.552713678801E-15,19.437501568356));
#11215 = CARTESIAN_POINT('',(53.000020931713,0.555055287794,
    19.466951435501));
#11216 = CARTESIAN_POINT('',(52.880079723725,1.112756565163,
    19.496521768233));
#11217 = CARTESIAN_POINT('',(52.638832925957,1.636725034785,
    19.526025331008));
#11218 = CARTESIAN_POINT('',(52.289111684898,2.098209924662,
    19.555450696715));
#11219 = CARTESIAN_POINT('',(51.849819122905,2.472151332739,
    19.584908068181));
#11220 = CARTESIAN_POINT('',(51.34507811184,2.738444339437,
    19.614474108014));
#11221 = CARTESIAN_POINT('',(50.26612054675,3.041230092557,
    19.673963434537));
#11222 = CARTESIAN_POINT('',(49.685160084513,3.075014356504,
    19.704043773934));
#11223 = CARTESIAN_POINT('',(49.104241732121,2.977530536845,
    19.734441853277));
#11224 = CARTESIAN_POINT('',(48.557301444042,2.754431934255,
    19.763918024342));
#11225 = CARTESIAN_POINT('',(48.073921104776,2.417682773113,
    19.794252892151));
#11226 = CARTESIAN_POINT('',(47.682335975769,1.987067593123,
    19.82439263818));
#11227 = CARTESIAN_POINT('',(47.115370073474,1.002357143591,
    19.884644850319));
#11228 = CARTESIAN_POINT('',(46.93898747948,0.441838197861,
    19.915013151647));
#11229 = CARTESIAN_POINT('',(46.892333815563,-0.150620127534,
    19.945333019056));
#11230 = CARTESIAN_POINT('',(46.978218840221,-0.740981757975,
    19.975611377696));
#11231 = CARTESIAN_POINT('',(47.191710759584,-1.295536126578,
    20.005936999815));
#11232 = CARTESIAN_POINT('',(47.520427601835,-1.782586496713,
    20.036344966486));
#11233 = CARTESIAN_POINT('',(47.934310427116,-2.17552903646,
    20.066624402134));
#11234 = CARTESIAN_POINT('',(48.413055310011,-2.630148508313,
    20.101646080764));
#11235 = CARTESIAN_POINT('',(49.013080951369,-2.965829469366,
    20.136988767759));
#11236 = CARTESIAN_POINT('',(49.690572414023,-3.134956353703,
    20.172020617013));
#11237 = CARTESIAN_POINT('',(50.390296272346,-3.126058226301,
    20.207146242179));
#11238 = CARTESIAN_POINT('',(51.063386508224,-2.939244272783,
    20.242099557069));
#11239 = CARTESIAN_POINT('',(51.654428732976,-2.588247769673,
    20.277439943474));
#11240 = CARTESIAN_POINT('',(52.121321177925,-2.121319509194,
    20.31248729752));
#11241 = PCURVE('',#2251,#11242);
#11242 = DEFINITIONAL_REPRESENTATION('',(#11243),#11271);
#11243 = B_SPLINE_CURVE_WITH_KNOTS('',7,(#11244,#11245,#11246,#11247,
    #11248,#11249,#11250,#11251,#11252,#11253,#11254,#11255,#11256,
    #11257,#11258,#11259,#11260,#11261,#11262,#11263,#11264,#11265,
    #11266,#11267,#11268,#11269,#11270),.UNSPECIFIED.,.F.,.F.,(8,6,6,7,8
    ),(0.,0.247114013469,0.498885002601,0.752885986531,1.),
  .UNSPECIFIED.);
#11244 = CARTESIAN_POINT('',(0.625004540167,127.24529816679));
#11245 = CARTESIAN_POINT('',(0.625001852448,127.43267457964));
#11246 = CARTESIAN_POINT('',(0.62499820048,127.62082049387));
#11247 = CARTESIAN_POINT('',(0.62503681841,127.80840713398));
#11248 = CARTESIAN_POINT('',(0.625032700723,127.99563221112));
#11249 = CARTESIAN_POINT('',(0.624975584127,128.18322951369));
#11250 = CARTESIAN_POINT('',(0.624949115994,128.37142069643));
#11251 = CARTESIAN_POINT('',(0.625014454737,128.74969971341));
#11252 = CARTESIAN_POINT('',(0.62485178678,128.94159627564));
#11253 = CARTESIAN_POINT('',(0.625621597574,129.13254804877));
#11254 = CARTESIAN_POINT('',(0.624506036386,129.32363200772));
#11255 = CARTESIAN_POINT('',(0.625128212132,129.51465125825));
#11256 = CARTESIAN_POINT('',(0.625083699436,129.70654991438));
#11257 = CARTESIAN_POINT('',(0.625018543906,130.09009773072));
#11258 = CARTESIAN_POINT('',(0.624918771074,130.28362630555));
#11259 = CARTESIAN_POINT('',(0.624927559294,130.47650138435));
#11260 = CARTESIAN_POINT('',(0.624994150759,130.66892849374));
#11261 = CARTESIAN_POINT('',(0.625030226294,130.86175338101));
#11262 = CARTESIAN_POINT('',(0.625014630584,131.05526653911));
#11263 = CARTESIAN_POINT('',(0.625010167922,131.24792653301));
#11264 = CARTESIAN_POINT('',(0.625002693176,131.4707675159));
#11265 = CARTESIAN_POINT('',(0.624988466328,131.69567231852));
#11266 = CARTESIAN_POINT('',(0.625011790309,131.91848003484));
#11267 = CARTESIAN_POINT('',(0.625087279581,132.14171843402));
#11268 = CARTESIAN_POINT('',(0.62494732299,132.36454591062));
#11269 = CARTESIAN_POINT('',(0.62494220976,132.58940708435));
#11270 = CARTESIAN_POINT('',(0.624975550546,132.81228158174));
#11271 = ( GEOMETRIC_REPRESENTATION_CONTEXT(2) 
PARAMETRIC_REPRESENTATION_CONTEXT() REPRESENTATION_CONTEXT('2D SPACE',''
  ) );
#11272 = PCURVE('',#502,#11273);
#11273 = DEFINITIONAL_REPRESENTATION('',(#11274),#11302);
#11274 = B_SPLINE_CURVE_WITH_KNOTS('',7,(#11275,#11276,#11277,#11278,
    #11279,#11280,#11281,#11282,#11283,#11284,#11285,#11286,#11287,
    #11288,#11289,#11290,#11291,#11292,#11293,#11294,#11295,#11296,
    #11297,#11298,#11299,#11300,#11301),.UNSPECIFIED.,.F.,.F.,(8,6,6,7,8
    ),(0.,0.247114013469,0.498885002601,0.752885986531,1.),
  .UNSPECIFIED.);
#11275 = CARTESIAN_POINT('',(0.,-19.43750156835));
#11276 = CARTESIAN_POINT('',(-0.185039874713,-19.4669514355));
#11277 = CARTESIAN_POINT('',(-0.370834893574,-19.49652176823));
#11278 = CARTESIAN_POINT('',(-0.556085291811,-19.526025331));
#11279 = CARTESIAN_POINT('',(-0.74099698017,-19.55545069671));
#11280 = CARTESIAN_POINT('',(-0.926279948505,-19.58490806818));
#11281 = CARTESIAN_POINT('',(-1.112128795136,-19.61447410801));
#11282 = CARTESIAN_POINT('',(-1.485700734013,-19.67396343453));
#11283 = CARTESIAN_POINT('',(-1.675198666123,-19.70404377393));
#11284 = CARTESIAN_POINT('',(-1.863792133391,-19.73444185327));
#11285 = CARTESIAN_POINT('',(-2.052514774728,-19.76391802434));
#11286 = CARTESIAN_POINT('',(-2.241125716687,-19.79425289215));
#11287 = CARTESIAN_POINT('',(-2.430655530153,-19.82439263818));
#11288 = CARTESIAN_POINT('',(-2.809437483313,-19.88464485031));
#11289 = CARTESIAN_POINT('',(-3.000556858473,-19.91501315164));
#11290 = CARTESIAN_POINT('',(-3.19101885919,-19.94533301905));
#11291 = CARTESIAN_POINT('',(-3.381060491135,-19.97561137769));
#11292 = CARTESIAN_POINT('',(-3.571511785532,-20.00593699981));
#11293 = CARTESIAN_POINT('',(-3.762620670532,-20.03634496648));
#11294 = CARTESIAN_POINT('',(-3.952883119818,-20.06662440213));
#11295 = CARTESIAN_POINT('',(-4.172949762457,-20.10164608076));
#11296 = CARTESIAN_POINT('',(-4.395047909913,-20.13698876775));
#11297 = CARTESIAN_POINT('',(-4.615055766351,-20.17202061701));
#11298 = CARTESIAN_POINT('',(-4.835551319463,-20.20714624218));
#11299 = CARTESIAN_POINT('',(-5.055627949846,-20.24209955706));
#11300 = CARTESIAN_POINT('',(-5.277687782537,-20.27743994347));
#11301 = CARTESIAN_POINT('',(-5.497787537106,-20.31248729752));
#11302 = ( GEOMETRIC_REPRESENTATION_CONTEXT(2) 
PARAMETRIC_REPRESENTATION_CONTEXT() REPRESENTATION_CONTEXT('2D SPACE',''
  ) );
#11303 = ORIENTED_EDGE('',*,*,#2199,.T.);
#11304 = ADVANCED_FACE('',(#11305),#502,.T.);
#11305 = FACE_BOUND('',#11306,.F.);
#11306 = EDGE_LOOP('',(#11307,#11308,#11309,#11310));
#11307 = ORIENTED_EDGE('',*,*,#11211,.F.);
#11308 = ORIENTED_EDGE('',*,*,#7284,.T.);
#11309 = ORIENTED_EDGE('',*,*,#2734,.T.);
#11310 = ORIENTED_EDGE('',*,*,#483,.T.);
#11311 = ADVANCED_FACE('',(#11312),#437,.T.);
#11312 = FACE_BOUND('',#11313,.T.);
#11313 = EDGE_LOOP('',(#11314,#11337,#11338,#11339));
#11314 = ORIENTED_EDGE('',*,*,#11315,.F.);
#11315 = EDGE_CURVE('',#395,#11316,#11318,.T.);
#11316 = VERTEX_POINT('',#11317);
#11317 = CARTESIAN_POINT('',(54.4,0.,26.));
#11318 = SEAM_CURVE('',#11319,(#11323,#11330),.PCURVE_S1.);
#11319 = LINE('',#11320,#11321);
#11320 = CARTESIAN_POINT('',(55.,0.,25.4));
#11321 = VECTOR('',#11322,1.);
#11322 = DIRECTION('',(-0.707106781187,0.,0.707106781187));
#11323 = PCURVE('',#437,#11324);
#11324 = DEFINITIONAL_REPRESENTATION('',(#11325),#11329);
#11325 = LINE('',#11326,#11327);
#11326 = CARTESIAN_POINT('',(-0.,-0.));
#11327 = VECTOR('',#11328,1.);
#11328 = DIRECTION('',(-0.,-1.));
#11329 = ( GEOMETRIC_REPRESENTATION_CONTEXT(2) 
PARAMETRIC_REPRESENTATION_CONTEXT() REPRESENTATION_CONTEXT('2D SPACE',''
  ) );
#11330 = PCURVE('',#437,#11331);
#11331 = DEFINITIONAL_REPRESENTATION('',(#11332),#11336);
#11332 = LINE('',#11333,#11334);
#11333 = CARTESIAN_POINT('',(-6.28318530718,-0.));
#11334 = VECTOR('',#11335,1.);
#11335 = DIRECTION('',(-0.,-1.));
#11336 = ( GEOMETRIC_REPRESENTATION_CONTEXT(2) 
PARAMETRIC_REPRESENTATION_CONTEXT() REPRESENTATION_CONTEXT('2D SPACE',''
  ) );
#11337 = ORIENTED_EDGE('',*,*,#422,.T.);
#11338 = ORIENTED_EDGE('',*,*,#11315,.T.);
#11339 = ORIENTED_EDGE('',*,*,#11340,.F.);
#11340 = EDGE_CURVE('',#11316,#11316,#11341,.T.);
#11341 = SURFACE_CURVE('',#11342,(#11347,#11354),.PCURVE_S1.);
#11342 = CIRCLE('',#11343,4.4);
#11343 = AXIS2_PLACEMENT_3D('',#11344,#11345,#11346);
#11344 = CARTESIAN_POINT('',(50.,0.,26.));
#11345 = DIRECTION('',(0.,0.,1.));
#11346 = DIRECTION('',(1.,0.,-0.));
#11347 = PCURVE('',#437,#11348);
#11348 = DEFINITIONAL_REPRESENTATION('',(#11349),#11353);
#11349 = LINE('',#11350,#11351);
#11350 = CARTESIAN_POINT('',(-0.,-0.6));
#11351 = VECTOR('',#11352,1.);
#11352 = DIRECTION('',(-1.,-0.));
#11353 = ( GEOMETRIC_REPRESENTATION_CONTEXT(2) 
PARAMETRIC_REPRESENTATION_CONTEXT() REPRESENTATION_CONTEXT('2D SPACE',''
  ) );
#11354 = PCURVE('',#11355,#11360);
#11355 = PLANE('',#11356);
#11356 = AXIS2_PLACEMENT_3D('',#11357,#11358,#11359);
#11357 = CARTESIAN_POINT('',(50.,3.428682531579E-16,26.));
#11358 = DIRECTION('',(0.,0.,1.));
#11359 = DIRECTION('',(1.,0.,-0.));
#11360 = DEFINITIONAL_REPRESENTATION('',(#11361),#11365);
#11361 = CIRCLE('',#11362,4.4);
#11362 = AXIS2_PLACEMENT_2D('',#11363,#11364);
#11363 = CARTESIAN_POINT('',(0.,-3.428682531579E-16));
#11364 = DIRECTION('',(1.,0.));
#11365 = ( GEOMETRIC_REPRESENTATION_CONTEXT(2) 
PARAMETRIC_REPRESENTATION_CONTEXT() REPRESENTATION_CONTEXT('2D SPACE',''
  ) );
#11366 = ADVANCED_FACE('',(#11367,#11370),#11355,.T.);
#11367 = FACE_BOUND('',#11368,.T.);
#11368 = EDGE_LOOP('',(#11369));
#11369 = ORIENTED_EDGE('',*,*,#11340,.T.);
#11370 = FACE_BOUND('',#11371,.T.);
#11371 = EDGE_LOOP('',(#11372,#11402,#11430,#11458,#11486,#11514));
#11372 = ORIENTED_EDGE('',*,*,#11373,.T.);
#11373 = EDGE_CURVE('',#11374,#11376,#11378,.T.);
#11374 = VERTEX_POINT('',#11375);
#11375 = CARTESIAN_POINT('',(48.556624327026,2.5,26.));
#11376 = VERTEX_POINT('',#11377);
#11377 = CARTESIAN_POINT('',(51.443375672974,2.5,26.));
#11378 = SURFACE_CURVE('',#11379,(#11383,#11390),.PCURVE_S1.);
#11379 = LINE('',#11380,#11381);
#11380 = CARTESIAN_POINT('',(50.721687836487,2.5,26.));
#11381 = VECTOR('',#11382,1.);
#11382 = DIRECTION('',(1.,-1.538370149107E-16,0.));
#11383 = PCURVE('',#11355,#11384);
#11384 = DEFINITIONAL_REPRESENTATION('',(#11385),#11389);
#11385 = LINE('',#11386,#11387);
#11386 = CARTESIAN_POINT('',(0.721687836487,2.5));
#11387 = VECTOR('',#11388,1.);
#11388 = DIRECTION('',(1.,-1.538370149107E-16));
#11389 = ( GEOMETRIC_REPRESENTATION_CONTEXT(2) 
PARAMETRIC_REPRESENTATION_CONTEXT() REPRESENTATION_CONTEXT('2D SPACE',''
  ) );
#11390 = PCURVE('',#11391,#11396);
#11391 = PLANE('',#11392);
#11392 = AXIS2_PLACEMENT_3D('',#11393,#11394,#11395);
#11393 = CARTESIAN_POINT('',(51.443375672974,2.5,23.));
#11394 = DIRECTION('',(-1.538370149107E-16,-1.,0.));
#11395 = DIRECTION('',(-1.,1.538370149107E-16,0.));
#11396 = DEFINITIONAL_REPRESENTATION('',(#11397),#11401);
#11397 = LINE('',#11398,#11399);
#11398 = CARTESIAN_POINT('',(0.721687836487,-3.));
#11399 = VECTOR('',#11400,1.);
#11400 = DIRECTION('',(-1.,-0.));
#11401 = ( GEOMETRIC_REPRESENTATION_CONTEXT(2) 
PARAMETRIC_REPRESENTATION_CONTEXT() REPRESENTATION_CONTEXT('2D SPACE',''
  ) );
#11402 = ORIENTED_EDGE('',*,*,#11403,.T.);
#11403 = EDGE_CURVE('',#11376,#11404,#11406,.T.);
#11404 = VERTEX_POINT('',#11405);
#11405 = CARTESIAN_POINT('',(52.886751345948,0.,26.));
#11406 = SURFACE_CURVE('',#11407,(#11411,#11418),.PCURVE_S1.);
#11407 = LINE('',#11408,#11409);
#11408 = CARTESIAN_POINT('',(52.525907427705,0.625,26.));
#11409 = VECTOR('',#11410,1.);
#11410 = DIRECTION('',(0.5,-0.866025403784,0.));
#11411 = PCURVE('',#11355,#11412);
#11412 = DEFINITIONAL_REPRESENTATION('',(#11413),#11417);
#11413 = LINE('',#11414,#11415);
#11414 = CARTESIAN_POINT('',(2.525907427705,0.625));
#11415 = VECTOR('',#11416,1.);
#11416 = DIRECTION('',(0.5,-0.866025403784));
#11417 = ( GEOMETRIC_REPRESENTATION_CONTEXT(2) 
PARAMETRIC_REPRESENTATION_CONTEXT() REPRESENTATION_CONTEXT('2D SPACE',''
  ) );
#11418 = PCURVE('',#11419,#11424);
#11419 = PLANE('',#11420);
#11420 = AXIS2_PLACEMENT_3D('',#11421,#11422,#11423);
#11421 = CARTESIAN_POINT('',(52.886751345948,0.,23.));
#11422 = DIRECTION('',(-0.866025403784,-0.5,0.));
#11423 = DIRECTION('',(-0.5,0.866025403784,0.));
#11424 = DEFINITIONAL_REPRESENTATION('',(#11425),#11429);
#11425 = LINE('',#11426,#11427);
#11426 = CARTESIAN_POINT('',(0.721687836487,-3.));
#11427 = VECTOR('',#11428,1.);
#11428 = DIRECTION('',(-1.,-0.));
#11429 = ( GEOMETRIC_REPRESENTATION_CONTEXT(2) 
PARAMETRIC_REPRESENTATION_CONTEXT() REPRESENTATION_CONTEXT('2D SPACE',''
  ) );
#11430 = ORIENTED_EDGE('',*,*,#11431,.T.);
#11431 = EDGE_CURVE('',#11404,#11432,#11434,.T.);
#11432 = VERTEX_POINT('',#11433);
#11433 = CARTESIAN_POINT('',(51.443375672974,-2.5,26.));
#11434 = SURFACE_CURVE('',#11435,(#11439,#11446),.PCURVE_S1.);
#11435 = LINE('',#11436,#11437);
#11436 = CARTESIAN_POINT('',(51.804219591218,-1.875,26.));
#11437 = VECTOR('',#11438,1.);
#11438 = DIRECTION('',(-0.5,-0.866025403784,0.));
#11439 = PCURVE('',#11355,#11440);
#11440 = DEFINITIONAL_REPRESENTATION('',(#11441),#11445);
#11441 = LINE('',#11442,#11443);
#11442 = CARTESIAN_POINT('',(1.804219591218,-1.875));
#11443 = VECTOR('',#11444,1.);
#11444 = DIRECTION('',(-0.5,-0.866025403784));
#11445 = ( GEOMETRIC_REPRESENTATION_CONTEXT(2) 
PARAMETRIC_REPRESENTATION_CONTEXT() REPRESENTATION_CONTEXT('2D SPACE',''
  ) );
#11446 = PCURVE('',#11447,#11452);
#11447 = PLANE('',#11448);
#11448 = AXIS2_PLACEMENT_3D('',#11449,#11450,#11451);
#11449 = CARTESIAN_POINT('',(51.443375672974,-2.5,23.));
#11450 = DIRECTION('',(-0.866025403784,0.5,0.));
#11451 = DIRECTION('',(0.5,0.866025403784,0.));
#11452 = DEFINITIONAL_REPRESENTATION('',(#11453),#11457);
#11453 = LINE('',#11454,#11455);
#11454 = CARTESIAN_POINT('',(0.721687836487,-3.));
#11455 = VECTOR('',#11456,1.);
#11456 = DIRECTION('',(-1.,-0.));
#11457 = ( GEOMETRIC_REPRESENTATION_CONTEXT(2) 
PARAMETRIC_REPRESENTATION_CONTEXT() REPRESENTATION_CONTEXT('2D SPACE',''
  ) );
#11458 = ORIENTED_EDGE('',*,*,#11459,.T.);
#11459 = EDGE_CURVE('',#11432,#11460,#11462,.T.);
#11460 = VERTEX_POINT('',#11461);
#11461 = CARTESIAN_POINT('',(48.556624327026,-2.5,26.));
#11462 = SURFACE_CURVE('',#11463,(#11467,#11474),.PCURVE_S1.);
#11463 = LINE('',#11464,#11465);
#11464 = CARTESIAN_POINT('',(49.278312163513,-2.5,26.));
#11465 = VECTOR('',#11466,1.);
#11466 = DIRECTION('',(-1.,6.153480596427E-16,0.));
#11467 = PCURVE('',#11355,#11468);
#11468 = DEFINITIONAL_REPRESENTATION('',(#11469),#11473);
#11469 = LINE('',#11470,#11471);
#11470 = CARTESIAN_POINT('',(-0.721687836487,-2.5));
#11471 = VECTOR('',#11472,1.);
#11472 = DIRECTION('',(-1.,6.153480596427E-16));
#11473 = ( GEOMETRIC_REPRESENTATION_CONTEXT(2) 
PARAMETRIC_REPRESENTATION_CONTEXT() REPRESENTATION_CONTEXT('2D SPACE',''
  ) );
#11474 = PCURVE('',#11475,#11480);
#11475 = PLANE('',#11476);
#11476 = AXIS2_PLACEMENT_3D('',#11477,#11478,#11479);
#11477 = CARTESIAN_POINT('',(48.556624327026,-2.5,23.));
#11478 = DIRECTION('',(6.153480596427E-16,1.,-0.));
#11479 = DIRECTION('',(1.,-6.153480596427E-16,0.));
#11480 = DEFINITIONAL_REPRESENTATION('',(#11481),#11485);
#11481 = LINE('',#11482,#11483);
#11482 = CARTESIAN_POINT('',(0.721687836487,-3.));
#11483 = VECTOR('',#11484,1.);
#11484 = DIRECTION('',(-1.,-0.));
#11485 = ( GEOMETRIC_REPRESENTATION_CONTEXT(2) 
PARAMETRIC_REPRESENTATION_CONTEXT() REPRESENTATION_CONTEXT('2D SPACE',''
  ) );
#11486 = ORIENTED_EDGE('',*,*,#11487,.T.);
#11487 = EDGE_CURVE('',#11460,#11488,#11490,.T.);
#11488 = VERTEX_POINT('',#11489);
#11489 = CARTESIAN_POINT('',(47.113248654052,3.53525079575E-16,26.));
#11490 = SURFACE_CURVE('',#11491,(#11495,#11502),.PCURVE_S1.);
#11491 = LINE('',#11492,#11493);
#11492 = CARTESIAN_POINT('',(47.474092572295,-0.625,26.));
#11493 = VECTOR('',#11494,1.);
#11494 = DIRECTION('',(-0.5,0.866025403784,0.));
#11495 = PCURVE('',#11355,#11496);
#11496 = DEFINITIONAL_REPRESENTATION('',(#11497),#11501);
#11497 = LINE('',#11498,#11499);
#11498 = CARTESIAN_POINT('',(-2.525907427705,-0.625));
#11499 = VECTOR('',#11500,1.);
#11500 = DIRECTION('',(-0.5,0.866025403784));
#11501 = ( GEOMETRIC_REPRESENTATION_CONTEXT(2) 
PARAMETRIC_REPRESENTATION_CONTEXT() REPRESENTATION_CONTEXT('2D SPACE',''
  ) );
#11502 = PCURVE('',#11503,#11508);
#11503 = PLANE('',#11504);
#11504 = AXIS2_PLACEMENT_3D('',#11505,#11506,#11507);
#11505 = CARTESIAN_POINT('',(47.113248654052,3.53525079575E-16,23.));
#11506 = DIRECTION('',(0.866025403784,0.5,-0.));
#11507 = DIRECTION('',(0.5,-0.866025403784,0.));
#11508 = DEFINITIONAL_REPRESENTATION('',(#11509),#11513);
#11509 = LINE('',#11510,#11511);
#11510 = CARTESIAN_POINT('',(0.721687836487,-3.));
#11511 = VECTOR('',#11512,1.);
#11512 = DIRECTION('',(-1.,-0.));
#11513 = ( GEOMETRIC_REPRESENTATION_CONTEXT(2) 
PARAMETRIC_REPRESENTATION_CONTEXT() REPRESENTATION_CONTEXT('2D SPACE',''
  ) );
#11514 = ORIENTED_EDGE('',*,*,#11515,.T.);
#11515 = EDGE_CURVE('',#11488,#11374,#11516,.T.);
#11516 = SURFACE_CURVE('',#11517,(#11521,#11528),.PCURVE_S1.);
#11517 = LINE('',#11518,#11519);
#11518 = CARTESIAN_POINT('',(48.195780408782,1.875,26.));
#11519 = VECTOR('',#11520,1.);
#11520 = DIRECTION('',(0.5,0.866025403784,-0.));
#11521 = PCURVE('',#11355,#11522);
#11522 = DEFINITIONAL_REPRESENTATION('',(#11523),#11527);
#11523 = LINE('',#11524,#11525);
#11524 = CARTESIAN_POINT('',(-1.804219591218,1.875));
#11525 = VECTOR('',#11526,1.);
#11526 = DIRECTION('',(0.5,0.866025403784));
#11527 = ( GEOMETRIC_REPRESENTATION_CONTEXT(2) 
PARAMETRIC_REPRESENTATION_CONTEXT() REPRESENTATION_CONTEXT('2D SPACE',''
  ) );
#11528 = PCURVE('',#11529,#11534);
#11529 = PLANE('',#11530);
#11530 = AXIS2_PLACEMENT_3D('',#11531,#11532,#11533);
#11531 = CARTESIAN_POINT('',(48.556624327026,2.5,23.));
#11532 = DIRECTION('',(0.866025403784,-0.5,0.));
#11533 = DIRECTION('',(-0.5,-0.866025403784,0.));
#11534 = DEFINITIONAL_REPRESENTATION('',(#11535),#11539);
#11535 = LINE('',#11536,#11537);
#11536 = CARTESIAN_POINT('',(0.721687836487,-3.));
#11537 = VECTOR('',#11538,1.);
#11538 = DIRECTION('',(-1.,0.));
#11539 = ( GEOMETRIC_REPRESENTATION_CONTEXT(2) 
PARAMETRIC_REPRESENTATION_CONTEXT() REPRESENTATION_CONTEXT('2D SPACE',''
  ) );
#11540 = ADVANCED_FACE('',(#11541),#11419,.T.);
#11541 = FACE_BOUND('',#11542,.T.);
#11542 = EDGE_LOOP('',(#11543,#11573,#11594,#11595));
#11543 = ORIENTED_EDGE('',*,*,#11544,.F.);
#11544 = EDGE_CURVE('',#11545,#11547,#11549,.T.);
#11545 = VERTEX_POINT('',#11546);
#11546 = CARTESIAN_POINT('',(52.886751345948,0.,23.));
#11547 = VERTEX_POINT('',#11548);
#11548 = CARTESIAN_POINT('',(51.443375672974,2.5,23.));
#11549 = SURFACE_CURVE('',#11550,(#11554,#11561),.PCURVE_S1.);
#11550 = LINE('',#11551,#11552);
#11551 = CARTESIAN_POINT('',(52.886751345948,0.,23.));
#11552 = VECTOR('',#11553,1.);
#11553 = DIRECTION('',(-0.5,0.866025403784,0.));
#11554 = PCURVE('',#11419,#11555);
#11555 = DEFINITIONAL_REPRESENTATION('',(#11556),#11560);
#11556 = LINE('',#11557,#11558);
#11557 = CARTESIAN_POINT('',(0.,0.));
#11558 = VECTOR('',#11559,1.);
#11559 = DIRECTION('',(1.,0.));
#11560 = ( GEOMETRIC_REPRESENTATION_CONTEXT(2) 
PARAMETRIC_REPRESENTATION_CONTEXT() REPRESENTATION_CONTEXT('2D SPACE',''
  ) );
#11561 = PCURVE('',#11562,#11567);
#11562 = PLANE('',#11563);
#11563 = AXIS2_PLACEMENT_3D('',#11564,#11565,#11566);
#11564 = CARTESIAN_POINT('',(50.,-1.298214001815E-16,23.));
#11565 = DIRECTION('',(0.,0.,1.));
#11566 = DIRECTION('',(1.,0.,-0.));
#11567 = DEFINITIONAL_REPRESENTATION('',(#11568),#11572);
#11568 = LINE('',#11569,#11570);
#11569 = CARTESIAN_POINT('',(2.886751345948,1.298214001815E-16));
#11570 = VECTOR('',#11571,1.);
#11571 = DIRECTION('',(-0.5,0.866025403784));
#11572 = ( GEOMETRIC_REPRESENTATION_CONTEXT(2) 
PARAMETRIC_REPRESENTATION_CONTEXT() REPRESENTATION_CONTEXT('2D SPACE',''
  ) );
#11573 = ORIENTED_EDGE('',*,*,#11574,.T.);
#11574 = EDGE_CURVE('',#11545,#11404,#11575,.T.);
#11575 = SURFACE_CURVE('',#11576,(#11580,#11587),.PCURVE_S1.);
#11576 = LINE('',#11577,#11578);
#11577 = CARTESIAN_POINT('',(52.886751345948,0.,23.));
#11578 = VECTOR('',#11579,1.);
#11579 = DIRECTION('',(0.,0.,1.));
#11580 = PCURVE('',#11419,#11581);
#11581 = DEFINITIONAL_REPRESENTATION('',(#11582),#11586);
#11582 = LINE('',#11583,#11584);
#11583 = CARTESIAN_POINT('',(0.,0.));
#11584 = VECTOR('',#11585,1.);
#11585 = DIRECTION('',(0.,-1.));
#11586 = ( GEOMETRIC_REPRESENTATION_CONTEXT(2) 
PARAMETRIC_REPRESENTATION_CONTEXT() REPRESENTATION_CONTEXT('2D SPACE',''
  ) );
#11587 = PCURVE('',#11447,#11588);
#11588 = DEFINITIONAL_REPRESENTATION('',(#11589),#11593);
#11589 = LINE('',#11590,#11591);
#11590 = CARTESIAN_POINT('',(2.886751345948,0.));
#11591 = VECTOR('',#11592,1.);
#11592 = DIRECTION('',(0.,-1.));
#11593 = ( GEOMETRIC_REPRESENTATION_CONTEXT(2) 
PARAMETRIC_REPRESENTATION_CONTEXT() REPRESENTATION_CONTEXT('2D SPACE',''
  ) );
#11594 = ORIENTED_EDGE('',*,*,#11403,.F.);
#11595 = ORIENTED_EDGE('',*,*,#11596,.F.);
#11596 = EDGE_CURVE('',#11547,#11376,#11597,.T.);
#11597 = SURFACE_CURVE('',#11598,(#11602,#11609),.PCURVE_S1.);
#11598 = LINE('',#11599,#11600);
#11599 = CARTESIAN_POINT('',(51.443375672974,2.5,23.));
#11600 = VECTOR('',#11601,1.);
#11601 = DIRECTION('',(0.,0.,1.));
#11602 = PCURVE('',#11419,#11603);
#11603 = DEFINITIONAL_REPRESENTATION('',(#11604),#11608);
#11604 = LINE('',#11605,#11606);
#11605 = CARTESIAN_POINT('',(2.886751345948,0.));
#11606 = VECTOR('',#11607,1.);
#11607 = DIRECTION('',(0.,-1.));
#11608 = ( GEOMETRIC_REPRESENTATION_CONTEXT(2) 
PARAMETRIC_REPRESENTATION_CONTEXT() REPRESENTATION_CONTEXT('2D SPACE',''
  ) );
#11609 = PCURVE('',#11391,#11610);
#11610 = DEFINITIONAL_REPRESENTATION('',(#11611),#11615);
#11611 = LINE('',#11612,#11613);
#11612 = CARTESIAN_POINT('',(0.,0.));
#11613 = VECTOR('',#11614,1.);
#11614 = DIRECTION('',(0.,-1.));
#11615 = ( GEOMETRIC_REPRESENTATION_CONTEXT(2) 
PARAMETRIC_REPRESENTATION_CONTEXT() REPRESENTATION_CONTEXT('2D SPACE',''
  ) );
#11616 = ADVANCED_FACE('',(#11617),#11562,.T.);
#11617 = FACE_BOUND('',#11618,.T.);
#11618 = EDGE_LOOP('',(#11619,#11620,#11643,#11666,#11689,#11712));
#11619 = ORIENTED_EDGE('',*,*,#11544,.T.);
#11620 = ORIENTED_EDGE('',*,*,#11621,.T.);
#11621 = EDGE_CURVE('',#11547,#11622,#11624,.T.);
#11622 = VERTEX_POINT('',#11623);
#11623 = CARTESIAN_POINT('',(48.556624327026,2.5,23.));
#11624 = SURFACE_CURVE('',#11625,(#11629,#11636),.PCURVE_S1.);
#11625 = LINE('',#11626,#11627);
#11626 = CARTESIAN_POINT('',(51.443375672974,2.5,23.));
#11627 = VECTOR('',#11628,1.);
#11628 = DIRECTION('',(-1.,1.538370149107E-16,0.));
#11629 = PCURVE('',#11562,#11630);
#11630 = DEFINITIONAL_REPRESENTATION('',(#11631),#11635);
#11631 = LINE('',#11632,#11633);
#11632 = CARTESIAN_POINT('',(1.443375672974,2.5));
#11633 = VECTOR('',#11634,1.);
#11634 = DIRECTION('',(-1.,1.538370149107E-16));
#11635 = ( GEOMETRIC_REPRESENTATION_CONTEXT(2) 
PARAMETRIC_REPRESENTATION_CONTEXT() REPRESENTATION_CONTEXT('2D SPACE',''
  ) );
#11636 = PCURVE('',#11391,#11637);
#11637 = DEFINITIONAL_REPRESENTATION('',(#11638),#11642);
#11638 = LINE('',#11639,#11640);
#11639 = CARTESIAN_POINT('',(0.,0.));
#11640 = VECTOR('',#11641,1.);
#11641 = DIRECTION('',(1.,0.));
#11642 = ( GEOMETRIC_REPRESENTATION_CONTEXT(2) 
PARAMETRIC_REPRESENTATION_CONTEXT() REPRESENTATION_CONTEXT('2D SPACE',''
  ) );
#11643 = ORIENTED_EDGE('',*,*,#11644,.T.);
#11644 = EDGE_CURVE('',#11622,#11645,#11647,.T.);
#11645 = VERTEX_POINT('',#11646);
#11646 = CARTESIAN_POINT('',(47.113248654052,3.53525079575E-16,23.));
#11647 = SURFACE_CURVE('',#11648,(#11652,#11659),.PCURVE_S1.);
#11648 = LINE('',#11649,#11650);
#11649 = CARTESIAN_POINT('',(48.556624327026,2.5,23.));
#11650 = VECTOR('',#11651,1.);
#11651 = DIRECTION('',(-0.5,-0.866025403784,0.));
#11652 = PCURVE('',#11562,#11653);
#11653 = DEFINITIONAL_REPRESENTATION('',(#11654),#11658);
#11654 = LINE('',#11655,#11656);
#11655 = CARTESIAN_POINT('',(-1.443375672974,2.5));
#11656 = VECTOR('',#11657,1.);
#11657 = DIRECTION('',(-0.5,-0.866025403784));
#11658 = ( GEOMETRIC_REPRESENTATION_CONTEXT(2) 
PARAMETRIC_REPRESENTATION_CONTEXT() REPRESENTATION_CONTEXT('2D SPACE',''
  ) );
#11659 = PCURVE('',#11529,#11660);
#11660 = DEFINITIONAL_REPRESENTATION('',(#11661),#11665);
#11661 = LINE('',#11662,#11663);
#11662 = CARTESIAN_POINT('',(0.,0.));
#11663 = VECTOR('',#11664,1.);
#11664 = DIRECTION('',(1.,0.));
#11665 = ( GEOMETRIC_REPRESENTATION_CONTEXT(2) 
PARAMETRIC_REPRESENTATION_CONTEXT() REPRESENTATION_CONTEXT('2D SPACE',''
  ) );
#11666 = ORIENTED_EDGE('',*,*,#11667,.T.);
#11667 = EDGE_CURVE('',#11645,#11668,#11670,.T.);
#11668 = VERTEX_POINT('',#11669);
#11669 = CARTESIAN_POINT('',(48.556624327026,-2.5,23.));
#11670 = SURFACE_CURVE('',#11671,(#11675,#11682),.PCURVE_S1.);
#11671 = LINE('',#11672,#11673);
#11672 = CARTESIAN_POINT('',(47.113248654052,3.53525079575E-16,23.));
#11673 = VECTOR('',#11674,1.);
#11674 = DIRECTION('',(0.5,-0.866025403784,0.));
#11675 = PCURVE('',#11562,#11676);
#11676 = DEFINITIONAL_REPRESENTATION('',(#11677),#11681);
#11677 = LINE('',#11678,#11679);
#11678 = CARTESIAN_POINT('',(-2.886751345948,4.833464797564E-16));
#11679 = VECTOR('',#11680,1.);
#11680 = DIRECTION('',(0.5,-0.866025403784));
#11681 = ( GEOMETRIC_REPRESENTATION_CONTEXT(2) 
PARAMETRIC_REPRESENTATION_CONTEXT() REPRESENTATION_CONTEXT('2D SPACE',''
  ) );
#11682 = PCURVE('',#11503,#11683);
#11683 = DEFINITIONAL_REPRESENTATION('',(#11684),#11688);
#11684 = LINE('',#11685,#11686);
#11685 = CARTESIAN_POINT('',(0.,0.));
#11686 = VECTOR('',#11687,1.);
#11687 = DIRECTION('',(1.,0.));
#11688 = ( GEOMETRIC_REPRESENTATION_CONTEXT(2) 
PARAMETRIC_REPRESENTATION_CONTEXT() REPRESENTATION_CONTEXT('2D SPACE',''
  ) );
#11689 = ORIENTED_EDGE('',*,*,#11690,.T.);
#11690 = EDGE_CURVE('',#11668,#11691,#11693,.T.);
#11691 = VERTEX_POINT('',#11692);
#11692 = CARTESIAN_POINT('',(51.443375672974,-2.5,23.));
#11693 = SURFACE_CURVE('',#11694,(#11698,#11705),.PCURVE_S1.);
#11694 = LINE('',#11695,#11696);
#11695 = CARTESIAN_POINT('',(48.556624327026,-2.5,23.));
#11696 = VECTOR('',#11697,1.);
#11697 = DIRECTION('',(1.,-6.153480596427E-16,0.));
#11698 = PCURVE('',#11562,#11699);
#11699 = DEFINITIONAL_REPRESENTATION('',(#11700),#11704);
#11700 = LINE('',#11701,#11702);
#11701 = CARTESIAN_POINT('',(-1.443375672974,-2.5));
#11702 = VECTOR('',#11703,1.);
#11703 = DIRECTION('',(1.,-6.153480596427E-16));
#11704 = ( GEOMETRIC_REPRESENTATION_CONTEXT(2) 
PARAMETRIC_REPRESENTATION_CONTEXT() REPRESENTATION_CONTEXT('2D SPACE',''
  ) );
#11705 = PCURVE('',#11475,#11706);
#11706 = DEFINITIONAL_REPRESENTATION('',(#11707),#11711);
#11707 = LINE('',#11708,#11709);
#11708 = CARTESIAN_POINT('',(0.,0.));
#11709 = VECTOR('',#11710,1.);
#11710 = DIRECTION('',(1.,0.));
#11711 = ( GEOMETRIC_REPRESENTATION_CONTEXT(2) 
PARAMETRIC_REPRESENTATION_CONTEXT() REPRESENTATION_CONTEXT('2D SPACE',''
  ) );
#11712 = ORIENTED_EDGE('',*,*,#11713,.T.);
#11713 = EDGE_CURVE('',#11691,#11545,#11714,.T.);
#11714 = SURFACE_CURVE('',#11715,(#11719,#11726),.PCURVE_S1.);
#11715 = LINE('',#11716,#11717);
#11716 = CARTESIAN_POINT('',(51.443375672974,-2.5,23.));
#11717 = VECTOR('',#11718,1.);
#11718 = DIRECTION('',(0.5,0.866025403784,0.));
#11719 = PCURVE('',#11562,#11720);
#11720 = DEFINITIONAL_REPRESENTATION('',(#11721),#11725);
#11721 = LINE('',#11722,#11723);
#11722 = CARTESIAN_POINT('',(1.443375672974,-2.5));
#11723 = VECTOR('',#11724,1.);
#11724 = DIRECTION('',(0.5,0.866025403784));
#11725 = ( GEOMETRIC_REPRESENTATION_CONTEXT(2) 
PARAMETRIC_REPRESENTATION_CONTEXT() REPRESENTATION_CONTEXT('2D SPACE',''
  ) );
#11726 = PCURVE('',#11447,#11727);
#11727 = DEFINITIONAL_REPRESENTATION('',(#11728),#11732);
#11728 = LINE('',#11729,#11730);
#11729 = CARTESIAN_POINT('',(0.,0.));
#11730 = VECTOR('',#11731,1.);
#11731 = DIRECTION('',(1.,0.));
#11732 = ( GEOMETRIC_REPRESENTATION_CONTEXT(2) 
PARAMETRIC_REPRESENTATION_CONTEXT() REPRESENTATION_CONTEXT('2D SPACE',''
  ) );
#11733 = ADVANCED_FACE('',(#11734),#11447,.T.);
#11734 = FACE_BOUND('',#11735,.T.);
#11735 = EDGE_LOOP('',(#11736,#11737,#11758,#11759));
#11736 = ORIENTED_EDGE('',*,*,#11713,.F.);
#11737 = ORIENTED_EDGE('',*,*,#11738,.T.);
#11738 = EDGE_CURVE('',#11691,#11432,#11739,.T.);
#11739 = SURFACE_CURVE('',#11740,(#11744,#11751),.PCURVE_S1.);
#11740 = LINE('',#11741,#11742);
#11741 = CARTESIAN_POINT('',(51.443375672974,-2.5,23.));
#11742 = VECTOR('',#11743,1.);
#11743 = DIRECTION('',(0.,0.,1.));
#11744 = PCURVE('',#11447,#11745);
#11745 = DEFINITIONAL_REPRESENTATION('',(#11746),#11750);
#11746 = LINE('',#11747,#11748);
#11747 = CARTESIAN_POINT('',(0.,0.));
#11748 = VECTOR('',#11749,1.);
#11749 = DIRECTION('',(0.,-1.));
#11750 = ( GEOMETRIC_REPRESENTATION_CONTEXT(2) 
PARAMETRIC_REPRESENTATION_CONTEXT() REPRESENTATION_CONTEXT('2D SPACE',''
  ) );
#11751 = PCURVE('',#11475,#11752);
#11752 = DEFINITIONAL_REPRESENTATION('',(#11753),#11757);
#11753 = LINE('',#11754,#11755);
#11754 = CARTESIAN_POINT('',(2.886751345948,0.));
#11755 = VECTOR('',#11756,1.);
#11756 = DIRECTION('',(0.,-1.));
#11757 = ( GEOMETRIC_REPRESENTATION_CONTEXT(2) 
PARAMETRIC_REPRESENTATION_CONTEXT() REPRESENTATION_CONTEXT('2D SPACE',''
  ) );
#11758 = ORIENTED_EDGE('',*,*,#11431,.F.);
#11759 = ORIENTED_EDGE('',*,*,#11574,.F.);
#11760 = ADVANCED_FACE('',(#11761),#11475,.T.);
#11761 = FACE_BOUND('',#11762,.T.);
#11762 = EDGE_LOOP('',(#11763,#11764,#11785,#11786));
#11763 = ORIENTED_EDGE('',*,*,#11690,.F.);
#11764 = ORIENTED_EDGE('',*,*,#11765,.T.);
#11765 = EDGE_CURVE('',#11668,#11460,#11766,.T.);
#11766 = SURFACE_CURVE('',#11767,(#11771,#11778),.PCURVE_S1.);
#11767 = LINE('',#11768,#11769);
#11768 = CARTESIAN_POINT('',(48.556624327026,-2.5,23.));
#11769 = VECTOR('',#11770,1.);
#11770 = DIRECTION('',(0.,0.,1.));
#11771 = PCURVE('',#11475,#11772);
#11772 = DEFINITIONAL_REPRESENTATION('',(#11773),#11777);
#11773 = LINE('',#11774,#11775);
#11774 = CARTESIAN_POINT('',(0.,0.));
#11775 = VECTOR('',#11776,1.);
#11776 = DIRECTION('',(0.,-1.));
#11777 = ( GEOMETRIC_REPRESENTATION_CONTEXT(2) 
PARAMETRIC_REPRESENTATION_CONTEXT() REPRESENTATION_CONTEXT('2D SPACE',''
  ) );
#11778 = PCURVE('',#11503,#11779);
#11779 = DEFINITIONAL_REPRESENTATION('',(#11780),#11784);
#11780 = LINE('',#11781,#11782);
#11781 = CARTESIAN_POINT('',(2.886751345948,0.));
#11782 = VECTOR('',#11783,1.);
#11783 = DIRECTION('',(0.,-1.));
#11784 = ( GEOMETRIC_REPRESENTATION_CONTEXT(2) 
PARAMETRIC_REPRESENTATION_CONTEXT() REPRESENTATION_CONTEXT('2D SPACE',''
  ) );
#11785 = ORIENTED_EDGE('',*,*,#11459,.F.);
#11786 = ORIENTED_EDGE('',*,*,#11738,.F.);
#11787 = ADVANCED_FACE('',(#11788),#11503,.T.);
#11788 = FACE_BOUND('',#11789,.T.);
#11789 = EDGE_LOOP('',(#11790,#11791,#11812,#11813));
#11790 = ORIENTED_EDGE('',*,*,#11667,.F.);
#11791 = ORIENTED_EDGE('',*,*,#11792,.T.);
#11792 = EDGE_CURVE('',#11645,#11488,#11793,.T.);
#11793 = SURFACE_CURVE('',#11794,(#11798,#11805),.PCURVE_S1.);
#11794 = LINE('',#11795,#11796);
#11795 = CARTESIAN_POINT('',(47.113248654052,3.53525079575E-16,23.));
#11796 = VECTOR('',#11797,1.);
#11797 = DIRECTION('',(0.,0.,1.));
#11798 = PCURVE('',#11503,#11799);
#11799 = DEFINITIONAL_REPRESENTATION('',(#11800),#11804);
#11800 = LINE('',#11801,#11802);
#11801 = CARTESIAN_POINT('',(0.,0.));
#11802 = VECTOR('',#11803,1.);
#11803 = DIRECTION('',(0.,-1.));
#11804 = ( GEOMETRIC_REPRESENTATION_CONTEXT(2) 
PARAMETRIC_REPRESENTATION_CONTEXT() REPRESENTATION_CONTEXT('2D SPACE',''
  ) );
#11805 = PCURVE('',#11529,#11806);
#11806 = DEFINITIONAL_REPRESENTATION('',(#11807),#11811);
#11807 = LINE('',#11808,#11809);
#11808 = CARTESIAN_POINT('',(2.886751345948,0.));
#11809 = VECTOR('',#11810,1.);
#11810 = DIRECTION('',(0.,-1.));
#11811 = ( GEOMETRIC_REPRESENTATION_CONTEXT(2) 
PARAMETRIC_REPRESENTATION_CONTEXT() REPRESENTATION_CONTEXT('2D SPACE',''
  ) );
#11812 = ORIENTED_EDGE('',*,*,#11487,.F.);
#11813 = ORIENTED_EDGE('',*,*,#11765,.F.);
#11814 = ADVANCED_FACE('',(#11815),#11529,.T.);
#11815 = FACE_BOUND('',#11816,.T.);
#11816 = EDGE_LOOP('',(#11817,#11818,#11839,#11840));
#11817 = ORIENTED_EDGE('',*,*,#11644,.F.);
#11818 = ORIENTED_EDGE('',*,*,#11819,.T.);
#11819 = EDGE_CURVE('',#11622,#11374,#11820,.T.);
#11820 = SURFACE_CURVE('',#11821,(#11825,#11832),.PCURVE_S1.);
#11821 = LINE('',#11822,#11823);
#11822 = CARTESIAN_POINT('',(48.556624327026,2.5,23.));
#11823 = VECTOR('',#11824,1.);
#11824 = DIRECTION('',(0.,0.,1.));
#11825 = PCURVE('',#11529,#11826);
#11826 = DEFINITIONAL_REPRESENTATION('',(#11827),#11831);
#11827 = LINE('',#11828,#11829);
#11828 = CARTESIAN_POINT('',(0.,0.));
#11829 = VECTOR('',#11830,1.);
#11830 = DIRECTION('',(0.,-1.));
#11831 = ( GEOMETRIC_REPRESENTATION_CONTEXT(2) 
PARAMETRIC_REPRESENTATION_CONTEXT() REPRESENTATION_CONTEXT('2D SPACE',''
  ) );
#11832 = PCURVE('',#11391,#11833);
#11833 = DEFINITIONAL_REPRESENTATION('',(#11834),#11838);
#11834 = LINE('',#11835,#11836);
#11835 = CARTESIAN_POINT('',(2.886751345948,0.));
#11836 = VECTOR('',#11837,1.);
#11837 = DIRECTION('',(0.,-1.));
#11838 = ( GEOMETRIC_REPRESENTATION_CONTEXT(2) 
PARAMETRIC_REPRESENTATION_CONTEXT() REPRESENTATION_CONTEXT('2D SPACE',''
  ) );
#11839 = ORIENTED_EDGE('',*,*,#11515,.F.);
#11840 = ORIENTED_EDGE('',*,*,#11792,.F.);
#11841 = ADVANCED_FACE('',(#11842),#11391,.T.);
#11842 = FACE_BOUND('',#11843,.T.);
#11843 = EDGE_LOOP('',(#11844,#11845,#11846,#11847));
#11844 = ORIENTED_EDGE('',*,*,#11621,.F.);
#11845 = ORIENTED_EDGE('',*,*,#11596,.T.);
#11846 = ORIENTED_EDGE('',*,*,#11373,.F.);
#11847 = ORIENTED_EDGE('',*,*,#11819,.F.);
#11848 = ( GEOMETRIC_REPRESENTATION_CONTEXT(3) 
GLOBAL_UNCERTAINTY_ASSIGNED_CONTEXT((#11852)) 
GLOBAL_UNIT_ASSIGNED_CONTEXT((#11849,#11850,#11851)) 
REPRESENTATION_CONTEXT('Context #1',
  '3D Context with UNIT and UNCERTAINTY') );
#11849 = ( LENGTH_UNIT() NAMED_UNIT(*) SI_UNIT(.MILLI.,.METRE.) );
#11850 = ( NAMED_UNIT(*) PLANE_ANGLE_UNIT() SI_UNIT($,.RADIAN.) );
#11851 = ( NAMED_UNIT(*) SI_UNIT($,.STERADIAN.) SOLID_ANGLE_UNIT() );
#11852 = UNCERTAINTY_MEASURE_WITH_UNIT(LENGTH_MEASURE(5.E-05),#11849,
  'distance_accuracy_value','confusion accuracy');
#11853 = CONTEXT_DEPENDENT_SHAPE_REPRESENTATION(#11854,#11856);
#11854 = ( REPRESENTATION_RELATIONSHIP('','',#385,#10) 
REPRESENTATION_RELATIONSHIP_WITH_TRANSFORMATION(#11855) 
SHAPE_REPRESENTATION_RELATIONSHIP() );
#11855 = ITEM_DEFINED_TRANSFORMATION('','',#11,#19);
#11856 = PRODUCT_DEFINITION_SHAPE('Placement','Placement of an item',
  #11857);
#11857 = NEXT_ASSEMBLY_USAGE_OCCURRENCE('2','','',#5,#380,$);
#11858 = PRODUCT_RELATED_PRODUCT_CATEGORY('part',$,(#382));
ENDSEC;
END-ISO-10303-21;
